# vtk DataFile Version 2.0
avgrf
ASCII
DATASET STRUCTURED_GRID 
DIMENSIONS   19    19    19
POINTS     6859 float
   0.0000000000000000            0.0000000000000000            0.0000000000000000     
   0.0000000000000000            0.0000000000000000           0.17405958087463577     
   0.0000000000000000            0.0000000000000000           0.34811916174927154     
   0.0000000000000000            0.0000000000000000           0.52217874262390729     
   0.0000000000000000            0.0000000000000000           0.69623832349854309     
   0.0000000000000000            0.0000000000000000           0.87029790437317889     
   0.0000000000000000            0.0000000000000000            1.0443574852478146     
   0.0000000000000000            0.0000000000000000            1.2184170661224505     
   0.0000000000000000            0.0000000000000000            1.3924766469970862     
   0.0000000000000000            0.0000000000000000            1.5665362278717216     
   0.0000000000000000            0.0000000000000000            1.7405958087463578     
   0.0000000000000000            0.0000000000000000            1.9146553896209932     
   0.0000000000000000            0.0000000000000000            2.0887149704956292     
   0.0000000000000000            0.0000000000000000            2.2627745513702648     
   0.0000000000000000            0.0000000000000000            2.4368341322449010     
   0.0000000000000000            0.0000000000000000            2.6108937131195367     
   0.0000000000000000            0.0000000000000000            2.7849532939941724     
   0.0000000000000000            0.0000000000000000            2.9590128748688080     
   0.0000000000000000            0.0000000000000000            3.1330724557434433     
   0.0000000000000000           0.13924766469970859            0.0000000000000000     
   0.0000000000000000           0.13924766469970859           0.17405958087463577     
   0.0000000000000000           0.13924766469970859           0.34811916174927154     
   0.0000000000000000           0.13924766469970859           0.52217874262390729     
   0.0000000000000000           0.13924766469970859           0.69623832349854309     
   0.0000000000000000           0.13924766469970859           0.87029790437317889     
   0.0000000000000000           0.13924766469970859            1.0443574852478146     
   0.0000000000000000           0.13924766469970859            1.2184170661224505     
   0.0000000000000000           0.13924766469970859            1.3924766469970862     
   0.0000000000000000           0.13924766469970859            1.5665362278717216     
   0.0000000000000000           0.13924766469970859            1.7405958087463578     
   0.0000000000000000           0.13924766469970859            1.9146553896209932     
   0.0000000000000000           0.13924766469970859            2.0887149704956292     
   0.0000000000000000           0.13924766469970859            2.2627745513702648     
   0.0000000000000000           0.13924766469970859            2.4368341322449010     
   0.0000000000000000           0.13924766469970859            2.6108937131195367     
   0.0000000000000000           0.13924766469970859            2.7849532939941724     
   0.0000000000000000           0.13924766469970859            2.9590128748688080     
   0.0000000000000000           0.13924766469970859            3.1330724557434433     
   0.0000000000000000           0.27849532939941718            0.0000000000000000     
   0.0000000000000000           0.27849532939941718           0.17405958087463577     
   0.0000000000000000           0.27849532939941718           0.34811916174927154     
   0.0000000000000000           0.27849532939941718           0.52217874262390729     
   0.0000000000000000           0.27849532939941718           0.69623832349854309     
   0.0000000000000000           0.27849532939941718           0.87029790437317889     
   0.0000000000000000           0.27849532939941718            1.0443574852478146     
   0.0000000000000000           0.27849532939941718            1.2184170661224505     
   0.0000000000000000           0.27849532939941718            1.3924766469970862     
   0.0000000000000000           0.27849532939941718            1.5665362278717216     
   0.0000000000000000           0.27849532939941718            1.7405958087463578     
   0.0000000000000000           0.27849532939941718            1.9146553896209932     
   0.0000000000000000           0.27849532939941718            2.0887149704956292     
   0.0000000000000000           0.27849532939941718            2.2627745513702648     
   0.0000000000000000           0.27849532939941718            2.4368341322449010     
   0.0000000000000000           0.27849532939941718            2.6108937131195367     
   0.0000000000000000           0.27849532939941718            2.7849532939941724     
   0.0000000000000000           0.27849532939941718            2.9590128748688080     
   0.0000000000000000           0.27849532939941718            3.1330724557434433     
   0.0000000000000000           0.41774299409912580            0.0000000000000000     
   0.0000000000000000           0.41774299409912580           0.17405958087463577     
   0.0000000000000000           0.41774299409912580           0.34811916174927154     
   0.0000000000000000           0.41774299409912580           0.52217874262390729     
   0.0000000000000000           0.41774299409912580           0.69623832349854309     
   0.0000000000000000           0.41774299409912580           0.87029790437317889     
   0.0000000000000000           0.41774299409912580            1.0443574852478146     
   0.0000000000000000           0.41774299409912580            1.2184170661224505     
   0.0000000000000000           0.41774299409912580            1.3924766469970862     
   0.0000000000000000           0.41774299409912580            1.5665362278717216     
   0.0000000000000000           0.41774299409912580            1.7405958087463578     
   0.0000000000000000           0.41774299409912580            1.9146553896209932     
   0.0000000000000000           0.41774299409912580            2.0887149704956292     
   0.0000000000000000           0.41774299409912580            2.2627745513702648     
   0.0000000000000000           0.41774299409912580            2.4368341322449010     
   0.0000000000000000           0.41774299409912580            2.6108937131195367     
   0.0000000000000000           0.41774299409912580            2.7849532939941724     
   0.0000000000000000           0.41774299409912580            2.9590128748688080     
   0.0000000000000000           0.41774299409912580            3.1330724557434433     
   0.0000000000000000           0.55699065879883436            0.0000000000000000     
   0.0000000000000000           0.55699065879883436           0.17405958087463577     
   0.0000000000000000           0.55699065879883436           0.34811916174927154     
   0.0000000000000000           0.55699065879883436           0.52217874262390729     
   0.0000000000000000           0.55699065879883436           0.69623832349854309     
   0.0000000000000000           0.55699065879883436           0.87029790437317889     
   0.0000000000000000           0.55699065879883436            1.0443574852478146     
   0.0000000000000000           0.55699065879883436            1.2184170661224505     
   0.0000000000000000           0.55699065879883436            1.3924766469970862     
   0.0000000000000000           0.55699065879883436            1.5665362278717216     
   0.0000000000000000           0.55699065879883436            1.7405958087463578     
   0.0000000000000000           0.55699065879883436            1.9146553896209932     
   0.0000000000000000           0.55699065879883436            2.0887149704956292     
   0.0000000000000000           0.55699065879883436            2.2627745513702648     
   0.0000000000000000           0.55699065879883436            2.4368341322449010     
   0.0000000000000000           0.55699065879883436            2.6108937131195367     
   0.0000000000000000           0.55699065879883436            2.7849532939941724     
   0.0000000000000000           0.55699065879883436            2.9590128748688080     
   0.0000000000000000           0.55699065879883436            3.1330724557434433     
   0.0000000000000000           0.69623832349854298            0.0000000000000000     
   0.0000000000000000           0.69623832349854298           0.17405958087463577     
   0.0000000000000000           0.69623832349854298           0.34811916174927154     
   0.0000000000000000           0.69623832349854298           0.52217874262390729     
   0.0000000000000000           0.69623832349854298           0.69623832349854309     
   0.0000000000000000           0.69623832349854298           0.87029790437317889     
   0.0000000000000000           0.69623832349854298            1.0443574852478146     
   0.0000000000000000           0.69623832349854298            1.2184170661224505     
   0.0000000000000000           0.69623832349854298            1.3924766469970862     
   0.0000000000000000           0.69623832349854298            1.5665362278717216     
   0.0000000000000000           0.69623832349854298            1.7405958087463578     
   0.0000000000000000           0.69623832349854298            1.9146553896209932     
   0.0000000000000000           0.69623832349854298            2.0887149704956292     
   0.0000000000000000           0.69623832349854298            2.2627745513702648     
   0.0000000000000000           0.69623832349854298            2.4368341322449010     
   0.0000000000000000           0.69623832349854298            2.6108937131195367     
   0.0000000000000000           0.69623832349854298            2.7849532939941724     
   0.0000000000000000           0.69623832349854298            2.9590128748688080     
   0.0000000000000000           0.69623832349854298            3.1330724557434433     
   0.0000000000000000           0.83548598819825159            0.0000000000000000     
   0.0000000000000000           0.83548598819825159           0.17405958087463577     
   0.0000000000000000           0.83548598819825159           0.34811916174927154     
   0.0000000000000000           0.83548598819825159           0.52217874262390729     
   0.0000000000000000           0.83548598819825159           0.69623832349854309     
   0.0000000000000000           0.83548598819825159           0.87029790437317889     
   0.0000000000000000           0.83548598819825159            1.0443574852478146     
   0.0000000000000000           0.83548598819825159            1.2184170661224505     
   0.0000000000000000           0.83548598819825159            1.3924766469970862     
   0.0000000000000000           0.83548598819825159            1.5665362278717216     
   0.0000000000000000           0.83548598819825159            1.7405958087463578     
   0.0000000000000000           0.83548598819825159            1.9146553896209932     
   0.0000000000000000           0.83548598819825159            2.0887149704956292     
   0.0000000000000000           0.83548598819825159            2.2627745513702648     
   0.0000000000000000           0.83548598819825159            2.4368341322449010     
   0.0000000000000000           0.83548598819825159            2.6108937131195367     
   0.0000000000000000           0.83548598819825159            2.7849532939941724     
   0.0000000000000000           0.83548598819825159            2.9590128748688080     
   0.0000000000000000           0.83548598819825159            3.1330724557434433     
   0.0000000000000000           0.97473365289796032            0.0000000000000000     
   0.0000000000000000           0.97473365289796032           0.17405958087463577     
   0.0000000000000000           0.97473365289796032           0.34811916174927154     
   0.0000000000000000           0.97473365289796032           0.52217874262390729     
   0.0000000000000000           0.97473365289796032           0.69623832349854309     
   0.0000000000000000           0.97473365289796032           0.87029790437317889     
   0.0000000000000000           0.97473365289796032            1.0443574852478146     
   0.0000000000000000           0.97473365289796032            1.2184170661224505     
   0.0000000000000000           0.97473365289796032            1.3924766469970862     
   0.0000000000000000           0.97473365289796032            1.5665362278717216     
   0.0000000000000000           0.97473365289796032            1.7405958087463578     
   0.0000000000000000           0.97473365289796032            1.9146553896209932     
   0.0000000000000000           0.97473365289796032            2.0887149704956292     
   0.0000000000000000           0.97473365289796032            2.2627745513702648     
   0.0000000000000000           0.97473365289796032            2.4368341322449010     
   0.0000000000000000           0.97473365289796032            2.6108937131195367     
   0.0000000000000000           0.97473365289796032            2.7849532939941724     
   0.0000000000000000           0.97473365289796032            2.9590128748688080     
   0.0000000000000000           0.97473365289796032            3.1330724557434433     
   0.0000000000000000            1.1139813175976687            0.0000000000000000     
   0.0000000000000000            1.1139813175976687           0.17405958087463577     
   0.0000000000000000            1.1139813175976687           0.34811916174927154     
   0.0000000000000000            1.1139813175976687           0.52217874262390729     
   0.0000000000000000            1.1139813175976687           0.69623832349854309     
   0.0000000000000000            1.1139813175976687           0.87029790437317889     
   0.0000000000000000            1.1139813175976687            1.0443574852478146     
   0.0000000000000000            1.1139813175976687            1.2184170661224505     
   0.0000000000000000            1.1139813175976687            1.3924766469970862     
   0.0000000000000000            1.1139813175976687            1.5665362278717216     
   0.0000000000000000            1.1139813175976687            1.7405958087463578     
   0.0000000000000000            1.1139813175976687            1.9146553896209932     
   0.0000000000000000            1.1139813175976687            2.0887149704956292     
   0.0000000000000000            1.1139813175976687            2.2627745513702648     
   0.0000000000000000            1.1139813175976687            2.4368341322449010     
   0.0000000000000000            1.1139813175976687            2.6108937131195367     
   0.0000000000000000            1.1139813175976687            2.7849532939941724     
   0.0000000000000000            1.1139813175976687            2.9590128748688080     
   0.0000000000000000            1.1139813175976687            3.1330724557434433     
   0.0000000000000000            1.2532289822973772            0.0000000000000000     
   0.0000000000000000            1.2532289822973772           0.17405958087463577     
   0.0000000000000000            1.2532289822973772           0.34811916174927154     
   0.0000000000000000            1.2532289822973772           0.52217874262390729     
   0.0000000000000000            1.2532289822973772           0.69623832349854309     
   0.0000000000000000            1.2532289822973772           0.87029790437317889     
   0.0000000000000000            1.2532289822973772            1.0443574852478146     
   0.0000000000000000            1.2532289822973772            1.2184170661224505     
   0.0000000000000000            1.2532289822973772            1.3924766469970862     
   0.0000000000000000            1.2532289822973772            1.5665362278717216     
   0.0000000000000000            1.2532289822973772            1.7405958087463578     
   0.0000000000000000            1.2532289822973772            1.9146553896209932     
   0.0000000000000000            1.2532289822973772            2.0887149704956292     
   0.0000000000000000            1.2532289822973772            2.2627745513702648     
   0.0000000000000000            1.2532289822973772            2.4368341322449010     
   0.0000000000000000            1.2532289822973772            2.6108937131195367     
   0.0000000000000000            1.2532289822973772            2.7849532939941724     
   0.0000000000000000            1.2532289822973772            2.9590128748688080     
   0.0000000000000000            1.2532289822973772            3.1330724557434433     
   0.0000000000000000            1.3924766469970860            0.0000000000000000     
   0.0000000000000000            1.3924766469970860           0.17405958087463577     
   0.0000000000000000            1.3924766469970860           0.34811916174927154     
   0.0000000000000000            1.3924766469970860           0.52217874262390729     
   0.0000000000000000            1.3924766469970860           0.69623832349854309     
   0.0000000000000000            1.3924766469970860           0.87029790437317889     
   0.0000000000000000            1.3924766469970860            1.0443574852478146     
   0.0000000000000000            1.3924766469970860            1.2184170661224505     
   0.0000000000000000            1.3924766469970860            1.3924766469970862     
   0.0000000000000000            1.3924766469970860            1.5665362278717216     
   0.0000000000000000            1.3924766469970860            1.7405958087463578     
   0.0000000000000000            1.3924766469970860            1.9146553896209932     
   0.0000000000000000            1.3924766469970860            2.0887149704956292     
   0.0000000000000000            1.3924766469970860            2.2627745513702648     
   0.0000000000000000            1.3924766469970860            2.4368341322449010     
   0.0000000000000000            1.3924766469970860            2.6108937131195367     
   0.0000000000000000            1.3924766469970860            2.7849532939941724     
   0.0000000000000000            1.3924766469970860            2.9590128748688080     
   0.0000000000000000            1.3924766469970860            3.1330724557434433     
   0.0000000000000000            1.5317243116967947            0.0000000000000000     
   0.0000000000000000            1.5317243116967947           0.17405958087463577     
   0.0000000000000000            1.5317243116967947           0.34811916174927154     
   0.0000000000000000            1.5317243116967947           0.52217874262390729     
   0.0000000000000000            1.5317243116967947           0.69623832349854309     
   0.0000000000000000            1.5317243116967947           0.87029790437317889     
   0.0000000000000000            1.5317243116967947            1.0443574852478146     
   0.0000000000000000            1.5317243116967947            1.2184170661224505     
   0.0000000000000000            1.5317243116967947            1.3924766469970862     
   0.0000000000000000            1.5317243116967947            1.5665362278717216     
   0.0000000000000000            1.5317243116967947            1.7405958087463578     
   0.0000000000000000            1.5317243116967947            1.9146553896209932     
   0.0000000000000000            1.5317243116967947            2.0887149704956292     
   0.0000000000000000            1.5317243116967947            2.2627745513702648     
   0.0000000000000000            1.5317243116967947            2.4368341322449010     
   0.0000000000000000            1.5317243116967947            2.6108937131195367     
   0.0000000000000000            1.5317243116967947            2.7849532939941724     
   0.0000000000000000            1.5317243116967947            2.9590128748688080     
   0.0000000000000000            1.5317243116967947            3.1330724557434433     
   0.0000000000000000            1.6709719763965032            0.0000000000000000     
   0.0000000000000000            1.6709719763965032           0.17405958087463577     
   0.0000000000000000            1.6709719763965032           0.34811916174927154     
   0.0000000000000000            1.6709719763965032           0.52217874262390729     
   0.0000000000000000            1.6709719763965032           0.69623832349854309     
   0.0000000000000000            1.6709719763965032           0.87029790437317889     
   0.0000000000000000            1.6709719763965032            1.0443574852478146     
   0.0000000000000000            1.6709719763965032            1.2184170661224505     
   0.0000000000000000            1.6709719763965032            1.3924766469970862     
   0.0000000000000000            1.6709719763965032            1.5665362278717216     
   0.0000000000000000            1.6709719763965032            1.7405958087463578     
   0.0000000000000000            1.6709719763965032            1.9146553896209932     
   0.0000000000000000            1.6709719763965032            2.0887149704956292     
   0.0000000000000000            1.6709719763965032            2.2627745513702648     
   0.0000000000000000            1.6709719763965032            2.4368341322449010     
   0.0000000000000000            1.6709719763965032            2.6108937131195367     
   0.0000000000000000            1.6709719763965032            2.7849532939941724     
   0.0000000000000000            1.6709719763965032            2.9590128748688080     
   0.0000000000000000            1.6709719763965032            3.1330724557434433     
   0.0000000000000000            1.8102196410962119            0.0000000000000000     
   0.0000000000000000            1.8102196410962119           0.17405958087463577     
   0.0000000000000000            1.8102196410962119           0.34811916174927154     
   0.0000000000000000            1.8102196410962119           0.52217874262390729     
   0.0000000000000000            1.8102196410962119           0.69623832349854309     
   0.0000000000000000            1.8102196410962119           0.87029790437317889     
   0.0000000000000000            1.8102196410962119            1.0443574852478146     
   0.0000000000000000            1.8102196410962119            1.2184170661224505     
   0.0000000000000000            1.8102196410962119            1.3924766469970862     
   0.0000000000000000            1.8102196410962119            1.5665362278717216     
   0.0000000000000000            1.8102196410962119            1.7405958087463578     
   0.0000000000000000            1.8102196410962119            1.9146553896209932     
   0.0000000000000000            1.8102196410962119            2.0887149704956292     
   0.0000000000000000            1.8102196410962119            2.2627745513702648     
   0.0000000000000000            1.8102196410962119            2.4368341322449010     
   0.0000000000000000            1.8102196410962119            2.6108937131195367     
   0.0000000000000000            1.8102196410962119            2.7849532939941724     
   0.0000000000000000            1.8102196410962119            2.9590128748688080     
   0.0000000000000000            1.8102196410962119            3.1330724557434433     
   0.0000000000000000            1.9494673057959206            0.0000000000000000     
   0.0000000000000000            1.9494673057959206           0.17405958087463577     
   0.0000000000000000            1.9494673057959206           0.34811916174927154     
   0.0000000000000000            1.9494673057959206           0.52217874262390729     
   0.0000000000000000            1.9494673057959206           0.69623832349854309     
   0.0000000000000000            1.9494673057959206           0.87029790437317889     
   0.0000000000000000            1.9494673057959206            1.0443574852478146     
   0.0000000000000000            1.9494673057959206            1.2184170661224505     
   0.0000000000000000            1.9494673057959206            1.3924766469970862     
   0.0000000000000000            1.9494673057959206            1.5665362278717216     
   0.0000000000000000            1.9494673057959206            1.7405958087463578     
   0.0000000000000000            1.9494673057959206            1.9146553896209932     
   0.0000000000000000            1.9494673057959206            2.0887149704956292     
   0.0000000000000000            1.9494673057959206            2.2627745513702648     
   0.0000000000000000            1.9494673057959206            2.4368341322449010     
   0.0000000000000000            1.9494673057959206            2.6108937131195367     
   0.0000000000000000            1.9494673057959206            2.7849532939941724     
   0.0000000000000000            1.9494673057959206            2.9590128748688080     
   0.0000000000000000            1.9494673057959206            3.1330724557434433     
   0.0000000000000000            2.0887149704956292            0.0000000000000000     
   0.0000000000000000            2.0887149704956292           0.17405958087463577     
   0.0000000000000000            2.0887149704956292           0.34811916174927154     
   0.0000000000000000            2.0887149704956292           0.52217874262390729     
   0.0000000000000000            2.0887149704956292           0.69623832349854309     
   0.0000000000000000            2.0887149704956292           0.87029790437317889     
   0.0000000000000000            2.0887149704956292            1.0443574852478146     
   0.0000000000000000            2.0887149704956292            1.2184170661224505     
   0.0000000000000000            2.0887149704956292            1.3924766469970862     
   0.0000000000000000            2.0887149704956292            1.5665362278717216     
   0.0000000000000000            2.0887149704956292            1.7405958087463578     
   0.0000000000000000            2.0887149704956292            1.9146553896209932     
   0.0000000000000000            2.0887149704956292            2.0887149704956292     
   0.0000000000000000            2.0887149704956292            2.2627745513702648     
   0.0000000000000000            2.0887149704956292            2.4368341322449010     
   0.0000000000000000            2.0887149704956292            2.6108937131195367     
   0.0000000000000000            2.0887149704956292            2.7849532939941724     
   0.0000000000000000            2.0887149704956292            2.9590128748688080     
   0.0000000000000000            2.0887149704956292            3.1330724557434433     
   0.0000000000000000            2.2279626351953374            0.0000000000000000     
   0.0000000000000000            2.2279626351953374           0.17405958087463577     
   0.0000000000000000            2.2279626351953374           0.34811916174927154     
   0.0000000000000000            2.2279626351953374           0.52217874262390729     
   0.0000000000000000            2.2279626351953374           0.69623832349854309     
   0.0000000000000000            2.2279626351953374           0.87029790437317889     
   0.0000000000000000            2.2279626351953374            1.0443574852478146     
   0.0000000000000000            2.2279626351953374            1.2184170661224505     
   0.0000000000000000            2.2279626351953374            1.3924766469970862     
   0.0000000000000000            2.2279626351953374            1.5665362278717216     
   0.0000000000000000            2.2279626351953374            1.7405958087463578     
   0.0000000000000000            2.2279626351953374            1.9146553896209932     
   0.0000000000000000            2.2279626351953374            2.0887149704956292     
   0.0000000000000000            2.2279626351953374            2.2627745513702648     
   0.0000000000000000            2.2279626351953374            2.4368341322449010     
   0.0000000000000000            2.2279626351953374            2.6108937131195367     
   0.0000000000000000            2.2279626351953374            2.7849532939941724     
   0.0000000000000000            2.2279626351953374            2.9590128748688080     
   0.0000000000000000            2.2279626351953374            3.1330724557434433     
   0.0000000000000000            2.3672102998950462            0.0000000000000000     
   0.0000000000000000            2.3672102998950462           0.17405958087463577     
   0.0000000000000000            2.3672102998950462           0.34811916174927154     
   0.0000000000000000            2.3672102998950462           0.52217874262390729     
   0.0000000000000000            2.3672102998950462           0.69623832349854309     
   0.0000000000000000            2.3672102998950462           0.87029790437317889     
   0.0000000000000000            2.3672102998950462            1.0443574852478146     
   0.0000000000000000            2.3672102998950462            1.2184170661224505     
   0.0000000000000000            2.3672102998950462            1.3924766469970862     
   0.0000000000000000            2.3672102998950462            1.5665362278717216     
   0.0000000000000000            2.3672102998950462            1.7405958087463578     
   0.0000000000000000            2.3672102998950462            1.9146553896209932     
   0.0000000000000000            2.3672102998950462            2.0887149704956292     
   0.0000000000000000            2.3672102998950462            2.2627745513702648     
   0.0000000000000000            2.3672102998950462            2.4368341322449010     
   0.0000000000000000            2.3672102998950462            2.6108937131195367     
   0.0000000000000000            2.3672102998950462            2.7849532939941724     
   0.0000000000000000            2.3672102998950462            2.9590128748688080     
   0.0000000000000000            2.3672102998950462            3.1330724557434433     
   0.0000000000000000            2.5064579645947545            0.0000000000000000     
   0.0000000000000000            2.5064579645947545           0.17405958087463577     
   0.0000000000000000            2.5064579645947545           0.34811916174927154     
   0.0000000000000000            2.5064579645947545           0.52217874262390729     
   0.0000000000000000            2.5064579645947545           0.69623832349854309     
   0.0000000000000000            2.5064579645947545           0.87029790437317889     
   0.0000000000000000            2.5064579645947545            1.0443574852478146     
   0.0000000000000000            2.5064579645947545            1.2184170661224505     
   0.0000000000000000            2.5064579645947545            1.3924766469970862     
   0.0000000000000000            2.5064579645947545            1.5665362278717216     
   0.0000000000000000            2.5064579645947545            1.7405958087463578     
   0.0000000000000000            2.5064579645947545            1.9146553896209932     
   0.0000000000000000            2.5064579645947545            2.0887149704956292     
   0.0000000000000000            2.5064579645947545            2.2627745513702648     
   0.0000000000000000            2.5064579645947545            2.4368341322449010     
   0.0000000000000000            2.5064579645947545            2.6108937131195367     
   0.0000000000000000            2.5064579645947545            2.7849532939941724     
   0.0000000000000000            2.5064579645947545            2.9590128748688080     
   0.0000000000000000            2.5064579645947545            3.1330724557434433     
  0.13924766469970859            0.0000000000000000            0.0000000000000000     
  0.13924766469970859            0.0000000000000000           0.17405958087463577     
  0.13924766469970859            0.0000000000000000           0.34811916174927154     
  0.13924766469970859            0.0000000000000000           0.52217874262390729     
  0.13924766469970859            0.0000000000000000           0.69623832349854309     
  0.13924766469970859            0.0000000000000000           0.87029790437317889     
  0.13924766469970859            0.0000000000000000            1.0443574852478146     
  0.13924766469970859            0.0000000000000000            1.2184170661224505     
  0.13924766469970859            0.0000000000000000            1.3924766469970862     
  0.13924766469970859            0.0000000000000000            1.5665362278717216     
  0.13924766469970859            0.0000000000000000            1.7405958087463578     
  0.13924766469970859            0.0000000000000000            1.9146553896209932     
  0.13924766469970859            0.0000000000000000            2.0887149704956292     
  0.13924766469970859            0.0000000000000000            2.2627745513702648     
  0.13924766469970859            0.0000000000000000            2.4368341322449010     
  0.13924766469970859            0.0000000000000000            2.6108937131195367     
  0.13924766469970859            0.0000000000000000            2.7849532939941724     
  0.13924766469970859            0.0000000000000000            2.9590128748688080     
  0.13924766469970859            0.0000000000000000            3.1330724557434433     
  0.13924766469970859           0.13924766469970859            0.0000000000000000     
  0.13924766469970859           0.13924766469970859           0.17405958087463577     
  0.13924766469970859           0.13924766469970859           0.34811916174927154     
  0.13924766469970859           0.13924766469970859           0.52217874262390729     
  0.13924766469970859           0.13924766469970859           0.69623832349854309     
  0.13924766469970859           0.13924766469970859           0.87029790437317889     
  0.13924766469970859           0.13924766469970859            1.0443574852478146     
  0.13924766469970859           0.13924766469970859            1.2184170661224505     
  0.13924766469970859           0.13924766469970859            1.3924766469970862     
  0.13924766469970859           0.13924766469970859            1.5665362278717216     
  0.13924766469970859           0.13924766469970859            1.7405958087463578     
  0.13924766469970859           0.13924766469970859            1.9146553896209932     
  0.13924766469970859           0.13924766469970859            2.0887149704956292     
  0.13924766469970859           0.13924766469970859            2.2627745513702648     
  0.13924766469970859           0.13924766469970859            2.4368341322449010     
  0.13924766469970859           0.13924766469970859            2.6108937131195367     
  0.13924766469970859           0.13924766469970859            2.7849532939941724     
  0.13924766469970859           0.13924766469970859            2.9590128748688080     
  0.13924766469970859           0.13924766469970859            3.1330724557434433     
  0.13924766469970859           0.27849532939941718            0.0000000000000000     
  0.13924766469970859           0.27849532939941718           0.17405958087463577     
  0.13924766469970859           0.27849532939941718           0.34811916174927154     
  0.13924766469970859           0.27849532939941718           0.52217874262390729     
  0.13924766469970859           0.27849532939941718           0.69623832349854309     
  0.13924766469970859           0.27849532939941718           0.87029790437317889     
  0.13924766469970859           0.27849532939941718            1.0443574852478146     
  0.13924766469970859           0.27849532939941718            1.2184170661224505     
  0.13924766469970859           0.27849532939941718            1.3924766469970862     
  0.13924766469970859           0.27849532939941718            1.5665362278717216     
  0.13924766469970859           0.27849532939941718            1.7405958087463578     
  0.13924766469970859           0.27849532939941718            1.9146553896209932     
  0.13924766469970859           0.27849532939941718            2.0887149704956292     
  0.13924766469970859           0.27849532939941718            2.2627745513702648     
  0.13924766469970859           0.27849532939941718            2.4368341322449010     
  0.13924766469970859           0.27849532939941718            2.6108937131195367     
  0.13924766469970859           0.27849532939941718            2.7849532939941724     
  0.13924766469970859           0.27849532939941718            2.9590128748688080     
  0.13924766469970859           0.27849532939941718            3.1330724557434433     
  0.13924766469970859           0.41774299409912580            0.0000000000000000     
  0.13924766469970859           0.41774299409912580           0.17405958087463577     
  0.13924766469970859           0.41774299409912580           0.34811916174927154     
  0.13924766469970859           0.41774299409912580           0.52217874262390729     
  0.13924766469970859           0.41774299409912580           0.69623832349854309     
  0.13924766469970859           0.41774299409912580           0.87029790437317889     
  0.13924766469970859           0.41774299409912580            1.0443574852478146     
  0.13924766469970859           0.41774299409912580            1.2184170661224505     
  0.13924766469970859           0.41774299409912580            1.3924766469970862     
  0.13924766469970859           0.41774299409912580            1.5665362278717216     
  0.13924766469970859           0.41774299409912580            1.7405958087463578     
  0.13924766469970859           0.41774299409912580            1.9146553896209932     
  0.13924766469970859           0.41774299409912580            2.0887149704956292     
  0.13924766469970859           0.41774299409912580            2.2627745513702648     
  0.13924766469970859           0.41774299409912580            2.4368341322449010     
  0.13924766469970859           0.41774299409912580            2.6108937131195367     
  0.13924766469970859           0.41774299409912580            2.7849532939941724     
  0.13924766469970859           0.41774299409912580            2.9590128748688080     
  0.13924766469970859           0.41774299409912580            3.1330724557434433     
  0.13924766469970859           0.55699065879883436            0.0000000000000000     
  0.13924766469970859           0.55699065879883436           0.17405958087463577     
  0.13924766469970859           0.55699065879883436           0.34811916174927154     
  0.13924766469970859           0.55699065879883436           0.52217874262390729     
  0.13924766469970859           0.55699065879883436           0.69623832349854309     
  0.13924766469970859           0.55699065879883436           0.87029790437317889     
  0.13924766469970859           0.55699065879883436            1.0443574852478146     
  0.13924766469970859           0.55699065879883436            1.2184170661224505     
  0.13924766469970859           0.55699065879883436            1.3924766469970862     
  0.13924766469970859           0.55699065879883436            1.5665362278717216     
  0.13924766469970859           0.55699065879883436            1.7405958087463578     
  0.13924766469970859           0.55699065879883436            1.9146553896209932     
  0.13924766469970859           0.55699065879883436            2.0887149704956292     
  0.13924766469970859           0.55699065879883436            2.2627745513702648     
  0.13924766469970859           0.55699065879883436            2.4368341322449010     
  0.13924766469970859           0.55699065879883436            2.6108937131195367     
  0.13924766469970859           0.55699065879883436            2.7849532939941724     
  0.13924766469970859           0.55699065879883436            2.9590128748688080     
  0.13924766469970859           0.55699065879883436            3.1330724557434433     
  0.13924766469970859           0.69623832349854298            0.0000000000000000     
  0.13924766469970859           0.69623832349854298           0.17405958087463577     
  0.13924766469970859           0.69623832349854298           0.34811916174927154     
  0.13924766469970859           0.69623832349854298           0.52217874262390729     
  0.13924766469970859           0.69623832349854298           0.69623832349854309     
  0.13924766469970859           0.69623832349854298           0.87029790437317889     
  0.13924766469970859           0.69623832349854298            1.0443574852478146     
  0.13924766469970859           0.69623832349854298            1.2184170661224505     
  0.13924766469970859           0.69623832349854298            1.3924766469970862     
  0.13924766469970859           0.69623832349854298            1.5665362278717216     
  0.13924766469970859           0.69623832349854298            1.7405958087463578     
  0.13924766469970859           0.69623832349854298            1.9146553896209932     
  0.13924766469970859           0.69623832349854298            2.0887149704956292     
  0.13924766469970859           0.69623832349854298            2.2627745513702648     
  0.13924766469970859           0.69623832349854298            2.4368341322449010     
  0.13924766469970859           0.69623832349854298            2.6108937131195367     
  0.13924766469970859           0.69623832349854298            2.7849532939941724     
  0.13924766469970859           0.69623832349854298            2.9590128748688080     
  0.13924766469970859           0.69623832349854298            3.1330724557434433     
  0.13924766469970859           0.83548598819825159            0.0000000000000000     
  0.13924766469970859           0.83548598819825159           0.17405958087463577     
  0.13924766469970859           0.83548598819825159           0.34811916174927154     
  0.13924766469970859           0.83548598819825159           0.52217874262390729     
  0.13924766469970859           0.83548598819825159           0.69623832349854309     
  0.13924766469970859           0.83548598819825159           0.87029790437317889     
  0.13924766469970859           0.83548598819825159            1.0443574852478146     
  0.13924766469970859           0.83548598819825159            1.2184170661224505     
  0.13924766469970859           0.83548598819825159            1.3924766469970862     
  0.13924766469970859           0.83548598819825159            1.5665362278717216     
  0.13924766469970859           0.83548598819825159            1.7405958087463578     
  0.13924766469970859           0.83548598819825159            1.9146553896209932     
  0.13924766469970859           0.83548598819825159            2.0887149704956292     
  0.13924766469970859           0.83548598819825159            2.2627745513702648     
  0.13924766469970859           0.83548598819825159            2.4368341322449010     
  0.13924766469970859           0.83548598819825159            2.6108937131195367     
  0.13924766469970859           0.83548598819825159            2.7849532939941724     
  0.13924766469970859           0.83548598819825159            2.9590128748688080     
  0.13924766469970859           0.83548598819825159            3.1330724557434433     
  0.13924766469970859           0.97473365289796032            0.0000000000000000     
  0.13924766469970859           0.97473365289796032           0.17405958087463577     
  0.13924766469970859           0.97473365289796032           0.34811916174927154     
  0.13924766469970859           0.97473365289796032           0.52217874262390729     
  0.13924766469970859           0.97473365289796032           0.69623832349854309     
  0.13924766469970859           0.97473365289796032           0.87029790437317889     
  0.13924766469970859           0.97473365289796032            1.0443574852478146     
  0.13924766469970859           0.97473365289796032            1.2184170661224505     
  0.13924766469970859           0.97473365289796032            1.3924766469970862     
  0.13924766469970859           0.97473365289796032            1.5665362278717216     
  0.13924766469970859           0.97473365289796032            1.7405958087463578     
  0.13924766469970859           0.97473365289796032            1.9146553896209932     
  0.13924766469970859           0.97473365289796032            2.0887149704956292     
  0.13924766469970859           0.97473365289796032            2.2627745513702648     
  0.13924766469970859           0.97473365289796032            2.4368341322449010     
  0.13924766469970859           0.97473365289796032            2.6108937131195367     
  0.13924766469970859           0.97473365289796032            2.7849532939941724     
  0.13924766469970859           0.97473365289796032            2.9590128748688080     
  0.13924766469970859           0.97473365289796032            3.1330724557434433     
  0.13924766469970859            1.1139813175976687            0.0000000000000000     
  0.13924766469970859            1.1139813175976687           0.17405958087463577     
  0.13924766469970859            1.1139813175976687           0.34811916174927154     
  0.13924766469970859            1.1139813175976687           0.52217874262390729     
  0.13924766469970859            1.1139813175976687           0.69623832349854309     
  0.13924766469970859            1.1139813175976687           0.87029790437317889     
  0.13924766469970859            1.1139813175976687            1.0443574852478146     
  0.13924766469970859            1.1139813175976687            1.2184170661224505     
  0.13924766469970859            1.1139813175976687            1.3924766469970862     
  0.13924766469970859            1.1139813175976687            1.5665362278717216     
  0.13924766469970859            1.1139813175976687            1.7405958087463578     
  0.13924766469970859            1.1139813175976687            1.9146553896209932     
  0.13924766469970859            1.1139813175976687            2.0887149704956292     
  0.13924766469970859            1.1139813175976687            2.2627745513702648     
  0.13924766469970859            1.1139813175976687            2.4368341322449010     
  0.13924766469970859            1.1139813175976687            2.6108937131195367     
  0.13924766469970859            1.1139813175976687            2.7849532939941724     
  0.13924766469970859            1.1139813175976687            2.9590128748688080     
  0.13924766469970859            1.1139813175976687            3.1330724557434433     
  0.13924766469970859            1.2532289822973772            0.0000000000000000     
  0.13924766469970859            1.2532289822973772           0.17405958087463577     
  0.13924766469970859            1.2532289822973772           0.34811916174927154     
  0.13924766469970859            1.2532289822973772           0.52217874262390729     
  0.13924766469970859            1.2532289822973772           0.69623832349854309     
  0.13924766469970859            1.2532289822973772           0.87029790437317889     
  0.13924766469970859            1.2532289822973772            1.0443574852478146     
  0.13924766469970859            1.2532289822973772            1.2184170661224505     
  0.13924766469970859            1.2532289822973772            1.3924766469970862     
  0.13924766469970859            1.2532289822973772            1.5665362278717216     
  0.13924766469970859            1.2532289822973772            1.7405958087463578     
  0.13924766469970859            1.2532289822973772            1.9146553896209932     
  0.13924766469970859            1.2532289822973772            2.0887149704956292     
  0.13924766469970859            1.2532289822973772            2.2627745513702648     
  0.13924766469970859            1.2532289822973772            2.4368341322449010     
  0.13924766469970859            1.2532289822973772            2.6108937131195367     
  0.13924766469970859            1.2532289822973772            2.7849532939941724     
  0.13924766469970859            1.2532289822973772            2.9590128748688080     
  0.13924766469970859            1.2532289822973772            3.1330724557434433     
  0.13924766469970859            1.3924766469970860            0.0000000000000000     
  0.13924766469970859            1.3924766469970860           0.17405958087463577     
  0.13924766469970859            1.3924766469970860           0.34811916174927154     
  0.13924766469970859            1.3924766469970860           0.52217874262390729     
  0.13924766469970859            1.3924766469970860           0.69623832349854309     
  0.13924766469970859            1.3924766469970860           0.87029790437317889     
  0.13924766469970859            1.3924766469970860            1.0443574852478146     
  0.13924766469970859            1.3924766469970860            1.2184170661224505     
  0.13924766469970859            1.3924766469970860            1.3924766469970862     
  0.13924766469970859            1.3924766469970860            1.5665362278717216     
  0.13924766469970859            1.3924766469970860            1.7405958087463578     
  0.13924766469970859            1.3924766469970860            1.9146553896209932     
  0.13924766469970859            1.3924766469970860            2.0887149704956292     
  0.13924766469970859            1.3924766469970860            2.2627745513702648     
  0.13924766469970859            1.3924766469970860            2.4368341322449010     
  0.13924766469970859            1.3924766469970860            2.6108937131195367     
  0.13924766469970859            1.3924766469970860            2.7849532939941724     
  0.13924766469970859            1.3924766469970860            2.9590128748688080     
  0.13924766469970859            1.3924766469970860            3.1330724557434433     
  0.13924766469970859            1.5317243116967947            0.0000000000000000     
  0.13924766469970859            1.5317243116967947           0.17405958087463577     
  0.13924766469970859            1.5317243116967947           0.34811916174927154     
  0.13924766469970859            1.5317243116967947           0.52217874262390729     
  0.13924766469970859            1.5317243116967947           0.69623832349854309     
  0.13924766469970859            1.5317243116967947           0.87029790437317889     
  0.13924766469970859            1.5317243116967947            1.0443574852478146     
  0.13924766469970859            1.5317243116967947            1.2184170661224505     
  0.13924766469970859            1.5317243116967947            1.3924766469970862     
  0.13924766469970859            1.5317243116967947            1.5665362278717216     
  0.13924766469970859            1.5317243116967947            1.7405958087463578     
  0.13924766469970859            1.5317243116967947            1.9146553896209932     
  0.13924766469970859            1.5317243116967947            2.0887149704956292     
  0.13924766469970859            1.5317243116967947            2.2627745513702648     
  0.13924766469970859            1.5317243116967947            2.4368341322449010     
  0.13924766469970859            1.5317243116967947            2.6108937131195367     
  0.13924766469970859            1.5317243116967947            2.7849532939941724     
  0.13924766469970859            1.5317243116967947            2.9590128748688080     
  0.13924766469970859            1.5317243116967947            3.1330724557434433     
  0.13924766469970859            1.6709719763965032            0.0000000000000000     
  0.13924766469970859            1.6709719763965032           0.17405958087463577     
  0.13924766469970859            1.6709719763965032           0.34811916174927154     
  0.13924766469970859            1.6709719763965032           0.52217874262390729     
  0.13924766469970859            1.6709719763965032           0.69623832349854309     
  0.13924766469970859            1.6709719763965032           0.87029790437317889     
  0.13924766469970859            1.6709719763965032            1.0443574852478146     
  0.13924766469970859            1.6709719763965032            1.2184170661224505     
  0.13924766469970859            1.6709719763965032            1.3924766469970862     
  0.13924766469970859            1.6709719763965032            1.5665362278717216     
  0.13924766469970859            1.6709719763965032            1.7405958087463578     
  0.13924766469970859            1.6709719763965032            1.9146553896209932     
  0.13924766469970859            1.6709719763965032            2.0887149704956292     
  0.13924766469970859            1.6709719763965032            2.2627745513702648     
  0.13924766469970859            1.6709719763965032            2.4368341322449010     
  0.13924766469970859            1.6709719763965032            2.6108937131195367     
  0.13924766469970859            1.6709719763965032            2.7849532939941724     
  0.13924766469970859            1.6709719763965032            2.9590128748688080     
  0.13924766469970859            1.6709719763965032            3.1330724557434433     
  0.13924766469970859            1.8102196410962119            0.0000000000000000     
  0.13924766469970859            1.8102196410962119           0.17405958087463577     
  0.13924766469970859            1.8102196410962119           0.34811916174927154     
  0.13924766469970859            1.8102196410962119           0.52217874262390729     
  0.13924766469970859            1.8102196410962119           0.69623832349854309     
  0.13924766469970859            1.8102196410962119           0.87029790437317889     
  0.13924766469970859            1.8102196410962119            1.0443574852478146     
  0.13924766469970859            1.8102196410962119            1.2184170661224505     
  0.13924766469970859            1.8102196410962119            1.3924766469970862     
  0.13924766469970859            1.8102196410962119            1.5665362278717216     
  0.13924766469970859            1.8102196410962119            1.7405958087463578     
  0.13924766469970859            1.8102196410962119            1.9146553896209932     
  0.13924766469970859            1.8102196410962119            2.0887149704956292     
  0.13924766469970859            1.8102196410962119            2.2627745513702648     
  0.13924766469970859            1.8102196410962119            2.4368341322449010     
  0.13924766469970859            1.8102196410962119            2.6108937131195367     
  0.13924766469970859            1.8102196410962119            2.7849532939941724     
  0.13924766469970859            1.8102196410962119            2.9590128748688080     
  0.13924766469970859            1.8102196410962119            3.1330724557434433     
  0.13924766469970859            1.9494673057959206            0.0000000000000000     
  0.13924766469970859            1.9494673057959206           0.17405958087463577     
  0.13924766469970859            1.9494673057959206           0.34811916174927154     
  0.13924766469970859            1.9494673057959206           0.52217874262390729     
  0.13924766469970859            1.9494673057959206           0.69623832349854309     
  0.13924766469970859            1.9494673057959206           0.87029790437317889     
  0.13924766469970859            1.9494673057959206            1.0443574852478146     
  0.13924766469970859            1.9494673057959206            1.2184170661224505     
  0.13924766469970859            1.9494673057959206            1.3924766469970862     
  0.13924766469970859            1.9494673057959206            1.5665362278717216     
  0.13924766469970859            1.9494673057959206            1.7405958087463578     
  0.13924766469970859            1.9494673057959206            1.9146553896209932     
  0.13924766469970859            1.9494673057959206            2.0887149704956292     
  0.13924766469970859            1.9494673057959206            2.2627745513702648     
  0.13924766469970859            1.9494673057959206            2.4368341322449010     
  0.13924766469970859            1.9494673057959206            2.6108937131195367     
  0.13924766469970859            1.9494673057959206            2.7849532939941724     
  0.13924766469970859            1.9494673057959206            2.9590128748688080     
  0.13924766469970859            1.9494673057959206            3.1330724557434433     
  0.13924766469970859            2.0887149704956292            0.0000000000000000     
  0.13924766469970859            2.0887149704956292           0.17405958087463577     
  0.13924766469970859            2.0887149704956292           0.34811916174927154     
  0.13924766469970859            2.0887149704956292           0.52217874262390729     
  0.13924766469970859            2.0887149704956292           0.69623832349854309     
  0.13924766469970859            2.0887149704956292           0.87029790437317889     
  0.13924766469970859            2.0887149704956292            1.0443574852478146     
  0.13924766469970859            2.0887149704956292            1.2184170661224505     
  0.13924766469970859            2.0887149704956292            1.3924766469970862     
  0.13924766469970859            2.0887149704956292            1.5665362278717216     
  0.13924766469970859            2.0887149704956292            1.7405958087463578     
  0.13924766469970859            2.0887149704956292            1.9146553896209932     
  0.13924766469970859            2.0887149704956292            2.0887149704956292     
  0.13924766469970859            2.0887149704956292            2.2627745513702648     
  0.13924766469970859            2.0887149704956292            2.4368341322449010     
  0.13924766469970859            2.0887149704956292            2.6108937131195367     
  0.13924766469970859            2.0887149704956292            2.7849532939941724     
  0.13924766469970859            2.0887149704956292            2.9590128748688080     
  0.13924766469970859            2.0887149704956292            3.1330724557434433     
  0.13924766469970859            2.2279626351953374            0.0000000000000000     
  0.13924766469970859            2.2279626351953374           0.17405958087463577     
  0.13924766469970859            2.2279626351953374           0.34811916174927154     
  0.13924766469970859            2.2279626351953374           0.52217874262390729     
  0.13924766469970859            2.2279626351953374           0.69623832349854309     
  0.13924766469970859            2.2279626351953374           0.87029790437317889     
  0.13924766469970859            2.2279626351953374            1.0443574852478146     
  0.13924766469970859            2.2279626351953374            1.2184170661224505     
  0.13924766469970859            2.2279626351953374            1.3924766469970862     
  0.13924766469970859            2.2279626351953374            1.5665362278717216     
  0.13924766469970859            2.2279626351953374            1.7405958087463578     
  0.13924766469970859            2.2279626351953374            1.9146553896209932     
  0.13924766469970859            2.2279626351953374            2.0887149704956292     
  0.13924766469970859            2.2279626351953374            2.2627745513702648     
  0.13924766469970859            2.2279626351953374            2.4368341322449010     
  0.13924766469970859            2.2279626351953374            2.6108937131195367     
  0.13924766469970859            2.2279626351953374            2.7849532939941724     
  0.13924766469970859            2.2279626351953374            2.9590128748688080     
  0.13924766469970859            2.2279626351953374            3.1330724557434433     
  0.13924766469970859            2.3672102998950462            0.0000000000000000     
  0.13924766469970859            2.3672102998950462           0.17405958087463577     
  0.13924766469970859            2.3672102998950462           0.34811916174927154     
  0.13924766469970859            2.3672102998950462           0.52217874262390729     
  0.13924766469970859            2.3672102998950462           0.69623832349854309     
  0.13924766469970859            2.3672102998950462           0.87029790437317889     
  0.13924766469970859            2.3672102998950462            1.0443574852478146     
  0.13924766469970859            2.3672102998950462            1.2184170661224505     
  0.13924766469970859            2.3672102998950462            1.3924766469970862     
  0.13924766469970859            2.3672102998950462            1.5665362278717216     
  0.13924766469970859            2.3672102998950462            1.7405958087463578     
  0.13924766469970859            2.3672102998950462            1.9146553896209932     
  0.13924766469970859            2.3672102998950462            2.0887149704956292     
  0.13924766469970859            2.3672102998950462            2.2627745513702648     
  0.13924766469970859            2.3672102998950462            2.4368341322449010     
  0.13924766469970859            2.3672102998950462            2.6108937131195367     
  0.13924766469970859            2.3672102998950462            2.7849532939941724     
  0.13924766469970859            2.3672102998950462            2.9590128748688080     
  0.13924766469970859            2.3672102998950462            3.1330724557434433     
  0.13924766469970859            2.5064579645947545            0.0000000000000000     
  0.13924766469970859            2.5064579645947545           0.17405958087463577     
  0.13924766469970859            2.5064579645947545           0.34811916174927154     
  0.13924766469970859            2.5064579645947545           0.52217874262390729     
  0.13924766469970859            2.5064579645947545           0.69623832349854309     
  0.13924766469970859            2.5064579645947545           0.87029790437317889     
  0.13924766469970859            2.5064579645947545            1.0443574852478146     
  0.13924766469970859            2.5064579645947545            1.2184170661224505     
  0.13924766469970859            2.5064579645947545            1.3924766469970862     
  0.13924766469970859            2.5064579645947545            1.5665362278717216     
  0.13924766469970859            2.5064579645947545            1.7405958087463578     
  0.13924766469970859            2.5064579645947545            1.9146553896209932     
  0.13924766469970859            2.5064579645947545            2.0887149704956292     
  0.13924766469970859            2.5064579645947545            2.2627745513702648     
  0.13924766469970859            2.5064579645947545            2.4368341322449010     
  0.13924766469970859            2.5064579645947545            2.6108937131195367     
  0.13924766469970859            2.5064579645947545            2.7849532939941724     
  0.13924766469970859            2.5064579645947545            2.9590128748688080     
  0.13924766469970859            2.5064579645947545            3.1330724557434433     
  0.27849532939941718            0.0000000000000000            0.0000000000000000     
  0.27849532939941718            0.0000000000000000           0.17405958087463577     
  0.27849532939941718            0.0000000000000000           0.34811916174927154     
  0.27849532939941718            0.0000000000000000           0.52217874262390729     
  0.27849532939941718            0.0000000000000000           0.69623832349854309     
  0.27849532939941718            0.0000000000000000           0.87029790437317889     
  0.27849532939941718            0.0000000000000000            1.0443574852478146     
  0.27849532939941718            0.0000000000000000            1.2184170661224505     
  0.27849532939941718            0.0000000000000000            1.3924766469970862     
  0.27849532939941718            0.0000000000000000            1.5665362278717216     
  0.27849532939941718            0.0000000000000000            1.7405958087463578     
  0.27849532939941718            0.0000000000000000            1.9146553896209932     
  0.27849532939941718            0.0000000000000000            2.0887149704956292     
  0.27849532939941718            0.0000000000000000            2.2627745513702648     
  0.27849532939941718            0.0000000000000000            2.4368341322449010     
  0.27849532939941718            0.0000000000000000            2.6108937131195367     
  0.27849532939941718            0.0000000000000000            2.7849532939941724     
  0.27849532939941718            0.0000000000000000            2.9590128748688080     
  0.27849532939941718            0.0000000000000000            3.1330724557434433     
  0.27849532939941718           0.13924766469970859            0.0000000000000000     
  0.27849532939941718           0.13924766469970859           0.17405958087463577     
  0.27849532939941718           0.13924766469970859           0.34811916174927154     
  0.27849532939941718           0.13924766469970859           0.52217874262390729     
  0.27849532939941718           0.13924766469970859           0.69623832349854309     
  0.27849532939941718           0.13924766469970859           0.87029790437317889     
  0.27849532939941718           0.13924766469970859            1.0443574852478146     
  0.27849532939941718           0.13924766469970859            1.2184170661224505     
  0.27849532939941718           0.13924766469970859            1.3924766469970862     
  0.27849532939941718           0.13924766469970859            1.5665362278717216     
  0.27849532939941718           0.13924766469970859            1.7405958087463578     
  0.27849532939941718           0.13924766469970859            1.9146553896209932     
  0.27849532939941718           0.13924766469970859            2.0887149704956292     
  0.27849532939941718           0.13924766469970859            2.2627745513702648     
  0.27849532939941718           0.13924766469970859            2.4368341322449010     
  0.27849532939941718           0.13924766469970859            2.6108937131195367     
  0.27849532939941718           0.13924766469970859            2.7849532939941724     
  0.27849532939941718           0.13924766469970859            2.9590128748688080     
  0.27849532939941718           0.13924766469970859            3.1330724557434433     
  0.27849532939941718           0.27849532939941718            0.0000000000000000     
  0.27849532939941718           0.27849532939941718           0.17405958087463577     
  0.27849532939941718           0.27849532939941718           0.34811916174927154     
  0.27849532939941718           0.27849532939941718           0.52217874262390729     
  0.27849532939941718           0.27849532939941718           0.69623832349854309     
  0.27849532939941718           0.27849532939941718           0.87029790437317889     
  0.27849532939941718           0.27849532939941718            1.0443574852478146     
  0.27849532939941718           0.27849532939941718            1.2184170661224505     
  0.27849532939941718           0.27849532939941718            1.3924766469970862     
  0.27849532939941718           0.27849532939941718            1.5665362278717216     
  0.27849532939941718           0.27849532939941718            1.7405958087463578     
  0.27849532939941718           0.27849532939941718            1.9146553896209932     
  0.27849532939941718           0.27849532939941718            2.0887149704956292     
  0.27849532939941718           0.27849532939941718            2.2627745513702648     
  0.27849532939941718           0.27849532939941718            2.4368341322449010     
  0.27849532939941718           0.27849532939941718            2.6108937131195367     
  0.27849532939941718           0.27849532939941718            2.7849532939941724     
  0.27849532939941718           0.27849532939941718            2.9590128748688080     
  0.27849532939941718           0.27849532939941718            3.1330724557434433     
  0.27849532939941718           0.41774299409912580            0.0000000000000000     
  0.27849532939941718           0.41774299409912580           0.17405958087463577     
  0.27849532939941718           0.41774299409912580           0.34811916174927154     
  0.27849532939941718           0.41774299409912580           0.52217874262390729     
  0.27849532939941718           0.41774299409912580           0.69623832349854309     
  0.27849532939941718           0.41774299409912580           0.87029790437317889     
  0.27849532939941718           0.41774299409912580            1.0443574852478146     
  0.27849532939941718           0.41774299409912580            1.2184170661224505     
  0.27849532939941718           0.41774299409912580            1.3924766469970862     
  0.27849532939941718           0.41774299409912580            1.5665362278717216     
  0.27849532939941718           0.41774299409912580            1.7405958087463578     
  0.27849532939941718           0.41774299409912580            1.9146553896209932     
  0.27849532939941718           0.41774299409912580            2.0887149704956292     
  0.27849532939941718           0.41774299409912580            2.2627745513702648     
  0.27849532939941718           0.41774299409912580            2.4368341322449010     
  0.27849532939941718           0.41774299409912580            2.6108937131195367     
  0.27849532939941718           0.41774299409912580            2.7849532939941724     
  0.27849532939941718           0.41774299409912580            2.9590128748688080     
  0.27849532939941718           0.41774299409912580            3.1330724557434433     
  0.27849532939941718           0.55699065879883436            0.0000000000000000     
  0.27849532939941718           0.55699065879883436           0.17405958087463577     
  0.27849532939941718           0.55699065879883436           0.34811916174927154     
  0.27849532939941718           0.55699065879883436           0.52217874262390729     
  0.27849532939941718           0.55699065879883436           0.69623832349854309     
  0.27849532939941718           0.55699065879883436           0.87029790437317889     
  0.27849532939941718           0.55699065879883436            1.0443574852478146     
  0.27849532939941718           0.55699065879883436            1.2184170661224505     
  0.27849532939941718           0.55699065879883436            1.3924766469970862     
  0.27849532939941718           0.55699065879883436            1.5665362278717216     
  0.27849532939941718           0.55699065879883436            1.7405958087463578     
  0.27849532939941718           0.55699065879883436            1.9146553896209932     
  0.27849532939941718           0.55699065879883436            2.0887149704956292     
  0.27849532939941718           0.55699065879883436            2.2627745513702648     
  0.27849532939941718           0.55699065879883436            2.4368341322449010     
  0.27849532939941718           0.55699065879883436            2.6108937131195367     
  0.27849532939941718           0.55699065879883436            2.7849532939941724     
  0.27849532939941718           0.55699065879883436            2.9590128748688080     
  0.27849532939941718           0.55699065879883436            3.1330724557434433     
  0.27849532939941718           0.69623832349854298            0.0000000000000000     
  0.27849532939941718           0.69623832349854298           0.17405958087463577     
  0.27849532939941718           0.69623832349854298           0.34811916174927154     
  0.27849532939941718           0.69623832349854298           0.52217874262390729     
  0.27849532939941718           0.69623832349854298           0.69623832349854309     
  0.27849532939941718           0.69623832349854298           0.87029790437317889     
  0.27849532939941718           0.69623832349854298            1.0443574852478146     
  0.27849532939941718           0.69623832349854298            1.2184170661224505     
  0.27849532939941718           0.69623832349854298            1.3924766469970862     
  0.27849532939941718           0.69623832349854298            1.5665362278717216     
  0.27849532939941718           0.69623832349854298            1.7405958087463578     
  0.27849532939941718           0.69623832349854298            1.9146553896209932     
  0.27849532939941718           0.69623832349854298            2.0887149704956292     
  0.27849532939941718           0.69623832349854298            2.2627745513702648     
  0.27849532939941718           0.69623832349854298            2.4368341322449010     
  0.27849532939941718           0.69623832349854298            2.6108937131195367     
  0.27849532939941718           0.69623832349854298            2.7849532939941724     
  0.27849532939941718           0.69623832349854298            2.9590128748688080     
  0.27849532939941718           0.69623832349854298            3.1330724557434433     
  0.27849532939941718           0.83548598819825159            0.0000000000000000     
  0.27849532939941718           0.83548598819825159           0.17405958087463577     
  0.27849532939941718           0.83548598819825159           0.34811916174927154     
  0.27849532939941718           0.83548598819825159           0.52217874262390729     
  0.27849532939941718           0.83548598819825159           0.69623832349854309     
  0.27849532939941718           0.83548598819825159           0.87029790437317889     
  0.27849532939941718           0.83548598819825159            1.0443574852478146     
  0.27849532939941718           0.83548598819825159            1.2184170661224505     
  0.27849532939941718           0.83548598819825159            1.3924766469970862     
  0.27849532939941718           0.83548598819825159            1.5665362278717216     
  0.27849532939941718           0.83548598819825159            1.7405958087463578     
  0.27849532939941718           0.83548598819825159            1.9146553896209932     
  0.27849532939941718           0.83548598819825159            2.0887149704956292     
  0.27849532939941718           0.83548598819825159            2.2627745513702648     
  0.27849532939941718           0.83548598819825159            2.4368341322449010     
  0.27849532939941718           0.83548598819825159            2.6108937131195367     
  0.27849532939941718           0.83548598819825159            2.7849532939941724     
  0.27849532939941718           0.83548598819825159            2.9590128748688080     
  0.27849532939941718           0.83548598819825159            3.1330724557434433     
  0.27849532939941718           0.97473365289796032            0.0000000000000000     
  0.27849532939941718           0.97473365289796032           0.17405958087463577     
  0.27849532939941718           0.97473365289796032           0.34811916174927154     
  0.27849532939941718           0.97473365289796032           0.52217874262390729     
  0.27849532939941718           0.97473365289796032           0.69623832349854309     
  0.27849532939941718           0.97473365289796032           0.87029790437317889     
  0.27849532939941718           0.97473365289796032            1.0443574852478146     
  0.27849532939941718           0.97473365289796032            1.2184170661224505     
  0.27849532939941718           0.97473365289796032            1.3924766469970862     
  0.27849532939941718           0.97473365289796032            1.5665362278717216     
  0.27849532939941718           0.97473365289796032            1.7405958087463578     
  0.27849532939941718           0.97473365289796032            1.9146553896209932     
  0.27849532939941718           0.97473365289796032            2.0887149704956292     
  0.27849532939941718           0.97473365289796032            2.2627745513702648     
  0.27849532939941718           0.97473365289796032            2.4368341322449010     
  0.27849532939941718           0.97473365289796032            2.6108937131195367     
  0.27849532939941718           0.97473365289796032            2.7849532939941724     
  0.27849532939941718           0.97473365289796032            2.9590128748688080     
  0.27849532939941718           0.97473365289796032            3.1330724557434433     
  0.27849532939941718            1.1139813175976687            0.0000000000000000     
  0.27849532939941718            1.1139813175976687           0.17405958087463577     
  0.27849532939941718            1.1139813175976687           0.34811916174927154     
  0.27849532939941718            1.1139813175976687           0.52217874262390729     
  0.27849532939941718            1.1139813175976687           0.69623832349854309     
  0.27849532939941718            1.1139813175976687           0.87029790437317889     
  0.27849532939941718            1.1139813175976687            1.0443574852478146     
  0.27849532939941718            1.1139813175976687            1.2184170661224505     
  0.27849532939941718            1.1139813175976687            1.3924766469970862     
  0.27849532939941718            1.1139813175976687            1.5665362278717216     
  0.27849532939941718            1.1139813175976687            1.7405958087463578     
  0.27849532939941718            1.1139813175976687            1.9146553896209932     
  0.27849532939941718            1.1139813175976687            2.0887149704956292     
  0.27849532939941718            1.1139813175976687            2.2627745513702648     
  0.27849532939941718            1.1139813175976687            2.4368341322449010     
  0.27849532939941718            1.1139813175976687            2.6108937131195367     
  0.27849532939941718            1.1139813175976687            2.7849532939941724     
  0.27849532939941718            1.1139813175976687            2.9590128748688080     
  0.27849532939941718            1.1139813175976687            3.1330724557434433     
  0.27849532939941718            1.2532289822973772            0.0000000000000000     
  0.27849532939941718            1.2532289822973772           0.17405958087463577     
  0.27849532939941718            1.2532289822973772           0.34811916174927154     
  0.27849532939941718            1.2532289822973772           0.52217874262390729     
  0.27849532939941718            1.2532289822973772           0.69623832349854309     
  0.27849532939941718            1.2532289822973772           0.87029790437317889     
  0.27849532939941718            1.2532289822973772            1.0443574852478146     
  0.27849532939941718            1.2532289822973772            1.2184170661224505     
  0.27849532939941718            1.2532289822973772            1.3924766469970862     
  0.27849532939941718            1.2532289822973772            1.5665362278717216     
  0.27849532939941718            1.2532289822973772            1.7405958087463578     
  0.27849532939941718            1.2532289822973772            1.9146553896209932     
  0.27849532939941718            1.2532289822973772            2.0887149704956292     
  0.27849532939941718            1.2532289822973772            2.2627745513702648     
  0.27849532939941718            1.2532289822973772            2.4368341322449010     
  0.27849532939941718            1.2532289822973772            2.6108937131195367     
  0.27849532939941718            1.2532289822973772            2.7849532939941724     
  0.27849532939941718            1.2532289822973772            2.9590128748688080     
  0.27849532939941718            1.2532289822973772            3.1330724557434433     
  0.27849532939941718            1.3924766469970860            0.0000000000000000     
  0.27849532939941718            1.3924766469970860           0.17405958087463577     
  0.27849532939941718            1.3924766469970860           0.34811916174927154     
  0.27849532939941718            1.3924766469970860           0.52217874262390729     
  0.27849532939941718            1.3924766469970860           0.69623832349854309     
  0.27849532939941718            1.3924766469970860           0.87029790437317889     
  0.27849532939941718            1.3924766469970860            1.0443574852478146     
  0.27849532939941718            1.3924766469970860            1.2184170661224505     
  0.27849532939941718            1.3924766469970860            1.3924766469970862     
  0.27849532939941718            1.3924766469970860            1.5665362278717216     
  0.27849532939941718            1.3924766469970860            1.7405958087463578     
  0.27849532939941718            1.3924766469970860            1.9146553896209932     
  0.27849532939941718            1.3924766469970860            2.0887149704956292     
  0.27849532939941718            1.3924766469970860            2.2627745513702648     
  0.27849532939941718            1.3924766469970860            2.4368341322449010     
  0.27849532939941718            1.3924766469970860            2.6108937131195367     
  0.27849532939941718            1.3924766469970860            2.7849532939941724     
  0.27849532939941718            1.3924766469970860            2.9590128748688080     
  0.27849532939941718            1.3924766469970860            3.1330724557434433     
  0.27849532939941718            1.5317243116967947            0.0000000000000000     
  0.27849532939941718            1.5317243116967947           0.17405958087463577     
  0.27849532939941718            1.5317243116967947           0.34811916174927154     
  0.27849532939941718            1.5317243116967947           0.52217874262390729     
  0.27849532939941718            1.5317243116967947           0.69623832349854309     
  0.27849532939941718            1.5317243116967947           0.87029790437317889     
  0.27849532939941718            1.5317243116967947            1.0443574852478146     
  0.27849532939941718            1.5317243116967947            1.2184170661224505     
  0.27849532939941718            1.5317243116967947            1.3924766469970862     
  0.27849532939941718            1.5317243116967947            1.5665362278717216     
  0.27849532939941718            1.5317243116967947            1.7405958087463578     
  0.27849532939941718            1.5317243116967947            1.9146553896209932     
  0.27849532939941718            1.5317243116967947            2.0887149704956292     
  0.27849532939941718            1.5317243116967947            2.2627745513702648     
  0.27849532939941718            1.5317243116967947            2.4368341322449010     
  0.27849532939941718            1.5317243116967947            2.6108937131195367     
  0.27849532939941718            1.5317243116967947            2.7849532939941724     
  0.27849532939941718            1.5317243116967947            2.9590128748688080     
  0.27849532939941718            1.5317243116967947            3.1330724557434433     
  0.27849532939941718            1.6709719763965032            0.0000000000000000     
  0.27849532939941718            1.6709719763965032           0.17405958087463577     
  0.27849532939941718            1.6709719763965032           0.34811916174927154     
  0.27849532939941718            1.6709719763965032           0.52217874262390729     
  0.27849532939941718            1.6709719763965032           0.69623832349854309     
  0.27849532939941718            1.6709719763965032           0.87029790437317889     
  0.27849532939941718            1.6709719763965032            1.0443574852478146     
  0.27849532939941718            1.6709719763965032            1.2184170661224505     
  0.27849532939941718            1.6709719763965032            1.3924766469970862     
  0.27849532939941718            1.6709719763965032            1.5665362278717216     
  0.27849532939941718            1.6709719763965032            1.7405958087463578     
  0.27849532939941718            1.6709719763965032            1.9146553896209932     
  0.27849532939941718            1.6709719763965032            2.0887149704956292     
  0.27849532939941718            1.6709719763965032            2.2627745513702648     
  0.27849532939941718            1.6709719763965032            2.4368341322449010     
  0.27849532939941718            1.6709719763965032            2.6108937131195367     
  0.27849532939941718            1.6709719763965032            2.7849532939941724     
  0.27849532939941718            1.6709719763965032            2.9590128748688080     
  0.27849532939941718            1.6709719763965032            3.1330724557434433     
  0.27849532939941718            1.8102196410962119            0.0000000000000000     
  0.27849532939941718            1.8102196410962119           0.17405958087463577     
  0.27849532939941718            1.8102196410962119           0.34811916174927154     
  0.27849532939941718            1.8102196410962119           0.52217874262390729     
  0.27849532939941718            1.8102196410962119           0.69623832349854309     
  0.27849532939941718            1.8102196410962119           0.87029790437317889     
  0.27849532939941718            1.8102196410962119            1.0443574852478146     
  0.27849532939941718            1.8102196410962119            1.2184170661224505     
  0.27849532939941718            1.8102196410962119            1.3924766469970862     
  0.27849532939941718            1.8102196410962119            1.5665362278717216     
  0.27849532939941718            1.8102196410962119            1.7405958087463578     
  0.27849532939941718            1.8102196410962119            1.9146553896209932     
  0.27849532939941718            1.8102196410962119            2.0887149704956292     
  0.27849532939941718            1.8102196410962119            2.2627745513702648     
  0.27849532939941718            1.8102196410962119            2.4368341322449010     
  0.27849532939941718            1.8102196410962119            2.6108937131195367     
  0.27849532939941718            1.8102196410962119            2.7849532939941724     
  0.27849532939941718            1.8102196410962119            2.9590128748688080     
  0.27849532939941718            1.8102196410962119            3.1330724557434433     
  0.27849532939941718            1.9494673057959206            0.0000000000000000     
  0.27849532939941718            1.9494673057959206           0.17405958087463577     
  0.27849532939941718            1.9494673057959206           0.34811916174927154     
  0.27849532939941718            1.9494673057959206           0.52217874262390729     
  0.27849532939941718            1.9494673057959206           0.69623832349854309     
  0.27849532939941718            1.9494673057959206           0.87029790437317889     
  0.27849532939941718            1.9494673057959206            1.0443574852478146     
  0.27849532939941718            1.9494673057959206            1.2184170661224505     
  0.27849532939941718            1.9494673057959206            1.3924766469970862     
  0.27849532939941718            1.9494673057959206            1.5665362278717216     
  0.27849532939941718            1.9494673057959206            1.7405958087463578     
  0.27849532939941718            1.9494673057959206            1.9146553896209932     
  0.27849532939941718            1.9494673057959206            2.0887149704956292     
  0.27849532939941718            1.9494673057959206            2.2627745513702648     
  0.27849532939941718            1.9494673057959206            2.4368341322449010     
  0.27849532939941718            1.9494673057959206            2.6108937131195367     
  0.27849532939941718            1.9494673057959206            2.7849532939941724     
  0.27849532939941718            1.9494673057959206            2.9590128748688080     
  0.27849532939941718            1.9494673057959206            3.1330724557434433     
  0.27849532939941718            2.0887149704956292            0.0000000000000000     
  0.27849532939941718            2.0887149704956292           0.17405958087463577     
  0.27849532939941718            2.0887149704956292           0.34811916174927154     
  0.27849532939941718            2.0887149704956292           0.52217874262390729     
  0.27849532939941718            2.0887149704956292           0.69623832349854309     
  0.27849532939941718            2.0887149704956292           0.87029790437317889     
  0.27849532939941718            2.0887149704956292            1.0443574852478146     
  0.27849532939941718            2.0887149704956292            1.2184170661224505     
  0.27849532939941718            2.0887149704956292            1.3924766469970862     
  0.27849532939941718            2.0887149704956292            1.5665362278717216     
  0.27849532939941718            2.0887149704956292            1.7405958087463578     
  0.27849532939941718            2.0887149704956292            1.9146553896209932     
  0.27849532939941718            2.0887149704956292            2.0887149704956292     
  0.27849532939941718            2.0887149704956292            2.2627745513702648     
  0.27849532939941718            2.0887149704956292            2.4368341322449010     
  0.27849532939941718            2.0887149704956292            2.6108937131195367     
  0.27849532939941718            2.0887149704956292            2.7849532939941724     
  0.27849532939941718            2.0887149704956292            2.9590128748688080     
  0.27849532939941718            2.0887149704956292            3.1330724557434433     
  0.27849532939941718            2.2279626351953374            0.0000000000000000     
  0.27849532939941718            2.2279626351953374           0.17405958087463577     
  0.27849532939941718            2.2279626351953374           0.34811916174927154     
  0.27849532939941718            2.2279626351953374           0.52217874262390729     
  0.27849532939941718            2.2279626351953374           0.69623832349854309     
  0.27849532939941718            2.2279626351953374           0.87029790437317889     
  0.27849532939941718            2.2279626351953374            1.0443574852478146     
  0.27849532939941718            2.2279626351953374            1.2184170661224505     
  0.27849532939941718            2.2279626351953374            1.3924766469970862     
  0.27849532939941718            2.2279626351953374            1.5665362278717216     
  0.27849532939941718            2.2279626351953374            1.7405958087463578     
  0.27849532939941718            2.2279626351953374            1.9146553896209932     
  0.27849532939941718            2.2279626351953374            2.0887149704956292     
  0.27849532939941718            2.2279626351953374            2.2627745513702648     
  0.27849532939941718            2.2279626351953374            2.4368341322449010     
  0.27849532939941718            2.2279626351953374            2.6108937131195367     
  0.27849532939941718            2.2279626351953374            2.7849532939941724     
  0.27849532939941718            2.2279626351953374            2.9590128748688080     
  0.27849532939941718            2.2279626351953374            3.1330724557434433     
  0.27849532939941718            2.3672102998950462            0.0000000000000000     
  0.27849532939941718            2.3672102998950462           0.17405958087463577     
  0.27849532939941718            2.3672102998950462           0.34811916174927154     
  0.27849532939941718            2.3672102998950462           0.52217874262390729     
  0.27849532939941718            2.3672102998950462           0.69623832349854309     
  0.27849532939941718            2.3672102998950462           0.87029790437317889     
  0.27849532939941718            2.3672102998950462            1.0443574852478146     
  0.27849532939941718            2.3672102998950462            1.2184170661224505     
  0.27849532939941718            2.3672102998950462            1.3924766469970862     
  0.27849532939941718            2.3672102998950462            1.5665362278717216     
  0.27849532939941718            2.3672102998950462            1.7405958087463578     
  0.27849532939941718            2.3672102998950462            1.9146553896209932     
  0.27849532939941718            2.3672102998950462            2.0887149704956292     
  0.27849532939941718            2.3672102998950462            2.2627745513702648     
  0.27849532939941718            2.3672102998950462            2.4368341322449010     
  0.27849532939941718            2.3672102998950462            2.6108937131195367     
  0.27849532939941718            2.3672102998950462            2.7849532939941724     
  0.27849532939941718            2.3672102998950462            2.9590128748688080     
  0.27849532939941718            2.3672102998950462            3.1330724557434433     
  0.27849532939941718            2.5064579645947545            0.0000000000000000     
  0.27849532939941718            2.5064579645947545           0.17405958087463577     
  0.27849532939941718            2.5064579645947545           0.34811916174927154     
  0.27849532939941718            2.5064579645947545           0.52217874262390729     
  0.27849532939941718            2.5064579645947545           0.69623832349854309     
  0.27849532939941718            2.5064579645947545           0.87029790437317889     
  0.27849532939941718            2.5064579645947545            1.0443574852478146     
  0.27849532939941718            2.5064579645947545            1.2184170661224505     
  0.27849532939941718            2.5064579645947545            1.3924766469970862     
  0.27849532939941718            2.5064579645947545            1.5665362278717216     
  0.27849532939941718            2.5064579645947545            1.7405958087463578     
  0.27849532939941718            2.5064579645947545            1.9146553896209932     
  0.27849532939941718            2.5064579645947545            2.0887149704956292     
  0.27849532939941718            2.5064579645947545            2.2627745513702648     
  0.27849532939941718            2.5064579645947545            2.4368341322449010     
  0.27849532939941718            2.5064579645947545            2.6108937131195367     
  0.27849532939941718            2.5064579645947545            2.7849532939941724     
  0.27849532939941718            2.5064579645947545            2.9590128748688080     
  0.27849532939941718            2.5064579645947545            3.1330724557434433     
  0.41774299409912580            0.0000000000000000            0.0000000000000000     
  0.41774299409912580            0.0000000000000000           0.17405958087463577     
  0.41774299409912580            0.0000000000000000           0.34811916174927154     
  0.41774299409912580            0.0000000000000000           0.52217874262390729     
  0.41774299409912580            0.0000000000000000           0.69623832349854309     
  0.41774299409912580            0.0000000000000000           0.87029790437317889     
  0.41774299409912580            0.0000000000000000            1.0443574852478146     
  0.41774299409912580            0.0000000000000000            1.2184170661224505     
  0.41774299409912580            0.0000000000000000            1.3924766469970862     
  0.41774299409912580            0.0000000000000000            1.5665362278717216     
  0.41774299409912580            0.0000000000000000            1.7405958087463578     
  0.41774299409912580            0.0000000000000000            1.9146553896209932     
  0.41774299409912580            0.0000000000000000            2.0887149704956292     
  0.41774299409912580            0.0000000000000000            2.2627745513702648     
  0.41774299409912580            0.0000000000000000            2.4368341322449010     
  0.41774299409912580            0.0000000000000000            2.6108937131195367     
  0.41774299409912580            0.0000000000000000            2.7849532939941724     
  0.41774299409912580            0.0000000000000000            2.9590128748688080     
  0.41774299409912580            0.0000000000000000            3.1330724557434433     
  0.41774299409912580           0.13924766469970859            0.0000000000000000     
  0.41774299409912580           0.13924766469970859           0.17405958087463577     
  0.41774299409912580           0.13924766469970859           0.34811916174927154     
  0.41774299409912580           0.13924766469970859           0.52217874262390729     
  0.41774299409912580           0.13924766469970859           0.69623832349854309     
  0.41774299409912580           0.13924766469970859           0.87029790437317889     
  0.41774299409912580           0.13924766469970859            1.0443574852478146     
  0.41774299409912580           0.13924766469970859            1.2184170661224505     
  0.41774299409912580           0.13924766469970859            1.3924766469970862     
  0.41774299409912580           0.13924766469970859            1.5665362278717216     
  0.41774299409912580           0.13924766469970859            1.7405958087463578     
  0.41774299409912580           0.13924766469970859            1.9146553896209932     
  0.41774299409912580           0.13924766469970859            2.0887149704956292     
  0.41774299409912580           0.13924766469970859            2.2627745513702648     
  0.41774299409912580           0.13924766469970859            2.4368341322449010     
  0.41774299409912580           0.13924766469970859            2.6108937131195367     
  0.41774299409912580           0.13924766469970859            2.7849532939941724     
  0.41774299409912580           0.13924766469970859            2.9590128748688080     
  0.41774299409912580           0.13924766469970859            3.1330724557434433     
  0.41774299409912580           0.27849532939941718            0.0000000000000000     
  0.41774299409912580           0.27849532939941718           0.17405958087463577     
  0.41774299409912580           0.27849532939941718           0.34811916174927154     
  0.41774299409912580           0.27849532939941718           0.52217874262390729     
  0.41774299409912580           0.27849532939941718           0.69623832349854309     
  0.41774299409912580           0.27849532939941718           0.87029790437317889     
  0.41774299409912580           0.27849532939941718            1.0443574852478146     
  0.41774299409912580           0.27849532939941718            1.2184170661224505     
  0.41774299409912580           0.27849532939941718            1.3924766469970862     
  0.41774299409912580           0.27849532939941718            1.5665362278717216     
  0.41774299409912580           0.27849532939941718            1.7405958087463578     
  0.41774299409912580           0.27849532939941718            1.9146553896209932     
  0.41774299409912580           0.27849532939941718            2.0887149704956292     
  0.41774299409912580           0.27849532939941718            2.2627745513702648     
  0.41774299409912580           0.27849532939941718            2.4368341322449010     
  0.41774299409912580           0.27849532939941718            2.6108937131195367     
  0.41774299409912580           0.27849532939941718            2.7849532939941724     
  0.41774299409912580           0.27849532939941718            2.9590128748688080     
  0.41774299409912580           0.27849532939941718            3.1330724557434433     
  0.41774299409912580           0.41774299409912580            0.0000000000000000     
  0.41774299409912580           0.41774299409912580           0.17405958087463577     
  0.41774299409912580           0.41774299409912580           0.34811916174927154     
  0.41774299409912580           0.41774299409912580           0.52217874262390729     
  0.41774299409912580           0.41774299409912580           0.69623832349854309     
  0.41774299409912580           0.41774299409912580           0.87029790437317889     
  0.41774299409912580           0.41774299409912580            1.0443574852478146     
  0.41774299409912580           0.41774299409912580            1.2184170661224505     
  0.41774299409912580           0.41774299409912580            1.3924766469970862     
  0.41774299409912580           0.41774299409912580            1.5665362278717216     
  0.41774299409912580           0.41774299409912580            1.7405958087463578     
  0.41774299409912580           0.41774299409912580            1.9146553896209932     
  0.41774299409912580           0.41774299409912580            2.0887149704956292     
  0.41774299409912580           0.41774299409912580            2.2627745513702648     
  0.41774299409912580           0.41774299409912580            2.4368341322449010     
  0.41774299409912580           0.41774299409912580            2.6108937131195367     
  0.41774299409912580           0.41774299409912580            2.7849532939941724     
  0.41774299409912580           0.41774299409912580            2.9590128748688080     
  0.41774299409912580           0.41774299409912580            3.1330724557434433     
  0.41774299409912580           0.55699065879883436            0.0000000000000000     
  0.41774299409912580           0.55699065879883436           0.17405958087463577     
  0.41774299409912580           0.55699065879883436           0.34811916174927154     
  0.41774299409912580           0.55699065879883436           0.52217874262390729     
  0.41774299409912580           0.55699065879883436           0.69623832349854309     
  0.41774299409912580           0.55699065879883436           0.87029790437317889     
  0.41774299409912580           0.55699065879883436            1.0443574852478146     
  0.41774299409912580           0.55699065879883436            1.2184170661224505     
  0.41774299409912580           0.55699065879883436            1.3924766469970862     
  0.41774299409912580           0.55699065879883436            1.5665362278717216     
  0.41774299409912580           0.55699065879883436            1.7405958087463578     
  0.41774299409912580           0.55699065879883436            1.9146553896209932     
  0.41774299409912580           0.55699065879883436            2.0887149704956292     
  0.41774299409912580           0.55699065879883436            2.2627745513702648     
  0.41774299409912580           0.55699065879883436            2.4368341322449010     
  0.41774299409912580           0.55699065879883436            2.6108937131195367     
  0.41774299409912580           0.55699065879883436            2.7849532939941724     
  0.41774299409912580           0.55699065879883436            2.9590128748688080     
  0.41774299409912580           0.55699065879883436            3.1330724557434433     
  0.41774299409912580           0.69623832349854298            0.0000000000000000     
  0.41774299409912580           0.69623832349854298           0.17405958087463577     
  0.41774299409912580           0.69623832349854298           0.34811916174927154     
  0.41774299409912580           0.69623832349854298           0.52217874262390729     
  0.41774299409912580           0.69623832349854298           0.69623832349854309     
  0.41774299409912580           0.69623832349854298           0.87029790437317889     
  0.41774299409912580           0.69623832349854298            1.0443574852478146     
  0.41774299409912580           0.69623832349854298            1.2184170661224505     
  0.41774299409912580           0.69623832349854298            1.3924766469970862     
  0.41774299409912580           0.69623832349854298            1.5665362278717216     
  0.41774299409912580           0.69623832349854298            1.7405958087463578     
  0.41774299409912580           0.69623832349854298            1.9146553896209932     
  0.41774299409912580           0.69623832349854298            2.0887149704956292     
  0.41774299409912580           0.69623832349854298            2.2627745513702648     
  0.41774299409912580           0.69623832349854298            2.4368341322449010     
  0.41774299409912580           0.69623832349854298            2.6108937131195367     
  0.41774299409912580           0.69623832349854298            2.7849532939941724     
  0.41774299409912580           0.69623832349854298            2.9590128748688080     
  0.41774299409912580           0.69623832349854298            3.1330724557434433     
  0.41774299409912580           0.83548598819825159            0.0000000000000000     
  0.41774299409912580           0.83548598819825159           0.17405958087463577     
  0.41774299409912580           0.83548598819825159           0.34811916174927154     
  0.41774299409912580           0.83548598819825159           0.52217874262390729     
  0.41774299409912580           0.83548598819825159           0.69623832349854309     
  0.41774299409912580           0.83548598819825159           0.87029790437317889     
  0.41774299409912580           0.83548598819825159            1.0443574852478146     
  0.41774299409912580           0.83548598819825159            1.2184170661224505     
  0.41774299409912580           0.83548598819825159            1.3924766469970862     
  0.41774299409912580           0.83548598819825159            1.5665362278717216     
  0.41774299409912580           0.83548598819825159            1.7405958087463578     
  0.41774299409912580           0.83548598819825159            1.9146553896209932     
  0.41774299409912580           0.83548598819825159            2.0887149704956292     
  0.41774299409912580           0.83548598819825159            2.2627745513702648     
  0.41774299409912580           0.83548598819825159            2.4368341322449010     
  0.41774299409912580           0.83548598819825159            2.6108937131195367     
  0.41774299409912580           0.83548598819825159            2.7849532939941724     
  0.41774299409912580           0.83548598819825159            2.9590128748688080     
  0.41774299409912580           0.83548598819825159            3.1330724557434433     
  0.41774299409912580           0.97473365289796032            0.0000000000000000     
  0.41774299409912580           0.97473365289796032           0.17405958087463577     
  0.41774299409912580           0.97473365289796032           0.34811916174927154     
  0.41774299409912580           0.97473365289796032           0.52217874262390729     
  0.41774299409912580           0.97473365289796032           0.69623832349854309     
  0.41774299409912580           0.97473365289796032           0.87029790437317889     
  0.41774299409912580           0.97473365289796032            1.0443574852478146     
  0.41774299409912580           0.97473365289796032            1.2184170661224505     
  0.41774299409912580           0.97473365289796032            1.3924766469970862     
  0.41774299409912580           0.97473365289796032            1.5665362278717216     
  0.41774299409912580           0.97473365289796032            1.7405958087463578     
  0.41774299409912580           0.97473365289796032            1.9146553896209932     
  0.41774299409912580           0.97473365289796032            2.0887149704956292     
  0.41774299409912580           0.97473365289796032            2.2627745513702648     
  0.41774299409912580           0.97473365289796032            2.4368341322449010     
  0.41774299409912580           0.97473365289796032            2.6108937131195367     
  0.41774299409912580           0.97473365289796032            2.7849532939941724     
  0.41774299409912580           0.97473365289796032            2.9590128748688080     
  0.41774299409912580           0.97473365289796032            3.1330724557434433     
  0.41774299409912580            1.1139813175976687            0.0000000000000000     
  0.41774299409912580            1.1139813175976687           0.17405958087463577     
  0.41774299409912580            1.1139813175976687           0.34811916174927154     
  0.41774299409912580            1.1139813175976687           0.52217874262390729     
  0.41774299409912580            1.1139813175976687           0.69623832349854309     
  0.41774299409912580            1.1139813175976687           0.87029790437317889     
  0.41774299409912580            1.1139813175976687            1.0443574852478146     
  0.41774299409912580            1.1139813175976687            1.2184170661224505     
  0.41774299409912580            1.1139813175976687            1.3924766469970862     
  0.41774299409912580            1.1139813175976687            1.5665362278717216     
  0.41774299409912580            1.1139813175976687            1.7405958087463578     
  0.41774299409912580            1.1139813175976687            1.9146553896209932     
  0.41774299409912580            1.1139813175976687            2.0887149704956292     
  0.41774299409912580            1.1139813175976687            2.2627745513702648     
  0.41774299409912580            1.1139813175976687            2.4368341322449010     
  0.41774299409912580            1.1139813175976687            2.6108937131195367     
  0.41774299409912580            1.1139813175976687            2.7849532939941724     
  0.41774299409912580            1.1139813175976687            2.9590128748688080     
  0.41774299409912580            1.1139813175976687            3.1330724557434433     
  0.41774299409912580            1.2532289822973772            0.0000000000000000     
  0.41774299409912580            1.2532289822973772           0.17405958087463577     
  0.41774299409912580            1.2532289822973772           0.34811916174927154     
  0.41774299409912580            1.2532289822973772           0.52217874262390729     
  0.41774299409912580            1.2532289822973772           0.69623832349854309     
  0.41774299409912580            1.2532289822973772           0.87029790437317889     
  0.41774299409912580            1.2532289822973772            1.0443574852478146     
  0.41774299409912580            1.2532289822973772            1.2184170661224505     
  0.41774299409912580            1.2532289822973772            1.3924766469970862     
  0.41774299409912580            1.2532289822973772            1.5665362278717216     
  0.41774299409912580            1.2532289822973772            1.7405958087463578     
  0.41774299409912580            1.2532289822973772            1.9146553896209932     
  0.41774299409912580            1.2532289822973772            2.0887149704956292     
  0.41774299409912580            1.2532289822973772            2.2627745513702648     
  0.41774299409912580            1.2532289822973772            2.4368341322449010     
  0.41774299409912580            1.2532289822973772            2.6108937131195367     
  0.41774299409912580            1.2532289822973772            2.7849532939941724     
  0.41774299409912580            1.2532289822973772            2.9590128748688080     
  0.41774299409912580            1.2532289822973772            3.1330724557434433     
  0.41774299409912580            1.3924766469970860            0.0000000000000000     
  0.41774299409912580            1.3924766469970860           0.17405958087463577     
  0.41774299409912580            1.3924766469970860           0.34811916174927154     
  0.41774299409912580            1.3924766469970860           0.52217874262390729     
  0.41774299409912580            1.3924766469970860           0.69623832349854309     
  0.41774299409912580            1.3924766469970860           0.87029790437317889     
  0.41774299409912580            1.3924766469970860            1.0443574852478146     
  0.41774299409912580            1.3924766469970860            1.2184170661224505     
  0.41774299409912580            1.3924766469970860            1.3924766469970862     
  0.41774299409912580            1.3924766469970860            1.5665362278717216     
  0.41774299409912580            1.3924766469970860            1.7405958087463578     
  0.41774299409912580            1.3924766469970860            1.9146553896209932     
  0.41774299409912580            1.3924766469970860            2.0887149704956292     
  0.41774299409912580            1.3924766469970860            2.2627745513702648     
  0.41774299409912580            1.3924766469970860            2.4368341322449010     
  0.41774299409912580            1.3924766469970860            2.6108937131195367     
  0.41774299409912580            1.3924766469970860            2.7849532939941724     
  0.41774299409912580            1.3924766469970860            2.9590128748688080     
  0.41774299409912580            1.3924766469970860            3.1330724557434433     
  0.41774299409912580            1.5317243116967947            0.0000000000000000     
  0.41774299409912580            1.5317243116967947           0.17405958087463577     
  0.41774299409912580            1.5317243116967947           0.34811916174927154     
  0.41774299409912580            1.5317243116967947           0.52217874262390729     
  0.41774299409912580            1.5317243116967947           0.69623832349854309     
  0.41774299409912580            1.5317243116967947           0.87029790437317889     
  0.41774299409912580            1.5317243116967947            1.0443574852478146     
  0.41774299409912580            1.5317243116967947            1.2184170661224505     
  0.41774299409912580            1.5317243116967947            1.3924766469970862     
  0.41774299409912580            1.5317243116967947            1.5665362278717216     
  0.41774299409912580            1.5317243116967947            1.7405958087463578     
  0.41774299409912580            1.5317243116967947            1.9146553896209932     
  0.41774299409912580            1.5317243116967947            2.0887149704956292     
  0.41774299409912580            1.5317243116967947            2.2627745513702648     
  0.41774299409912580            1.5317243116967947            2.4368341322449010     
  0.41774299409912580            1.5317243116967947            2.6108937131195367     
  0.41774299409912580            1.5317243116967947            2.7849532939941724     
  0.41774299409912580            1.5317243116967947            2.9590128748688080     
  0.41774299409912580            1.5317243116967947            3.1330724557434433     
  0.41774299409912580            1.6709719763965032            0.0000000000000000     
  0.41774299409912580            1.6709719763965032           0.17405958087463577     
  0.41774299409912580            1.6709719763965032           0.34811916174927154     
  0.41774299409912580            1.6709719763965032           0.52217874262390729     
  0.41774299409912580            1.6709719763965032           0.69623832349854309     
  0.41774299409912580            1.6709719763965032           0.87029790437317889     
  0.41774299409912580            1.6709719763965032            1.0443574852478146     
  0.41774299409912580            1.6709719763965032            1.2184170661224505     
  0.41774299409912580            1.6709719763965032            1.3924766469970862     
  0.41774299409912580            1.6709719763965032            1.5665362278717216     
  0.41774299409912580            1.6709719763965032            1.7405958087463578     
  0.41774299409912580            1.6709719763965032            1.9146553896209932     
  0.41774299409912580            1.6709719763965032            2.0887149704956292     
  0.41774299409912580            1.6709719763965032            2.2627745513702648     
  0.41774299409912580            1.6709719763965032            2.4368341322449010     
  0.41774299409912580            1.6709719763965032            2.6108937131195367     
  0.41774299409912580            1.6709719763965032            2.7849532939941724     
  0.41774299409912580            1.6709719763965032            2.9590128748688080     
  0.41774299409912580            1.6709719763965032            3.1330724557434433     
  0.41774299409912580            1.8102196410962119            0.0000000000000000     
  0.41774299409912580            1.8102196410962119           0.17405958087463577     
  0.41774299409912580            1.8102196410962119           0.34811916174927154     
  0.41774299409912580            1.8102196410962119           0.52217874262390729     
  0.41774299409912580            1.8102196410962119           0.69623832349854309     
  0.41774299409912580            1.8102196410962119           0.87029790437317889     
  0.41774299409912580            1.8102196410962119            1.0443574852478146     
  0.41774299409912580            1.8102196410962119            1.2184170661224505     
  0.41774299409912580            1.8102196410962119            1.3924766469970862     
  0.41774299409912580            1.8102196410962119            1.5665362278717216     
  0.41774299409912580            1.8102196410962119            1.7405958087463578     
  0.41774299409912580            1.8102196410962119            1.9146553896209932     
  0.41774299409912580            1.8102196410962119            2.0887149704956292     
  0.41774299409912580            1.8102196410962119            2.2627745513702648     
  0.41774299409912580            1.8102196410962119            2.4368341322449010     
  0.41774299409912580            1.8102196410962119            2.6108937131195367     
  0.41774299409912580            1.8102196410962119            2.7849532939941724     
  0.41774299409912580            1.8102196410962119            2.9590128748688080     
  0.41774299409912580            1.8102196410962119            3.1330724557434433     
  0.41774299409912580            1.9494673057959206            0.0000000000000000     
  0.41774299409912580            1.9494673057959206           0.17405958087463577     
  0.41774299409912580            1.9494673057959206           0.34811916174927154     
  0.41774299409912580            1.9494673057959206           0.52217874262390729     
  0.41774299409912580            1.9494673057959206           0.69623832349854309     
  0.41774299409912580            1.9494673057959206           0.87029790437317889     
  0.41774299409912580            1.9494673057959206            1.0443574852478146     
  0.41774299409912580            1.9494673057959206            1.2184170661224505     
  0.41774299409912580            1.9494673057959206            1.3924766469970862     
  0.41774299409912580            1.9494673057959206            1.5665362278717216     
  0.41774299409912580            1.9494673057959206            1.7405958087463578     
  0.41774299409912580            1.9494673057959206            1.9146553896209932     
  0.41774299409912580            1.9494673057959206            2.0887149704956292     
  0.41774299409912580            1.9494673057959206            2.2627745513702648     
  0.41774299409912580            1.9494673057959206            2.4368341322449010     
  0.41774299409912580            1.9494673057959206            2.6108937131195367     
  0.41774299409912580            1.9494673057959206            2.7849532939941724     
  0.41774299409912580            1.9494673057959206            2.9590128748688080     
  0.41774299409912580            1.9494673057959206            3.1330724557434433     
  0.41774299409912580            2.0887149704956292            0.0000000000000000     
  0.41774299409912580            2.0887149704956292           0.17405958087463577     
  0.41774299409912580            2.0887149704956292           0.34811916174927154     
  0.41774299409912580            2.0887149704956292           0.52217874262390729     
  0.41774299409912580            2.0887149704956292           0.69623832349854309     
  0.41774299409912580            2.0887149704956292           0.87029790437317889     
  0.41774299409912580            2.0887149704956292            1.0443574852478146     
  0.41774299409912580            2.0887149704956292            1.2184170661224505     
  0.41774299409912580            2.0887149704956292            1.3924766469970862     
  0.41774299409912580            2.0887149704956292            1.5665362278717216     
  0.41774299409912580            2.0887149704956292            1.7405958087463578     
  0.41774299409912580            2.0887149704956292            1.9146553896209932     
  0.41774299409912580            2.0887149704956292            2.0887149704956292     
  0.41774299409912580            2.0887149704956292            2.2627745513702648     
  0.41774299409912580            2.0887149704956292            2.4368341322449010     
  0.41774299409912580            2.0887149704956292            2.6108937131195367     
  0.41774299409912580            2.0887149704956292            2.7849532939941724     
  0.41774299409912580            2.0887149704956292            2.9590128748688080     
  0.41774299409912580            2.0887149704956292            3.1330724557434433     
  0.41774299409912580            2.2279626351953374            0.0000000000000000     
  0.41774299409912580            2.2279626351953374           0.17405958087463577     
  0.41774299409912580            2.2279626351953374           0.34811916174927154     
  0.41774299409912580            2.2279626351953374           0.52217874262390729     
  0.41774299409912580            2.2279626351953374           0.69623832349854309     
  0.41774299409912580            2.2279626351953374           0.87029790437317889     
  0.41774299409912580            2.2279626351953374            1.0443574852478146     
  0.41774299409912580            2.2279626351953374            1.2184170661224505     
  0.41774299409912580            2.2279626351953374            1.3924766469970862     
  0.41774299409912580            2.2279626351953374            1.5665362278717216     
  0.41774299409912580            2.2279626351953374            1.7405958087463578     
  0.41774299409912580            2.2279626351953374            1.9146553896209932     
  0.41774299409912580            2.2279626351953374            2.0887149704956292     
  0.41774299409912580            2.2279626351953374            2.2627745513702648     
  0.41774299409912580            2.2279626351953374            2.4368341322449010     
  0.41774299409912580            2.2279626351953374            2.6108937131195367     
  0.41774299409912580            2.2279626351953374            2.7849532939941724     
  0.41774299409912580            2.2279626351953374            2.9590128748688080     
  0.41774299409912580            2.2279626351953374            3.1330724557434433     
  0.41774299409912580            2.3672102998950462            0.0000000000000000     
  0.41774299409912580            2.3672102998950462           0.17405958087463577     
  0.41774299409912580            2.3672102998950462           0.34811916174927154     
  0.41774299409912580            2.3672102998950462           0.52217874262390729     
  0.41774299409912580            2.3672102998950462           0.69623832349854309     
  0.41774299409912580            2.3672102998950462           0.87029790437317889     
  0.41774299409912580            2.3672102998950462            1.0443574852478146     
  0.41774299409912580            2.3672102998950462            1.2184170661224505     
  0.41774299409912580            2.3672102998950462            1.3924766469970862     
  0.41774299409912580            2.3672102998950462            1.5665362278717216     
  0.41774299409912580            2.3672102998950462            1.7405958087463578     
  0.41774299409912580            2.3672102998950462            1.9146553896209932     
  0.41774299409912580            2.3672102998950462            2.0887149704956292     
  0.41774299409912580            2.3672102998950462            2.2627745513702648     
  0.41774299409912580            2.3672102998950462            2.4368341322449010     
  0.41774299409912580            2.3672102998950462            2.6108937131195367     
  0.41774299409912580            2.3672102998950462            2.7849532939941724     
  0.41774299409912580            2.3672102998950462            2.9590128748688080     
  0.41774299409912580            2.3672102998950462            3.1330724557434433     
  0.41774299409912580            2.5064579645947545            0.0000000000000000     
  0.41774299409912580            2.5064579645947545           0.17405958087463577     
  0.41774299409912580            2.5064579645947545           0.34811916174927154     
  0.41774299409912580            2.5064579645947545           0.52217874262390729     
  0.41774299409912580            2.5064579645947545           0.69623832349854309     
  0.41774299409912580            2.5064579645947545           0.87029790437317889     
  0.41774299409912580            2.5064579645947545            1.0443574852478146     
  0.41774299409912580            2.5064579645947545            1.2184170661224505     
  0.41774299409912580            2.5064579645947545            1.3924766469970862     
  0.41774299409912580            2.5064579645947545            1.5665362278717216     
  0.41774299409912580            2.5064579645947545            1.7405958087463578     
  0.41774299409912580            2.5064579645947545            1.9146553896209932     
  0.41774299409912580            2.5064579645947545            2.0887149704956292     
  0.41774299409912580            2.5064579645947545            2.2627745513702648     
  0.41774299409912580            2.5064579645947545            2.4368341322449010     
  0.41774299409912580            2.5064579645947545            2.6108937131195367     
  0.41774299409912580            2.5064579645947545            2.7849532939941724     
  0.41774299409912580            2.5064579645947545            2.9590128748688080     
  0.41774299409912580            2.5064579645947545            3.1330724557434433     
  0.55699065879883436            0.0000000000000000            0.0000000000000000     
  0.55699065879883436            0.0000000000000000           0.17405958087463577     
  0.55699065879883436            0.0000000000000000           0.34811916174927154     
  0.55699065879883436            0.0000000000000000           0.52217874262390729     
  0.55699065879883436            0.0000000000000000           0.69623832349854309     
  0.55699065879883436            0.0000000000000000           0.87029790437317889     
  0.55699065879883436            0.0000000000000000            1.0443574852478146     
  0.55699065879883436            0.0000000000000000            1.2184170661224505     
  0.55699065879883436            0.0000000000000000            1.3924766469970862     
  0.55699065879883436            0.0000000000000000            1.5665362278717216     
  0.55699065879883436            0.0000000000000000            1.7405958087463578     
  0.55699065879883436            0.0000000000000000            1.9146553896209932     
  0.55699065879883436            0.0000000000000000            2.0887149704956292     
  0.55699065879883436            0.0000000000000000            2.2627745513702648     
  0.55699065879883436            0.0000000000000000            2.4368341322449010     
  0.55699065879883436            0.0000000000000000            2.6108937131195367     
  0.55699065879883436            0.0000000000000000            2.7849532939941724     
  0.55699065879883436            0.0000000000000000            2.9590128748688080     
  0.55699065879883436            0.0000000000000000            3.1330724557434433     
  0.55699065879883436           0.13924766469970859            0.0000000000000000     
  0.55699065879883436           0.13924766469970859           0.17405958087463577     
  0.55699065879883436           0.13924766469970859           0.34811916174927154     
  0.55699065879883436           0.13924766469970859           0.52217874262390729     
  0.55699065879883436           0.13924766469970859           0.69623832349854309     
  0.55699065879883436           0.13924766469970859           0.87029790437317889     
  0.55699065879883436           0.13924766469970859            1.0443574852478146     
  0.55699065879883436           0.13924766469970859            1.2184170661224505     
  0.55699065879883436           0.13924766469970859            1.3924766469970862     
  0.55699065879883436           0.13924766469970859            1.5665362278717216     
  0.55699065879883436           0.13924766469970859            1.7405958087463578     
  0.55699065879883436           0.13924766469970859            1.9146553896209932     
  0.55699065879883436           0.13924766469970859            2.0887149704956292     
  0.55699065879883436           0.13924766469970859            2.2627745513702648     
  0.55699065879883436           0.13924766469970859            2.4368341322449010     
  0.55699065879883436           0.13924766469970859            2.6108937131195367     
  0.55699065879883436           0.13924766469970859            2.7849532939941724     
  0.55699065879883436           0.13924766469970859            2.9590128748688080     
  0.55699065879883436           0.13924766469970859            3.1330724557434433     
  0.55699065879883436           0.27849532939941718            0.0000000000000000     
  0.55699065879883436           0.27849532939941718           0.17405958087463577     
  0.55699065879883436           0.27849532939941718           0.34811916174927154     
  0.55699065879883436           0.27849532939941718           0.52217874262390729     
  0.55699065879883436           0.27849532939941718           0.69623832349854309     
  0.55699065879883436           0.27849532939941718           0.87029790437317889     
  0.55699065879883436           0.27849532939941718            1.0443574852478146     
  0.55699065879883436           0.27849532939941718            1.2184170661224505     
  0.55699065879883436           0.27849532939941718            1.3924766469970862     
  0.55699065879883436           0.27849532939941718            1.5665362278717216     
  0.55699065879883436           0.27849532939941718            1.7405958087463578     
  0.55699065879883436           0.27849532939941718            1.9146553896209932     
  0.55699065879883436           0.27849532939941718            2.0887149704956292     
  0.55699065879883436           0.27849532939941718            2.2627745513702648     
  0.55699065879883436           0.27849532939941718            2.4368341322449010     
  0.55699065879883436           0.27849532939941718            2.6108937131195367     
  0.55699065879883436           0.27849532939941718            2.7849532939941724     
  0.55699065879883436           0.27849532939941718            2.9590128748688080     
  0.55699065879883436           0.27849532939941718            3.1330724557434433     
  0.55699065879883436           0.41774299409912580            0.0000000000000000     
  0.55699065879883436           0.41774299409912580           0.17405958087463577     
  0.55699065879883436           0.41774299409912580           0.34811916174927154     
  0.55699065879883436           0.41774299409912580           0.52217874262390729     
  0.55699065879883436           0.41774299409912580           0.69623832349854309     
  0.55699065879883436           0.41774299409912580           0.87029790437317889     
  0.55699065879883436           0.41774299409912580            1.0443574852478146     
  0.55699065879883436           0.41774299409912580            1.2184170661224505     
  0.55699065879883436           0.41774299409912580            1.3924766469970862     
  0.55699065879883436           0.41774299409912580            1.5665362278717216     
  0.55699065879883436           0.41774299409912580            1.7405958087463578     
  0.55699065879883436           0.41774299409912580            1.9146553896209932     
  0.55699065879883436           0.41774299409912580            2.0887149704956292     
  0.55699065879883436           0.41774299409912580            2.2627745513702648     
  0.55699065879883436           0.41774299409912580            2.4368341322449010     
  0.55699065879883436           0.41774299409912580            2.6108937131195367     
  0.55699065879883436           0.41774299409912580            2.7849532939941724     
  0.55699065879883436           0.41774299409912580            2.9590128748688080     
  0.55699065879883436           0.41774299409912580            3.1330724557434433     
  0.55699065879883436           0.55699065879883436            0.0000000000000000     
  0.55699065879883436           0.55699065879883436           0.17405958087463577     
  0.55699065879883436           0.55699065879883436           0.34811916174927154     
  0.55699065879883436           0.55699065879883436           0.52217874262390729     
  0.55699065879883436           0.55699065879883436           0.69623832349854309     
  0.55699065879883436           0.55699065879883436           0.87029790437317889     
  0.55699065879883436           0.55699065879883436            1.0443574852478146     
  0.55699065879883436           0.55699065879883436            1.2184170661224505     
  0.55699065879883436           0.55699065879883436            1.3924766469970862     
  0.55699065879883436           0.55699065879883436            1.5665362278717216     
  0.55699065879883436           0.55699065879883436            1.7405958087463578     
  0.55699065879883436           0.55699065879883436            1.9146553896209932     
  0.55699065879883436           0.55699065879883436            2.0887149704956292     
  0.55699065879883436           0.55699065879883436            2.2627745513702648     
  0.55699065879883436           0.55699065879883436            2.4368341322449010     
  0.55699065879883436           0.55699065879883436            2.6108937131195367     
  0.55699065879883436           0.55699065879883436            2.7849532939941724     
  0.55699065879883436           0.55699065879883436            2.9590128748688080     
  0.55699065879883436           0.55699065879883436            3.1330724557434433     
  0.55699065879883436           0.69623832349854298            0.0000000000000000     
  0.55699065879883436           0.69623832349854298           0.17405958087463577     
  0.55699065879883436           0.69623832349854298           0.34811916174927154     
  0.55699065879883436           0.69623832349854298           0.52217874262390729     
  0.55699065879883436           0.69623832349854298           0.69623832349854309     
  0.55699065879883436           0.69623832349854298           0.87029790437317889     
  0.55699065879883436           0.69623832349854298            1.0443574852478146     
  0.55699065879883436           0.69623832349854298            1.2184170661224505     
  0.55699065879883436           0.69623832349854298            1.3924766469970862     
  0.55699065879883436           0.69623832349854298            1.5665362278717216     
  0.55699065879883436           0.69623832349854298            1.7405958087463578     
  0.55699065879883436           0.69623832349854298            1.9146553896209932     
  0.55699065879883436           0.69623832349854298            2.0887149704956292     
  0.55699065879883436           0.69623832349854298            2.2627745513702648     
  0.55699065879883436           0.69623832349854298            2.4368341322449010     
  0.55699065879883436           0.69623832349854298            2.6108937131195367     
  0.55699065879883436           0.69623832349854298            2.7849532939941724     
  0.55699065879883436           0.69623832349854298            2.9590128748688080     
  0.55699065879883436           0.69623832349854298            3.1330724557434433     
  0.55699065879883436           0.83548598819825159            0.0000000000000000     
  0.55699065879883436           0.83548598819825159           0.17405958087463577     
  0.55699065879883436           0.83548598819825159           0.34811916174927154     
  0.55699065879883436           0.83548598819825159           0.52217874262390729     
  0.55699065879883436           0.83548598819825159           0.69623832349854309     
  0.55699065879883436           0.83548598819825159           0.87029790437317889     
  0.55699065879883436           0.83548598819825159            1.0443574852478146     
  0.55699065879883436           0.83548598819825159            1.2184170661224505     
  0.55699065879883436           0.83548598819825159            1.3924766469970862     
  0.55699065879883436           0.83548598819825159            1.5665362278717216     
  0.55699065879883436           0.83548598819825159            1.7405958087463578     
  0.55699065879883436           0.83548598819825159            1.9146553896209932     
  0.55699065879883436           0.83548598819825159            2.0887149704956292     
  0.55699065879883436           0.83548598819825159            2.2627745513702648     
  0.55699065879883436           0.83548598819825159            2.4368341322449010     
  0.55699065879883436           0.83548598819825159            2.6108937131195367     
  0.55699065879883436           0.83548598819825159            2.7849532939941724     
  0.55699065879883436           0.83548598819825159            2.9590128748688080     
  0.55699065879883436           0.83548598819825159            3.1330724557434433     
  0.55699065879883436           0.97473365289796032            0.0000000000000000     
  0.55699065879883436           0.97473365289796032           0.17405958087463577     
  0.55699065879883436           0.97473365289796032           0.34811916174927154     
  0.55699065879883436           0.97473365289796032           0.52217874262390729     
  0.55699065879883436           0.97473365289796032           0.69623832349854309     
  0.55699065879883436           0.97473365289796032           0.87029790437317889     
  0.55699065879883436           0.97473365289796032            1.0443574852478146     
  0.55699065879883436           0.97473365289796032            1.2184170661224505     
  0.55699065879883436           0.97473365289796032            1.3924766469970862     
  0.55699065879883436           0.97473365289796032            1.5665362278717216     
  0.55699065879883436           0.97473365289796032            1.7405958087463578     
  0.55699065879883436           0.97473365289796032            1.9146553896209932     
  0.55699065879883436           0.97473365289796032            2.0887149704956292     
  0.55699065879883436           0.97473365289796032            2.2627745513702648     
  0.55699065879883436           0.97473365289796032            2.4368341322449010     
  0.55699065879883436           0.97473365289796032            2.6108937131195367     
  0.55699065879883436           0.97473365289796032            2.7849532939941724     
  0.55699065879883436           0.97473365289796032            2.9590128748688080     
  0.55699065879883436           0.97473365289796032            3.1330724557434433     
  0.55699065879883436            1.1139813175976687            0.0000000000000000     
  0.55699065879883436            1.1139813175976687           0.17405958087463577     
  0.55699065879883436            1.1139813175976687           0.34811916174927154     
  0.55699065879883436            1.1139813175976687           0.52217874262390729     
  0.55699065879883436            1.1139813175976687           0.69623832349854309     
  0.55699065879883436            1.1139813175976687           0.87029790437317889     
  0.55699065879883436            1.1139813175976687            1.0443574852478146     
  0.55699065879883436            1.1139813175976687            1.2184170661224505     
  0.55699065879883436            1.1139813175976687            1.3924766469970862     
  0.55699065879883436            1.1139813175976687            1.5665362278717216     
  0.55699065879883436            1.1139813175976687            1.7405958087463578     
  0.55699065879883436            1.1139813175976687            1.9146553896209932     
  0.55699065879883436            1.1139813175976687            2.0887149704956292     
  0.55699065879883436            1.1139813175976687            2.2627745513702648     
  0.55699065879883436            1.1139813175976687            2.4368341322449010     
  0.55699065879883436            1.1139813175976687            2.6108937131195367     
  0.55699065879883436            1.1139813175976687            2.7849532939941724     
  0.55699065879883436            1.1139813175976687            2.9590128748688080     
  0.55699065879883436            1.1139813175976687            3.1330724557434433     
  0.55699065879883436            1.2532289822973772            0.0000000000000000     
  0.55699065879883436            1.2532289822973772           0.17405958087463577     
  0.55699065879883436            1.2532289822973772           0.34811916174927154     
  0.55699065879883436            1.2532289822973772           0.52217874262390729     
  0.55699065879883436            1.2532289822973772           0.69623832349854309     
  0.55699065879883436            1.2532289822973772           0.87029790437317889     
  0.55699065879883436            1.2532289822973772            1.0443574852478146     
  0.55699065879883436            1.2532289822973772            1.2184170661224505     
  0.55699065879883436            1.2532289822973772            1.3924766469970862     
  0.55699065879883436            1.2532289822973772            1.5665362278717216     
  0.55699065879883436            1.2532289822973772            1.7405958087463578     
  0.55699065879883436            1.2532289822973772            1.9146553896209932     
  0.55699065879883436            1.2532289822973772            2.0887149704956292     
  0.55699065879883436            1.2532289822973772            2.2627745513702648     
  0.55699065879883436            1.2532289822973772            2.4368341322449010     
  0.55699065879883436            1.2532289822973772            2.6108937131195367     
  0.55699065879883436            1.2532289822973772            2.7849532939941724     
  0.55699065879883436            1.2532289822973772            2.9590128748688080     
  0.55699065879883436            1.2532289822973772            3.1330724557434433     
  0.55699065879883436            1.3924766469970860            0.0000000000000000     
  0.55699065879883436            1.3924766469970860           0.17405958087463577     
  0.55699065879883436            1.3924766469970860           0.34811916174927154     
  0.55699065879883436            1.3924766469970860           0.52217874262390729     
  0.55699065879883436            1.3924766469970860           0.69623832349854309     
  0.55699065879883436            1.3924766469970860           0.87029790437317889     
  0.55699065879883436            1.3924766469970860            1.0443574852478146     
  0.55699065879883436            1.3924766469970860            1.2184170661224505     
  0.55699065879883436            1.3924766469970860            1.3924766469970862     
  0.55699065879883436            1.3924766469970860            1.5665362278717216     
  0.55699065879883436            1.3924766469970860            1.7405958087463578     
  0.55699065879883436            1.3924766469970860            1.9146553896209932     
  0.55699065879883436            1.3924766469970860            2.0887149704956292     
  0.55699065879883436            1.3924766469970860            2.2627745513702648     
  0.55699065879883436            1.3924766469970860            2.4368341322449010     
  0.55699065879883436            1.3924766469970860            2.6108937131195367     
  0.55699065879883436            1.3924766469970860            2.7849532939941724     
  0.55699065879883436            1.3924766469970860            2.9590128748688080     
  0.55699065879883436            1.3924766469970860            3.1330724557434433     
  0.55699065879883436            1.5317243116967947            0.0000000000000000     
  0.55699065879883436            1.5317243116967947           0.17405958087463577     
  0.55699065879883436            1.5317243116967947           0.34811916174927154     
  0.55699065879883436            1.5317243116967947           0.52217874262390729     
  0.55699065879883436            1.5317243116967947           0.69623832349854309     
  0.55699065879883436            1.5317243116967947           0.87029790437317889     
  0.55699065879883436            1.5317243116967947            1.0443574852478146     
  0.55699065879883436            1.5317243116967947            1.2184170661224505     
  0.55699065879883436            1.5317243116967947            1.3924766469970862     
  0.55699065879883436            1.5317243116967947            1.5665362278717216     
  0.55699065879883436            1.5317243116967947            1.7405958087463578     
  0.55699065879883436            1.5317243116967947            1.9146553896209932     
  0.55699065879883436            1.5317243116967947            2.0887149704956292     
  0.55699065879883436            1.5317243116967947            2.2627745513702648     
  0.55699065879883436            1.5317243116967947            2.4368341322449010     
  0.55699065879883436            1.5317243116967947            2.6108937131195367     
  0.55699065879883436            1.5317243116967947            2.7849532939941724     
  0.55699065879883436            1.5317243116967947            2.9590128748688080     
  0.55699065879883436            1.5317243116967947            3.1330724557434433     
  0.55699065879883436            1.6709719763965032            0.0000000000000000     
  0.55699065879883436            1.6709719763965032           0.17405958087463577     
  0.55699065879883436            1.6709719763965032           0.34811916174927154     
  0.55699065879883436            1.6709719763965032           0.52217874262390729     
  0.55699065879883436            1.6709719763965032           0.69623832349854309     
  0.55699065879883436            1.6709719763965032           0.87029790437317889     
  0.55699065879883436            1.6709719763965032            1.0443574852478146     
  0.55699065879883436            1.6709719763965032            1.2184170661224505     
  0.55699065879883436            1.6709719763965032            1.3924766469970862     
  0.55699065879883436            1.6709719763965032            1.5665362278717216     
  0.55699065879883436            1.6709719763965032            1.7405958087463578     
  0.55699065879883436            1.6709719763965032            1.9146553896209932     
  0.55699065879883436            1.6709719763965032            2.0887149704956292     
  0.55699065879883436            1.6709719763965032            2.2627745513702648     
  0.55699065879883436            1.6709719763965032            2.4368341322449010     
  0.55699065879883436            1.6709719763965032            2.6108937131195367     
  0.55699065879883436            1.6709719763965032            2.7849532939941724     
  0.55699065879883436            1.6709719763965032            2.9590128748688080     
  0.55699065879883436            1.6709719763965032            3.1330724557434433     
  0.55699065879883436            1.8102196410962119            0.0000000000000000     
  0.55699065879883436            1.8102196410962119           0.17405958087463577     
  0.55699065879883436            1.8102196410962119           0.34811916174927154     
  0.55699065879883436            1.8102196410962119           0.52217874262390729     
  0.55699065879883436            1.8102196410962119           0.69623832349854309     
  0.55699065879883436            1.8102196410962119           0.87029790437317889     
  0.55699065879883436            1.8102196410962119            1.0443574852478146     
  0.55699065879883436            1.8102196410962119            1.2184170661224505     
  0.55699065879883436            1.8102196410962119            1.3924766469970862     
  0.55699065879883436            1.8102196410962119            1.5665362278717216     
  0.55699065879883436            1.8102196410962119            1.7405958087463578     
  0.55699065879883436            1.8102196410962119            1.9146553896209932     
  0.55699065879883436            1.8102196410962119            2.0887149704956292     
  0.55699065879883436            1.8102196410962119            2.2627745513702648     
  0.55699065879883436            1.8102196410962119            2.4368341322449010     
  0.55699065879883436            1.8102196410962119            2.6108937131195367     
  0.55699065879883436            1.8102196410962119            2.7849532939941724     
  0.55699065879883436            1.8102196410962119            2.9590128748688080     
  0.55699065879883436            1.8102196410962119            3.1330724557434433     
  0.55699065879883436            1.9494673057959206            0.0000000000000000     
  0.55699065879883436            1.9494673057959206           0.17405958087463577     
  0.55699065879883436            1.9494673057959206           0.34811916174927154     
  0.55699065879883436            1.9494673057959206           0.52217874262390729     
  0.55699065879883436            1.9494673057959206           0.69623832349854309     
  0.55699065879883436            1.9494673057959206           0.87029790437317889     
  0.55699065879883436            1.9494673057959206            1.0443574852478146     
  0.55699065879883436            1.9494673057959206            1.2184170661224505     
  0.55699065879883436            1.9494673057959206            1.3924766469970862     
  0.55699065879883436            1.9494673057959206            1.5665362278717216     
  0.55699065879883436            1.9494673057959206            1.7405958087463578     
  0.55699065879883436            1.9494673057959206            1.9146553896209932     
  0.55699065879883436            1.9494673057959206            2.0887149704956292     
  0.55699065879883436            1.9494673057959206            2.2627745513702648     
  0.55699065879883436            1.9494673057959206            2.4368341322449010     
  0.55699065879883436            1.9494673057959206            2.6108937131195367     
  0.55699065879883436            1.9494673057959206            2.7849532939941724     
  0.55699065879883436            1.9494673057959206            2.9590128748688080     
  0.55699065879883436            1.9494673057959206            3.1330724557434433     
  0.55699065879883436            2.0887149704956292            0.0000000000000000     
  0.55699065879883436            2.0887149704956292           0.17405958087463577     
  0.55699065879883436            2.0887149704956292           0.34811916174927154     
  0.55699065879883436            2.0887149704956292           0.52217874262390729     
  0.55699065879883436            2.0887149704956292           0.69623832349854309     
  0.55699065879883436            2.0887149704956292           0.87029790437317889     
  0.55699065879883436            2.0887149704956292            1.0443574852478146     
  0.55699065879883436            2.0887149704956292            1.2184170661224505     
  0.55699065879883436            2.0887149704956292            1.3924766469970862     
  0.55699065879883436            2.0887149704956292            1.5665362278717216     
  0.55699065879883436            2.0887149704956292            1.7405958087463578     
  0.55699065879883436            2.0887149704956292            1.9146553896209932     
  0.55699065879883436            2.0887149704956292            2.0887149704956292     
  0.55699065879883436            2.0887149704956292            2.2627745513702648     
  0.55699065879883436            2.0887149704956292            2.4368341322449010     
  0.55699065879883436            2.0887149704956292            2.6108937131195367     
  0.55699065879883436            2.0887149704956292            2.7849532939941724     
  0.55699065879883436            2.0887149704956292            2.9590128748688080     
  0.55699065879883436            2.0887149704956292            3.1330724557434433     
  0.55699065879883436            2.2279626351953374            0.0000000000000000     
  0.55699065879883436            2.2279626351953374           0.17405958087463577     
  0.55699065879883436            2.2279626351953374           0.34811916174927154     
  0.55699065879883436            2.2279626351953374           0.52217874262390729     
  0.55699065879883436            2.2279626351953374           0.69623832349854309     
  0.55699065879883436            2.2279626351953374           0.87029790437317889     
  0.55699065879883436            2.2279626351953374            1.0443574852478146     
  0.55699065879883436            2.2279626351953374            1.2184170661224505     
  0.55699065879883436            2.2279626351953374            1.3924766469970862     
  0.55699065879883436            2.2279626351953374            1.5665362278717216     
  0.55699065879883436            2.2279626351953374            1.7405958087463578     
  0.55699065879883436            2.2279626351953374            1.9146553896209932     
  0.55699065879883436            2.2279626351953374            2.0887149704956292     
  0.55699065879883436            2.2279626351953374            2.2627745513702648     
  0.55699065879883436            2.2279626351953374            2.4368341322449010     
  0.55699065879883436            2.2279626351953374            2.6108937131195367     
  0.55699065879883436            2.2279626351953374            2.7849532939941724     
  0.55699065879883436            2.2279626351953374            2.9590128748688080     
  0.55699065879883436            2.2279626351953374            3.1330724557434433     
  0.55699065879883436            2.3672102998950462            0.0000000000000000     
  0.55699065879883436            2.3672102998950462           0.17405958087463577     
  0.55699065879883436            2.3672102998950462           0.34811916174927154     
  0.55699065879883436            2.3672102998950462           0.52217874262390729     
  0.55699065879883436            2.3672102998950462           0.69623832349854309     
  0.55699065879883436            2.3672102998950462           0.87029790437317889     
  0.55699065879883436            2.3672102998950462            1.0443574852478146     
  0.55699065879883436            2.3672102998950462            1.2184170661224505     
  0.55699065879883436            2.3672102998950462            1.3924766469970862     
  0.55699065879883436            2.3672102998950462            1.5665362278717216     
  0.55699065879883436            2.3672102998950462            1.7405958087463578     
  0.55699065879883436            2.3672102998950462            1.9146553896209932     
  0.55699065879883436            2.3672102998950462            2.0887149704956292     
  0.55699065879883436            2.3672102998950462            2.2627745513702648     
  0.55699065879883436            2.3672102998950462            2.4368341322449010     
  0.55699065879883436            2.3672102998950462            2.6108937131195367     
  0.55699065879883436            2.3672102998950462            2.7849532939941724     
  0.55699065879883436            2.3672102998950462            2.9590128748688080     
  0.55699065879883436            2.3672102998950462            3.1330724557434433     
  0.55699065879883436            2.5064579645947545            0.0000000000000000     
  0.55699065879883436            2.5064579645947545           0.17405958087463577     
  0.55699065879883436            2.5064579645947545           0.34811916174927154     
  0.55699065879883436            2.5064579645947545           0.52217874262390729     
  0.55699065879883436            2.5064579645947545           0.69623832349854309     
  0.55699065879883436            2.5064579645947545           0.87029790437317889     
  0.55699065879883436            2.5064579645947545            1.0443574852478146     
  0.55699065879883436            2.5064579645947545            1.2184170661224505     
  0.55699065879883436            2.5064579645947545            1.3924766469970862     
  0.55699065879883436            2.5064579645947545            1.5665362278717216     
  0.55699065879883436            2.5064579645947545            1.7405958087463578     
  0.55699065879883436            2.5064579645947545            1.9146553896209932     
  0.55699065879883436            2.5064579645947545            2.0887149704956292     
  0.55699065879883436            2.5064579645947545            2.2627745513702648     
  0.55699065879883436            2.5064579645947545            2.4368341322449010     
  0.55699065879883436            2.5064579645947545            2.6108937131195367     
  0.55699065879883436            2.5064579645947545            2.7849532939941724     
  0.55699065879883436            2.5064579645947545            2.9590128748688080     
  0.55699065879883436            2.5064579645947545            3.1330724557434433     
  0.69623832349854298            0.0000000000000000            0.0000000000000000     
  0.69623832349854298            0.0000000000000000           0.17405958087463577     
  0.69623832349854298            0.0000000000000000           0.34811916174927154     
  0.69623832349854298            0.0000000000000000           0.52217874262390729     
  0.69623832349854298            0.0000000000000000           0.69623832349854309     
  0.69623832349854298            0.0000000000000000           0.87029790437317889     
  0.69623832349854298            0.0000000000000000            1.0443574852478146     
  0.69623832349854298            0.0000000000000000            1.2184170661224505     
  0.69623832349854298            0.0000000000000000            1.3924766469970862     
  0.69623832349854298            0.0000000000000000            1.5665362278717216     
  0.69623832349854298            0.0000000000000000            1.7405958087463578     
  0.69623832349854298            0.0000000000000000            1.9146553896209932     
  0.69623832349854298            0.0000000000000000            2.0887149704956292     
  0.69623832349854298            0.0000000000000000            2.2627745513702648     
  0.69623832349854298            0.0000000000000000            2.4368341322449010     
  0.69623832349854298            0.0000000000000000            2.6108937131195367     
  0.69623832349854298            0.0000000000000000            2.7849532939941724     
  0.69623832349854298            0.0000000000000000            2.9590128748688080     
  0.69623832349854298            0.0000000000000000            3.1330724557434433     
  0.69623832349854298           0.13924766469970859            0.0000000000000000     
  0.69623832349854298           0.13924766469970859           0.17405958087463577     
  0.69623832349854298           0.13924766469970859           0.34811916174927154     
  0.69623832349854298           0.13924766469970859           0.52217874262390729     
  0.69623832349854298           0.13924766469970859           0.69623832349854309     
  0.69623832349854298           0.13924766469970859           0.87029790437317889     
  0.69623832349854298           0.13924766469970859            1.0443574852478146     
  0.69623832349854298           0.13924766469970859            1.2184170661224505     
  0.69623832349854298           0.13924766469970859            1.3924766469970862     
  0.69623832349854298           0.13924766469970859            1.5665362278717216     
  0.69623832349854298           0.13924766469970859            1.7405958087463578     
  0.69623832349854298           0.13924766469970859            1.9146553896209932     
  0.69623832349854298           0.13924766469970859            2.0887149704956292     
  0.69623832349854298           0.13924766469970859            2.2627745513702648     
  0.69623832349854298           0.13924766469970859            2.4368341322449010     
  0.69623832349854298           0.13924766469970859            2.6108937131195367     
  0.69623832349854298           0.13924766469970859            2.7849532939941724     
  0.69623832349854298           0.13924766469970859            2.9590128748688080     
  0.69623832349854298           0.13924766469970859            3.1330724557434433     
  0.69623832349854298           0.27849532939941718            0.0000000000000000     
  0.69623832349854298           0.27849532939941718           0.17405958087463577     
  0.69623832349854298           0.27849532939941718           0.34811916174927154     
  0.69623832349854298           0.27849532939941718           0.52217874262390729     
  0.69623832349854298           0.27849532939941718           0.69623832349854309     
  0.69623832349854298           0.27849532939941718           0.87029790437317889     
  0.69623832349854298           0.27849532939941718            1.0443574852478146     
  0.69623832349854298           0.27849532939941718            1.2184170661224505     
  0.69623832349854298           0.27849532939941718            1.3924766469970862     
  0.69623832349854298           0.27849532939941718            1.5665362278717216     
  0.69623832349854298           0.27849532939941718            1.7405958087463578     
  0.69623832349854298           0.27849532939941718            1.9146553896209932     
  0.69623832349854298           0.27849532939941718            2.0887149704956292     
  0.69623832349854298           0.27849532939941718            2.2627745513702648     
  0.69623832349854298           0.27849532939941718            2.4368341322449010     
  0.69623832349854298           0.27849532939941718            2.6108937131195367     
  0.69623832349854298           0.27849532939941718            2.7849532939941724     
  0.69623832349854298           0.27849532939941718            2.9590128748688080     
  0.69623832349854298           0.27849532939941718            3.1330724557434433     
  0.69623832349854298           0.41774299409912580            0.0000000000000000     
  0.69623832349854298           0.41774299409912580           0.17405958087463577     
  0.69623832349854298           0.41774299409912580           0.34811916174927154     
  0.69623832349854298           0.41774299409912580           0.52217874262390729     
  0.69623832349854298           0.41774299409912580           0.69623832349854309     
  0.69623832349854298           0.41774299409912580           0.87029790437317889     
  0.69623832349854298           0.41774299409912580            1.0443574852478146     
  0.69623832349854298           0.41774299409912580            1.2184170661224505     
  0.69623832349854298           0.41774299409912580            1.3924766469970862     
  0.69623832349854298           0.41774299409912580            1.5665362278717216     
  0.69623832349854298           0.41774299409912580            1.7405958087463578     
  0.69623832349854298           0.41774299409912580            1.9146553896209932     
  0.69623832349854298           0.41774299409912580            2.0887149704956292     
  0.69623832349854298           0.41774299409912580            2.2627745513702648     
  0.69623832349854298           0.41774299409912580            2.4368341322449010     
  0.69623832349854298           0.41774299409912580            2.6108937131195367     
  0.69623832349854298           0.41774299409912580            2.7849532939941724     
  0.69623832349854298           0.41774299409912580            2.9590128748688080     
  0.69623832349854298           0.41774299409912580            3.1330724557434433     
  0.69623832349854298           0.55699065879883436            0.0000000000000000     
  0.69623832349854298           0.55699065879883436           0.17405958087463577     
  0.69623832349854298           0.55699065879883436           0.34811916174927154     
  0.69623832349854298           0.55699065879883436           0.52217874262390729     
  0.69623832349854298           0.55699065879883436           0.69623832349854309     
  0.69623832349854298           0.55699065879883436           0.87029790437317889     
  0.69623832349854298           0.55699065879883436            1.0443574852478146     
  0.69623832349854298           0.55699065879883436            1.2184170661224505     
  0.69623832349854298           0.55699065879883436            1.3924766469970862     
  0.69623832349854298           0.55699065879883436            1.5665362278717216     
  0.69623832349854298           0.55699065879883436            1.7405958087463578     
  0.69623832349854298           0.55699065879883436            1.9146553896209932     
  0.69623832349854298           0.55699065879883436            2.0887149704956292     
  0.69623832349854298           0.55699065879883436            2.2627745513702648     
  0.69623832349854298           0.55699065879883436            2.4368341322449010     
  0.69623832349854298           0.55699065879883436            2.6108937131195367     
  0.69623832349854298           0.55699065879883436            2.7849532939941724     
  0.69623832349854298           0.55699065879883436            2.9590128748688080     
  0.69623832349854298           0.55699065879883436            3.1330724557434433     
  0.69623832349854298           0.69623832349854298            0.0000000000000000     
  0.69623832349854298           0.69623832349854298           0.17405958087463577     
  0.69623832349854298           0.69623832349854298           0.34811916174927154     
  0.69623832349854298           0.69623832349854298           0.52217874262390729     
  0.69623832349854298           0.69623832349854298           0.69623832349854309     
  0.69623832349854298           0.69623832349854298           0.87029790437317889     
  0.69623832349854298           0.69623832349854298            1.0443574852478146     
  0.69623832349854298           0.69623832349854298            1.2184170661224505     
  0.69623832349854298           0.69623832349854298            1.3924766469970862     
  0.69623832349854298           0.69623832349854298            1.5665362278717216     
  0.69623832349854298           0.69623832349854298            1.7405958087463578     
  0.69623832349854298           0.69623832349854298            1.9146553896209932     
  0.69623832349854298           0.69623832349854298            2.0887149704956292     
  0.69623832349854298           0.69623832349854298            2.2627745513702648     
  0.69623832349854298           0.69623832349854298            2.4368341322449010     
  0.69623832349854298           0.69623832349854298            2.6108937131195367     
  0.69623832349854298           0.69623832349854298            2.7849532939941724     
  0.69623832349854298           0.69623832349854298            2.9590128748688080     
  0.69623832349854298           0.69623832349854298            3.1330724557434433     
  0.69623832349854298           0.83548598819825159            0.0000000000000000     
  0.69623832349854298           0.83548598819825159           0.17405958087463577     
  0.69623832349854298           0.83548598819825159           0.34811916174927154     
  0.69623832349854298           0.83548598819825159           0.52217874262390729     
  0.69623832349854298           0.83548598819825159           0.69623832349854309     
  0.69623832349854298           0.83548598819825159           0.87029790437317889     
  0.69623832349854298           0.83548598819825159            1.0443574852478146     
  0.69623832349854298           0.83548598819825159            1.2184170661224505     
  0.69623832349854298           0.83548598819825159            1.3924766469970862     
  0.69623832349854298           0.83548598819825159            1.5665362278717216     
  0.69623832349854298           0.83548598819825159            1.7405958087463578     
  0.69623832349854298           0.83548598819825159            1.9146553896209932     
  0.69623832349854298           0.83548598819825159            2.0887149704956292     
  0.69623832349854298           0.83548598819825159            2.2627745513702648     
  0.69623832349854298           0.83548598819825159            2.4368341322449010     
  0.69623832349854298           0.83548598819825159            2.6108937131195367     
  0.69623832349854298           0.83548598819825159            2.7849532939941724     
  0.69623832349854298           0.83548598819825159            2.9590128748688080     
  0.69623832349854298           0.83548598819825159            3.1330724557434433     
  0.69623832349854298           0.97473365289796032            0.0000000000000000     
  0.69623832349854298           0.97473365289796032           0.17405958087463577     
  0.69623832349854298           0.97473365289796032           0.34811916174927154     
  0.69623832349854298           0.97473365289796032           0.52217874262390729     
  0.69623832349854298           0.97473365289796032           0.69623832349854309     
  0.69623832349854298           0.97473365289796032           0.87029790437317889     
  0.69623832349854298           0.97473365289796032            1.0443574852478146     
  0.69623832349854298           0.97473365289796032            1.2184170661224505     
  0.69623832349854298           0.97473365289796032            1.3924766469970862     
  0.69623832349854298           0.97473365289796032            1.5665362278717216     
  0.69623832349854298           0.97473365289796032            1.7405958087463578     
  0.69623832349854298           0.97473365289796032            1.9146553896209932     
  0.69623832349854298           0.97473365289796032            2.0887149704956292     
  0.69623832349854298           0.97473365289796032            2.2627745513702648     
  0.69623832349854298           0.97473365289796032            2.4368341322449010     
  0.69623832349854298           0.97473365289796032            2.6108937131195367     
  0.69623832349854298           0.97473365289796032            2.7849532939941724     
  0.69623832349854298           0.97473365289796032            2.9590128748688080     
  0.69623832349854298           0.97473365289796032            3.1330724557434433     
  0.69623832349854298            1.1139813175976687            0.0000000000000000     
  0.69623832349854298            1.1139813175976687           0.17405958087463577     
  0.69623832349854298            1.1139813175976687           0.34811916174927154     
  0.69623832349854298            1.1139813175976687           0.52217874262390729     
  0.69623832349854298            1.1139813175976687           0.69623832349854309     
  0.69623832349854298            1.1139813175976687           0.87029790437317889     
  0.69623832349854298            1.1139813175976687            1.0443574852478146     
  0.69623832349854298            1.1139813175976687            1.2184170661224505     
  0.69623832349854298            1.1139813175976687            1.3924766469970862     
  0.69623832349854298            1.1139813175976687            1.5665362278717216     
  0.69623832349854298            1.1139813175976687            1.7405958087463578     
  0.69623832349854298            1.1139813175976687            1.9146553896209932     
  0.69623832349854298            1.1139813175976687            2.0887149704956292     
  0.69623832349854298            1.1139813175976687            2.2627745513702648     
  0.69623832349854298            1.1139813175976687            2.4368341322449010     
  0.69623832349854298            1.1139813175976687            2.6108937131195367     
  0.69623832349854298            1.1139813175976687            2.7849532939941724     
  0.69623832349854298            1.1139813175976687            2.9590128748688080     
  0.69623832349854298            1.1139813175976687            3.1330724557434433     
  0.69623832349854298            1.2532289822973772            0.0000000000000000     
  0.69623832349854298            1.2532289822973772           0.17405958087463577     
  0.69623832349854298            1.2532289822973772           0.34811916174927154     
  0.69623832349854298            1.2532289822973772           0.52217874262390729     
  0.69623832349854298            1.2532289822973772           0.69623832349854309     
  0.69623832349854298            1.2532289822973772           0.87029790437317889     
  0.69623832349854298            1.2532289822973772            1.0443574852478146     
  0.69623832349854298            1.2532289822973772            1.2184170661224505     
  0.69623832349854298            1.2532289822973772            1.3924766469970862     
  0.69623832349854298            1.2532289822973772            1.5665362278717216     
  0.69623832349854298            1.2532289822973772            1.7405958087463578     
  0.69623832349854298            1.2532289822973772            1.9146553896209932     
  0.69623832349854298            1.2532289822973772            2.0887149704956292     
  0.69623832349854298            1.2532289822973772            2.2627745513702648     
  0.69623832349854298            1.2532289822973772            2.4368341322449010     
  0.69623832349854298            1.2532289822973772            2.6108937131195367     
  0.69623832349854298            1.2532289822973772            2.7849532939941724     
  0.69623832349854298            1.2532289822973772            2.9590128748688080     
  0.69623832349854298            1.2532289822973772            3.1330724557434433     
  0.69623832349854298            1.3924766469970860            0.0000000000000000     
  0.69623832349854298            1.3924766469970860           0.17405958087463577     
  0.69623832349854298            1.3924766469970860           0.34811916174927154     
  0.69623832349854298            1.3924766469970860           0.52217874262390729     
  0.69623832349854298            1.3924766469970860           0.69623832349854309     
  0.69623832349854298            1.3924766469970860           0.87029790437317889     
  0.69623832349854298            1.3924766469970860            1.0443574852478146     
  0.69623832349854298            1.3924766469970860            1.2184170661224505     
  0.69623832349854298            1.3924766469970860            1.3924766469970862     
  0.69623832349854298            1.3924766469970860            1.5665362278717216     
  0.69623832349854298            1.3924766469970860            1.7405958087463578     
  0.69623832349854298            1.3924766469970860            1.9146553896209932     
  0.69623832349854298            1.3924766469970860            2.0887149704956292     
  0.69623832349854298            1.3924766469970860            2.2627745513702648     
  0.69623832349854298            1.3924766469970860            2.4368341322449010     
  0.69623832349854298            1.3924766469970860            2.6108937131195367     
  0.69623832349854298            1.3924766469970860            2.7849532939941724     
  0.69623832349854298            1.3924766469970860            2.9590128748688080     
  0.69623832349854298            1.3924766469970860            3.1330724557434433     
  0.69623832349854298            1.5317243116967947            0.0000000000000000     
  0.69623832349854298            1.5317243116967947           0.17405958087463577     
  0.69623832349854298            1.5317243116967947           0.34811916174927154     
  0.69623832349854298            1.5317243116967947           0.52217874262390729     
  0.69623832349854298            1.5317243116967947           0.69623832349854309     
  0.69623832349854298            1.5317243116967947           0.87029790437317889     
  0.69623832349854298            1.5317243116967947            1.0443574852478146     
  0.69623832349854298            1.5317243116967947            1.2184170661224505     
  0.69623832349854298            1.5317243116967947            1.3924766469970862     
  0.69623832349854298            1.5317243116967947            1.5665362278717216     
  0.69623832349854298            1.5317243116967947            1.7405958087463578     
  0.69623832349854298            1.5317243116967947            1.9146553896209932     
  0.69623832349854298            1.5317243116967947            2.0887149704956292     
  0.69623832349854298            1.5317243116967947            2.2627745513702648     
  0.69623832349854298            1.5317243116967947            2.4368341322449010     
  0.69623832349854298            1.5317243116967947            2.6108937131195367     
  0.69623832349854298            1.5317243116967947            2.7849532939941724     
  0.69623832349854298            1.5317243116967947            2.9590128748688080     
  0.69623832349854298            1.5317243116967947            3.1330724557434433     
  0.69623832349854298            1.6709719763965032            0.0000000000000000     
  0.69623832349854298            1.6709719763965032           0.17405958087463577     
  0.69623832349854298            1.6709719763965032           0.34811916174927154     
  0.69623832349854298            1.6709719763965032           0.52217874262390729     
  0.69623832349854298            1.6709719763965032           0.69623832349854309     
  0.69623832349854298            1.6709719763965032           0.87029790437317889     
  0.69623832349854298            1.6709719763965032            1.0443574852478146     
  0.69623832349854298            1.6709719763965032            1.2184170661224505     
  0.69623832349854298            1.6709719763965032            1.3924766469970862     
  0.69623832349854298            1.6709719763965032            1.5665362278717216     
  0.69623832349854298            1.6709719763965032            1.7405958087463578     
  0.69623832349854298            1.6709719763965032            1.9146553896209932     
  0.69623832349854298            1.6709719763965032            2.0887149704956292     
  0.69623832349854298            1.6709719763965032            2.2627745513702648     
  0.69623832349854298            1.6709719763965032            2.4368341322449010     
  0.69623832349854298            1.6709719763965032            2.6108937131195367     
  0.69623832349854298            1.6709719763965032            2.7849532939941724     
  0.69623832349854298            1.6709719763965032            2.9590128748688080     
  0.69623832349854298            1.6709719763965032            3.1330724557434433     
  0.69623832349854298            1.8102196410962119            0.0000000000000000     
  0.69623832349854298            1.8102196410962119           0.17405958087463577     
  0.69623832349854298            1.8102196410962119           0.34811916174927154     
  0.69623832349854298            1.8102196410962119           0.52217874262390729     
  0.69623832349854298            1.8102196410962119           0.69623832349854309     
  0.69623832349854298            1.8102196410962119           0.87029790437317889     
  0.69623832349854298            1.8102196410962119            1.0443574852478146     
  0.69623832349854298            1.8102196410962119            1.2184170661224505     
  0.69623832349854298            1.8102196410962119            1.3924766469970862     
  0.69623832349854298            1.8102196410962119            1.5665362278717216     
  0.69623832349854298            1.8102196410962119            1.7405958087463578     
  0.69623832349854298            1.8102196410962119            1.9146553896209932     
  0.69623832349854298            1.8102196410962119            2.0887149704956292     
  0.69623832349854298            1.8102196410962119            2.2627745513702648     
  0.69623832349854298            1.8102196410962119            2.4368341322449010     
  0.69623832349854298            1.8102196410962119            2.6108937131195367     
  0.69623832349854298            1.8102196410962119            2.7849532939941724     
  0.69623832349854298            1.8102196410962119            2.9590128748688080     
  0.69623832349854298            1.8102196410962119            3.1330724557434433     
  0.69623832349854298            1.9494673057959206            0.0000000000000000     
  0.69623832349854298            1.9494673057959206           0.17405958087463577     
  0.69623832349854298            1.9494673057959206           0.34811916174927154     
  0.69623832349854298            1.9494673057959206           0.52217874262390729     
  0.69623832349854298            1.9494673057959206           0.69623832349854309     
  0.69623832349854298            1.9494673057959206           0.87029790437317889     
  0.69623832349854298            1.9494673057959206            1.0443574852478146     
  0.69623832349854298            1.9494673057959206            1.2184170661224505     
  0.69623832349854298            1.9494673057959206            1.3924766469970862     
  0.69623832349854298            1.9494673057959206            1.5665362278717216     
  0.69623832349854298            1.9494673057959206            1.7405958087463578     
  0.69623832349854298            1.9494673057959206            1.9146553896209932     
  0.69623832349854298            1.9494673057959206            2.0887149704956292     
  0.69623832349854298            1.9494673057959206            2.2627745513702648     
  0.69623832349854298            1.9494673057959206            2.4368341322449010     
  0.69623832349854298            1.9494673057959206            2.6108937131195367     
  0.69623832349854298            1.9494673057959206            2.7849532939941724     
  0.69623832349854298            1.9494673057959206            2.9590128748688080     
  0.69623832349854298            1.9494673057959206            3.1330724557434433     
  0.69623832349854298            2.0887149704956292            0.0000000000000000     
  0.69623832349854298            2.0887149704956292           0.17405958087463577     
  0.69623832349854298            2.0887149704956292           0.34811916174927154     
  0.69623832349854298            2.0887149704956292           0.52217874262390729     
  0.69623832349854298            2.0887149704956292           0.69623832349854309     
  0.69623832349854298            2.0887149704956292           0.87029790437317889     
  0.69623832349854298            2.0887149704956292            1.0443574852478146     
  0.69623832349854298            2.0887149704956292            1.2184170661224505     
  0.69623832349854298            2.0887149704956292            1.3924766469970862     
  0.69623832349854298            2.0887149704956292            1.5665362278717216     
  0.69623832349854298            2.0887149704956292            1.7405958087463578     
  0.69623832349854298            2.0887149704956292            1.9146553896209932     
  0.69623832349854298            2.0887149704956292            2.0887149704956292     
  0.69623832349854298            2.0887149704956292            2.2627745513702648     
  0.69623832349854298            2.0887149704956292            2.4368341322449010     
  0.69623832349854298            2.0887149704956292            2.6108937131195367     
  0.69623832349854298            2.0887149704956292            2.7849532939941724     
  0.69623832349854298            2.0887149704956292            2.9590128748688080     
  0.69623832349854298            2.0887149704956292            3.1330724557434433     
  0.69623832349854298            2.2279626351953374            0.0000000000000000     
  0.69623832349854298            2.2279626351953374           0.17405958087463577     
  0.69623832349854298            2.2279626351953374           0.34811916174927154     
  0.69623832349854298            2.2279626351953374           0.52217874262390729     
  0.69623832349854298            2.2279626351953374           0.69623832349854309     
  0.69623832349854298            2.2279626351953374           0.87029790437317889     
  0.69623832349854298            2.2279626351953374            1.0443574852478146     
  0.69623832349854298            2.2279626351953374            1.2184170661224505     
  0.69623832349854298            2.2279626351953374            1.3924766469970862     
  0.69623832349854298            2.2279626351953374            1.5665362278717216     
  0.69623832349854298            2.2279626351953374            1.7405958087463578     
  0.69623832349854298            2.2279626351953374            1.9146553896209932     
  0.69623832349854298            2.2279626351953374            2.0887149704956292     
  0.69623832349854298            2.2279626351953374            2.2627745513702648     
  0.69623832349854298            2.2279626351953374            2.4368341322449010     
  0.69623832349854298            2.2279626351953374            2.6108937131195367     
  0.69623832349854298            2.2279626351953374            2.7849532939941724     
  0.69623832349854298            2.2279626351953374            2.9590128748688080     
  0.69623832349854298            2.2279626351953374            3.1330724557434433     
  0.69623832349854298            2.3672102998950462            0.0000000000000000     
  0.69623832349854298            2.3672102998950462           0.17405958087463577     
  0.69623832349854298            2.3672102998950462           0.34811916174927154     
  0.69623832349854298            2.3672102998950462           0.52217874262390729     
  0.69623832349854298            2.3672102998950462           0.69623832349854309     
  0.69623832349854298            2.3672102998950462           0.87029790437317889     
  0.69623832349854298            2.3672102998950462            1.0443574852478146     
  0.69623832349854298            2.3672102998950462            1.2184170661224505     
  0.69623832349854298            2.3672102998950462            1.3924766469970862     
  0.69623832349854298            2.3672102998950462            1.5665362278717216     
  0.69623832349854298            2.3672102998950462            1.7405958087463578     
  0.69623832349854298            2.3672102998950462            1.9146553896209932     
  0.69623832349854298            2.3672102998950462            2.0887149704956292     
  0.69623832349854298            2.3672102998950462            2.2627745513702648     
  0.69623832349854298            2.3672102998950462            2.4368341322449010     
  0.69623832349854298            2.3672102998950462            2.6108937131195367     
  0.69623832349854298            2.3672102998950462            2.7849532939941724     
  0.69623832349854298            2.3672102998950462            2.9590128748688080     
  0.69623832349854298            2.3672102998950462            3.1330724557434433     
  0.69623832349854298            2.5064579645947545            0.0000000000000000     
  0.69623832349854298            2.5064579645947545           0.17405958087463577     
  0.69623832349854298            2.5064579645947545           0.34811916174927154     
  0.69623832349854298            2.5064579645947545           0.52217874262390729     
  0.69623832349854298            2.5064579645947545           0.69623832349854309     
  0.69623832349854298            2.5064579645947545           0.87029790437317889     
  0.69623832349854298            2.5064579645947545            1.0443574852478146     
  0.69623832349854298            2.5064579645947545            1.2184170661224505     
  0.69623832349854298            2.5064579645947545            1.3924766469970862     
  0.69623832349854298            2.5064579645947545            1.5665362278717216     
  0.69623832349854298            2.5064579645947545            1.7405958087463578     
  0.69623832349854298            2.5064579645947545            1.9146553896209932     
  0.69623832349854298            2.5064579645947545            2.0887149704956292     
  0.69623832349854298            2.5064579645947545            2.2627745513702648     
  0.69623832349854298            2.5064579645947545            2.4368341322449010     
  0.69623832349854298            2.5064579645947545            2.6108937131195367     
  0.69623832349854298            2.5064579645947545            2.7849532939941724     
  0.69623832349854298            2.5064579645947545            2.9590128748688080     
  0.69623832349854298            2.5064579645947545            3.1330724557434433     
  0.83548598819825159            0.0000000000000000            0.0000000000000000     
  0.83548598819825159            0.0000000000000000           0.17405958087463577     
  0.83548598819825159            0.0000000000000000           0.34811916174927154     
  0.83548598819825159            0.0000000000000000           0.52217874262390729     
  0.83548598819825159            0.0000000000000000           0.69623832349854309     
  0.83548598819825159            0.0000000000000000           0.87029790437317889     
  0.83548598819825159            0.0000000000000000            1.0443574852478146     
  0.83548598819825159            0.0000000000000000            1.2184170661224505     
  0.83548598819825159            0.0000000000000000            1.3924766469970862     
  0.83548598819825159            0.0000000000000000            1.5665362278717216     
  0.83548598819825159            0.0000000000000000            1.7405958087463578     
  0.83548598819825159            0.0000000000000000            1.9146553896209932     
  0.83548598819825159            0.0000000000000000            2.0887149704956292     
  0.83548598819825159            0.0000000000000000            2.2627745513702648     
  0.83548598819825159            0.0000000000000000            2.4368341322449010     
  0.83548598819825159            0.0000000000000000            2.6108937131195367     
  0.83548598819825159            0.0000000000000000            2.7849532939941724     
  0.83548598819825159            0.0000000000000000            2.9590128748688080     
  0.83548598819825159            0.0000000000000000            3.1330724557434433     
  0.83548598819825159           0.13924766469970859            0.0000000000000000     
  0.83548598819825159           0.13924766469970859           0.17405958087463577     
  0.83548598819825159           0.13924766469970859           0.34811916174927154     
  0.83548598819825159           0.13924766469970859           0.52217874262390729     
  0.83548598819825159           0.13924766469970859           0.69623832349854309     
  0.83548598819825159           0.13924766469970859           0.87029790437317889     
  0.83548598819825159           0.13924766469970859            1.0443574852478146     
  0.83548598819825159           0.13924766469970859            1.2184170661224505     
  0.83548598819825159           0.13924766469970859            1.3924766469970862     
  0.83548598819825159           0.13924766469970859            1.5665362278717216     
  0.83548598819825159           0.13924766469970859            1.7405958087463578     
  0.83548598819825159           0.13924766469970859            1.9146553896209932     
  0.83548598819825159           0.13924766469970859            2.0887149704956292     
  0.83548598819825159           0.13924766469970859            2.2627745513702648     
  0.83548598819825159           0.13924766469970859            2.4368341322449010     
  0.83548598819825159           0.13924766469970859            2.6108937131195367     
  0.83548598819825159           0.13924766469970859            2.7849532939941724     
  0.83548598819825159           0.13924766469970859            2.9590128748688080     
  0.83548598819825159           0.13924766469970859            3.1330724557434433     
  0.83548598819825159           0.27849532939941718            0.0000000000000000     
  0.83548598819825159           0.27849532939941718           0.17405958087463577     
  0.83548598819825159           0.27849532939941718           0.34811916174927154     
  0.83548598819825159           0.27849532939941718           0.52217874262390729     
  0.83548598819825159           0.27849532939941718           0.69623832349854309     
  0.83548598819825159           0.27849532939941718           0.87029790437317889     
  0.83548598819825159           0.27849532939941718            1.0443574852478146     
  0.83548598819825159           0.27849532939941718            1.2184170661224505     
  0.83548598819825159           0.27849532939941718            1.3924766469970862     
  0.83548598819825159           0.27849532939941718            1.5665362278717216     
  0.83548598819825159           0.27849532939941718            1.7405958087463578     
  0.83548598819825159           0.27849532939941718            1.9146553896209932     
  0.83548598819825159           0.27849532939941718            2.0887149704956292     
  0.83548598819825159           0.27849532939941718            2.2627745513702648     
  0.83548598819825159           0.27849532939941718            2.4368341322449010     
  0.83548598819825159           0.27849532939941718            2.6108937131195367     
  0.83548598819825159           0.27849532939941718            2.7849532939941724     
  0.83548598819825159           0.27849532939941718            2.9590128748688080     
  0.83548598819825159           0.27849532939941718            3.1330724557434433     
  0.83548598819825159           0.41774299409912580            0.0000000000000000     
  0.83548598819825159           0.41774299409912580           0.17405958087463577     
  0.83548598819825159           0.41774299409912580           0.34811916174927154     
  0.83548598819825159           0.41774299409912580           0.52217874262390729     
  0.83548598819825159           0.41774299409912580           0.69623832349854309     
  0.83548598819825159           0.41774299409912580           0.87029790437317889     
  0.83548598819825159           0.41774299409912580            1.0443574852478146     
  0.83548598819825159           0.41774299409912580            1.2184170661224505     
  0.83548598819825159           0.41774299409912580            1.3924766469970862     
  0.83548598819825159           0.41774299409912580            1.5665362278717216     
  0.83548598819825159           0.41774299409912580            1.7405958087463578     
  0.83548598819825159           0.41774299409912580            1.9146553896209932     
  0.83548598819825159           0.41774299409912580            2.0887149704956292     
  0.83548598819825159           0.41774299409912580            2.2627745513702648     
  0.83548598819825159           0.41774299409912580            2.4368341322449010     
  0.83548598819825159           0.41774299409912580            2.6108937131195367     
  0.83548598819825159           0.41774299409912580            2.7849532939941724     
  0.83548598819825159           0.41774299409912580            2.9590128748688080     
  0.83548598819825159           0.41774299409912580            3.1330724557434433     
  0.83548598819825159           0.55699065879883436            0.0000000000000000     
  0.83548598819825159           0.55699065879883436           0.17405958087463577     
  0.83548598819825159           0.55699065879883436           0.34811916174927154     
  0.83548598819825159           0.55699065879883436           0.52217874262390729     
  0.83548598819825159           0.55699065879883436           0.69623832349854309     
  0.83548598819825159           0.55699065879883436           0.87029790437317889     
  0.83548598819825159           0.55699065879883436            1.0443574852478146     
  0.83548598819825159           0.55699065879883436            1.2184170661224505     
  0.83548598819825159           0.55699065879883436            1.3924766469970862     
  0.83548598819825159           0.55699065879883436            1.5665362278717216     
  0.83548598819825159           0.55699065879883436            1.7405958087463578     
  0.83548598819825159           0.55699065879883436            1.9146553896209932     
  0.83548598819825159           0.55699065879883436            2.0887149704956292     
  0.83548598819825159           0.55699065879883436            2.2627745513702648     
  0.83548598819825159           0.55699065879883436            2.4368341322449010     
  0.83548598819825159           0.55699065879883436            2.6108937131195367     
  0.83548598819825159           0.55699065879883436            2.7849532939941724     
  0.83548598819825159           0.55699065879883436            2.9590128748688080     
  0.83548598819825159           0.55699065879883436            3.1330724557434433     
  0.83548598819825159           0.69623832349854298            0.0000000000000000     
  0.83548598819825159           0.69623832349854298           0.17405958087463577     
  0.83548598819825159           0.69623832349854298           0.34811916174927154     
  0.83548598819825159           0.69623832349854298           0.52217874262390729     
  0.83548598819825159           0.69623832349854298           0.69623832349854309     
  0.83548598819825159           0.69623832349854298           0.87029790437317889     
  0.83548598819825159           0.69623832349854298            1.0443574852478146     
  0.83548598819825159           0.69623832349854298            1.2184170661224505     
  0.83548598819825159           0.69623832349854298            1.3924766469970862     
  0.83548598819825159           0.69623832349854298            1.5665362278717216     
  0.83548598819825159           0.69623832349854298            1.7405958087463578     
  0.83548598819825159           0.69623832349854298            1.9146553896209932     
  0.83548598819825159           0.69623832349854298            2.0887149704956292     
  0.83548598819825159           0.69623832349854298            2.2627745513702648     
  0.83548598819825159           0.69623832349854298            2.4368341322449010     
  0.83548598819825159           0.69623832349854298            2.6108937131195367     
  0.83548598819825159           0.69623832349854298            2.7849532939941724     
  0.83548598819825159           0.69623832349854298            2.9590128748688080     
  0.83548598819825159           0.69623832349854298            3.1330724557434433     
  0.83548598819825159           0.83548598819825159            0.0000000000000000     
  0.83548598819825159           0.83548598819825159           0.17405958087463577     
  0.83548598819825159           0.83548598819825159           0.34811916174927154     
  0.83548598819825159           0.83548598819825159           0.52217874262390729     
  0.83548598819825159           0.83548598819825159           0.69623832349854309     
  0.83548598819825159           0.83548598819825159           0.87029790437317889     
  0.83548598819825159           0.83548598819825159            1.0443574852478146     
  0.83548598819825159           0.83548598819825159            1.2184170661224505     
  0.83548598819825159           0.83548598819825159            1.3924766469970862     
  0.83548598819825159           0.83548598819825159            1.5665362278717216     
  0.83548598819825159           0.83548598819825159            1.7405958087463578     
  0.83548598819825159           0.83548598819825159            1.9146553896209932     
  0.83548598819825159           0.83548598819825159            2.0887149704956292     
  0.83548598819825159           0.83548598819825159            2.2627745513702648     
  0.83548598819825159           0.83548598819825159            2.4368341322449010     
  0.83548598819825159           0.83548598819825159            2.6108937131195367     
  0.83548598819825159           0.83548598819825159            2.7849532939941724     
  0.83548598819825159           0.83548598819825159            2.9590128748688080     
  0.83548598819825159           0.83548598819825159            3.1330724557434433     
  0.83548598819825159           0.97473365289796032            0.0000000000000000     
  0.83548598819825159           0.97473365289796032           0.17405958087463577     
  0.83548598819825159           0.97473365289796032           0.34811916174927154     
  0.83548598819825159           0.97473365289796032           0.52217874262390729     
  0.83548598819825159           0.97473365289796032           0.69623832349854309     
  0.83548598819825159           0.97473365289796032           0.87029790437317889     
  0.83548598819825159           0.97473365289796032            1.0443574852478146     
  0.83548598819825159           0.97473365289796032            1.2184170661224505     
  0.83548598819825159           0.97473365289796032            1.3924766469970862     
  0.83548598819825159           0.97473365289796032            1.5665362278717216     
  0.83548598819825159           0.97473365289796032            1.7405958087463578     
  0.83548598819825159           0.97473365289796032            1.9146553896209932     
  0.83548598819825159           0.97473365289796032            2.0887149704956292     
  0.83548598819825159           0.97473365289796032            2.2627745513702648     
  0.83548598819825159           0.97473365289796032            2.4368341322449010     
  0.83548598819825159           0.97473365289796032            2.6108937131195367     
  0.83548598819825159           0.97473365289796032            2.7849532939941724     
  0.83548598819825159           0.97473365289796032            2.9590128748688080     
  0.83548598819825159           0.97473365289796032            3.1330724557434433     
  0.83548598819825159            1.1139813175976687            0.0000000000000000     
  0.83548598819825159            1.1139813175976687           0.17405958087463577     
  0.83548598819825159            1.1139813175976687           0.34811916174927154     
  0.83548598819825159            1.1139813175976687           0.52217874262390729     
  0.83548598819825159            1.1139813175976687           0.69623832349854309     
  0.83548598819825159            1.1139813175976687           0.87029790437317889     
  0.83548598819825159            1.1139813175976687            1.0443574852478146     
  0.83548598819825159            1.1139813175976687            1.2184170661224505     
  0.83548598819825159            1.1139813175976687            1.3924766469970862     
  0.83548598819825159            1.1139813175976687            1.5665362278717216     
  0.83548598819825159            1.1139813175976687            1.7405958087463578     
  0.83548598819825159            1.1139813175976687            1.9146553896209932     
  0.83548598819825159            1.1139813175976687            2.0887149704956292     
  0.83548598819825159            1.1139813175976687            2.2627745513702648     
  0.83548598819825159            1.1139813175976687            2.4368341322449010     
  0.83548598819825159            1.1139813175976687            2.6108937131195367     
  0.83548598819825159            1.1139813175976687            2.7849532939941724     
  0.83548598819825159            1.1139813175976687            2.9590128748688080     
  0.83548598819825159            1.1139813175976687            3.1330724557434433     
  0.83548598819825159            1.2532289822973772            0.0000000000000000     
  0.83548598819825159            1.2532289822973772           0.17405958087463577     
  0.83548598819825159            1.2532289822973772           0.34811916174927154     
  0.83548598819825159            1.2532289822973772           0.52217874262390729     
  0.83548598819825159            1.2532289822973772           0.69623832349854309     
  0.83548598819825159            1.2532289822973772           0.87029790437317889     
  0.83548598819825159            1.2532289822973772            1.0443574852478146     
  0.83548598819825159            1.2532289822973772            1.2184170661224505     
  0.83548598819825159            1.2532289822973772            1.3924766469970862     
  0.83548598819825159            1.2532289822973772            1.5665362278717216     
  0.83548598819825159            1.2532289822973772            1.7405958087463578     
  0.83548598819825159            1.2532289822973772            1.9146553896209932     
  0.83548598819825159            1.2532289822973772            2.0887149704956292     
  0.83548598819825159            1.2532289822973772            2.2627745513702648     
  0.83548598819825159            1.2532289822973772            2.4368341322449010     
  0.83548598819825159            1.2532289822973772            2.6108937131195367     
  0.83548598819825159            1.2532289822973772            2.7849532939941724     
  0.83548598819825159            1.2532289822973772            2.9590128748688080     
  0.83548598819825159            1.2532289822973772            3.1330724557434433     
  0.83548598819825159            1.3924766469970860            0.0000000000000000     
  0.83548598819825159            1.3924766469970860           0.17405958087463577     
  0.83548598819825159            1.3924766469970860           0.34811916174927154     
  0.83548598819825159            1.3924766469970860           0.52217874262390729     
  0.83548598819825159            1.3924766469970860           0.69623832349854309     
  0.83548598819825159            1.3924766469970860           0.87029790437317889     
  0.83548598819825159            1.3924766469970860            1.0443574852478146     
  0.83548598819825159            1.3924766469970860            1.2184170661224505     
  0.83548598819825159            1.3924766469970860            1.3924766469970862     
  0.83548598819825159            1.3924766469970860            1.5665362278717216     
  0.83548598819825159            1.3924766469970860            1.7405958087463578     
  0.83548598819825159            1.3924766469970860            1.9146553896209932     
  0.83548598819825159            1.3924766469970860            2.0887149704956292     
  0.83548598819825159            1.3924766469970860            2.2627745513702648     
  0.83548598819825159            1.3924766469970860            2.4368341322449010     
  0.83548598819825159            1.3924766469970860            2.6108937131195367     
  0.83548598819825159            1.3924766469970860            2.7849532939941724     
  0.83548598819825159            1.3924766469970860            2.9590128748688080     
  0.83548598819825159            1.3924766469970860            3.1330724557434433     
  0.83548598819825159            1.5317243116967947            0.0000000000000000     
  0.83548598819825159            1.5317243116967947           0.17405958087463577     
  0.83548598819825159            1.5317243116967947           0.34811916174927154     
  0.83548598819825159            1.5317243116967947           0.52217874262390729     
  0.83548598819825159            1.5317243116967947           0.69623832349854309     
  0.83548598819825159            1.5317243116967947           0.87029790437317889     
  0.83548598819825159            1.5317243116967947            1.0443574852478146     
  0.83548598819825159            1.5317243116967947            1.2184170661224505     
  0.83548598819825159            1.5317243116967947            1.3924766469970862     
  0.83548598819825159            1.5317243116967947            1.5665362278717216     
  0.83548598819825159            1.5317243116967947            1.7405958087463578     
  0.83548598819825159            1.5317243116967947            1.9146553896209932     
  0.83548598819825159            1.5317243116967947            2.0887149704956292     
  0.83548598819825159            1.5317243116967947            2.2627745513702648     
  0.83548598819825159            1.5317243116967947            2.4368341322449010     
  0.83548598819825159            1.5317243116967947            2.6108937131195367     
  0.83548598819825159            1.5317243116967947            2.7849532939941724     
  0.83548598819825159            1.5317243116967947            2.9590128748688080     
  0.83548598819825159            1.5317243116967947            3.1330724557434433     
  0.83548598819825159            1.6709719763965032            0.0000000000000000     
  0.83548598819825159            1.6709719763965032           0.17405958087463577     
  0.83548598819825159            1.6709719763965032           0.34811916174927154     
  0.83548598819825159            1.6709719763965032           0.52217874262390729     
  0.83548598819825159            1.6709719763965032           0.69623832349854309     
  0.83548598819825159            1.6709719763965032           0.87029790437317889     
  0.83548598819825159            1.6709719763965032            1.0443574852478146     
  0.83548598819825159            1.6709719763965032            1.2184170661224505     
  0.83548598819825159            1.6709719763965032            1.3924766469970862     
  0.83548598819825159            1.6709719763965032            1.5665362278717216     
  0.83548598819825159            1.6709719763965032            1.7405958087463578     
  0.83548598819825159            1.6709719763965032            1.9146553896209932     
  0.83548598819825159            1.6709719763965032            2.0887149704956292     
  0.83548598819825159            1.6709719763965032            2.2627745513702648     
  0.83548598819825159            1.6709719763965032            2.4368341322449010     
  0.83548598819825159            1.6709719763965032            2.6108937131195367     
  0.83548598819825159            1.6709719763965032            2.7849532939941724     
  0.83548598819825159            1.6709719763965032            2.9590128748688080     
  0.83548598819825159            1.6709719763965032            3.1330724557434433     
  0.83548598819825159            1.8102196410962119            0.0000000000000000     
  0.83548598819825159            1.8102196410962119           0.17405958087463577     
  0.83548598819825159            1.8102196410962119           0.34811916174927154     
  0.83548598819825159            1.8102196410962119           0.52217874262390729     
  0.83548598819825159            1.8102196410962119           0.69623832349854309     
  0.83548598819825159            1.8102196410962119           0.87029790437317889     
  0.83548598819825159            1.8102196410962119            1.0443574852478146     
  0.83548598819825159            1.8102196410962119            1.2184170661224505     
  0.83548598819825159            1.8102196410962119            1.3924766469970862     
  0.83548598819825159            1.8102196410962119            1.5665362278717216     
  0.83548598819825159            1.8102196410962119            1.7405958087463578     
  0.83548598819825159            1.8102196410962119            1.9146553896209932     
  0.83548598819825159            1.8102196410962119            2.0887149704956292     
  0.83548598819825159            1.8102196410962119            2.2627745513702648     
  0.83548598819825159            1.8102196410962119            2.4368341322449010     
  0.83548598819825159            1.8102196410962119            2.6108937131195367     
  0.83548598819825159            1.8102196410962119            2.7849532939941724     
  0.83548598819825159            1.8102196410962119            2.9590128748688080     
  0.83548598819825159            1.8102196410962119            3.1330724557434433     
  0.83548598819825159            1.9494673057959206            0.0000000000000000     
  0.83548598819825159            1.9494673057959206           0.17405958087463577     
  0.83548598819825159            1.9494673057959206           0.34811916174927154     
  0.83548598819825159            1.9494673057959206           0.52217874262390729     
  0.83548598819825159            1.9494673057959206           0.69623832349854309     
  0.83548598819825159            1.9494673057959206           0.87029790437317889     
  0.83548598819825159            1.9494673057959206            1.0443574852478146     
  0.83548598819825159            1.9494673057959206            1.2184170661224505     
  0.83548598819825159            1.9494673057959206            1.3924766469970862     
  0.83548598819825159            1.9494673057959206            1.5665362278717216     
  0.83548598819825159            1.9494673057959206            1.7405958087463578     
  0.83548598819825159            1.9494673057959206            1.9146553896209932     
  0.83548598819825159            1.9494673057959206            2.0887149704956292     
  0.83548598819825159            1.9494673057959206            2.2627745513702648     
  0.83548598819825159            1.9494673057959206            2.4368341322449010     
  0.83548598819825159            1.9494673057959206            2.6108937131195367     
  0.83548598819825159            1.9494673057959206            2.7849532939941724     
  0.83548598819825159            1.9494673057959206            2.9590128748688080     
  0.83548598819825159            1.9494673057959206            3.1330724557434433     
  0.83548598819825159            2.0887149704956292            0.0000000000000000     
  0.83548598819825159            2.0887149704956292           0.17405958087463577     
  0.83548598819825159            2.0887149704956292           0.34811916174927154     
  0.83548598819825159            2.0887149704956292           0.52217874262390729     
  0.83548598819825159            2.0887149704956292           0.69623832349854309     
  0.83548598819825159            2.0887149704956292           0.87029790437317889     
  0.83548598819825159            2.0887149704956292            1.0443574852478146     
  0.83548598819825159            2.0887149704956292            1.2184170661224505     
  0.83548598819825159            2.0887149704956292            1.3924766469970862     
  0.83548598819825159            2.0887149704956292            1.5665362278717216     
  0.83548598819825159            2.0887149704956292            1.7405958087463578     
  0.83548598819825159            2.0887149704956292            1.9146553896209932     
  0.83548598819825159            2.0887149704956292            2.0887149704956292     
  0.83548598819825159            2.0887149704956292            2.2627745513702648     
  0.83548598819825159            2.0887149704956292            2.4368341322449010     
  0.83548598819825159            2.0887149704956292            2.6108937131195367     
  0.83548598819825159            2.0887149704956292            2.7849532939941724     
  0.83548598819825159            2.0887149704956292            2.9590128748688080     
  0.83548598819825159            2.0887149704956292            3.1330724557434433     
  0.83548598819825159            2.2279626351953374            0.0000000000000000     
  0.83548598819825159            2.2279626351953374           0.17405958087463577     
  0.83548598819825159            2.2279626351953374           0.34811916174927154     
  0.83548598819825159            2.2279626351953374           0.52217874262390729     
  0.83548598819825159            2.2279626351953374           0.69623832349854309     
  0.83548598819825159            2.2279626351953374           0.87029790437317889     
  0.83548598819825159            2.2279626351953374            1.0443574852478146     
  0.83548598819825159            2.2279626351953374            1.2184170661224505     
  0.83548598819825159            2.2279626351953374            1.3924766469970862     
  0.83548598819825159            2.2279626351953374            1.5665362278717216     
  0.83548598819825159            2.2279626351953374            1.7405958087463578     
  0.83548598819825159            2.2279626351953374            1.9146553896209932     
  0.83548598819825159            2.2279626351953374            2.0887149704956292     
  0.83548598819825159            2.2279626351953374            2.2627745513702648     
  0.83548598819825159            2.2279626351953374            2.4368341322449010     
  0.83548598819825159            2.2279626351953374            2.6108937131195367     
  0.83548598819825159            2.2279626351953374            2.7849532939941724     
  0.83548598819825159            2.2279626351953374            2.9590128748688080     
  0.83548598819825159            2.2279626351953374            3.1330724557434433     
  0.83548598819825159            2.3672102998950462            0.0000000000000000     
  0.83548598819825159            2.3672102998950462           0.17405958087463577     
  0.83548598819825159            2.3672102998950462           0.34811916174927154     
  0.83548598819825159            2.3672102998950462           0.52217874262390729     
  0.83548598819825159            2.3672102998950462           0.69623832349854309     
  0.83548598819825159            2.3672102998950462           0.87029790437317889     
  0.83548598819825159            2.3672102998950462            1.0443574852478146     
  0.83548598819825159            2.3672102998950462            1.2184170661224505     
  0.83548598819825159            2.3672102998950462            1.3924766469970862     
  0.83548598819825159            2.3672102998950462            1.5665362278717216     
  0.83548598819825159            2.3672102998950462            1.7405958087463578     
  0.83548598819825159            2.3672102998950462            1.9146553896209932     
  0.83548598819825159            2.3672102998950462            2.0887149704956292     
  0.83548598819825159            2.3672102998950462            2.2627745513702648     
  0.83548598819825159            2.3672102998950462            2.4368341322449010     
  0.83548598819825159            2.3672102998950462            2.6108937131195367     
  0.83548598819825159            2.3672102998950462            2.7849532939941724     
  0.83548598819825159            2.3672102998950462            2.9590128748688080     
  0.83548598819825159            2.3672102998950462            3.1330724557434433     
  0.83548598819825159            2.5064579645947545            0.0000000000000000     
  0.83548598819825159            2.5064579645947545           0.17405958087463577     
  0.83548598819825159            2.5064579645947545           0.34811916174927154     
  0.83548598819825159            2.5064579645947545           0.52217874262390729     
  0.83548598819825159            2.5064579645947545           0.69623832349854309     
  0.83548598819825159            2.5064579645947545           0.87029790437317889     
  0.83548598819825159            2.5064579645947545            1.0443574852478146     
  0.83548598819825159            2.5064579645947545            1.2184170661224505     
  0.83548598819825159            2.5064579645947545            1.3924766469970862     
  0.83548598819825159            2.5064579645947545            1.5665362278717216     
  0.83548598819825159            2.5064579645947545            1.7405958087463578     
  0.83548598819825159            2.5064579645947545            1.9146553896209932     
  0.83548598819825159            2.5064579645947545            2.0887149704956292     
  0.83548598819825159            2.5064579645947545            2.2627745513702648     
  0.83548598819825159            2.5064579645947545            2.4368341322449010     
  0.83548598819825159            2.5064579645947545            2.6108937131195367     
  0.83548598819825159            2.5064579645947545            2.7849532939941724     
  0.83548598819825159            2.5064579645947545            2.9590128748688080     
  0.83548598819825159            2.5064579645947545            3.1330724557434433     
  0.97473365289796032            0.0000000000000000            0.0000000000000000     
  0.97473365289796032            0.0000000000000000           0.17405958087463577     
  0.97473365289796032            0.0000000000000000           0.34811916174927154     
  0.97473365289796032            0.0000000000000000           0.52217874262390729     
  0.97473365289796032            0.0000000000000000           0.69623832349854309     
  0.97473365289796032            0.0000000000000000           0.87029790437317889     
  0.97473365289796032            0.0000000000000000            1.0443574852478146     
  0.97473365289796032            0.0000000000000000            1.2184170661224505     
  0.97473365289796032            0.0000000000000000            1.3924766469970862     
  0.97473365289796032            0.0000000000000000            1.5665362278717216     
  0.97473365289796032            0.0000000000000000            1.7405958087463578     
  0.97473365289796032            0.0000000000000000            1.9146553896209932     
  0.97473365289796032            0.0000000000000000            2.0887149704956292     
  0.97473365289796032            0.0000000000000000            2.2627745513702648     
  0.97473365289796032            0.0000000000000000            2.4368341322449010     
  0.97473365289796032            0.0000000000000000            2.6108937131195367     
  0.97473365289796032            0.0000000000000000            2.7849532939941724     
  0.97473365289796032            0.0000000000000000            2.9590128748688080     
  0.97473365289796032            0.0000000000000000            3.1330724557434433     
  0.97473365289796032           0.13924766469970859            0.0000000000000000     
  0.97473365289796032           0.13924766469970859           0.17405958087463577     
  0.97473365289796032           0.13924766469970859           0.34811916174927154     
  0.97473365289796032           0.13924766469970859           0.52217874262390729     
  0.97473365289796032           0.13924766469970859           0.69623832349854309     
  0.97473365289796032           0.13924766469970859           0.87029790437317889     
  0.97473365289796032           0.13924766469970859            1.0443574852478146     
  0.97473365289796032           0.13924766469970859            1.2184170661224505     
  0.97473365289796032           0.13924766469970859            1.3924766469970862     
  0.97473365289796032           0.13924766469970859            1.5665362278717216     
  0.97473365289796032           0.13924766469970859            1.7405958087463578     
  0.97473365289796032           0.13924766469970859            1.9146553896209932     
  0.97473365289796032           0.13924766469970859            2.0887149704956292     
  0.97473365289796032           0.13924766469970859            2.2627745513702648     
  0.97473365289796032           0.13924766469970859            2.4368341322449010     
  0.97473365289796032           0.13924766469970859            2.6108937131195367     
  0.97473365289796032           0.13924766469970859            2.7849532939941724     
  0.97473365289796032           0.13924766469970859            2.9590128748688080     
  0.97473365289796032           0.13924766469970859            3.1330724557434433     
  0.97473365289796032           0.27849532939941718            0.0000000000000000     
  0.97473365289796032           0.27849532939941718           0.17405958087463577     
  0.97473365289796032           0.27849532939941718           0.34811916174927154     
  0.97473365289796032           0.27849532939941718           0.52217874262390729     
  0.97473365289796032           0.27849532939941718           0.69623832349854309     
  0.97473365289796032           0.27849532939941718           0.87029790437317889     
  0.97473365289796032           0.27849532939941718            1.0443574852478146     
  0.97473365289796032           0.27849532939941718            1.2184170661224505     
  0.97473365289796032           0.27849532939941718            1.3924766469970862     
  0.97473365289796032           0.27849532939941718            1.5665362278717216     
  0.97473365289796032           0.27849532939941718            1.7405958087463578     
  0.97473365289796032           0.27849532939941718            1.9146553896209932     
  0.97473365289796032           0.27849532939941718            2.0887149704956292     
  0.97473365289796032           0.27849532939941718            2.2627745513702648     
  0.97473365289796032           0.27849532939941718            2.4368341322449010     
  0.97473365289796032           0.27849532939941718            2.6108937131195367     
  0.97473365289796032           0.27849532939941718            2.7849532939941724     
  0.97473365289796032           0.27849532939941718            2.9590128748688080     
  0.97473365289796032           0.27849532939941718            3.1330724557434433     
  0.97473365289796032           0.41774299409912580            0.0000000000000000     
  0.97473365289796032           0.41774299409912580           0.17405958087463577     
  0.97473365289796032           0.41774299409912580           0.34811916174927154     
  0.97473365289796032           0.41774299409912580           0.52217874262390729     
  0.97473365289796032           0.41774299409912580           0.69623832349854309     
  0.97473365289796032           0.41774299409912580           0.87029790437317889     
  0.97473365289796032           0.41774299409912580            1.0443574852478146     
  0.97473365289796032           0.41774299409912580            1.2184170661224505     
  0.97473365289796032           0.41774299409912580            1.3924766469970862     
  0.97473365289796032           0.41774299409912580            1.5665362278717216     
  0.97473365289796032           0.41774299409912580            1.7405958087463578     
  0.97473365289796032           0.41774299409912580            1.9146553896209932     
  0.97473365289796032           0.41774299409912580            2.0887149704956292     
  0.97473365289796032           0.41774299409912580            2.2627745513702648     
  0.97473365289796032           0.41774299409912580            2.4368341322449010     
  0.97473365289796032           0.41774299409912580            2.6108937131195367     
  0.97473365289796032           0.41774299409912580            2.7849532939941724     
  0.97473365289796032           0.41774299409912580            2.9590128748688080     
  0.97473365289796032           0.41774299409912580            3.1330724557434433     
  0.97473365289796032           0.55699065879883436            0.0000000000000000     
  0.97473365289796032           0.55699065879883436           0.17405958087463577     
  0.97473365289796032           0.55699065879883436           0.34811916174927154     
  0.97473365289796032           0.55699065879883436           0.52217874262390729     
  0.97473365289796032           0.55699065879883436           0.69623832349854309     
  0.97473365289796032           0.55699065879883436           0.87029790437317889     
  0.97473365289796032           0.55699065879883436            1.0443574852478146     
  0.97473365289796032           0.55699065879883436            1.2184170661224505     
  0.97473365289796032           0.55699065879883436            1.3924766469970862     
  0.97473365289796032           0.55699065879883436            1.5665362278717216     
  0.97473365289796032           0.55699065879883436            1.7405958087463578     
  0.97473365289796032           0.55699065879883436            1.9146553896209932     
  0.97473365289796032           0.55699065879883436            2.0887149704956292     
  0.97473365289796032           0.55699065879883436            2.2627745513702648     
  0.97473365289796032           0.55699065879883436            2.4368341322449010     
  0.97473365289796032           0.55699065879883436            2.6108937131195367     
  0.97473365289796032           0.55699065879883436            2.7849532939941724     
  0.97473365289796032           0.55699065879883436            2.9590128748688080     
  0.97473365289796032           0.55699065879883436            3.1330724557434433     
  0.97473365289796032           0.69623832349854298            0.0000000000000000     
  0.97473365289796032           0.69623832349854298           0.17405958087463577     
  0.97473365289796032           0.69623832349854298           0.34811916174927154     
  0.97473365289796032           0.69623832349854298           0.52217874262390729     
  0.97473365289796032           0.69623832349854298           0.69623832349854309     
  0.97473365289796032           0.69623832349854298           0.87029790437317889     
  0.97473365289796032           0.69623832349854298            1.0443574852478146     
  0.97473365289796032           0.69623832349854298            1.2184170661224505     
  0.97473365289796032           0.69623832349854298            1.3924766469970862     
  0.97473365289796032           0.69623832349854298            1.5665362278717216     
  0.97473365289796032           0.69623832349854298            1.7405958087463578     
  0.97473365289796032           0.69623832349854298            1.9146553896209932     
  0.97473365289796032           0.69623832349854298            2.0887149704956292     
  0.97473365289796032           0.69623832349854298            2.2627745513702648     
  0.97473365289796032           0.69623832349854298            2.4368341322449010     
  0.97473365289796032           0.69623832349854298            2.6108937131195367     
  0.97473365289796032           0.69623832349854298            2.7849532939941724     
  0.97473365289796032           0.69623832349854298            2.9590128748688080     
  0.97473365289796032           0.69623832349854298            3.1330724557434433     
  0.97473365289796032           0.83548598819825159            0.0000000000000000     
  0.97473365289796032           0.83548598819825159           0.17405958087463577     
  0.97473365289796032           0.83548598819825159           0.34811916174927154     
  0.97473365289796032           0.83548598819825159           0.52217874262390729     
  0.97473365289796032           0.83548598819825159           0.69623832349854309     
  0.97473365289796032           0.83548598819825159           0.87029790437317889     
  0.97473365289796032           0.83548598819825159            1.0443574852478146     
  0.97473365289796032           0.83548598819825159            1.2184170661224505     
  0.97473365289796032           0.83548598819825159            1.3924766469970862     
  0.97473365289796032           0.83548598819825159            1.5665362278717216     
  0.97473365289796032           0.83548598819825159            1.7405958087463578     
  0.97473365289796032           0.83548598819825159            1.9146553896209932     
  0.97473365289796032           0.83548598819825159            2.0887149704956292     
  0.97473365289796032           0.83548598819825159            2.2627745513702648     
  0.97473365289796032           0.83548598819825159            2.4368341322449010     
  0.97473365289796032           0.83548598819825159            2.6108937131195367     
  0.97473365289796032           0.83548598819825159            2.7849532939941724     
  0.97473365289796032           0.83548598819825159            2.9590128748688080     
  0.97473365289796032           0.83548598819825159            3.1330724557434433     
  0.97473365289796032           0.97473365289796032            0.0000000000000000     
  0.97473365289796032           0.97473365289796032           0.17405958087463577     
  0.97473365289796032           0.97473365289796032           0.34811916174927154     
  0.97473365289796032           0.97473365289796032           0.52217874262390729     
  0.97473365289796032           0.97473365289796032           0.69623832349854309     
  0.97473365289796032           0.97473365289796032           0.87029790437317889     
  0.97473365289796032           0.97473365289796032            1.0443574852478146     
  0.97473365289796032           0.97473365289796032            1.2184170661224505     
  0.97473365289796032           0.97473365289796032            1.3924766469970862     
  0.97473365289796032           0.97473365289796032            1.5665362278717216     
  0.97473365289796032           0.97473365289796032            1.7405958087463578     
  0.97473365289796032           0.97473365289796032            1.9146553896209932     
  0.97473365289796032           0.97473365289796032            2.0887149704956292     
  0.97473365289796032           0.97473365289796032            2.2627745513702648     
  0.97473365289796032           0.97473365289796032            2.4368341322449010     
  0.97473365289796032           0.97473365289796032            2.6108937131195367     
  0.97473365289796032           0.97473365289796032            2.7849532939941724     
  0.97473365289796032           0.97473365289796032            2.9590128748688080     
  0.97473365289796032           0.97473365289796032            3.1330724557434433     
  0.97473365289796032            1.1139813175976687            0.0000000000000000     
  0.97473365289796032            1.1139813175976687           0.17405958087463577     
  0.97473365289796032            1.1139813175976687           0.34811916174927154     
  0.97473365289796032            1.1139813175976687           0.52217874262390729     
  0.97473365289796032            1.1139813175976687           0.69623832349854309     
  0.97473365289796032            1.1139813175976687           0.87029790437317889     
  0.97473365289796032            1.1139813175976687            1.0443574852478146     
  0.97473365289796032            1.1139813175976687            1.2184170661224505     
  0.97473365289796032            1.1139813175976687            1.3924766469970862     
  0.97473365289796032            1.1139813175976687            1.5665362278717216     
  0.97473365289796032            1.1139813175976687            1.7405958087463578     
  0.97473365289796032            1.1139813175976687            1.9146553896209932     
  0.97473365289796032            1.1139813175976687            2.0887149704956292     
  0.97473365289796032            1.1139813175976687            2.2627745513702648     
  0.97473365289796032            1.1139813175976687            2.4368341322449010     
  0.97473365289796032            1.1139813175976687            2.6108937131195367     
  0.97473365289796032            1.1139813175976687            2.7849532939941724     
  0.97473365289796032            1.1139813175976687            2.9590128748688080     
  0.97473365289796032            1.1139813175976687            3.1330724557434433     
  0.97473365289796032            1.2532289822973772            0.0000000000000000     
  0.97473365289796032            1.2532289822973772           0.17405958087463577     
  0.97473365289796032            1.2532289822973772           0.34811916174927154     
  0.97473365289796032            1.2532289822973772           0.52217874262390729     
  0.97473365289796032            1.2532289822973772           0.69623832349854309     
  0.97473365289796032            1.2532289822973772           0.87029790437317889     
  0.97473365289796032            1.2532289822973772            1.0443574852478146     
  0.97473365289796032            1.2532289822973772            1.2184170661224505     
  0.97473365289796032            1.2532289822973772            1.3924766469970862     
  0.97473365289796032            1.2532289822973772            1.5665362278717216     
  0.97473365289796032            1.2532289822973772            1.7405958087463578     
  0.97473365289796032            1.2532289822973772            1.9146553896209932     
  0.97473365289796032            1.2532289822973772            2.0887149704956292     
  0.97473365289796032            1.2532289822973772            2.2627745513702648     
  0.97473365289796032            1.2532289822973772            2.4368341322449010     
  0.97473365289796032            1.2532289822973772            2.6108937131195367     
  0.97473365289796032            1.2532289822973772            2.7849532939941724     
  0.97473365289796032            1.2532289822973772            2.9590128748688080     
  0.97473365289796032            1.2532289822973772            3.1330724557434433     
  0.97473365289796032            1.3924766469970860            0.0000000000000000     
  0.97473365289796032            1.3924766469970860           0.17405958087463577     
  0.97473365289796032            1.3924766469970860           0.34811916174927154     
  0.97473365289796032            1.3924766469970860           0.52217874262390729     
  0.97473365289796032            1.3924766469970860           0.69623832349854309     
  0.97473365289796032            1.3924766469970860           0.87029790437317889     
  0.97473365289796032            1.3924766469970860            1.0443574852478146     
  0.97473365289796032            1.3924766469970860            1.2184170661224505     
  0.97473365289796032            1.3924766469970860            1.3924766469970862     
  0.97473365289796032            1.3924766469970860            1.5665362278717216     
  0.97473365289796032            1.3924766469970860            1.7405958087463578     
  0.97473365289796032            1.3924766469970860            1.9146553896209932     
  0.97473365289796032            1.3924766469970860            2.0887149704956292     
  0.97473365289796032            1.3924766469970860            2.2627745513702648     
  0.97473365289796032            1.3924766469970860            2.4368341322449010     
  0.97473365289796032            1.3924766469970860            2.6108937131195367     
  0.97473365289796032            1.3924766469970860            2.7849532939941724     
  0.97473365289796032            1.3924766469970860            2.9590128748688080     
  0.97473365289796032            1.3924766469970860            3.1330724557434433     
  0.97473365289796032            1.5317243116967947            0.0000000000000000     
  0.97473365289796032            1.5317243116967947           0.17405958087463577     
  0.97473365289796032            1.5317243116967947           0.34811916174927154     
  0.97473365289796032            1.5317243116967947           0.52217874262390729     
  0.97473365289796032            1.5317243116967947           0.69623832349854309     
  0.97473365289796032            1.5317243116967947           0.87029790437317889     
  0.97473365289796032            1.5317243116967947            1.0443574852478146     
  0.97473365289796032            1.5317243116967947            1.2184170661224505     
  0.97473365289796032            1.5317243116967947            1.3924766469970862     
  0.97473365289796032            1.5317243116967947            1.5665362278717216     
  0.97473365289796032            1.5317243116967947            1.7405958087463578     
  0.97473365289796032            1.5317243116967947            1.9146553896209932     
  0.97473365289796032            1.5317243116967947            2.0887149704956292     
  0.97473365289796032            1.5317243116967947            2.2627745513702648     
  0.97473365289796032            1.5317243116967947            2.4368341322449010     
  0.97473365289796032            1.5317243116967947            2.6108937131195367     
  0.97473365289796032            1.5317243116967947            2.7849532939941724     
  0.97473365289796032            1.5317243116967947            2.9590128748688080     
  0.97473365289796032            1.5317243116967947            3.1330724557434433     
  0.97473365289796032            1.6709719763965032            0.0000000000000000     
  0.97473365289796032            1.6709719763965032           0.17405958087463577     
  0.97473365289796032            1.6709719763965032           0.34811916174927154     
  0.97473365289796032            1.6709719763965032           0.52217874262390729     
  0.97473365289796032            1.6709719763965032           0.69623832349854309     
  0.97473365289796032            1.6709719763965032           0.87029790437317889     
  0.97473365289796032            1.6709719763965032            1.0443574852478146     
  0.97473365289796032            1.6709719763965032            1.2184170661224505     
  0.97473365289796032            1.6709719763965032            1.3924766469970862     
  0.97473365289796032            1.6709719763965032            1.5665362278717216     
  0.97473365289796032            1.6709719763965032            1.7405958087463578     
  0.97473365289796032            1.6709719763965032            1.9146553896209932     
  0.97473365289796032            1.6709719763965032            2.0887149704956292     
  0.97473365289796032            1.6709719763965032            2.2627745513702648     
  0.97473365289796032            1.6709719763965032            2.4368341322449010     
  0.97473365289796032            1.6709719763965032            2.6108937131195367     
  0.97473365289796032            1.6709719763965032            2.7849532939941724     
  0.97473365289796032            1.6709719763965032            2.9590128748688080     
  0.97473365289796032            1.6709719763965032            3.1330724557434433     
  0.97473365289796032            1.8102196410962119            0.0000000000000000     
  0.97473365289796032            1.8102196410962119           0.17405958087463577     
  0.97473365289796032            1.8102196410962119           0.34811916174927154     
  0.97473365289796032            1.8102196410962119           0.52217874262390729     
  0.97473365289796032            1.8102196410962119           0.69623832349854309     
  0.97473365289796032            1.8102196410962119           0.87029790437317889     
  0.97473365289796032            1.8102196410962119            1.0443574852478146     
  0.97473365289796032            1.8102196410962119            1.2184170661224505     
  0.97473365289796032            1.8102196410962119            1.3924766469970862     
  0.97473365289796032            1.8102196410962119            1.5665362278717216     
  0.97473365289796032            1.8102196410962119            1.7405958087463578     
  0.97473365289796032            1.8102196410962119            1.9146553896209932     
  0.97473365289796032            1.8102196410962119            2.0887149704956292     
  0.97473365289796032            1.8102196410962119            2.2627745513702648     
  0.97473365289796032            1.8102196410962119            2.4368341322449010     
  0.97473365289796032            1.8102196410962119            2.6108937131195367     
  0.97473365289796032            1.8102196410962119            2.7849532939941724     
  0.97473365289796032            1.8102196410962119            2.9590128748688080     
  0.97473365289796032            1.8102196410962119            3.1330724557434433     
  0.97473365289796032            1.9494673057959206            0.0000000000000000     
  0.97473365289796032            1.9494673057959206           0.17405958087463577     
  0.97473365289796032            1.9494673057959206           0.34811916174927154     
  0.97473365289796032            1.9494673057959206           0.52217874262390729     
  0.97473365289796032            1.9494673057959206           0.69623832349854309     
  0.97473365289796032            1.9494673057959206           0.87029790437317889     
  0.97473365289796032            1.9494673057959206            1.0443574852478146     
  0.97473365289796032            1.9494673057959206            1.2184170661224505     
  0.97473365289796032            1.9494673057959206            1.3924766469970862     
  0.97473365289796032            1.9494673057959206            1.5665362278717216     
  0.97473365289796032            1.9494673057959206            1.7405958087463578     
  0.97473365289796032            1.9494673057959206            1.9146553896209932     
  0.97473365289796032            1.9494673057959206            2.0887149704956292     
  0.97473365289796032            1.9494673057959206            2.2627745513702648     
  0.97473365289796032            1.9494673057959206            2.4368341322449010     
  0.97473365289796032            1.9494673057959206            2.6108937131195367     
  0.97473365289796032            1.9494673057959206            2.7849532939941724     
  0.97473365289796032            1.9494673057959206            2.9590128748688080     
  0.97473365289796032            1.9494673057959206            3.1330724557434433     
  0.97473365289796032            2.0887149704956292            0.0000000000000000     
  0.97473365289796032            2.0887149704956292           0.17405958087463577     
  0.97473365289796032            2.0887149704956292           0.34811916174927154     
  0.97473365289796032            2.0887149704956292           0.52217874262390729     
  0.97473365289796032            2.0887149704956292           0.69623832349854309     
  0.97473365289796032            2.0887149704956292           0.87029790437317889     
  0.97473365289796032            2.0887149704956292            1.0443574852478146     
  0.97473365289796032            2.0887149704956292            1.2184170661224505     
  0.97473365289796032            2.0887149704956292            1.3924766469970862     
  0.97473365289796032            2.0887149704956292            1.5665362278717216     
  0.97473365289796032            2.0887149704956292            1.7405958087463578     
  0.97473365289796032            2.0887149704956292            1.9146553896209932     
  0.97473365289796032            2.0887149704956292            2.0887149704956292     
  0.97473365289796032            2.0887149704956292            2.2627745513702648     
  0.97473365289796032            2.0887149704956292            2.4368341322449010     
  0.97473365289796032            2.0887149704956292            2.6108937131195367     
  0.97473365289796032            2.0887149704956292            2.7849532939941724     
  0.97473365289796032            2.0887149704956292            2.9590128748688080     
  0.97473365289796032            2.0887149704956292            3.1330724557434433     
  0.97473365289796032            2.2279626351953374            0.0000000000000000     
  0.97473365289796032            2.2279626351953374           0.17405958087463577     
  0.97473365289796032            2.2279626351953374           0.34811916174927154     
  0.97473365289796032            2.2279626351953374           0.52217874262390729     
  0.97473365289796032            2.2279626351953374           0.69623832349854309     
  0.97473365289796032            2.2279626351953374           0.87029790437317889     
  0.97473365289796032            2.2279626351953374            1.0443574852478146     
  0.97473365289796032            2.2279626351953374            1.2184170661224505     
  0.97473365289796032            2.2279626351953374            1.3924766469970862     
  0.97473365289796032            2.2279626351953374            1.5665362278717216     
  0.97473365289796032            2.2279626351953374            1.7405958087463578     
  0.97473365289796032            2.2279626351953374            1.9146553896209932     
  0.97473365289796032            2.2279626351953374            2.0887149704956292     
  0.97473365289796032            2.2279626351953374            2.2627745513702648     
  0.97473365289796032            2.2279626351953374            2.4368341322449010     
  0.97473365289796032            2.2279626351953374            2.6108937131195367     
  0.97473365289796032            2.2279626351953374            2.7849532939941724     
  0.97473365289796032            2.2279626351953374            2.9590128748688080     
  0.97473365289796032            2.2279626351953374            3.1330724557434433     
  0.97473365289796032            2.3672102998950462            0.0000000000000000     
  0.97473365289796032            2.3672102998950462           0.17405958087463577     
  0.97473365289796032            2.3672102998950462           0.34811916174927154     
  0.97473365289796032            2.3672102998950462           0.52217874262390729     
  0.97473365289796032            2.3672102998950462           0.69623832349854309     
  0.97473365289796032            2.3672102998950462           0.87029790437317889     
  0.97473365289796032            2.3672102998950462            1.0443574852478146     
  0.97473365289796032            2.3672102998950462            1.2184170661224505     
  0.97473365289796032            2.3672102998950462            1.3924766469970862     
  0.97473365289796032            2.3672102998950462            1.5665362278717216     
  0.97473365289796032            2.3672102998950462            1.7405958087463578     
  0.97473365289796032            2.3672102998950462            1.9146553896209932     
  0.97473365289796032            2.3672102998950462            2.0887149704956292     
  0.97473365289796032            2.3672102998950462            2.2627745513702648     
  0.97473365289796032            2.3672102998950462            2.4368341322449010     
  0.97473365289796032            2.3672102998950462            2.6108937131195367     
  0.97473365289796032            2.3672102998950462            2.7849532939941724     
  0.97473365289796032            2.3672102998950462            2.9590128748688080     
  0.97473365289796032            2.3672102998950462            3.1330724557434433     
  0.97473365289796032            2.5064579645947545            0.0000000000000000     
  0.97473365289796032            2.5064579645947545           0.17405958087463577     
  0.97473365289796032            2.5064579645947545           0.34811916174927154     
  0.97473365289796032            2.5064579645947545           0.52217874262390729     
  0.97473365289796032            2.5064579645947545           0.69623832349854309     
  0.97473365289796032            2.5064579645947545           0.87029790437317889     
  0.97473365289796032            2.5064579645947545            1.0443574852478146     
  0.97473365289796032            2.5064579645947545            1.2184170661224505     
  0.97473365289796032            2.5064579645947545            1.3924766469970862     
  0.97473365289796032            2.5064579645947545            1.5665362278717216     
  0.97473365289796032            2.5064579645947545            1.7405958087463578     
  0.97473365289796032            2.5064579645947545            1.9146553896209932     
  0.97473365289796032            2.5064579645947545            2.0887149704956292     
  0.97473365289796032            2.5064579645947545            2.2627745513702648     
  0.97473365289796032            2.5064579645947545            2.4368341322449010     
  0.97473365289796032            2.5064579645947545            2.6108937131195367     
  0.97473365289796032            2.5064579645947545            2.7849532939941724     
  0.97473365289796032            2.5064579645947545            2.9590128748688080     
  0.97473365289796032            2.5064579645947545            3.1330724557434433     
   1.1139813175976687            0.0000000000000000            0.0000000000000000     
   1.1139813175976687            0.0000000000000000           0.17405958087463577     
   1.1139813175976687            0.0000000000000000           0.34811916174927154     
   1.1139813175976687            0.0000000000000000           0.52217874262390729     
   1.1139813175976687            0.0000000000000000           0.69623832349854309     
   1.1139813175976687            0.0000000000000000           0.87029790437317889     
   1.1139813175976687            0.0000000000000000            1.0443574852478146     
   1.1139813175976687            0.0000000000000000            1.2184170661224505     
   1.1139813175976687            0.0000000000000000            1.3924766469970862     
   1.1139813175976687            0.0000000000000000            1.5665362278717216     
   1.1139813175976687            0.0000000000000000            1.7405958087463578     
   1.1139813175976687            0.0000000000000000            1.9146553896209932     
   1.1139813175976687            0.0000000000000000            2.0887149704956292     
   1.1139813175976687            0.0000000000000000            2.2627745513702648     
   1.1139813175976687            0.0000000000000000            2.4368341322449010     
   1.1139813175976687            0.0000000000000000            2.6108937131195367     
   1.1139813175976687            0.0000000000000000            2.7849532939941724     
   1.1139813175976687            0.0000000000000000            2.9590128748688080     
   1.1139813175976687            0.0000000000000000            3.1330724557434433     
   1.1139813175976687           0.13924766469970859            0.0000000000000000     
   1.1139813175976687           0.13924766469970859           0.17405958087463577     
   1.1139813175976687           0.13924766469970859           0.34811916174927154     
   1.1139813175976687           0.13924766469970859           0.52217874262390729     
   1.1139813175976687           0.13924766469970859           0.69623832349854309     
   1.1139813175976687           0.13924766469970859           0.87029790437317889     
   1.1139813175976687           0.13924766469970859            1.0443574852478146     
   1.1139813175976687           0.13924766469970859            1.2184170661224505     
   1.1139813175976687           0.13924766469970859            1.3924766469970862     
   1.1139813175976687           0.13924766469970859            1.5665362278717216     
   1.1139813175976687           0.13924766469970859            1.7405958087463578     
   1.1139813175976687           0.13924766469970859            1.9146553896209932     
   1.1139813175976687           0.13924766469970859            2.0887149704956292     
   1.1139813175976687           0.13924766469970859            2.2627745513702648     
   1.1139813175976687           0.13924766469970859            2.4368341322449010     
   1.1139813175976687           0.13924766469970859            2.6108937131195367     
   1.1139813175976687           0.13924766469970859            2.7849532939941724     
   1.1139813175976687           0.13924766469970859            2.9590128748688080     
   1.1139813175976687           0.13924766469970859            3.1330724557434433     
   1.1139813175976687           0.27849532939941718            0.0000000000000000     
   1.1139813175976687           0.27849532939941718           0.17405958087463577     
   1.1139813175976687           0.27849532939941718           0.34811916174927154     
   1.1139813175976687           0.27849532939941718           0.52217874262390729     
   1.1139813175976687           0.27849532939941718           0.69623832349854309     
   1.1139813175976687           0.27849532939941718           0.87029790437317889     
   1.1139813175976687           0.27849532939941718            1.0443574852478146     
   1.1139813175976687           0.27849532939941718            1.2184170661224505     
   1.1139813175976687           0.27849532939941718            1.3924766469970862     
   1.1139813175976687           0.27849532939941718            1.5665362278717216     
   1.1139813175976687           0.27849532939941718            1.7405958087463578     
   1.1139813175976687           0.27849532939941718            1.9146553896209932     
   1.1139813175976687           0.27849532939941718            2.0887149704956292     
   1.1139813175976687           0.27849532939941718            2.2627745513702648     
   1.1139813175976687           0.27849532939941718            2.4368341322449010     
   1.1139813175976687           0.27849532939941718            2.6108937131195367     
   1.1139813175976687           0.27849532939941718            2.7849532939941724     
   1.1139813175976687           0.27849532939941718            2.9590128748688080     
   1.1139813175976687           0.27849532939941718            3.1330724557434433     
   1.1139813175976687           0.41774299409912580            0.0000000000000000     
   1.1139813175976687           0.41774299409912580           0.17405958087463577     
   1.1139813175976687           0.41774299409912580           0.34811916174927154     
   1.1139813175976687           0.41774299409912580           0.52217874262390729     
   1.1139813175976687           0.41774299409912580           0.69623832349854309     
   1.1139813175976687           0.41774299409912580           0.87029790437317889     
   1.1139813175976687           0.41774299409912580            1.0443574852478146     
   1.1139813175976687           0.41774299409912580            1.2184170661224505     
   1.1139813175976687           0.41774299409912580            1.3924766469970862     
   1.1139813175976687           0.41774299409912580            1.5665362278717216     
   1.1139813175976687           0.41774299409912580            1.7405958087463578     
   1.1139813175976687           0.41774299409912580            1.9146553896209932     
   1.1139813175976687           0.41774299409912580            2.0887149704956292     
   1.1139813175976687           0.41774299409912580            2.2627745513702648     
   1.1139813175976687           0.41774299409912580            2.4368341322449010     
   1.1139813175976687           0.41774299409912580            2.6108937131195367     
   1.1139813175976687           0.41774299409912580            2.7849532939941724     
   1.1139813175976687           0.41774299409912580            2.9590128748688080     
   1.1139813175976687           0.41774299409912580            3.1330724557434433     
   1.1139813175976687           0.55699065879883436            0.0000000000000000     
   1.1139813175976687           0.55699065879883436           0.17405958087463577     
   1.1139813175976687           0.55699065879883436           0.34811916174927154     
   1.1139813175976687           0.55699065879883436           0.52217874262390729     
   1.1139813175976687           0.55699065879883436           0.69623832349854309     
   1.1139813175976687           0.55699065879883436           0.87029790437317889     
   1.1139813175976687           0.55699065879883436            1.0443574852478146     
   1.1139813175976687           0.55699065879883436            1.2184170661224505     
   1.1139813175976687           0.55699065879883436            1.3924766469970862     
   1.1139813175976687           0.55699065879883436            1.5665362278717216     
   1.1139813175976687           0.55699065879883436            1.7405958087463578     
   1.1139813175976687           0.55699065879883436            1.9146553896209932     
   1.1139813175976687           0.55699065879883436            2.0887149704956292     
   1.1139813175976687           0.55699065879883436            2.2627745513702648     
   1.1139813175976687           0.55699065879883436            2.4368341322449010     
   1.1139813175976687           0.55699065879883436            2.6108937131195367     
   1.1139813175976687           0.55699065879883436            2.7849532939941724     
   1.1139813175976687           0.55699065879883436            2.9590128748688080     
   1.1139813175976687           0.55699065879883436            3.1330724557434433     
   1.1139813175976687           0.69623832349854298            0.0000000000000000     
   1.1139813175976687           0.69623832349854298           0.17405958087463577     
   1.1139813175976687           0.69623832349854298           0.34811916174927154     
   1.1139813175976687           0.69623832349854298           0.52217874262390729     
   1.1139813175976687           0.69623832349854298           0.69623832349854309     
   1.1139813175976687           0.69623832349854298           0.87029790437317889     
   1.1139813175976687           0.69623832349854298            1.0443574852478146     
   1.1139813175976687           0.69623832349854298            1.2184170661224505     
   1.1139813175976687           0.69623832349854298            1.3924766469970862     
   1.1139813175976687           0.69623832349854298            1.5665362278717216     
   1.1139813175976687           0.69623832349854298            1.7405958087463578     
   1.1139813175976687           0.69623832349854298            1.9146553896209932     
   1.1139813175976687           0.69623832349854298            2.0887149704956292     
   1.1139813175976687           0.69623832349854298            2.2627745513702648     
   1.1139813175976687           0.69623832349854298            2.4368341322449010     
   1.1139813175976687           0.69623832349854298            2.6108937131195367     
   1.1139813175976687           0.69623832349854298            2.7849532939941724     
   1.1139813175976687           0.69623832349854298            2.9590128748688080     
   1.1139813175976687           0.69623832349854298            3.1330724557434433     
   1.1139813175976687           0.83548598819825159            0.0000000000000000     
   1.1139813175976687           0.83548598819825159           0.17405958087463577     
   1.1139813175976687           0.83548598819825159           0.34811916174927154     
   1.1139813175976687           0.83548598819825159           0.52217874262390729     
   1.1139813175976687           0.83548598819825159           0.69623832349854309     
   1.1139813175976687           0.83548598819825159           0.87029790437317889     
   1.1139813175976687           0.83548598819825159            1.0443574852478146     
   1.1139813175976687           0.83548598819825159            1.2184170661224505     
   1.1139813175976687           0.83548598819825159            1.3924766469970862     
   1.1139813175976687           0.83548598819825159            1.5665362278717216     
   1.1139813175976687           0.83548598819825159            1.7405958087463578     
   1.1139813175976687           0.83548598819825159            1.9146553896209932     
   1.1139813175976687           0.83548598819825159            2.0887149704956292     
   1.1139813175976687           0.83548598819825159            2.2627745513702648     
   1.1139813175976687           0.83548598819825159            2.4368341322449010     
   1.1139813175976687           0.83548598819825159            2.6108937131195367     
   1.1139813175976687           0.83548598819825159            2.7849532939941724     
   1.1139813175976687           0.83548598819825159            2.9590128748688080     
   1.1139813175976687           0.83548598819825159            3.1330724557434433     
   1.1139813175976687           0.97473365289796032            0.0000000000000000     
   1.1139813175976687           0.97473365289796032           0.17405958087463577     
   1.1139813175976687           0.97473365289796032           0.34811916174927154     
   1.1139813175976687           0.97473365289796032           0.52217874262390729     
   1.1139813175976687           0.97473365289796032           0.69623832349854309     
   1.1139813175976687           0.97473365289796032           0.87029790437317889     
   1.1139813175976687           0.97473365289796032            1.0443574852478146     
   1.1139813175976687           0.97473365289796032            1.2184170661224505     
   1.1139813175976687           0.97473365289796032            1.3924766469970862     
   1.1139813175976687           0.97473365289796032            1.5665362278717216     
   1.1139813175976687           0.97473365289796032            1.7405958087463578     
   1.1139813175976687           0.97473365289796032            1.9146553896209932     
   1.1139813175976687           0.97473365289796032            2.0887149704956292     
   1.1139813175976687           0.97473365289796032            2.2627745513702648     
   1.1139813175976687           0.97473365289796032            2.4368341322449010     
   1.1139813175976687           0.97473365289796032            2.6108937131195367     
   1.1139813175976687           0.97473365289796032            2.7849532939941724     
   1.1139813175976687           0.97473365289796032            2.9590128748688080     
   1.1139813175976687           0.97473365289796032            3.1330724557434433     
   1.1139813175976687            1.1139813175976687            0.0000000000000000     
   1.1139813175976687            1.1139813175976687           0.17405958087463577     
   1.1139813175976687            1.1139813175976687           0.34811916174927154     
   1.1139813175976687            1.1139813175976687           0.52217874262390729     
   1.1139813175976687            1.1139813175976687           0.69623832349854309     
   1.1139813175976687            1.1139813175976687           0.87029790437317889     
   1.1139813175976687            1.1139813175976687            1.0443574852478146     
   1.1139813175976687            1.1139813175976687            1.2184170661224505     
   1.1139813175976687            1.1139813175976687            1.3924766469970862     
   1.1139813175976687            1.1139813175976687            1.5665362278717216     
   1.1139813175976687            1.1139813175976687            1.7405958087463578     
   1.1139813175976687            1.1139813175976687            1.9146553896209932     
   1.1139813175976687            1.1139813175976687            2.0887149704956292     
   1.1139813175976687            1.1139813175976687            2.2627745513702648     
   1.1139813175976687            1.1139813175976687            2.4368341322449010     
   1.1139813175976687            1.1139813175976687            2.6108937131195367     
   1.1139813175976687            1.1139813175976687            2.7849532939941724     
   1.1139813175976687            1.1139813175976687            2.9590128748688080     
   1.1139813175976687            1.1139813175976687            3.1330724557434433     
   1.1139813175976687            1.2532289822973772            0.0000000000000000     
   1.1139813175976687            1.2532289822973772           0.17405958087463577     
   1.1139813175976687            1.2532289822973772           0.34811916174927154     
   1.1139813175976687            1.2532289822973772           0.52217874262390729     
   1.1139813175976687            1.2532289822973772           0.69623832349854309     
   1.1139813175976687            1.2532289822973772           0.87029790437317889     
   1.1139813175976687            1.2532289822973772            1.0443574852478146     
   1.1139813175976687            1.2532289822973772            1.2184170661224505     
   1.1139813175976687            1.2532289822973772            1.3924766469970862     
   1.1139813175976687            1.2532289822973772            1.5665362278717216     
   1.1139813175976687            1.2532289822973772            1.7405958087463578     
   1.1139813175976687            1.2532289822973772            1.9146553896209932     
   1.1139813175976687            1.2532289822973772            2.0887149704956292     
   1.1139813175976687            1.2532289822973772            2.2627745513702648     
   1.1139813175976687            1.2532289822973772            2.4368341322449010     
   1.1139813175976687            1.2532289822973772            2.6108937131195367     
   1.1139813175976687            1.2532289822973772            2.7849532939941724     
   1.1139813175976687            1.2532289822973772            2.9590128748688080     
   1.1139813175976687            1.2532289822973772            3.1330724557434433     
   1.1139813175976687            1.3924766469970860            0.0000000000000000     
   1.1139813175976687            1.3924766469970860           0.17405958087463577     
   1.1139813175976687            1.3924766469970860           0.34811916174927154     
   1.1139813175976687            1.3924766469970860           0.52217874262390729     
   1.1139813175976687            1.3924766469970860           0.69623832349854309     
   1.1139813175976687            1.3924766469970860           0.87029790437317889     
   1.1139813175976687            1.3924766469970860            1.0443574852478146     
   1.1139813175976687            1.3924766469970860            1.2184170661224505     
   1.1139813175976687            1.3924766469970860            1.3924766469970862     
   1.1139813175976687            1.3924766469970860            1.5665362278717216     
   1.1139813175976687            1.3924766469970860            1.7405958087463578     
   1.1139813175976687            1.3924766469970860            1.9146553896209932     
   1.1139813175976687            1.3924766469970860            2.0887149704956292     
   1.1139813175976687            1.3924766469970860            2.2627745513702648     
   1.1139813175976687            1.3924766469970860            2.4368341322449010     
   1.1139813175976687            1.3924766469970860            2.6108937131195367     
   1.1139813175976687            1.3924766469970860            2.7849532939941724     
   1.1139813175976687            1.3924766469970860            2.9590128748688080     
   1.1139813175976687            1.3924766469970860            3.1330724557434433     
   1.1139813175976687            1.5317243116967947            0.0000000000000000     
   1.1139813175976687            1.5317243116967947           0.17405958087463577     
   1.1139813175976687            1.5317243116967947           0.34811916174927154     
   1.1139813175976687            1.5317243116967947           0.52217874262390729     
   1.1139813175976687            1.5317243116967947           0.69623832349854309     
   1.1139813175976687            1.5317243116967947           0.87029790437317889     
   1.1139813175976687            1.5317243116967947            1.0443574852478146     
   1.1139813175976687            1.5317243116967947            1.2184170661224505     
   1.1139813175976687            1.5317243116967947            1.3924766469970862     
   1.1139813175976687            1.5317243116967947            1.5665362278717216     
   1.1139813175976687            1.5317243116967947            1.7405958087463578     
   1.1139813175976687            1.5317243116967947            1.9146553896209932     
   1.1139813175976687            1.5317243116967947            2.0887149704956292     
   1.1139813175976687            1.5317243116967947            2.2627745513702648     
   1.1139813175976687            1.5317243116967947            2.4368341322449010     
   1.1139813175976687            1.5317243116967947            2.6108937131195367     
   1.1139813175976687            1.5317243116967947            2.7849532939941724     
   1.1139813175976687            1.5317243116967947            2.9590128748688080     
   1.1139813175976687            1.5317243116967947            3.1330724557434433     
   1.1139813175976687            1.6709719763965032            0.0000000000000000     
   1.1139813175976687            1.6709719763965032           0.17405958087463577     
   1.1139813175976687            1.6709719763965032           0.34811916174927154     
   1.1139813175976687            1.6709719763965032           0.52217874262390729     
   1.1139813175976687            1.6709719763965032           0.69623832349854309     
   1.1139813175976687            1.6709719763965032           0.87029790437317889     
   1.1139813175976687            1.6709719763965032            1.0443574852478146     
   1.1139813175976687            1.6709719763965032            1.2184170661224505     
   1.1139813175976687            1.6709719763965032            1.3924766469970862     
   1.1139813175976687            1.6709719763965032            1.5665362278717216     
   1.1139813175976687            1.6709719763965032            1.7405958087463578     
   1.1139813175976687            1.6709719763965032            1.9146553896209932     
   1.1139813175976687            1.6709719763965032            2.0887149704956292     
   1.1139813175976687            1.6709719763965032            2.2627745513702648     
   1.1139813175976687            1.6709719763965032            2.4368341322449010     
   1.1139813175976687            1.6709719763965032            2.6108937131195367     
   1.1139813175976687            1.6709719763965032            2.7849532939941724     
   1.1139813175976687            1.6709719763965032            2.9590128748688080     
   1.1139813175976687            1.6709719763965032            3.1330724557434433     
   1.1139813175976687            1.8102196410962119            0.0000000000000000     
   1.1139813175976687            1.8102196410962119           0.17405958087463577     
   1.1139813175976687            1.8102196410962119           0.34811916174927154     
   1.1139813175976687            1.8102196410962119           0.52217874262390729     
   1.1139813175976687            1.8102196410962119           0.69623832349854309     
   1.1139813175976687            1.8102196410962119           0.87029790437317889     
   1.1139813175976687            1.8102196410962119            1.0443574852478146     
   1.1139813175976687            1.8102196410962119            1.2184170661224505     
   1.1139813175976687            1.8102196410962119            1.3924766469970862     
   1.1139813175976687            1.8102196410962119            1.5665362278717216     
   1.1139813175976687            1.8102196410962119            1.7405958087463578     
   1.1139813175976687            1.8102196410962119            1.9146553896209932     
   1.1139813175976687            1.8102196410962119            2.0887149704956292     
   1.1139813175976687            1.8102196410962119            2.2627745513702648     
   1.1139813175976687            1.8102196410962119            2.4368341322449010     
   1.1139813175976687            1.8102196410962119            2.6108937131195367     
   1.1139813175976687            1.8102196410962119            2.7849532939941724     
   1.1139813175976687            1.8102196410962119            2.9590128748688080     
   1.1139813175976687            1.8102196410962119            3.1330724557434433     
   1.1139813175976687            1.9494673057959206            0.0000000000000000     
   1.1139813175976687            1.9494673057959206           0.17405958087463577     
   1.1139813175976687            1.9494673057959206           0.34811916174927154     
   1.1139813175976687            1.9494673057959206           0.52217874262390729     
   1.1139813175976687            1.9494673057959206           0.69623832349854309     
   1.1139813175976687            1.9494673057959206           0.87029790437317889     
   1.1139813175976687            1.9494673057959206            1.0443574852478146     
   1.1139813175976687            1.9494673057959206            1.2184170661224505     
   1.1139813175976687            1.9494673057959206            1.3924766469970862     
   1.1139813175976687            1.9494673057959206            1.5665362278717216     
   1.1139813175976687            1.9494673057959206            1.7405958087463578     
   1.1139813175976687            1.9494673057959206            1.9146553896209932     
   1.1139813175976687            1.9494673057959206            2.0887149704956292     
   1.1139813175976687            1.9494673057959206            2.2627745513702648     
   1.1139813175976687            1.9494673057959206            2.4368341322449010     
   1.1139813175976687            1.9494673057959206            2.6108937131195367     
   1.1139813175976687            1.9494673057959206            2.7849532939941724     
   1.1139813175976687            1.9494673057959206            2.9590128748688080     
   1.1139813175976687            1.9494673057959206            3.1330724557434433     
   1.1139813175976687            2.0887149704956292            0.0000000000000000     
   1.1139813175976687            2.0887149704956292           0.17405958087463577     
   1.1139813175976687            2.0887149704956292           0.34811916174927154     
   1.1139813175976687            2.0887149704956292           0.52217874262390729     
   1.1139813175976687            2.0887149704956292           0.69623832349854309     
   1.1139813175976687            2.0887149704956292           0.87029790437317889     
   1.1139813175976687            2.0887149704956292            1.0443574852478146     
   1.1139813175976687            2.0887149704956292            1.2184170661224505     
   1.1139813175976687            2.0887149704956292            1.3924766469970862     
   1.1139813175976687            2.0887149704956292            1.5665362278717216     
   1.1139813175976687            2.0887149704956292            1.7405958087463578     
   1.1139813175976687            2.0887149704956292            1.9146553896209932     
   1.1139813175976687            2.0887149704956292            2.0887149704956292     
   1.1139813175976687            2.0887149704956292            2.2627745513702648     
   1.1139813175976687            2.0887149704956292            2.4368341322449010     
   1.1139813175976687            2.0887149704956292            2.6108937131195367     
   1.1139813175976687            2.0887149704956292            2.7849532939941724     
   1.1139813175976687            2.0887149704956292            2.9590128748688080     
   1.1139813175976687            2.0887149704956292            3.1330724557434433     
   1.1139813175976687            2.2279626351953374            0.0000000000000000     
   1.1139813175976687            2.2279626351953374           0.17405958087463577     
   1.1139813175976687            2.2279626351953374           0.34811916174927154     
   1.1139813175976687            2.2279626351953374           0.52217874262390729     
   1.1139813175976687            2.2279626351953374           0.69623832349854309     
   1.1139813175976687            2.2279626351953374           0.87029790437317889     
   1.1139813175976687            2.2279626351953374            1.0443574852478146     
   1.1139813175976687            2.2279626351953374            1.2184170661224505     
   1.1139813175976687            2.2279626351953374            1.3924766469970862     
   1.1139813175976687            2.2279626351953374            1.5665362278717216     
   1.1139813175976687            2.2279626351953374            1.7405958087463578     
   1.1139813175976687            2.2279626351953374            1.9146553896209932     
   1.1139813175976687            2.2279626351953374            2.0887149704956292     
   1.1139813175976687            2.2279626351953374            2.2627745513702648     
   1.1139813175976687            2.2279626351953374            2.4368341322449010     
   1.1139813175976687            2.2279626351953374            2.6108937131195367     
   1.1139813175976687            2.2279626351953374            2.7849532939941724     
   1.1139813175976687            2.2279626351953374            2.9590128748688080     
   1.1139813175976687            2.2279626351953374            3.1330724557434433     
   1.1139813175976687            2.3672102998950462            0.0000000000000000     
   1.1139813175976687            2.3672102998950462           0.17405958087463577     
   1.1139813175976687            2.3672102998950462           0.34811916174927154     
   1.1139813175976687            2.3672102998950462           0.52217874262390729     
   1.1139813175976687            2.3672102998950462           0.69623832349854309     
   1.1139813175976687            2.3672102998950462           0.87029790437317889     
   1.1139813175976687            2.3672102998950462            1.0443574852478146     
   1.1139813175976687            2.3672102998950462            1.2184170661224505     
   1.1139813175976687            2.3672102998950462            1.3924766469970862     
   1.1139813175976687            2.3672102998950462            1.5665362278717216     
   1.1139813175976687            2.3672102998950462            1.7405958087463578     
   1.1139813175976687            2.3672102998950462            1.9146553896209932     
   1.1139813175976687            2.3672102998950462            2.0887149704956292     
   1.1139813175976687            2.3672102998950462            2.2627745513702648     
   1.1139813175976687            2.3672102998950462            2.4368341322449010     
   1.1139813175976687            2.3672102998950462            2.6108937131195367     
   1.1139813175976687            2.3672102998950462            2.7849532939941724     
   1.1139813175976687            2.3672102998950462            2.9590128748688080     
   1.1139813175976687            2.3672102998950462            3.1330724557434433     
   1.1139813175976687            2.5064579645947545            0.0000000000000000     
   1.1139813175976687            2.5064579645947545           0.17405958087463577     
   1.1139813175976687            2.5064579645947545           0.34811916174927154     
   1.1139813175976687            2.5064579645947545           0.52217874262390729     
   1.1139813175976687            2.5064579645947545           0.69623832349854309     
   1.1139813175976687            2.5064579645947545           0.87029790437317889     
   1.1139813175976687            2.5064579645947545            1.0443574852478146     
   1.1139813175976687            2.5064579645947545            1.2184170661224505     
   1.1139813175976687            2.5064579645947545            1.3924766469970862     
   1.1139813175976687            2.5064579645947545            1.5665362278717216     
   1.1139813175976687            2.5064579645947545            1.7405958087463578     
   1.1139813175976687            2.5064579645947545            1.9146553896209932     
   1.1139813175976687            2.5064579645947545            2.0887149704956292     
   1.1139813175976687            2.5064579645947545            2.2627745513702648     
   1.1139813175976687            2.5064579645947545            2.4368341322449010     
   1.1139813175976687            2.5064579645947545            2.6108937131195367     
   1.1139813175976687            2.5064579645947545            2.7849532939941724     
   1.1139813175976687            2.5064579645947545            2.9590128748688080     
   1.1139813175976687            2.5064579645947545            3.1330724557434433     
   1.2532289822973772            0.0000000000000000            0.0000000000000000     
   1.2532289822973772            0.0000000000000000           0.17405958087463577     
   1.2532289822973772            0.0000000000000000           0.34811916174927154     
   1.2532289822973772            0.0000000000000000           0.52217874262390729     
   1.2532289822973772            0.0000000000000000           0.69623832349854309     
   1.2532289822973772            0.0000000000000000           0.87029790437317889     
   1.2532289822973772            0.0000000000000000            1.0443574852478146     
   1.2532289822973772            0.0000000000000000            1.2184170661224505     
   1.2532289822973772            0.0000000000000000            1.3924766469970862     
   1.2532289822973772            0.0000000000000000            1.5665362278717216     
   1.2532289822973772            0.0000000000000000            1.7405958087463578     
   1.2532289822973772            0.0000000000000000            1.9146553896209932     
   1.2532289822973772            0.0000000000000000            2.0887149704956292     
   1.2532289822973772            0.0000000000000000            2.2627745513702648     
   1.2532289822973772            0.0000000000000000            2.4368341322449010     
   1.2532289822973772            0.0000000000000000            2.6108937131195367     
   1.2532289822973772            0.0000000000000000            2.7849532939941724     
   1.2532289822973772            0.0000000000000000            2.9590128748688080     
   1.2532289822973772            0.0000000000000000            3.1330724557434433     
   1.2532289822973772           0.13924766469970859            0.0000000000000000     
   1.2532289822973772           0.13924766469970859           0.17405958087463577     
   1.2532289822973772           0.13924766469970859           0.34811916174927154     
   1.2532289822973772           0.13924766469970859           0.52217874262390729     
   1.2532289822973772           0.13924766469970859           0.69623832349854309     
   1.2532289822973772           0.13924766469970859           0.87029790437317889     
   1.2532289822973772           0.13924766469970859            1.0443574852478146     
   1.2532289822973772           0.13924766469970859            1.2184170661224505     
   1.2532289822973772           0.13924766469970859            1.3924766469970862     
   1.2532289822973772           0.13924766469970859            1.5665362278717216     
   1.2532289822973772           0.13924766469970859            1.7405958087463578     
   1.2532289822973772           0.13924766469970859            1.9146553896209932     
   1.2532289822973772           0.13924766469970859            2.0887149704956292     
   1.2532289822973772           0.13924766469970859            2.2627745513702648     
   1.2532289822973772           0.13924766469970859            2.4368341322449010     
   1.2532289822973772           0.13924766469970859            2.6108937131195367     
   1.2532289822973772           0.13924766469970859            2.7849532939941724     
   1.2532289822973772           0.13924766469970859            2.9590128748688080     
   1.2532289822973772           0.13924766469970859            3.1330724557434433     
   1.2532289822973772           0.27849532939941718            0.0000000000000000     
   1.2532289822973772           0.27849532939941718           0.17405958087463577     
   1.2532289822973772           0.27849532939941718           0.34811916174927154     
   1.2532289822973772           0.27849532939941718           0.52217874262390729     
   1.2532289822973772           0.27849532939941718           0.69623832349854309     
   1.2532289822973772           0.27849532939941718           0.87029790437317889     
   1.2532289822973772           0.27849532939941718            1.0443574852478146     
   1.2532289822973772           0.27849532939941718            1.2184170661224505     
   1.2532289822973772           0.27849532939941718            1.3924766469970862     
   1.2532289822973772           0.27849532939941718            1.5665362278717216     
   1.2532289822973772           0.27849532939941718            1.7405958087463578     
   1.2532289822973772           0.27849532939941718            1.9146553896209932     
   1.2532289822973772           0.27849532939941718            2.0887149704956292     
   1.2532289822973772           0.27849532939941718            2.2627745513702648     
   1.2532289822973772           0.27849532939941718            2.4368341322449010     
   1.2532289822973772           0.27849532939941718            2.6108937131195367     
   1.2532289822973772           0.27849532939941718            2.7849532939941724     
   1.2532289822973772           0.27849532939941718            2.9590128748688080     
   1.2532289822973772           0.27849532939941718            3.1330724557434433     
   1.2532289822973772           0.41774299409912580            0.0000000000000000     
   1.2532289822973772           0.41774299409912580           0.17405958087463577     
   1.2532289822973772           0.41774299409912580           0.34811916174927154     
   1.2532289822973772           0.41774299409912580           0.52217874262390729     
   1.2532289822973772           0.41774299409912580           0.69623832349854309     
   1.2532289822973772           0.41774299409912580           0.87029790437317889     
   1.2532289822973772           0.41774299409912580            1.0443574852478146     
   1.2532289822973772           0.41774299409912580            1.2184170661224505     
   1.2532289822973772           0.41774299409912580            1.3924766469970862     
   1.2532289822973772           0.41774299409912580            1.5665362278717216     
   1.2532289822973772           0.41774299409912580            1.7405958087463578     
   1.2532289822973772           0.41774299409912580            1.9146553896209932     
   1.2532289822973772           0.41774299409912580            2.0887149704956292     
   1.2532289822973772           0.41774299409912580            2.2627745513702648     
   1.2532289822973772           0.41774299409912580            2.4368341322449010     
   1.2532289822973772           0.41774299409912580            2.6108937131195367     
   1.2532289822973772           0.41774299409912580            2.7849532939941724     
   1.2532289822973772           0.41774299409912580            2.9590128748688080     
   1.2532289822973772           0.41774299409912580            3.1330724557434433     
   1.2532289822973772           0.55699065879883436            0.0000000000000000     
   1.2532289822973772           0.55699065879883436           0.17405958087463577     
   1.2532289822973772           0.55699065879883436           0.34811916174927154     
   1.2532289822973772           0.55699065879883436           0.52217874262390729     
   1.2532289822973772           0.55699065879883436           0.69623832349854309     
   1.2532289822973772           0.55699065879883436           0.87029790437317889     
   1.2532289822973772           0.55699065879883436            1.0443574852478146     
   1.2532289822973772           0.55699065879883436            1.2184170661224505     
   1.2532289822973772           0.55699065879883436            1.3924766469970862     
   1.2532289822973772           0.55699065879883436            1.5665362278717216     
   1.2532289822973772           0.55699065879883436            1.7405958087463578     
   1.2532289822973772           0.55699065879883436            1.9146553896209932     
   1.2532289822973772           0.55699065879883436            2.0887149704956292     
   1.2532289822973772           0.55699065879883436            2.2627745513702648     
   1.2532289822973772           0.55699065879883436            2.4368341322449010     
   1.2532289822973772           0.55699065879883436            2.6108937131195367     
   1.2532289822973772           0.55699065879883436            2.7849532939941724     
   1.2532289822973772           0.55699065879883436            2.9590128748688080     
   1.2532289822973772           0.55699065879883436            3.1330724557434433     
   1.2532289822973772           0.69623832349854298            0.0000000000000000     
   1.2532289822973772           0.69623832349854298           0.17405958087463577     
   1.2532289822973772           0.69623832349854298           0.34811916174927154     
   1.2532289822973772           0.69623832349854298           0.52217874262390729     
   1.2532289822973772           0.69623832349854298           0.69623832349854309     
   1.2532289822973772           0.69623832349854298           0.87029790437317889     
   1.2532289822973772           0.69623832349854298            1.0443574852478146     
   1.2532289822973772           0.69623832349854298            1.2184170661224505     
   1.2532289822973772           0.69623832349854298            1.3924766469970862     
   1.2532289822973772           0.69623832349854298            1.5665362278717216     
   1.2532289822973772           0.69623832349854298            1.7405958087463578     
   1.2532289822973772           0.69623832349854298            1.9146553896209932     
   1.2532289822973772           0.69623832349854298            2.0887149704956292     
   1.2532289822973772           0.69623832349854298            2.2627745513702648     
   1.2532289822973772           0.69623832349854298            2.4368341322449010     
   1.2532289822973772           0.69623832349854298            2.6108937131195367     
   1.2532289822973772           0.69623832349854298            2.7849532939941724     
   1.2532289822973772           0.69623832349854298            2.9590128748688080     
   1.2532289822973772           0.69623832349854298            3.1330724557434433     
   1.2532289822973772           0.83548598819825159            0.0000000000000000     
   1.2532289822973772           0.83548598819825159           0.17405958087463577     
   1.2532289822973772           0.83548598819825159           0.34811916174927154     
   1.2532289822973772           0.83548598819825159           0.52217874262390729     
   1.2532289822973772           0.83548598819825159           0.69623832349854309     
   1.2532289822973772           0.83548598819825159           0.87029790437317889     
   1.2532289822973772           0.83548598819825159            1.0443574852478146     
   1.2532289822973772           0.83548598819825159            1.2184170661224505     
   1.2532289822973772           0.83548598819825159            1.3924766469970862     
   1.2532289822973772           0.83548598819825159            1.5665362278717216     
   1.2532289822973772           0.83548598819825159            1.7405958087463578     
   1.2532289822973772           0.83548598819825159            1.9146553896209932     
   1.2532289822973772           0.83548598819825159            2.0887149704956292     
   1.2532289822973772           0.83548598819825159            2.2627745513702648     
   1.2532289822973772           0.83548598819825159            2.4368341322449010     
   1.2532289822973772           0.83548598819825159            2.6108937131195367     
   1.2532289822973772           0.83548598819825159            2.7849532939941724     
   1.2532289822973772           0.83548598819825159            2.9590128748688080     
   1.2532289822973772           0.83548598819825159            3.1330724557434433     
   1.2532289822973772           0.97473365289796032            0.0000000000000000     
   1.2532289822973772           0.97473365289796032           0.17405958087463577     
   1.2532289822973772           0.97473365289796032           0.34811916174927154     
   1.2532289822973772           0.97473365289796032           0.52217874262390729     
   1.2532289822973772           0.97473365289796032           0.69623832349854309     
   1.2532289822973772           0.97473365289796032           0.87029790437317889     
   1.2532289822973772           0.97473365289796032            1.0443574852478146     
   1.2532289822973772           0.97473365289796032            1.2184170661224505     
   1.2532289822973772           0.97473365289796032            1.3924766469970862     
   1.2532289822973772           0.97473365289796032            1.5665362278717216     
   1.2532289822973772           0.97473365289796032            1.7405958087463578     
   1.2532289822973772           0.97473365289796032            1.9146553896209932     
   1.2532289822973772           0.97473365289796032            2.0887149704956292     
   1.2532289822973772           0.97473365289796032            2.2627745513702648     
   1.2532289822973772           0.97473365289796032            2.4368341322449010     
   1.2532289822973772           0.97473365289796032            2.6108937131195367     
   1.2532289822973772           0.97473365289796032            2.7849532939941724     
   1.2532289822973772           0.97473365289796032            2.9590128748688080     
   1.2532289822973772           0.97473365289796032            3.1330724557434433     
   1.2532289822973772            1.1139813175976687            0.0000000000000000     
   1.2532289822973772            1.1139813175976687           0.17405958087463577     
   1.2532289822973772            1.1139813175976687           0.34811916174927154     
   1.2532289822973772            1.1139813175976687           0.52217874262390729     
   1.2532289822973772            1.1139813175976687           0.69623832349854309     
   1.2532289822973772            1.1139813175976687           0.87029790437317889     
   1.2532289822973772            1.1139813175976687            1.0443574852478146     
   1.2532289822973772            1.1139813175976687            1.2184170661224505     
   1.2532289822973772            1.1139813175976687            1.3924766469970862     
   1.2532289822973772            1.1139813175976687            1.5665362278717216     
   1.2532289822973772            1.1139813175976687            1.7405958087463578     
   1.2532289822973772            1.1139813175976687            1.9146553896209932     
   1.2532289822973772            1.1139813175976687            2.0887149704956292     
   1.2532289822973772            1.1139813175976687            2.2627745513702648     
   1.2532289822973772            1.1139813175976687            2.4368341322449010     
   1.2532289822973772            1.1139813175976687            2.6108937131195367     
   1.2532289822973772            1.1139813175976687            2.7849532939941724     
   1.2532289822973772            1.1139813175976687            2.9590128748688080     
   1.2532289822973772            1.1139813175976687            3.1330724557434433     
   1.2532289822973772            1.2532289822973772            0.0000000000000000     
   1.2532289822973772            1.2532289822973772           0.17405958087463577     
   1.2532289822973772            1.2532289822973772           0.34811916174927154     
   1.2532289822973772            1.2532289822973772           0.52217874262390729     
   1.2532289822973772            1.2532289822973772           0.69623832349854309     
   1.2532289822973772            1.2532289822973772           0.87029790437317889     
   1.2532289822973772            1.2532289822973772            1.0443574852478146     
   1.2532289822973772            1.2532289822973772            1.2184170661224505     
   1.2532289822973772            1.2532289822973772            1.3924766469970862     
   1.2532289822973772            1.2532289822973772            1.5665362278717216     
   1.2532289822973772            1.2532289822973772            1.7405958087463578     
   1.2532289822973772            1.2532289822973772            1.9146553896209932     
   1.2532289822973772            1.2532289822973772            2.0887149704956292     
   1.2532289822973772            1.2532289822973772            2.2627745513702648     
   1.2532289822973772            1.2532289822973772            2.4368341322449010     
   1.2532289822973772            1.2532289822973772            2.6108937131195367     
   1.2532289822973772            1.2532289822973772            2.7849532939941724     
   1.2532289822973772            1.2532289822973772            2.9590128748688080     
   1.2532289822973772            1.2532289822973772            3.1330724557434433     
   1.2532289822973772            1.3924766469970860            0.0000000000000000     
   1.2532289822973772            1.3924766469970860           0.17405958087463577     
   1.2532289822973772            1.3924766469970860           0.34811916174927154     
   1.2532289822973772            1.3924766469970860           0.52217874262390729     
   1.2532289822973772            1.3924766469970860           0.69623832349854309     
   1.2532289822973772            1.3924766469970860           0.87029790437317889     
   1.2532289822973772            1.3924766469970860            1.0443574852478146     
   1.2532289822973772            1.3924766469970860            1.2184170661224505     
   1.2532289822973772            1.3924766469970860            1.3924766469970862     
   1.2532289822973772            1.3924766469970860            1.5665362278717216     
   1.2532289822973772            1.3924766469970860            1.7405958087463578     
   1.2532289822973772            1.3924766469970860            1.9146553896209932     
   1.2532289822973772            1.3924766469970860            2.0887149704956292     
   1.2532289822973772            1.3924766469970860            2.2627745513702648     
   1.2532289822973772            1.3924766469970860            2.4368341322449010     
   1.2532289822973772            1.3924766469970860            2.6108937131195367     
   1.2532289822973772            1.3924766469970860            2.7849532939941724     
   1.2532289822973772            1.3924766469970860            2.9590128748688080     
   1.2532289822973772            1.3924766469970860            3.1330724557434433     
   1.2532289822973772            1.5317243116967947            0.0000000000000000     
   1.2532289822973772            1.5317243116967947           0.17405958087463577     
   1.2532289822973772            1.5317243116967947           0.34811916174927154     
   1.2532289822973772            1.5317243116967947           0.52217874262390729     
   1.2532289822973772            1.5317243116967947           0.69623832349854309     
   1.2532289822973772            1.5317243116967947           0.87029790437317889     
   1.2532289822973772            1.5317243116967947            1.0443574852478146     
   1.2532289822973772            1.5317243116967947            1.2184170661224505     
   1.2532289822973772            1.5317243116967947            1.3924766469970862     
   1.2532289822973772            1.5317243116967947            1.5665362278717216     
   1.2532289822973772            1.5317243116967947            1.7405958087463578     
   1.2532289822973772            1.5317243116967947            1.9146553896209932     
   1.2532289822973772            1.5317243116967947            2.0887149704956292     
   1.2532289822973772            1.5317243116967947            2.2627745513702648     
   1.2532289822973772            1.5317243116967947            2.4368341322449010     
   1.2532289822973772            1.5317243116967947            2.6108937131195367     
   1.2532289822973772            1.5317243116967947            2.7849532939941724     
   1.2532289822973772            1.5317243116967947            2.9590128748688080     
   1.2532289822973772            1.5317243116967947            3.1330724557434433     
   1.2532289822973772            1.6709719763965032            0.0000000000000000     
   1.2532289822973772            1.6709719763965032           0.17405958087463577     
   1.2532289822973772            1.6709719763965032           0.34811916174927154     
   1.2532289822973772            1.6709719763965032           0.52217874262390729     
   1.2532289822973772            1.6709719763965032           0.69623832349854309     
   1.2532289822973772            1.6709719763965032           0.87029790437317889     
   1.2532289822973772            1.6709719763965032            1.0443574852478146     
   1.2532289822973772            1.6709719763965032            1.2184170661224505     
   1.2532289822973772            1.6709719763965032            1.3924766469970862     
   1.2532289822973772            1.6709719763965032            1.5665362278717216     
   1.2532289822973772            1.6709719763965032            1.7405958087463578     
   1.2532289822973772            1.6709719763965032            1.9146553896209932     
   1.2532289822973772            1.6709719763965032            2.0887149704956292     
   1.2532289822973772            1.6709719763965032            2.2627745513702648     
   1.2532289822973772            1.6709719763965032            2.4368341322449010     
   1.2532289822973772            1.6709719763965032            2.6108937131195367     
   1.2532289822973772            1.6709719763965032            2.7849532939941724     
   1.2532289822973772            1.6709719763965032            2.9590128748688080     
   1.2532289822973772            1.6709719763965032            3.1330724557434433     
   1.2532289822973772            1.8102196410962119            0.0000000000000000     
   1.2532289822973772            1.8102196410962119           0.17405958087463577     
   1.2532289822973772            1.8102196410962119           0.34811916174927154     
   1.2532289822973772            1.8102196410962119           0.52217874262390729     
   1.2532289822973772            1.8102196410962119           0.69623832349854309     
   1.2532289822973772            1.8102196410962119           0.87029790437317889     
   1.2532289822973772            1.8102196410962119            1.0443574852478146     
   1.2532289822973772            1.8102196410962119            1.2184170661224505     
   1.2532289822973772            1.8102196410962119            1.3924766469970862     
   1.2532289822973772            1.8102196410962119            1.5665362278717216     
   1.2532289822973772            1.8102196410962119            1.7405958087463578     
   1.2532289822973772            1.8102196410962119            1.9146553896209932     
   1.2532289822973772            1.8102196410962119            2.0887149704956292     
   1.2532289822973772            1.8102196410962119            2.2627745513702648     
   1.2532289822973772            1.8102196410962119            2.4368341322449010     
   1.2532289822973772            1.8102196410962119            2.6108937131195367     
   1.2532289822973772            1.8102196410962119            2.7849532939941724     
   1.2532289822973772            1.8102196410962119            2.9590128748688080     
   1.2532289822973772            1.8102196410962119            3.1330724557434433     
   1.2532289822973772            1.9494673057959206            0.0000000000000000     
   1.2532289822973772            1.9494673057959206           0.17405958087463577     
   1.2532289822973772            1.9494673057959206           0.34811916174927154     
   1.2532289822973772            1.9494673057959206           0.52217874262390729     
   1.2532289822973772            1.9494673057959206           0.69623832349854309     
   1.2532289822973772            1.9494673057959206           0.87029790437317889     
   1.2532289822973772            1.9494673057959206            1.0443574852478146     
   1.2532289822973772            1.9494673057959206            1.2184170661224505     
   1.2532289822973772            1.9494673057959206            1.3924766469970862     
   1.2532289822973772            1.9494673057959206            1.5665362278717216     
   1.2532289822973772            1.9494673057959206            1.7405958087463578     
   1.2532289822973772            1.9494673057959206            1.9146553896209932     
   1.2532289822973772            1.9494673057959206            2.0887149704956292     
   1.2532289822973772            1.9494673057959206            2.2627745513702648     
   1.2532289822973772            1.9494673057959206            2.4368341322449010     
   1.2532289822973772            1.9494673057959206            2.6108937131195367     
   1.2532289822973772            1.9494673057959206            2.7849532939941724     
   1.2532289822973772            1.9494673057959206            2.9590128748688080     
   1.2532289822973772            1.9494673057959206            3.1330724557434433     
   1.2532289822973772            2.0887149704956292            0.0000000000000000     
   1.2532289822973772            2.0887149704956292           0.17405958087463577     
   1.2532289822973772            2.0887149704956292           0.34811916174927154     
   1.2532289822973772            2.0887149704956292           0.52217874262390729     
   1.2532289822973772            2.0887149704956292           0.69623832349854309     
   1.2532289822973772            2.0887149704956292           0.87029790437317889     
   1.2532289822973772            2.0887149704956292            1.0443574852478146     
   1.2532289822973772            2.0887149704956292            1.2184170661224505     
   1.2532289822973772            2.0887149704956292            1.3924766469970862     
   1.2532289822973772            2.0887149704956292            1.5665362278717216     
   1.2532289822973772            2.0887149704956292            1.7405958087463578     
   1.2532289822973772            2.0887149704956292            1.9146553896209932     
   1.2532289822973772            2.0887149704956292            2.0887149704956292     
   1.2532289822973772            2.0887149704956292            2.2627745513702648     
   1.2532289822973772            2.0887149704956292            2.4368341322449010     
   1.2532289822973772            2.0887149704956292            2.6108937131195367     
   1.2532289822973772            2.0887149704956292            2.7849532939941724     
   1.2532289822973772            2.0887149704956292            2.9590128748688080     
   1.2532289822973772            2.0887149704956292            3.1330724557434433     
   1.2532289822973772            2.2279626351953374            0.0000000000000000     
   1.2532289822973772            2.2279626351953374           0.17405958087463577     
   1.2532289822973772            2.2279626351953374           0.34811916174927154     
   1.2532289822973772            2.2279626351953374           0.52217874262390729     
   1.2532289822973772            2.2279626351953374           0.69623832349854309     
   1.2532289822973772            2.2279626351953374           0.87029790437317889     
   1.2532289822973772            2.2279626351953374            1.0443574852478146     
   1.2532289822973772            2.2279626351953374            1.2184170661224505     
   1.2532289822973772            2.2279626351953374            1.3924766469970862     
   1.2532289822973772            2.2279626351953374            1.5665362278717216     
   1.2532289822973772            2.2279626351953374            1.7405958087463578     
   1.2532289822973772            2.2279626351953374            1.9146553896209932     
   1.2532289822973772            2.2279626351953374            2.0887149704956292     
   1.2532289822973772            2.2279626351953374            2.2627745513702648     
   1.2532289822973772            2.2279626351953374            2.4368341322449010     
   1.2532289822973772            2.2279626351953374            2.6108937131195367     
   1.2532289822973772            2.2279626351953374            2.7849532939941724     
   1.2532289822973772            2.2279626351953374            2.9590128748688080     
   1.2532289822973772            2.2279626351953374            3.1330724557434433     
   1.2532289822973772            2.3672102998950462            0.0000000000000000     
   1.2532289822973772            2.3672102998950462           0.17405958087463577     
   1.2532289822973772            2.3672102998950462           0.34811916174927154     
   1.2532289822973772            2.3672102998950462           0.52217874262390729     
   1.2532289822973772            2.3672102998950462           0.69623832349854309     
   1.2532289822973772            2.3672102998950462           0.87029790437317889     
   1.2532289822973772            2.3672102998950462            1.0443574852478146     
   1.2532289822973772            2.3672102998950462            1.2184170661224505     
   1.2532289822973772            2.3672102998950462            1.3924766469970862     
   1.2532289822973772            2.3672102998950462            1.5665362278717216     
   1.2532289822973772            2.3672102998950462            1.7405958087463578     
   1.2532289822973772            2.3672102998950462            1.9146553896209932     
   1.2532289822973772            2.3672102998950462            2.0887149704956292     
   1.2532289822973772            2.3672102998950462            2.2627745513702648     
   1.2532289822973772            2.3672102998950462            2.4368341322449010     
   1.2532289822973772            2.3672102998950462            2.6108937131195367     
   1.2532289822973772            2.3672102998950462            2.7849532939941724     
   1.2532289822973772            2.3672102998950462            2.9590128748688080     
   1.2532289822973772            2.3672102998950462            3.1330724557434433     
   1.2532289822973772            2.5064579645947545            0.0000000000000000     
   1.2532289822973772            2.5064579645947545           0.17405958087463577     
   1.2532289822973772            2.5064579645947545           0.34811916174927154     
   1.2532289822973772            2.5064579645947545           0.52217874262390729     
   1.2532289822973772            2.5064579645947545           0.69623832349854309     
   1.2532289822973772            2.5064579645947545           0.87029790437317889     
   1.2532289822973772            2.5064579645947545            1.0443574852478146     
   1.2532289822973772            2.5064579645947545            1.2184170661224505     
   1.2532289822973772            2.5064579645947545            1.3924766469970862     
   1.2532289822973772            2.5064579645947545            1.5665362278717216     
   1.2532289822973772            2.5064579645947545            1.7405958087463578     
   1.2532289822973772            2.5064579645947545            1.9146553896209932     
   1.2532289822973772            2.5064579645947545            2.0887149704956292     
   1.2532289822973772            2.5064579645947545            2.2627745513702648     
   1.2532289822973772            2.5064579645947545            2.4368341322449010     
   1.2532289822973772            2.5064579645947545            2.6108937131195367     
   1.2532289822973772            2.5064579645947545            2.7849532939941724     
   1.2532289822973772            2.5064579645947545            2.9590128748688080     
   1.2532289822973772            2.5064579645947545            3.1330724557434433     
   1.3924766469970860            0.0000000000000000            0.0000000000000000     
   1.3924766469970860            0.0000000000000000           0.17405958087463577     
   1.3924766469970860            0.0000000000000000           0.34811916174927154     
   1.3924766469970860            0.0000000000000000           0.52217874262390729     
   1.3924766469970860            0.0000000000000000           0.69623832349854309     
   1.3924766469970860            0.0000000000000000           0.87029790437317889     
   1.3924766469970860            0.0000000000000000            1.0443574852478146     
   1.3924766469970860            0.0000000000000000            1.2184170661224505     
   1.3924766469970860            0.0000000000000000            1.3924766469970862     
   1.3924766469970860            0.0000000000000000            1.5665362278717216     
   1.3924766469970860            0.0000000000000000            1.7405958087463578     
   1.3924766469970860            0.0000000000000000            1.9146553896209932     
   1.3924766469970860            0.0000000000000000            2.0887149704956292     
   1.3924766469970860            0.0000000000000000            2.2627745513702648     
   1.3924766469970860            0.0000000000000000            2.4368341322449010     
   1.3924766469970860            0.0000000000000000            2.6108937131195367     
   1.3924766469970860            0.0000000000000000            2.7849532939941724     
   1.3924766469970860            0.0000000000000000            2.9590128748688080     
   1.3924766469970860            0.0000000000000000            3.1330724557434433     
   1.3924766469970860           0.13924766469970859            0.0000000000000000     
   1.3924766469970860           0.13924766469970859           0.17405958087463577     
   1.3924766469970860           0.13924766469970859           0.34811916174927154     
   1.3924766469970860           0.13924766469970859           0.52217874262390729     
   1.3924766469970860           0.13924766469970859           0.69623832349854309     
   1.3924766469970860           0.13924766469970859           0.87029790437317889     
   1.3924766469970860           0.13924766469970859            1.0443574852478146     
   1.3924766469970860           0.13924766469970859            1.2184170661224505     
   1.3924766469970860           0.13924766469970859            1.3924766469970862     
   1.3924766469970860           0.13924766469970859            1.5665362278717216     
   1.3924766469970860           0.13924766469970859            1.7405958087463578     
   1.3924766469970860           0.13924766469970859            1.9146553896209932     
   1.3924766469970860           0.13924766469970859            2.0887149704956292     
   1.3924766469970860           0.13924766469970859            2.2627745513702648     
   1.3924766469970860           0.13924766469970859            2.4368341322449010     
   1.3924766469970860           0.13924766469970859            2.6108937131195367     
   1.3924766469970860           0.13924766469970859            2.7849532939941724     
   1.3924766469970860           0.13924766469970859            2.9590128748688080     
   1.3924766469970860           0.13924766469970859            3.1330724557434433     
   1.3924766469970860           0.27849532939941718            0.0000000000000000     
   1.3924766469970860           0.27849532939941718           0.17405958087463577     
   1.3924766469970860           0.27849532939941718           0.34811916174927154     
   1.3924766469970860           0.27849532939941718           0.52217874262390729     
   1.3924766469970860           0.27849532939941718           0.69623832349854309     
   1.3924766469970860           0.27849532939941718           0.87029790437317889     
   1.3924766469970860           0.27849532939941718            1.0443574852478146     
   1.3924766469970860           0.27849532939941718            1.2184170661224505     
   1.3924766469970860           0.27849532939941718            1.3924766469970862     
   1.3924766469970860           0.27849532939941718            1.5665362278717216     
   1.3924766469970860           0.27849532939941718            1.7405958087463578     
   1.3924766469970860           0.27849532939941718            1.9146553896209932     
   1.3924766469970860           0.27849532939941718            2.0887149704956292     
   1.3924766469970860           0.27849532939941718            2.2627745513702648     
   1.3924766469970860           0.27849532939941718            2.4368341322449010     
   1.3924766469970860           0.27849532939941718            2.6108937131195367     
   1.3924766469970860           0.27849532939941718            2.7849532939941724     
   1.3924766469970860           0.27849532939941718            2.9590128748688080     
   1.3924766469970860           0.27849532939941718            3.1330724557434433     
   1.3924766469970860           0.41774299409912580            0.0000000000000000     
   1.3924766469970860           0.41774299409912580           0.17405958087463577     
   1.3924766469970860           0.41774299409912580           0.34811916174927154     
   1.3924766469970860           0.41774299409912580           0.52217874262390729     
   1.3924766469970860           0.41774299409912580           0.69623832349854309     
   1.3924766469970860           0.41774299409912580           0.87029790437317889     
   1.3924766469970860           0.41774299409912580            1.0443574852478146     
   1.3924766469970860           0.41774299409912580            1.2184170661224505     
   1.3924766469970860           0.41774299409912580            1.3924766469970862     
   1.3924766469970860           0.41774299409912580            1.5665362278717216     
   1.3924766469970860           0.41774299409912580            1.7405958087463578     
   1.3924766469970860           0.41774299409912580            1.9146553896209932     
   1.3924766469970860           0.41774299409912580            2.0887149704956292     
   1.3924766469970860           0.41774299409912580            2.2627745513702648     
   1.3924766469970860           0.41774299409912580            2.4368341322449010     
   1.3924766469970860           0.41774299409912580            2.6108937131195367     
   1.3924766469970860           0.41774299409912580            2.7849532939941724     
   1.3924766469970860           0.41774299409912580            2.9590128748688080     
   1.3924766469970860           0.41774299409912580            3.1330724557434433     
   1.3924766469970860           0.55699065879883436            0.0000000000000000     
   1.3924766469970860           0.55699065879883436           0.17405958087463577     
   1.3924766469970860           0.55699065879883436           0.34811916174927154     
   1.3924766469970860           0.55699065879883436           0.52217874262390729     
   1.3924766469970860           0.55699065879883436           0.69623832349854309     
   1.3924766469970860           0.55699065879883436           0.87029790437317889     
   1.3924766469970860           0.55699065879883436            1.0443574852478146     
   1.3924766469970860           0.55699065879883436            1.2184170661224505     
   1.3924766469970860           0.55699065879883436            1.3924766469970862     
   1.3924766469970860           0.55699065879883436            1.5665362278717216     
   1.3924766469970860           0.55699065879883436            1.7405958087463578     
   1.3924766469970860           0.55699065879883436            1.9146553896209932     
   1.3924766469970860           0.55699065879883436            2.0887149704956292     
   1.3924766469970860           0.55699065879883436            2.2627745513702648     
   1.3924766469970860           0.55699065879883436            2.4368341322449010     
   1.3924766469970860           0.55699065879883436            2.6108937131195367     
   1.3924766469970860           0.55699065879883436            2.7849532939941724     
   1.3924766469970860           0.55699065879883436            2.9590128748688080     
   1.3924766469970860           0.55699065879883436            3.1330724557434433     
   1.3924766469970860           0.69623832349854298            0.0000000000000000     
   1.3924766469970860           0.69623832349854298           0.17405958087463577     
   1.3924766469970860           0.69623832349854298           0.34811916174927154     
   1.3924766469970860           0.69623832349854298           0.52217874262390729     
   1.3924766469970860           0.69623832349854298           0.69623832349854309     
   1.3924766469970860           0.69623832349854298           0.87029790437317889     
   1.3924766469970860           0.69623832349854298            1.0443574852478146     
   1.3924766469970860           0.69623832349854298            1.2184170661224505     
   1.3924766469970860           0.69623832349854298            1.3924766469970862     
   1.3924766469970860           0.69623832349854298            1.5665362278717216     
   1.3924766469970860           0.69623832349854298            1.7405958087463578     
   1.3924766469970860           0.69623832349854298            1.9146553896209932     
   1.3924766469970860           0.69623832349854298            2.0887149704956292     
   1.3924766469970860           0.69623832349854298            2.2627745513702648     
   1.3924766469970860           0.69623832349854298            2.4368341322449010     
   1.3924766469970860           0.69623832349854298            2.6108937131195367     
   1.3924766469970860           0.69623832349854298            2.7849532939941724     
   1.3924766469970860           0.69623832349854298            2.9590128748688080     
   1.3924766469970860           0.69623832349854298            3.1330724557434433     
   1.3924766469970860           0.83548598819825159            0.0000000000000000     
   1.3924766469970860           0.83548598819825159           0.17405958087463577     
   1.3924766469970860           0.83548598819825159           0.34811916174927154     
   1.3924766469970860           0.83548598819825159           0.52217874262390729     
   1.3924766469970860           0.83548598819825159           0.69623832349854309     
   1.3924766469970860           0.83548598819825159           0.87029790437317889     
   1.3924766469970860           0.83548598819825159            1.0443574852478146     
   1.3924766469970860           0.83548598819825159            1.2184170661224505     
   1.3924766469970860           0.83548598819825159            1.3924766469970862     
   1.3924766469970860           0.83548598819825159            1.5665362278717216     
   1.3924766469970860           0.83548598819825159            1.7405958087463578     
   1.3924766469970860           0.83548598819825159            1.9146553896209932     
   1.3924766469970860           0.83548598819825159            2.0887149704956292     
   1.3924766469970860           0.83548598819825159            2.2627745513702648     
   1.3924766469970860           0.83548598819825159            2.4368341322449010     
   1.3924766469970860           0.83548598819825159            2.6108937131195367     
   1.3924766469970860           0.83548598819825159            2.7849532939941724     
   1.3924766469970860           0.83548598819825159            2.9590128748688080     
   1.3924766469970860           0.83548598819825159            3.1330724557434433     
   1.3924766469970860           0.97473365289796032            0.0000000000000000     
   1.3924766469970860           0.97473365289796032           0.17405958087463577     
   1.3924766469970860           0.97473365289796032           0.34811916174927154     
   1.3924766469970860           0.97473365289796032           0.52217874262390729     
   1.3924766469970860           0.97473365289796032           0.69623832349854309     
   1.3924766469970860           0.97473365289796032           0.87029790437317889     
   1.3924766469970860           0.97473365289796032            1.0443574852478146     
   1.3924766469970860           0.97473365289796032            1.2184170661224505     
   1.3924766469970860           0.97473365289796032            1.3924766469970862     
   1.3924766469970860           0.97473365289796032            1.5665362278717216     
   1.3924766469970860           0.97473365289796032            1.7405958087463578     
   1.3924766469970860           0.97473365289796032            1.9146553896209932     
   1.3924766469970860           0.97473365289796032            2.0887149704956292     
   1.3924766469970860           0.97473365289796032            2.2627745513702648     
   1.3924766469970860           0.97473365289796032            2.4368341322449010     
   1.3924766469970860           0.97473365289796032            2.6108937131195367     
   1.3924766469970860           0.97473365289796032            2.7849532939941724     
   1.3924766469970860           0.97473365289796032            2.9590128748688080     
   1.3924766469970860           0.97473365289796032            3.1330724557434433     
   1.3924766469970860            1.1139813175976687            0.0000000000000000     
   1.3924766469970860            1.1139813175976687           0.17405958087463577     
   1.3924766469970860            1.1139813175976687           0.34811916174927154     
   1.3924766469970860            1.1139813175976687           0.52217874262390729     
   1.3924766469970860            1.1139813175976687           0.69623832349854309     
   1.3924766469970860            1.1139813175976687           0.87029790437317889     
   1.3924766469970860            1.1139813175976687            1.0443574852478146     
   1.3924766469970860            1.1139813175976687            1.2184170661224505     
   1.3924766469970860            1.1139813175976687            1.3924766469970862     
   1.3924766469970860            1.1139813175976687            1.5665362278717216     
   1.3924766469970860            1.1139813175976687            1.7405958087463578     
   1.3924766469970860            1.1139813175976687            1.9146553896209932     
   1.3924766469970860            1.1139813175976687            2.0887149704956292     
   1.3924766469970860            1.1139813175976687            2.2627745513702648     
   1.3924766469970860            1.1139813175976687            2.4368341322449010     
   1.3924766469970860            1.1139813175976687            2.6108937131195367     
   1.3924766469970860            1.1139813175976687            2.7849532939941724     
   1.3924766469970860            1.1139813175976687            2.9590128748688080     
   1.3924766469970860            1.1139813175976687            3.1330724557434433     
   1.3924766469970860            1.2532289822973772            0.0000000000000000     
   1.3924766469970860            1.2532289822973772           0.17405958087463577     
   1.3924766469970860            1.2532289822973772           0.34811916174927154     
   1.3924766469970860            1.2532289822973772           0.52217874262390729     
   1.3924766469970860            1.2532289822973772           0.69623832349854309     
   1.3924766469970860            1.2532289822973772           0.87029790437317889     
   1.3924766469970860            1.2532289822973772            1.0443574852478146     
   1.3924766469970860            1.2532289822973772            1.2184170661224505     
   1.3924766469970860            1.2532289822973772            1.3924766469970862     
   1.3924766469970860            1.2532289822973772            1.5665362278717216     
   1.3924766469970860            1.2532289822973772            1.7405958087463578     
   1.3924766469970860            1.2532289822973772            1.9146553896209932     
   1.3924766469970860            1.2532289822973772            2.0887149704956292     
   1.3924766469970860            1.2532289822973772            2.2627745513702648     
   1.3924766469970860            1.2532289822973772            2.4368341322449010     
   1.3924766469970860            1.2532289822973772            2.6108937131195367     
   1.3924766469970860            1.2532289822973772            2.7849532939941724     
   1.3924766469970860            1.2532289822973772            2.9590128748688080     
   1.3924766469970860            1.2532289822973772            3.1330724557434433     
   1.3924766469970860            1.3924766469970860            0.0000000000000000     
   1.3924766469970860            1.3924766469970860           0.17405958087463577     
   1.3924766469970860            1.3924766469970860           0.34811916174927154     
   1.3924766469970860            1.3924766469970860           0.52217874262390729     
   1.3924766469970860            1.3924766469970860           0.69623832349854309     
   1.3924766469970860            1.3924766469970860           0.87029790437317889     
   1.3924766469970860            1.3924766469970860            1.0443574852478146     
   1.3924766469970860            1.3924766469970860            1.2184170661224505     
   1.3924766469970860            1.3924766469970860            1.3924766469970862     
   1.3924766469970860            1.3924766469970860            1.5665362278717216     
   1.3924766469970860            1.3924766469970860            1.7405958087463578     
   1.3924766469970860            1.3924766469970860            1.9146553896209932     
   1.3924766469970860            1.3924766469970860            2.0887149704956292     
   1.3924766469970860            1.3924766469970860            2.2627745513702648     
   1.3924766469970860            1.3924766469970860            2.4368341322449010     
   1.3924766469970860            1.3924766469970860            2.6108937131195367     
   1.3924766469970860            1.3924766469970860            2.7849532939941724     
   1.3924766469970860            1.3924766469970860            2.9590128748688080     
   1.3924766469970860            1.3924766469970860            3.1330724557434433     
   1.3924766469970860            1.5317243116967947            0.0000000000000000     
   1.3924766469970860            1.5317243116967947           0.17405958087463577     
   1.3924766469970860            1.5317243116967947           0.34811916174927154     
   1.3924766469970860            1.5317243116967947           0.52217874262390729     
   1.3924766469970860            1.5317243116967947           0.69623832349854309     
   1.3924766469970860            1.5317243116967947           0.87029790437317889     
   1.3924766469970860            1.5317243116967947            1.0443574852478146     
   1.3924766469970860            1.5317243116967947            1.2184170661224505     
   1.3924766469970860            1.5317243116967947            1.3924766469970862     
   1.3924766469970860            1.5317243116967947            1.5665362278717216     
   1.3924766469970860            1.5317243116967947            1.7405958087463578     
   1.3924766469970860            1.5317243116967947            1.9146553896209932     
   1.3924766469970860            1.5317243116967947            2.0887149704956292     
   1.3924766469970860            1.5317243116967947            2.2627745513702648     
   1.3924766469970860            1.5317243116967947            2.4368341322449010     
   1.3924766469970860            1.5317243116967947            2.6108937131195367     
   1.3924766469970860            1.5317243116967947            2.7849532939941724     
   1.3924766469970860            1.5317243116967947            2.9590128748688080     
   1.3924766469970860            1.5317243116967947            3.1330724557434433     
   1.3924766469970860            1.6709719763965032            0.0000000000000000     
   1.3924766469970860            1.6709719763965032           0.17405958087463577     
   1.3924766469970860            1.6709719763965032           0.34811916174927154     
   1.3924766469970860            1.6709719763965032           0.52217874262390729     
   1.3924766469970860            1.6709719763965032           0.69623832349854309     
   1.3924766469970860            1.6709719763965032           0.87029790437317889     
   1.3924766469970860            1.6709719763965032            1.0443574852478146     
   1.3924766469970860            1.6709719763965032            1.2184170661224505     
   1.3924766469970860            1.6709719763965032            1.3924766469970862     
   1.3924766469970860            1.6709719763965032            1.5665362278717216     
   1.3924766469970860            1.6709719763965032            1.7405958087463578     
   1.3924766469970860            1.6709719763965032            1.9146553896209932     
   1.3924766469970860            1.6709719763965032            2.0887149704956292     
   1.3924766469970860            1.6709719763965032            2.2627745513702648     
   1.3924766469970860            1.6709719763965032            2.4368341322449010     
   1.3924766469970860            1.6709719763965032            2.6108937131195367     
   1.3924766469970860            1.6709719763965032            2.7849532939941724     
   1.3924766469970860            1.6709719763965032            2.9590128748688080     
   1.3924766469970860            1.6709719763965032            3.1330724557434433     
   1.3924766469970860            1.8102196410962119            0.0000000000000000     
   1.3924766469970860            1.8102196410962119           0.17405958087463577     
   1.3924766469970860            1.8102196410962119           0.34811916174927154     
   1.3924766469970860            1.8102196410962119           0.52217874262390729     
   1.3924766469970860            1.8102196410962119           0.69623832349854309     
   1.3924766469970860            1.8102196410962119           0.87029790437317889     
   1.3924766469970860            1.8102196410962119            1.0443574852478146     
   1.3924766469970860            1.8102196410962119            1.2184170661224505     
   1.3924766469970860            1.8102196410962119            1.3924766469970862     
   1.3924766469970860            1.8102196410962119            1.5665362278717216     
   1.3924766469970860            1.8102196410962119            1.7405958087463578     
   1.3924766469970860            1.8102196410962119            1.9146553896209932     
   1.3924766469970860            1.8102196410962119            2.0887149704956292     
   1.3924766469970860            1.8102196410962119            2.2627745513702648     
   1.3924766469970860            1.8102196410962119            2.4368341322449010     
   1.3924766469970860            1.8102196410962119            2.6108937131195367     
   1.3924766469970860            1.8102196410962119            2.7849532939941724     
   1.3924766469970860            1.8102196410962119            2.9590128748688080     
   1.3924766469970860            1.8102196410962119            3.1330724557434433     
   1.3924766469970860            1.9494673057959206            0.0000000000000000     
   1.3924766469970860            1.9494673057959206           0.17405958087463577     
   1.3924766469970860            1.9494673057959206           0.34811916174927154     
   1.3924766469970860            1.9494673057959206           0.52217874262390729     
   1.3924766469970860            1.9494673057959206           0.69623832349854309     
   1.3924766469970860            1.9494673057959206           0.87029790437317889     
   1.3924766469970860            1.9494673057959206            1.0443574852478146     
   1.3924766469970860            1.9494673057959206            1.2184170661224505     
   1.3924766469970860            1.9494673057959206            1.3924766469970862     
   1.3924766469970860            1.9494673057959206            1.5665362278717216     
   1.3924766469970860            1.9494673057959206            1.7405958087463578     
   1.3924766469970860            1.9494673057959206            1.9146553896209932     
   1.3924766469970860            1.9494673057959206            2.0887149704956292     
   1.3924766469970860            1.9494673057959206            2.2627745513702648     
   1.3924766469970860            1.9494673057959206            2.4368341322449010     
   1.3924766469970860            1.9494673057959206            2.6108937131195367     
   1.3924766469970860            1.9494673057959206            2.7849532939941724     
   1.3924766469970860            1.9494673057959206            2.9590128748688080     
   1.3924766469970860            1.9494673057959206            3.1330724557434433     
   1.3924766469970860            2.0887149704956292            0.0000000000000000     
   1.3924766469970860            2.0887149704956292           0.17405958087463577     
   1.3924766469970860            2.0887149704956292           0.34811916174927154     
   1.3924766469970860            2.0887149704956292           0.52217874262390729     
   1.3924766469970860            2.0887149704956292           0.69623832349854309     
   1.3924766469970860            2.0887149704956292           0.87029790437317889     
   1.3924766469970860            2.0887149704956292            1.0443574852478146     
   1.3924766469970860            2.0887149704956292            1.2184170661224505     
   1.3924766469970860            2.0887149704956292            1.3924766469970862     
   1.3924766469970860            2.0887149704956292            1.5665362278717216     
   1.3924766469970860            2.0887149704956292            1.7405958087463578     
   1.3924766469970860            2.0887149704956292            1.9146553896209932     
   1.3924766469970860            2.0887149704956292            2.0887149704956292     
   1.3924766469970860            2.0887149704956292            2.2627745513702648     
   1.3924766469970860            2.0887149704956292            2.4368341322449010     
   1.3924766469970860            2.0887149704956292            2.6108937131195367     
   1.3924766469970860            2.0887149704956292            2.7849532939941724     
   1.3924766469970860            2.0887149704956292            2.9590128748688080     
   1.3924766469970860            2.0887149704956292            3.1330724557434433     
   1.3924766469970860            2.2279626351953374            0.0000000000000000     
   1.3924766469970860            2.2279626351953374           0.17405958087463577     
   1.3924766469970860            2.2279626351953374           0.34811916174927154     
   1.3924766469970860            2.2279626351953374           0.52217874262390729     
   1.3924766469970860            2.2279626351953374           0.69623832349854309     
   1.3924766469970860            2.2279626351953374           0.87029790437317889     
   1.3924766469970860            2.2279626351953374            1.0443574852478146     
   1.3924766469970860            2.2279626351953374            1.2184170661224505     
   1.3924766469970860            2.2279626351953374            1.3924766469970862     
   1.3924766469970860            2.2279626351953374            1.5665362278717216     
   1.3924766469970860            2.2279626351953374            1.7405958087463578     
   1.3924766469970860            2.2279626351953374            1.9146553896209932     
   1.3924766469970860            2.2279626351953374            2.0887149704956292     
   1.3924766469970860            2.2279626351953374            2.2627745513702648     
   1.3924766469970860            2.2279626351953374            2.4368341322449010     
   1.3924766469970860            2.2279626351953374            2.6108937131195367     
   1.3924766469970860            2.2279626351953374            2.7849532939941724     
   1.3924766469970860            2.2279626351953374            2.9590128748688080     
   1.3924766469970860            2.2279626351953374            3.1330724557434433     
   1.3924766469970860            2.3672102998950462            0.0000000000000000     
   1.3924766469970860            2.3672102998950462           0.17405958087463577     
   1.3924766469970860            2.3672102998950462           0.34811916174927154     
   1.3924766469970860            2.3672102998950462           0.52217874262390729     
   1.3924766469970860            2.3672102998950462           0.69623832349854309     
   1.3924766469970860            2.3672102998950462           0.87029790437317889     
   1.3924766469970860            2.3672102998950462            1.0443574852478146     
   1.3924766469970860            2.3672102998950462            1.2184170661224505     
   1.3924766469970860            2.3672102998950462            1.3924766469970862     
   1.3924766469970860            2.3672102998950462            1.5665362278717216     
   1.3924766469970860            2.3672102998950462            1.7405958087463578     
   1.3924766469970860            2.3672102998950462            1.9146553896209932     
   1.3924766469970860            2.3672102998950462            2.0887149704956292     
   1.3924766469970860            2.3672102998950462            2.2627745513702648     
   1.3924766469970860            2.3672102998950462            2.4368341322449010     
   1.3924766469970860            2.3672102998950462            2.6108937131195367     
   1.3924766469970860            2.3672102998950462            2.7849532939941724     
   1.3924766469970860            2.3672102998950462            2.9590128748688080     
   1.3924766469970860            2.3672102998950462            3.1330724557434433     
   1.3924766469970860            2.5064579645947545            0.0000000000000000     
   1.3924766469970860            2.5064579645947545           0.17405958087463577     
   1.3924766469970860            2.5064579645947545           0.34811916174927154     
   1.3924766469970860            2.5064579645947545           0.52217874262390729     
   1.3924766469970860            2.5064579645947545           0.69623832349854309     
   1.3924766469970860            2.5064579645947545           0.87029790437317889     
   1.3924766469970860            2.5064579645947545            1.0443574852478146     
   1.3924766469970860            2.5064579645947545            1.2184170661224505     
   1.3924766469970860            2.5064579645947545            1.3924766469970862     
   1.3924766469970860            2.5064579645947545            1.5665362278717216     
   1.3924766469970860            2.5064579645947545            1.7405958087463578     
   1.3924766469970860            2.5064579645947545            1.9146553896209932     
   1.3924766469970860            2.5064579645947545            2.0887149704956292     
   1.3924766469970860            2.5064579645947545            2.2627745513702648     
   1.3924766469970860            2.5064579645947545            2.4368341322449010     
   1.3924766469970860            2.5064579645947545            2.6108937131195367     
   1.3924766469970860            2.5064579645947545            2.7849532939941724     
   1.3924766469970860            2.5064579645947545            2.9590128748688080     
   1.3924766469970860            2.5064579645947545            3.1330724557434433     
   1.5317243116967947            0.0000000000000000            0.0000000000000000     
   1.5317243116967947            0.0000000000000000           0.17405958087463577     
   1.5317243116967947            0.0000000000000000           0.34811916174927154     
   1.5317243116967947            0.0000000000000000           0.52217874262390729     
   1.5317243116967947            0.0000000000000000           0.69623832349854309     
   1.5317243116967947            0.0000000000000000           0.87029790437317889     
   1.5317243116967947            0.0000000000000000            1.0443574852478146     
   1.5317243116967947            0.0000000000000000            1.2184170661224505     
   1.5317243116967947            0.0000000000000000            1.3924766469970862     
   1.5317243116967947            0.0000000000000000            1.5665362278717216     
   1.5317243116967947            0.0000000000000000            1.7405958087463578     
   1.5317243116967947            0.0000000000000000            1.9146553896209932     
   1.5317243116967947            0.0000000000000000            2.0887149704956292     
   1.5317243116967947            0.0000000000000000            2.2627745513702648     
   1.5317243116967947            0.0000000000000000            2.4368341322449010     
   1.5317243116967947            0.0000000000000000            2.6108937131195367     
   1.5317243116967947            0.0000000000000000            2.7849532939941724     
   1.5317243116967947            0.0000000000000000            2.9590128748688080     
   1.5317243116967947            0.0000000000000000            3.1330724557434433     
   1.5317243116967947           0.13924766469970859            0.0000000000000000     
   1.5317243116967947           0.13924766469970859           0.17405958087463577     
   1.5317243116967947           0.13924766469970859           0.34811916174927154     
   1.5317243116967947           0.13924766469970859           0.52217874262390729     
   1.5317243116967947           0.13924766469970859           0.69623832349854309     
   1.5317243116967947           0.13924766469970859           0.87029790437317889     
   1.5317243116967947           0.13924766469970859            1.0443574852478146     
   1.5317243116967947           0.13924766469970859            1.2184170661224505     
   1.5317243116967947           0.13924766469970859            1.3924766469970862     
   1.5317243116967947           0.13924766469970859            1.5665362278717216     
   1.5317243116967947           0.13924766469970859            1.7405958087463578     
   1.5317243116967947           0.13924766469970859            1.9146553896209932     
   1.5317243116967947           0.13924766469970859            2.0887149704956292     
   1.5317243116967947           0.13924766469970859            2.2627745513702648     
   1.5317243116967947           0.13924766469970859            2.4368341322449010     
   1.5317243116967947           0.13924766469970859            2.6108937131195367     
   1.5317243116967947           0.13924766469970859            2.7849532939941724     
   1.5317243116967947           0.13924766469970859            2.9590128748688080     
   1.5317243116967947           0.13924766469970859            3.1330724557434433     
   1.5317243116967947           0.27849532939941718            0.0000000000000000     
   1.5317243116967947           0.27849532939941718           0.17405958087463577     
   1.5317243116967947           0.27849532939941718           0.34811916174927154     
   1.5317243116967947           0.27849532939941718           0.52217874262390729     
   1.5317243116967947           0.27849532939941718           0.69623832349854309     
   1.5317243116967947           0.27849532939941718           0.87029790437317889     
   1.5317243116967947           0.27849532939941718            1.0443574852478146     
   1.5317243116967947           0.27849532939941718            1.2184170661224505     
   1.5317243116967947           0.27849532939941718            1.3924766469970862     
   1.5317243116967947           0.27849532939941718            1.5665362278717216     
   1.5317243116967947           0.27849532939941718            1.7405958087463578     
   1.5317243116967947           0.27849532939941718            1.9146553896209932     
   1.5317243116967947           0.27849532939941718            2.0887149704956292     
   1.5317243116967947           0.27849532939941718            2.2627745513702648     
   1.5317243116967947           0.27849532939941718            2.4368341322449010     
   1.5317243116967947           0.27849532939941718            2.6108937131195367     
   1.5317243116967947           0.27849532939941718            2.7849532939941724     
   1.5317243116967947           0.27849532939941718            2.9590128748688080     
   1.5317243116967947           0.27849532939941718            3.1330724557434433     
   1.5317243116967947           0.41774299409912580            0.0000000000000000     
   1.5317243116967947           0.41774299409912580           0.17405958087463577     
   1.5317243116967947           0.41774299409912580           0.34811916174927154     
   1.5317243116967947           0.41774299409912580           0.52217874262390729     
   1.5317243116967947           0.41774299409912580           0.69623832349854309     
   1.5317243116967947           0.41774299409912580           0.87029790437317889     
   1.5317243116967947           0.41774299409912580            1.0443574852478146     
   1.5317243116967947           0.41774299409912580            1.2184170661224505     
   1.5317243116967947           0.41774299409912580            1.3924766469970862     
   1.5317243116967947           0.41774299409912580            1.5665362278717216     
   1.5317243116967947           0.41774299409912580            1.7405958087463578     
   1.5317243116967947           0.41774299409912580            1.9146553896209932     
   1.5317243116967947           0.41774299409912580            2.0887149704956292     
   1.5317243116967947           0.41774299409912580            2.2627745513702648     
   1.5317243116967947           0.41774299409912580            2.4368341322449010     
   1.5317243116967947           0.41774299409912580            2.6108937131195367     
   1.5317243116967947           0.41774299409912580            2.7849532939941724     
   1.5317243116967947           0.41774299409912580            2.9590128748688080     
   1.5317243116967947           0.41774299409912580            3.1330724557434433     
   1.5317243116967947           0.55699065879883436            0.0000000000000000     
   1.5317243116967947           0.55699065879883436           0.17405958087463577     
   1.5317243116967947           0.55699065879883436           0.34811916174927154     
   1.5317243116967947           0.55699065879883436           0.52217874262390729     
   1.5317243116967947           0.55699065879883436           0.69623832349854309     
   1.5317243116967947           0.55699065879883436           0.87029790437317889     
   1.5317243116967947           0.55699065879883436            1.0443574852478146     
   1.5317243116967947           0.55699065879883436            1.2184170661224505     
   1.5317243116967947           0.55699065879883436            1.3924766469970862     
   1.5317243116967947           0.55699065879883436            1.5665362278717216     
   1.5317243116967947           0.55699065879883436            1.7405958087463578     
   1.5317243116967947           0.55699065879883436            1.9146553896209932     
   1.5317243116967947           0.55699065879883436            2.0887149704956292     
   1.5317243116967947           0.55699065879883436            2.2627745513702648     
   1.5317243116967947           0.55699065879883436            2.4368341322449010     
   1.5317243116967947           0.55699065879883436            2.6108937131195367     
   1.5317243116967947           0.55699065879883436            2.7849532939941724     
   1.5317243116967947           0.55699065879883436            2.9590128748688080     
   1.5317243116967947           0.55699065879883436            3.1330724557434433     
   1.5317243116967947           0.69623832349854298            0.0000000000000000     
   1.5317243116967947           0.69623832349854298           0.17405958087463577     
   1.5317243116967947           0.69623832349854298           0.34811916174927154     
   1.5317243116967947           0.69623832349854298           0.52217874262390729     
   1.5317243116967947           0.69623832349854298           0.69623832349854309     
   1.5317243116967947           0.69623832349854298           0.87029790437317889     
   1.5317243116967947           0.69623832349854298            1.0443574852478146     
   1.5317243116967947           0.69623832349854298            1.2184170661224505     
   1.5317243116967947           0.69623832349854298            1.3924766469970862     
   1.5317243116967947           0.69623832349854298            1.5665362278717216     
   1.5317243116967947           0.69623832349854298            1.7405958087463578     
   1.5317243116967947           0.69623832349854298            1.9146553896209932     
   1.5317243116967947           0.69623832349854298            2.0887149704956292     
   1.5317243116967947           0.69623832349854298            2.2627745513702648     
   1.5317243116967947           0.69623832349854298            2.4368341322449010     
   1.5317243116967947           0.69623832349854298            2.6108937131195367     
   1.5317243116967947           0.69623832349854298            2.7849532939941724     
   1.5317243116967947           0.69623832349854298            2.9590128748688080     
   1.5317243116967947           0.69623832349854298            3.1330724557434433     
   1.5317243116967947           0.83548598819825159            0.0000000000000000     
   1.5317243116967947           0.83548598819825159           0.17405958087463577     
   1.5317243116967947           0.83548598819825159           0.34811916174927154     
   1.5317243116967947           0.83548598819825159           0.52217874262390729     
   1.5317243116967947           0.83548598819825159           0.69623832349854309     
   1.5317243116967947           0.83548598819825159           0.87029790437317889     
   1.5317243116967947           0.83548598819825159            1.0443574852478146     
   1.5317243116967947           0.83548598819825159            1.2184170661224505     
   1.5317243116967947           0.83548598819825159            1.3924766469970862     
   1.5317243116967947           0.83548598819825159            1.5665362278717216     
   1.5317243116967947           0.83548598819825159            1.7405958087463578     
   1.5317243116967947           0.83548598819825159            1.9146553896209932     
   1.5317243116967947           0.83548598819825159            2.0887149704956292     
   1.5317243116967947           0.83548598819825159            2.2627745513702648     
   1.5317243116967947           0.83548598819825159            2.4368341322449010     
   1.5317243116967947           0.83548598819825159            2.6108937131195367     
   1.5317243116967947           0.83548598819825159            2.7849532939941724     
   1.5317243116967947           0.83548598819825159            2.9590128748688080     
   1.5317243116967947           0.83548598819825159            3.1330724557434433     
   1.5317243116967947           0.97473365289796032            0.0000000000000000     
   1.5317243116967947           0.97473365289796032           0.17405958087463577     
   1.5317243116967947           0.97473365289796032           0.34811916174927154     
   1.5317243116967947           0.97473365289796032           0.52217874262390729     
   1.5317243116967947           0.97473365289796032           0.69623832349854309     
   1.5317243116967947           0.97473365289796032           0.87029790437317889     
   1.5317243116967947           0.97473365289796032            1.0443574852478146     
   1.5317243116967947           0.97473365289796032            1.2184170661224505     
   1.5317243116967947           0.97473365289796032            1.3924766469970862     
   1.5317243116967947           0.97473365289796032            1.5665362278717216     
   1.5317243116967947           0.97473365289796032            1.7405958087463578     
   1.5317243116967947           0.97473365289796032            1.9146553896209932     
   1.5317243116967947           0.97473365289796032            2.0887149704956292     
   1.5317243116967947           0.97473365289796032            2.2627745513702648     
   1.5317243116967947           0.97473365289796032            2.4368341322449010     
   1.5317243116967947           0.97473365289796032            2.6108937131195367     
   1.5317243116967947           0.97473365289796032            2.7849532939941724     
   1.5317243116967947           0.97473365289796032            2.9590128748688080     
   1.5317243116967947           0.97473365289796032            3.1330724557434433     
   1.5317243116967947            1.1139813175976687            0.0000000000000000     
   1.5317243116967947            1.1139813175976687           0.17405958087463577     
   1.5317243116967947            1.1139813175976687           0.34811916174927154     
   1.5317243116967947            1.1139813175976687           0.52217874262390729     
   1.5317243116967947            1.1139813175976687           0.69623832349854309     
   1.5317243116967947            1.1139813175976687           0.87029790437317889     
   1.5317243116967947            1.1139813175976687            1.0443574852478146     
   1.5317243116967947            1.1139813175976687            1.2184170661224505     
   1.5317243116967947            1.1139813175976687            1.3924766469970862     
   1.5317243116967947            1.1139813175976687            1.5665362278717216     
   1.5317243116967947            1.1139813175976687            1.7405958087463578     
   1.5317243116967947            1.1139813175976687            1.9146553896209932     
   1.5317243116967947            1.1139813175976687            2.0887149704956292     
   1.5317243116967947            1.1139813175976687            2.2627745513702648     
   1.5317243116967947            1.1139813175976687            2.4368341322449010     
   1.5317243116967947            1.1139813175976687            2.6108937131195367     
   1.5317243116967947            1.1139813175976687            2.7849532939941724     
   1.5317243116967947            1.1139813175976687            2.9590128748688080     
   1.5317243116967947            1.1139813175976687            3.1330724557434433     
   1.5317243116967947            1.2532289822973772            0.0000000000000000     
   1.5317243116967947            1.2532289822973772           0.17405958087463577     
   1.5317243116967947            1.2532289822973772           0.34811916174927154     
   1.5317243116967947            1.2532289822973772           0.52217874262390729     
   1.5317243116967947            1.2532289822973772           0.69623832349854309     
   1.5317243116967947            1.2532289822973772           0.87029790437317889     
   1.5317243116967947            1.2532289822973772            1.0443574852478146     
   1.5317243116967947            1.2532289822973772            1.2184170661224505     
   1.5317243116967947            1.2532289822973772            1.3924766469970862     
   1.5317243116967947            1.2532289822973772            1.5665362278717216     
   1.5317243116967947            1.2532289822973772            1.7405958087463578     
   1.5317243116967947            1.2532289822973772            1.9146553896209932     
   1.5317243116967947            1.2532289822973772            2.0887149704956292     
   1.5317243116967947            1.2532289822973772            2.2627745513702648     
   1.5317243116967947            1.2532289822973772            2.4368341322449010     
   1.5317243116967947            1.2532289822973772            2.6108937131195367     
   1.5317243116967947            1.2532289822973772            2.7849532939941724     
   1.5317243116967947            1.2532289822973772            2.9590128748688080     
   1.5317243116967947            1.2532289822973772            3.1330724557434433     
   1.5317243116967947            1.3924766469970860            0.0000000000000000     
   1.5317243116967947            1.3924766469970860           0.17405958087463577     
   1.5317243116967947            1.3924766469970860           0.34811916174927154     
   1.5317243116967947            1.3924766469970860           0.52217874262390729     
   1.5317243116967947            1.3924766469970860           0.69623832349854309     
   1.5317243116967947            1.3924766469970860           0.87029790437317889     
   1.5317243116967947            1.3924766469970860            1.0443574852478146     
   1.5317243116967947            1.3924766469970860            1.2184170661224505     
   1.5317243116967947            1.3924766469970860            1.3924766469970862     
   1.5317243116967947            1.3924766469970860            1.5665362278717216     
   1.5317243116967947            1.3924766469970860            1.7405958087463578     
   1.5317243116967947            1.3924766469970860            1.9146553896209932     
   1.5317243116967947            1.3924766469970860            2.0887149704956292     
   1.5317243116967947            1.3924766469970860            2.2627745513702648     
   1.5317243116967947            1.3924766469970860            2.4368341322449010     
   1.5317243116967947            1.3924766469970860            2.6108937131195367     
   1.5317243116967947            1.3924766469970860            2.7849532939941724     
   1.5317243116967947            1.3924766469970860            2.9590128748688080     
   1.5317243116967947            1.3924766469970860            3.1330724557434433     
   1.5317243116967947            1.5317243116967947            0.0000000000000000     
   1.5317243116967947            1.5317243116967947           0.17405958087463577     
   1.5317243116967947            1.5317243116967947           0.34811916174927154     
   1.5317243116967947            1.5317243116967947           0.52217874262390729     
   1.5317243116967947            1.5317243116967947           0.69623832349854309     
   1.5317243116967947            1.5317243116967947           0.87029790437317889     
   1.5317243116967947            1.5317243116967947            1.0443574852478146     
   1.5317243116967947            1.5317243116967947            1.2184170661224505     
   1.5317243116967947            1.5317243116967947            1.3924766469970862     
   1.5317243116967947            1.5317243116967947            1.5665362278717216     
   1.5317243116967947            1.5317243116967947            1.7405958087463578     
   1.5317243116967947            1.5317243116967947            1.9146553896209932     
   1.5317243116967947            1.5317243116967947            2.0887149704956292     
   1.5317243116967947            1.5317243116967947            2.2627745513702648     
   1.5317243116967947            1.5317243116967947            2.4368341322449010     
   1.5317243116967947            1.5317243116967947            2.6108937131195367     
   1.5317243116967947            1.5317243116967947            2.7849532939941724     
   1.5317243116967947            1.5317243116967947            2.9590128748688080     
   1.5317243116967947            1.5317243116967947            3.1330724557434433     
   1.5317243116967947            1.6709719763965032            0.0000000000000000     
   1.5317243116967947            1.6709719763965032           0.17405958087463577     
   1.5317243116967947            1.6709719763965032           0.34811916174927154     
   1.5317243116967947            1.6709719763965032           0.52217874262390729     
   1.5317243116967947            1.6709719763965032           0.69623832349854309     
   1.5317243116967947            1.6709719763965032           0.87029790437317889     
   1.5317243116967947            1.6709719763965032            1.0443574852478146     
   1.5317243116967947            1.6709719763965032            1.2184170661224505     
   1.5317243116967947            1.6709719763965032            1.3924766469970862     
   1.5317243116967947            1.6709719763965032            1.5665362278717216     
   1.5317243116967947            1.6709719763965032            1.7405958087463578     
   1.5317243116967947            1.6709719763965032            1.9146553896209932     
   1.5317243116967947            1.6709719763965032            2.0887149704956292     
   1.5317243116967947            1.6709719763965032            2.2627745513702648     
   1.5317243116967947            1.6709719763965032            2.4368341322449010     
   1.5317243116967947            1.6709719763965032            2.6108937131195367     
   1.5317243116967947            1.6709719763965032            2.7849532939941724     
   1.5317243116967947            1.6709719763965032            2.9590128748688080     
   1.5317243116967947            1.6709719763965032            3.1330724557434433     
   1.5317243116967947            1.8102196410962119            0.0000000000000000     
   1.5317243116967947            1.8102196410962119           0.17405958087463577     
   1.5317243116967947            1.8102196410962119           0.34811916174927154     
   1.5317243116967947            1.8102196410962119           0.52217874262390729     
   1.5317243116967947            1.8102196410962119           0.69623832349854309     
   1.5317243116967947            1.8102196410962119           0.87029790437317889     
   1.5317243116967947            1.8102196410962119            1.0443574852478146     
   1.5317243116967947            1.8102196410962119            1.2184170661224505     
   1.5317243116967947            1.8102196410962119            1.3924766469970862     
   1.5317243116967947            1.8102196410962119            1.5665362278717216     
   1.5317243116967947            1.8102196410962119            1.7405958087463578     
   1.5317243116967947            1.8102196410962119            1.9146553896209932     
   1.5317243116967947            1.8102196410962119            2.0887149704956292     
   1.5317243116967947            1.8102196410962119            2.2627745513702648     
   1.5317243116967947            1.8102196410962119            2.4368341322449010     
   1.5317243116967947            1.8102196410962119            2.6108937131195367     
   1.5317243116967947            1.8102196410962119            2.7849532939941724     
   1.5317243116967947            1.8102196410962119            2.9590128748688080     
   1.5317243116967947            1.8102196410962119            3.1330724557434433     
   1.5317243116967947            1.9494673057959206            0.0000000000000000     
   1.5317243116967947            1.9494673057959206           0.17405958087463577     
   1.5317243116967947            1.9494673057959206           0.34811916174927154     
   1.5317243116967947            1.9494673057959206           0.52217874262390729     
   1.5317243116967947            1.9494673057959206           0.69623832349854309     
   1.5317243116967947            1.9494673057959206           0.87029790437317889     
   1.5317243116967947            1.9494673057959206            1.0443574852478146     
   1.5317243116967947            1.9494673057959206            1.2184170661224505     
   1.5317243116967947            1.9494673057959206            1.3924766469970862     
   1.5317243116967947            1.9494673057959206            1.5665362278717216     
   1.5317243116967947            1.9494673057959206            1.7405958087463578     
   1.5317243116967947            1.9494673057959206            1.9146553896209932     
   1.5317243116967947            1.9494673057959206            2.0887149704956292     
   1.5317243116967947            1.9494673057959206            2.2627745513702648     
   1.5317243116967947            1.9494673057959206            2.4368341322449010     
   1.5317243116967947            1.9494673057959206            2.6108937131195367     
   1.5317243116967947            1.9494673057959206            2.7849532939941724     
   1.5317243116967947            1.9494673057959206            2.9590128748688080     
   1.5317243116967947            1.9494673057959206            3.1330724557434433     
   1.5317243116967947            2.0887149704956292            0.0000000000000000     
   1.5317243116967947            2.0887149704956292           0.17405958087463577     
   1.5317243116967947            2.0887149704956292           0.34811916174927154     
   1.5317243116967947            2.0887149704956292           0.52217874262390729     
   1.5317243116967947            2.0887149704956292           0.69623832349854309     
   1.5317243116967947            2.0887149704956292           0.87029790437317889     
   1.5317243116967947            2.0887149704956292            1.0443574852478146     
   1.5317243116967947            2.0887149704956292            1.2184170661224505     
   1.5317243116967947            2.0887149704956292            1.3924766469970862     
   1.5317243116967947            2.0887149704956292            1.5665362278717216     
   1.5317243116967947            2.0887149704956292            1.7405958087463578     
   1.5317243116967947            2.0887149704956292            1.9146553896209932     
   1.5317243116967947            2.0887149704956292            2.0887149704956292     
   1.5317243116967947            2.0887149704956292            2.2627745513702648     
   1.5317243116967947            2.0887149704956292            2.4368341322449010     
   1.5317243116967947            2.0887149704956292            2.6108937131195367     
   1.5317243116967947            2.0887149704956292            2.7849532939941724     
   1.5317243116967947            2.0887149704956292            2.9590128748688080     
   1.5317243116967947            2.0887149704956292            3.1330724557434433     
   1.5317243116967947            2.2279626351953374            0.0000000000000000     
   1.5317243116967947            2.2279626351953374           0.17405958087463577     
   1.5317243116967947            2.2279626351953374           0.34811916174927154     
   1.5317243116967947            2.2279626351953374           0.52217874262390729     
   1.5317243116967947            2.2279626351953374           0.69623832349854309     
   1.5317243116967947            2.2279626351953374           0.87029790437317889     
   1.5317243116967947            2.2279626351953374            1.0443574852478146     
   1.5317243116967947            2.2279626351953374            1.2184170661224505     
   1.5317243116967947            2.2279626351953374            1.3924766469970862     
   1.5317243116967947            2.2279626351953374            1.5665362278717216     
   1.5317243116967947            2.2279626351953374            1.7405958087463578     
   1.5317243116967947            2.2279626351953374            1.9146553896209932     
   1.5317243116967947            2.2279626351953374            2.0887149704956292     
   1.5317243116967947            2.2279626351953374            2.2627745513702648     
   1.5317243116967947            2.2279626351953374            2.4368341322449010     
   1.5317243116967947            2.2279626351953374            2.6108937131195367     
   1.5317243116967947            2.2279626351953374            2.7849532939941724     
   1.5317243116967947            2.2279626351953374            2.9590128748688080     
   1.5317243116967947            2.2279626351953374            3.1330724557434433     
   1.5317243116967947            2.3672102998950462            0.0000000000000000     
   1.5317243116967947            2.3672102998950462           0.17405958087463577     
   1.5317243116967947            2.3672102998950462           0.34811916174927154     
   1.5317243116967947            2.3672102998950462           0.52217874262390729     
   1.5317243116967947            2.3672102998950462           0.69623832349854309     
   1.5317243116967947            2.3672102998950462           0.87029790437317889     
   1.5317243116967947            2.3672102998950462            1.0443574852478146     
   1.5317243116967947            2.3672102998950462            1.2184170661224505     
   1.5317243116967947            2.3672102998950462            1.3924766469970862     
   1.5317243116967947            2.3672102998950462            1.5665362278717216     
   1.5317243116967947            2.3672102998950462            1.7405958087463578     
   1.5317243116967947            2.3672102998950462            1.9146553896209932     
   1.5317243116967947            2.3672102998950462            2.0887149704956292     
   1.5317243116967947            2.3672102998950462            2.2627745513702648     
   1.5317243116967947            2.3672102998950462            2.4368341322449010     
   1.5317243116967947            2.3672102998950462            2.6108937131195367     
   1.5317243116967947            2.3672102998950462            2.7849532939941724     
   1.5317243116967947            2.3672102998950462            2.9590128748688080     
   1.5317243116967947            2.3672102998950462            3.1330724557434433     
   1.5317243116967947            2.5064579645947545            0.0000000000000000     
   1.5317243116967947            2.5064579645947545           0.17405958087463577     
   1.5317243116967947            2.5064579645947545           0.34811916174927154     
   1.5317243116967947            2.5064579645947545           0.52217874262390729     
   1.5317243116967947            2.5064579645947545           0.69623832349854309     
   1.5317243116967947            2.5064579645947545           0.87029790437317889     
   1.5317243116967947            2.5064579645947545            1.0443574852478146     
   1.5317243116967947            2.5064579645947545            1.2184170661224505     
   1.5317243116967947            2.5064579645947545            1.3924766469970862     
   1.5317243116967947            2.5064579645947545            1.5665362278717216     
   1.5317243116967947            2.5064579645947545            1.7405958087463578     
   1.5317243116967947            2.5064579645947545            1.9146553896209932     
   1.5317243116967947            2.5064579645947545            2.0887149704956292     
   1.5317243116967947            2.5064579645947545            2.2627745513702648     
   1.5317243116967947            2.5064579645947545            2.4368341322449010     
   1.5317243116967947            2.5064579645947545            2.6108937131195367     
   1.5317243116967947            2.5064579645947545            2.7849532939941724     
   1.5317243116967947            2.5064579645947545            2.9590128748688080     
   1.5317243116967947            2.5064579645947545            3.1330724557434433     
   1.6709719763965032            0.0000000000000000            0.0000000000000000     
   1.6709719763965032            0.0000000000000000           0.17405958087463577     
   1.6709719763965032            0.0000000000000000           0.34811916174927154     
   1.6709719763965032            0.0000000000000000           0.52217874262390729     
   1.6709719763965032            0.0000000000000000           0.69623832349854309     
   1.6709719763965032            0.0000000000000000           0.87029790437317889     
   1.6709719763965032            0.0000000000000000            1.0443574852478146     
   1.6709719763965032            0.0000000000000000            1.2184170661224505     
   1.6709719763965032            0.0000000000000000            1.3924766469970862     
   1.6709719763965032            0.0000000000000000            1.5665362278717216     
   1.6709719763965032            0.0000000000000000            1.7405958087463578     
   1.6709719763965032            0.0000000000000000            1.9146553896209932     
   1.6709719763965032            0.0000000000000000            2.0887149704956292     
   1.6709719763965032            0.0000000000000000            2.2627745513702648     
   1.6709719763965032            0.0000000000000000            2.4368341322449010     
   1.6709719763965032            0.0000000000000000            2.6108937131195367     
   1.6709719763965032            0.0000000000000000            2.7849532939941724     
   1.6709719763965032            0.0000000000000000            2.9590128748688080     
   1.6709719763965032            0.0000000000000000            3.1330724557434433     
   1.6709719763965032           0.13924766469970859            0.0000000000000000     
   1.6709719763965032           0.13924766469970859           0.17405958087463577     
   1.6709719763965032           0.13924766469970859           0.34811916174927154     
   1.6709719763965032           0.13924766469970859           0.52217874262390729     
   1.6709719763965032           0.13924766469970859           0.69623832349854309     
   1.6709719763965032           0.13924766469970859           0.87029790437317889     
   1.6709719763965032           0.13924766469970859            1.0443574852478146     
   1.6709719763965032           0.13924766469970859            1.2184170661224505     
   1.6709719763965032           0.13924766469970859            1.3924766469970862     
   1.6709719763965032           0.13924766469970859            1.5665362278717216     
   1.6709719763965032           0.13924766469970859            1.7405958087463578     
   1.6709719763965032           0.13924766469970859            1.9146553896209932     
   1.6709719763965032           0.13924766469970859            2.0887149704956292     
   1.6709719763965032           0.13924766469970859            2.2627745513702648     
   1.6709719763965032           0.13924766469970859            2.4368341322449010     
   1.6709719763965032           0.13924766469970859            2.6108937131195367     
   1.6709719763965032           0.13924766469970859            2.7849532939941724     
   1.6709719763965032           0.13924766469970859            2.9590128748688080     
   1.6709719763965032           0.13924766469970859            3.1330724557434433     
   1.6709719763965032           0.27849532939941718            0.0000000000000000     
   1.6709719763965032           0.27849532939941718           0.17405958087463577     
   1.6709719763965032           0.27849532939941718           0.34811916174927154     
   1.6709719763965032           0.27849532939941718           0.52217874262390729     
   1.6709719763965032           0.27849532939941718           0.69623832349854309     
   1.6709719763965032           0.27849532939941718           0.87029790437317889     
   1.6709719763965032           0.27849532939941718            1.0443574852478146     
   1.6709719763965032           0.27849532939941718            1.2184170661224505     
   1.6709719763965032           0.27849532939941718            1.3924766469970862     
   1.6709719763965032           0.27849532939941718            1.5665362278717216     
   1.6709719763965032           0.27849532939941718            1.7405958087463578     
   1.6709719763965032           0.27849532939941718            1.9146553896209932     
   1.6709719763965032           0.27849532939941718            2.0887149704956292     
   1.6709719763965032           0.27849532939941718            2.2627745513702648     
   1.6709719763965032           0.27849532939941718            2.4368341322449010     
   1.6709719763965032           0.27849532939941718            2.6108937131195367     
   1.6709719763965032           0.27849532939941718            2.7849532939941724     
   1.6709719763965032           0.27849532939941718            2.9590128748688080     
   1.6709719763965032           0.27849532939941718            3.1330724557434433     
   1.6709719763965032           0.41774299409912580            0.0000000000000000     
   1.6709719763965032           0.41774299409912580           0.17405958087463577     
   1.6709719763965032           0.41774299409912580           0.34811916174927154     
   1.6709719763965032           0.41774299409912580           0.52217874262390729     
   1.6709719763965032           0.41774299409912580           0.69623832349854309     
   1.6709719763965032           0.41774299409912580           0.87029790437317889     
   1.6709719763965032           0.41774299409912580            1.0443574852478146     
   1.6709719763965032           0.41774299409912580            1.2184170661224505     
   1.6709719763965032           0.41774299409912580            1.3924766469970862     
   1.6709719763965032           0.41774299409912580            1.5665362278717216     
   1.6709719763965032           0.41774299409912580            1.7405958087463578     
   1.6709719763965032           0.41774299409912580            1.9146553896209932     
   1.6709719763965032           0.41774299409912580            2.0887149704956292     
   1.6709719763965032           0.41774299409912580            2.2627745513702648     
   1.6709719763965032           0.41774299409912580            2.4368341322449010     
   1.6709719763965032           0.41774299409912580            2.6108937131195367     
   1.6709719763965032           0.41774299409912580            2.7849532939941724     
   1.6709719763965032           0.41774299409912580            2.9590128748688080     
   1.6709719763965032           0.41774299409912580            3.1330724557434433     
   1.6709719763965032           0.55699065879883436            0.0000000000000000     
   1.6709719763965032           0.55699065879883436           0.17405958087463577     
   1.6709719763965032           0.55699065879883436           0.34811916174927154     
   1.6709719763965032           0.55699065879883436           0.52217874262390729     
   1.6709719763965032           0.55699065879883436           0.69623832349854309     
   1.6709719763965032           0.55699065879883436           0.87029790437317889     
   1.6709719763965032           0.55699065879883436            1.0443574852478146     
   1.6709719763965032           0.55699065879883436            1.2184170661224505     
   1.6709719763965032           0.55699065879883436            1.3924766469970862     
   1.6709719763965032           0.55699065879883436            1.5665362278717216     
   1.6709719763965032           0.55699065879883436            1.7405958087463578     
   1.6709719763965032           0.55699065879883436            1.9146553896209932     
   1.6709719763965032           0.55699065879883436            2.0887149704956292     
   1.6709719763965032           0.55699065879883436            2.2627745513702648     
   1.6709719763965032           0.55699065879883436            2.4368341322449010     
   1.6709719763965032           0.55699065879883436            2.6108937131195367     
   1.6709719763965032           0.55699065879883436            2.7849532939941724     
   1.6709719763965032           0.55699065879883436            2.9590128748688080     
   1.6709719763965032           0.55699065879883436            3.1330724557434433     
   1.6709719763965032           0.69623832349854298            0.0000000000000000     
   1.6709719763965032           0.69623832349854298           0.17405958087463577     
   1.6709719763965032           0.69623832349854298           0.34811916174927154     
   1.6709719763965032           0.69623832349854298           0.52217874262390729     
   1.6709719763965032           0.69623832349854298           0.69623832349854309     
   1.6709719763965032           0.69623832349854298           0.87029790437317889     
   1.6709719763965032           0.69623832349854298            1.0443574852478146     
   1.6709719763965032           0.69623832349854298            1.2184170661224505     
   1.6709719763965032           0.69623832349854298            1.3924766469970862     
   1.6709719763965032           0.69623832349854298            1.5665362278717216     
   1.6709719763965032           0.69623832349854298            1.7405958087463578     
   1.6709719763965032           0.69623832349854298            1.9146553896209932     
   1.6709719763965032           0.69623832349854298            2.0887149704956292     
   1.6709719763965032           0.69623832349854298            2.2627745513702648     
   1.6709719763965032           0.69623832349854298            2.4368341322449010     
   1.6709719763965032           0.69623832349854298            2.6108937131195367     
   1.6709719763965032           0.69623832349854298            2.7849532939941724     
   1.6709719763965032           0.69623832349854298            2.9590128748688080     
   1.6709719763965032           0.69623832349854298            3.1330724557434433     
   1.6709719763965032           0.83548598819825159            0.0000000000000000     
   1.6709719763965032           0.83548598819825159           0.17405958087463577     
   1.6709719763965032           0.83548598819825159           0.34811916174927154     
   1.6709719763965032           0.83548598819825159           0.52217874262390729     
   1.6709719763965032           0.83548598819825159           0.69623832349854309     
   1.6709719763965032           0.83548598819825159           0.87029790437317889     
   1.6709719763965032           0.83548598819825159            1.0443574852478146     
   1.6709719763965032           0.83548598819825159            1.2184170661224505     
   1.6709719763965032           0.83548598819825159            1.3924766469970862     
   1.6709719763965032           0.83548598819825159            1.5665362278717216     
   1.6709719763965032           0.83548598819825159            1.7405958087463578     
   1.6709719763965032           0.83548598819825159            1.9146553896209932     
   1.6709719763965032           0.83548598819825159            2.0887149704956292     
   1.6709719763965032           0.83548598819825159            2.2627745513702648     
   1.6709719763965032           0.83548598819825159            2.4368341322449010     
   1.6709719763965032           0.83548598819825159            2.6108937131195367     
   1.6709719763965032           0.83548598819825159            2.7849532939941724     
   1.6709719763965032           0.83548598819825159            2.9590128748688080     
   1.6709719763965032           0.83548598819825159            3.1330724557434433     
   1.6709719763965032           0.97473365289796032            0.0000000000000000     
   1.6709719763965032           0.97473365289796032           0.17405958087463577     
   1.6709719763965032           0.97473365289796032           0.34811916174927154     
   1.6709719763965032           0.97473365289796032           0.52217874262390729     
   1.6709719763965032           0.97473365289796032           0.69623832349854309     
   1.6709719763965032           0.97473365289796032           0.87029790437317889     
   1.6709719763965032           0.97473365289796032            1.0443574852478146     
   1.6709719763965032           0.97473365289796032            1.2184170661224505     
   1.6709719763965032           0.97473365289796032            1.3924766469970862     
   1.6709719763965032           0.97473365289796032            1.5665362278717216     
   1.6709719763965032           0.97473365289796032            1.7405958087463578     
   1.6709719763965032           0.97473365289796032            1.9146553896209932     
   1.6709719763965032           0.97473365289796032            2.0887149704956292     
   1.6709719763965032           0.97473365289796032            2.2627745513702648     
   1.6709719763965032           0.97473365289796032            2.4368341322449010     
   1.6709719763965032           0.97473365289796032            2.6108937131195367     
   1.6709719763965032           0.97473365289796032            2.7849532939941724     
   1.6709719763965032           0.97473365289796032            2.9590128748688080     
   1.6709719763965032           0.97473365289796032            3.1330724557434433     
   1.6709719763965032            1.1139813175976687            0.0000000000000000     
   1.6709719763965032            1.1139813175976687           0.17405958087463577     
   1.6709719763965032            1.1139813175976687           0.34811916174927154     
   1.6709719763965032            1.1139813175976687           0.52217874262390729     
   1.6709719763965032            1.1139813175976687           0.69623832349854309     
   1.6709719763965032            1.1139813175976687           0.87029790437317889     
   1.6709719763965032            1.1139813175976687            1.0443574852478146     
   1.6709719763965032            1.1139813175976687            1.2184170661224505     
   1.6709719763965032            1.1139813175976687            1.3924766469970862     
   1.6709719763965032            1.1139813175976687            1.5665362278717216     
   1.6709719763965032            1.1139813175976687            1.7405958087463578     
   1.6709719763965032            1.1139813175976687            1.9146553896209932     
   1.6709719763965032            1.1139813175976687            2.0887149704956292     
   1.6709719763965032            1.1139813175976687            2.2627745513702648     
   1.6709719763965032            1.1139813175976687            2.4368341322449010     
   1.6709719763965032            1.1139813175976687            2.6108937131195367     
   1.6709719763965032            1.1139813175976687            2.7849532939941724     
   1.6709719763965032            1.1139813175976687            2.9590128748688080     
   1.6709719763965032            1.1139813175976687            3.1330724557434433     
   1.6709719763965032            1.2532289822973772            0.0000000000000000     
   1.6709719763965032            1.2532289822973772           0.17405958087463577     
   1.6709719763965032            1.2532289822973772           0.34811916174927154     
   1.6709719763965032            1.2532289822973772           0.52217874262390729     
   1.6709719763965032            1.2532289822973772           0.69623832349854309     
   1.6709719763965032            1.2532289822973772           0.87029790437317889     
   1.6709719763965032            1.2532289822973772            1.0443574852478146     
   1.6709719763965032            1.2532289822973772            1.2184170661224505     
   1.6709719763965032            1.2532289822973772            1.3924766469970862     
   1.6709719763965032            1.2532289822973772            1.5665362278717216     
   1.6709719763965032            1.2532289822973772            1.7405958087463578     
   1.6709719763965032            1.2532289822973772            1.9146553896209932     
   1.6709719763965032            1.2532289822973772            2.0887149704956292     
   1.6709719763965032            1.2532289822973772            2.2627745513702648     
   1.6709719763965032            1.2532289822973772            2.4368341322449010     
   1.6709719763965032            1.2532289822973772            2.6108937131195367     
   1.6709719763965032            1.2532289822973772            2.7849532939941724     
   1.6709719763965032            1.2532289822973772            2.9590128748688080     
   1.6709719763965032            1.2532289822973772            3.1330724557434433     
   1.6709719763965032            1.3924766469970860            0.0000000000000000     
   1.6709719763965032            1.3924766469970860           0.17405958087463577     
   1.6709719763965032            1.3924766469970860           0.34811916174927154     
   1.6709719763965032            1.3924766469970860           0.52217874262390729     
   1.6709719763965032            1.3924766469970860           0.69623832349854309     
   1.6709719763965032            1.3924766469970860           0.87029790437317889     
   1.6709719763965032            1.3924766469970860            1.0443574852478146     
   1.6709719763965032            1.3924766469970860            1.2184170661224505     
   1.6709719763965032            1.3924766469970860            1.3924766469970862     
   1.6709719763965032            1.3924766469970860            1.5665362278717216     
   1.6709719763965032            1.3924766469970860            1.7405958087463578     
   1.6709719763965032            1.3924766469970860            1.9146553896209932     
   1.6709719763965032            1.3924766469970860            2.0887149704956292     
   1.6709719763965032            1.3924766469970860            2.2627745513702648     
   1.6709719763965032            1.3924766469970860            2.4368341322449010     
   1.6709719763965032            1.3924766469970860            2.6108937131195367     
   1.6709719763965032            1.3924766469970860            2.7849532939941724     
   1.6709719763965032            1.3924766469970860            2.9590128748688080     
   1.6709719763965032            1.3924766469970860            3.1330724557434433     
   1.6709719763965032            1.5317243116967947            0.0000000000000000     
   1.6709719763965032            1.5317243116967947           0.17405958087463577     
   1.6709719763965032            1.5317243116967947           0.34811916174927154     
   1.6709719763965032            1.5317243116967947           0.52217874262390729     
   1.6709719763965032            1.5317243116967947           0.69623832349854309     
   1.6709719763965032            1.5317243116967947           0.87029790437317889     
   1.6709719763965032            1.5317243116967947            1.0443574852478146     
   1.6709719763965032            1.5317243116967947            1.2184170661224505     
   1.6709719763965032            1.5317243116967947            1.3924766469970862     
   1.6709719763965032            1.5317243116967947            1.5665362278717216     
   1.6709719763965032            1.5317243116967947            1.7405958087463578     
   1.6709719763965032            1.5317243116967947            1.9146553896209932     
   1.6709719763965032            1.5317243116967947            2.0887149704956292     
   1.6709719763965032            1.5317243116967947            2.2627745513702648     
   1.6709719763965032            1.5317243116967947            2.4368341322449010     
   1.6709719763965032            1.5317243116967947            2.6108937131195367     
   1.6709719763965032            1.5317243116967947            2.7849532939941724     
   1.6709719763965032            1.5317243116967947            2.9590128748688080     
   1.6709719763965032            1.5317243116967947            3.1330724557434433     
   1.6709719763965032            1.6709719763965032            0.0000000000000000     
   1.6709719763965032            1.6709719763965032           0.17405958087463577     
   1.6709719763965032            1.6709719763965032           0.34811916174927154     
   1.6709719763965032            1.6709719763965032           0.52217874262390729     
   1.6709719763965032            1.6709719763965032           0.69623832349854309     
   1.6709719763965032            1.6709719763965032           0.87029790437317889     
   1.6709719763965032            1.6709719763965032            1.0443574852478146     
   1.6709719763965032            1.6709719763965032            1.2184170661224505     
   1.6709719763965032            1.6709719763965032            1.3924766469970862     
   1.6709719763965032            1.6709719763965032            1.5665362278717216     
   1.6709719763965032            1.6709719763965032            1.7405958087463578     
   1.6709719763965032            1.6709719763965032            1.9146553896209932     
   1.6709719763965032            1.6709719763965032            2.0887149704956292     
   1.6709719763965032            1.6709719763965032            2.2627745513702648     
   1.6709719763965032            1.6709719763965032            2.4368341322449010     
   1.6709719763965032            1.6709719763965032            2.6108937131195367     
   1.6709719763965032            1.6709719763965032            2.7849532939941724     
   1.6709719763965032            1.6709719763965032            2.9590128748688080     
   1.6709719763965032            1.6709719763965032            3.1330724557434433     
   1.6709719763965032            1.8102196410962119            0.0000000000000000     
   1.6709719763965032            1.8102196410962119           0.17405958087463577     
   1.6709719763965032            1.8102196410962119           0.34811916174927154     
   1.6709719763965032            1.8102196410962119           0.52217874262390729     
   1.6709719763965032            1.8102196410962119           0.69623832349854309     
   1.6709719763965032            1.8102196410962119           0.87029790437317889     
   1.6709719763965032            1.8102196410962119            1.0443574852478146     
   1.6709719763965032            1.8102196410962119            1.2184170661224505     
   1.6709719763965032            1.8102196410962119            1.3924766469970862     
   1.6709719763965032            1.8102196410962119            1.5665362278717216     
   1.6709719763965032            1.8102196410962119            1.7405958087463578     
   1.6709719763965032            1.8102196410962119            1.9146553896209932     
   1.6709719763965032            1.8102196410962119            2.0887149704956292     
   1.6709719763965032            1.8102196410962119            2.2627745513702648     
   1.6709719763965032            1.8102196410962119            2.4368341322449010     
   1.6709719763965032            1.8102196410962119            2.6108937131195367     
   1.6709719763965032            1.8102196410962119            2.7849532939941724     
   1.6709719763965032            1.8102196410962119            2.9590128748688080     
   1.6709719763965032            1.8102196410962119            3.1330724557434433     
   1.6709719763965032            1.9494673057959206            0.0000000000000000     
   1.6709719763965032            1.9494673057959206           0.17405958087463577     
   1.6709719763965032            1.9494673057959206           0.34811916174927154     
   1.6709719763965032            1.9494673057959206           0.52217874262390729     
   1.6709719763965032            1.9494673057959206           0.69623832349854309     
   1.6709719763965032            1.9494673057959206           0.87029790437317889     
   1.6709719763965032            1.9494673057959206            1.0443574852478146     
   1.6709719763965032            1.9494673057959206            1.2184170661224505     
   1.6709719763965032            1.9494673057959206            1.3924766469970862     
   1.6709719763965032            1.9494673057959206            1.5665362278717216     
   1.6709719763965032            1.9494673057959206            1.7405958087463578     
   1.6709719763965032            1.9494673057959206            1.9146553896209932     
   1.6709719763965032            1.9494673057959206            2.0887149704956292     
   1.6709719763965032            1.9494673057959206            2.2627745513702648     
   1.6709719763965032            1.9494673057959206            2.4368341322449010     
   1.6709719763965032            1.9494673057959206            2.6108937131195367     
   1.6709719763965032            1.9494673057959206            2.7849532939941724     
   1.6709719763965032            1.9494673057959206            2.9590128748688080     
   1.6709719763965032            1.9494673057959206            3.1330724557434433     
   1.6709719763965032            2.0887149704956292            0.0000000000000000     
   1.6709719763965032            2.0887149704956292           0.17405958087463577     
   1.6709719763965032            2.0887149704956292           0.34811916174927154     
   1.6709719763965032            2.0887149704956292           0.52217874262390729     
   1.6709719763965032            2.0887149704956292           0.69623832349854309     
   1.6709719763965032            2.0887149704956292           0.87029790437317889     
   1.6709719763965032            2.0887149704956292            1.0443574852478146     
   1.6709719763965032            2.0887149704956292            1.2184170661224505     
   1.6709719763965032            2.0887149704956292            1.3924766469970862     
   1.6709719763965032            2.0887149704956292            1.5665362278717216     
   1.6709719763965032            2.0887149704956292            1.7405958087463578     
   1.6709719763965032            2.0887149704956292            1.9146553896209932     
   1.6709719763965032            2.0887149704956292            2.0887149704956292     
   1.6709719763965032            2.0887149704956292            2.2627745513702648     
   1.6709719763965032            2.0887149704956292            2.4368341322449010     
   1.6709719763965032            2.0887149704956292            2.6108937131195367     
   1.6709719763965032            2.0887149704956292            2.7849532939941724     
   1.6709719763965032            2.0887149704956292            2.9590128748688080     
   1.6709719763965032            2.0887149704956292            3.1330724557434433     
   1.6709719763965032            2.2279626351953374            0.0000000000000000     
   1.6709719763965032            2.2279626351953374           0.17405958087463577     
   1.6709719763965032            2.2279626351953374           0.34811916174927154     
   1.6709719763965032            2.2279626351953374           0.52217874262390729     
   1.6709719763965032            2.2279626351953374           0.69623832349854309     
   1.6709719763965032            2.2279626351953374           0.87029790437317889     
   1.6709719763965032            2.2279626351953374            1.0443574852478146     
   1.6709719763965032            2.2279626351953374            1.2184170661224505     
   1.6709719763965032            2.2279626351953374            1.3924766469970862     
   1.6709719763965032            2.2279626351953374            1.5665362278717216     
   1.6709719763965032            2.2279626351953374            1.7405958087463578     
   1.6709719763965032            2.2279626351953374            1.9146553896209932     
   1.6709719763965032            2.2279626351953374            2.0887149704956292     
   1.6709719763965032            2.2279626351953374            2.2627745513702648     
   1.6709719763965032            2.2279626351953374            2.4368341322449010     
   1.6709719763965032            2.2279626351953374            2.6108937131195367     
   1.6709719763965032            2.2279626351953374            2.7849532939941724     
   1.6709719763965032            2.2279626351953374            2.9590128748688080     
   1.6709719763965032            2.2279626351953374            3.1330724557434433     
   1.6709719763965032            2.3672102998950462            0.0000000000000000     
   1.6709719763965032            2.3672102998950462           0.17405958087463577     
   1.6709719763965032            2.3672102998950462           0.34811916174927154     
   1.6709719763965032            2.3672102998950462           0.52217874262390729     
   1.6709719763965032            2.3672102998950462           0.69623832349854309     
   1.6709719763965032            2.3672102998950462           0.87029790437317889     
   1.6709719763965032            2.3672102998950462            1.0443574852478146     
   1.6709719763965032            2.3672102998950462            1.2184170661224505     
   1.6709719763965032            2.3672102998950462            1.3924766469970862     
   1.6709719763965032            2.3672102998950462            1.5665362278717216     
   1.6709719763965032            2.3672102998950462            1.7405958087463578     
   1.6709719763965032            2.3672102998950462            1.9146553896209932     
   1.6709719763965032            2.3672102998950462            2.0887149704956292     
   1.6709719763965032            2.3672102998950462            2.2627745513702648     
   1.6709719763965032            2.3672102998950462            2.4368341322449010     
   1.6709719763965032            2.3672102998950462            2.6108937131195367     
   1.6709719763965032            2.3672102998950462            2.7849532939941724     
   1.6709719763965032            2.3672102998950462            2.9590128748688080     
   1.6709719763965032            2.3672102998950462            3.1330724557434433     
   1.6709719763965032            2.5064579645947545            0.0000000000000000     
   1.6709719763965032            2.5064579645947545           0.17405958087463577     
   1.6709719763965032            2.5064579645947545           0.34811916174927154     
   1.6709719763965032            2.5064579645947545           0.52217874262390729     
   1.6709719763965032            2.5064579645947545           0.69623832349854309     
   1.6709719763965032            2.5064579645947545           0.87029790437317889     
   1.6709719763965032            2.5064579645947545            1.0443574852478146     
   1.6709719763965032            2.5064579645947545            1.2184170661224505     
   1.6709719763965032            2.5064579645947545            1.3924766469970862     
   1.6709719763965032            2.5064579645947545            1.5665362278717216     
   1.6709719763965032            2.5064579645947545            1.7405958087463578     
   1.6709719763965032            2.5064579645947545            1.9146553896209932     
   1.6709719763965032            2.5064579645947545            2.0887149704956292     
   1.6709719763965032            2.5064579645947545            2.2627745513702648     
   1.6709719763965032            2.5064579645947545            2.4368341322449010     
   1.6709719763965032            2.5064579645947545            2.6108937131195367     
   1.6709719763965032            2.5064579645947545            2.7849532939941724     
   1.6709719763965032            2.5064579645947545            2.9590128748688080     
   1.6709719763965032            2.5064579645947545            3.1330724557434433     
   1.8102196410962119            0.0000000000000000            0.0000000000000000     
   1.8102196410962119            0.0000000000000000           0.17405958087463577     
   1.8102196410962119            0.0000000000000000           0.34811916174927154     
   1.8102196410962119            0.0000000000000000           0.52217874262390729     
   1.8102196410962119            0.0000000000000000           0.69623832349854309     
   1.8102196410962119            0.0000000000000000           0.87029790437317889     
   1.8102196410962119            0.0000000000000000            1.0443574852478146     
   1.8102196410962119            0.0000000000000000            1.2184170661224505     
   1.8102196410962119            0.0000000000000000            1.3924766469970862     
   1.8102196410962119            0.0000000000000000            1.5665362278717216     
   1.8102196410962119            0.0000000000000000            1.7405958087463578     
   1.8102196410962119            0.0000000000000000            1.9146553896209932     
   1.8102196410962119            0.0000000000000000            2.0887149704956292     
   1.8102196410962119            0.0000000000000000            2.2627745513702648     
   1.8102196410962119            0.0000000000000000            2.4368341322449010     
   1.8102196410962119            0.0000000000000000            2.6108937131195367     
   1.8102196410962119            0.0000000000000000            2.7849532939941724     
   1.8102196410962119            0.0000000000000000            2.9590128748688080     
   1.8102196410962119            0.0000000000000000            3.1330724557434433     
   1.8102196410962119           0.13924766469970859            0.0000000000000000     
   1.8102196410962119           0.13924766469970859           0.17405958087463577     
   1.8102196410962119           0.13924766469970859           0.34811916174927154     
   1.8102196410962119           0.13924766469970859           0.52217874262390729     
   1.8102196410962119           0.13924766469970859           0.69623832349854309     
   1.8102196410962119           0.13924766469970859           0.87029790437317889     
   1.8102196410962119           0.13924766469970859            1.0443574852478146     
   1.8102196410962119           0.13924766469970859            1.2184170661224505     
   1.8102196410962119           0.13924766469970859            1.3924766469970862     
   1.8102196410962119           0.13924766469970859            1.5665362278717216     
   1.8102196410962119           0.13924766469970859            1.7405958087463578     
   1.8102196410962119           0.13924766469970859            1.9146553896209932     
   1.8102196410962119           0.13924766469970859            2.0887149704956292     
   1.8102196410962119           0.13924766469970859            2.2627745513702648     
   1.8102196410962119           0.13924766469970859            2.4368341322449010     
   1.8102196410962119           0.13924766469970859            2.6108937131195367     
   1.8102196410962119           0.13924766469970859            2.7849532939941724     
   1.8102196410962119           0.13924766469970859            2.9590128748688080     
   1.8102196410962119           0.13924766469970859            3.1330724557434433     
   1.8102196410962119           0.27849532939941718            0.0000000000000000     
   1.8102196410962119           0.27849532939941718           0.17405958087463577     
   1.8102196410962119           0.27849532939941718           0.34811916174927154     
   1.8102196410962119           0.27849532939941718           0.52217874262390729     
   1.8102196410962119           0.27849532939941718           0.69623832349854309     
   1.8102196410962119           0.27849532939941718           0.87029790437317889     
   1.8102196410962119           0.27849532939941718            1.0443574852478146     
   1.8102196410962119           0.27849532939941718            1.2184170661224505     
   1.8102196410962119           0.27849532939941718            1.3924766469970862     
   1.8102196410962119           0.27849532939941718            1.5665362278717216     
   1.8102196410962119           0.27849532939941718            1.7405958087463578     
   1.8102196410962119           0.27849532939941718            1.9146553896209932     
   1.8102196410962119           0.27849532939941718            2.0887149704956292     
   1.8102196410962119           0.27849532939941718            2.2627745513702648     
   1.8102196410962119           0.27849532939941718            2.4368341322449010     
   1.8102196410962119           0.27849532939941718            2.6108937131195367     
   1.8102196410962119           0.27849532939941718            2.7849532939941724     
   1.8102196410962119           0.27849532939941718            2.9590128748688080     
   1.8102196410962119           0.27849532939941718            3.1330724557434433     
   1.8102196410962119           0.41774299409912580            0.0000000000000000     
   1.8102196410962119           0.41774299409912580           0.17405958087463577     
   1.8102196410962119           0.41774299409912580           0.34811916174927154     
   1.8102196410962119           0.41774299409912580           0.52217874262390729     
   1.8102196410962119           0.41774299409912580           0.69623832349854309     
   1.8102196410962119           0.41774299409912580           0.87029790437317889     
   1.8102196410962119           0.41774299409912580            1.0443574852478146     
   1.8102196410962119           0.41774299409912580            1.2184170661224505     
   1.8102196410962119           0.41774299409912580            1.3924766469970862     
   1.8102196410962119           0.41774299409912580            1.5665362278717216     
   1.8102196410962119           0.41774299409912580            1.7405958087463578     
   1.8102196410962119           0.41774299409912580            1.9146553896209932     
   1.8102196410962119           0.41774299409912580            2.0887149704956292     
   1.8102196410962119           0.41774299409912580            2.2627745513702648     
   1.8102196410962119           0.41774299409912580            2.4368341322449010     
   1.8102196410962119           0.41774299409912580            2.6108937131195367     
   1.8102196410962119           0.41774299409912580            2.7849532939941724     
   1.8102196410962119           0.41774299409912580            2.9590128748688080     
   1.8102196410962119           0.41774299409912580            3.1330724557434433     
   1.8102196410962119           0.55699065879883436            0.0000000000000000     
   1.8102196410962119           0.55699065879883436           0.17405958087463577     
   1.8102196410962119           0.55699065879883436           0.34811916174927154     
   1.8102196410962119           0.55699065879883436           0.52217874262390729     
   1.8102196410962119           0.55699065879883436           0.69623832349854309     
   1.8102196410962119           0.55699065879883436           0.87029790437317889     
   1.8102196410962119           0.55699065879883436            1.0443574852478146     
   1.8102196410962119           0.55699065879883436            1.2184170661224505     
   1.8102196410962119           0.55699065879883436            1.3924766469970862     
   1.8102196410962119           0.55699065879883436            1.5665362278717216     
   1.8102196410962119           0.55699065879883436            1.7405958087463578     
   1.8102196410962119           0.55699065879883436            1.9146553896209932     
   1.8102196410962119           0.55699065879883436            2.0887149704956292     
   1.8102196410962119           0.55699065879883436            2.2627745513702648     
   1.8102196410962119           0.55699065879883436            2.4368341322449010     
   1.8102196410962119           0.55699065879883436            2.6108937131195367     
   1.8102196410962119           0.55699065879883436            2.7849532939941724     
   1.8102196410962119           0.55699065879883436            2.9590128748688080     
   1.8102196410962119           0.55699065879883436            3.1330724557434433     
   1.8102196410962119           0.69623832349854298            0.0000000000000000     
   1.8102196410962119           0.69623832349854298           0.17405958087463577     
   1.8102196410962119           0.69623832349854298           0.34811916174927154     
   1.8102196410962119           0.69623832349854298           0.52217874262390729     
   1.8102196410962119           0.69623832349854298           0.69623832349854309     
   1.8102196410962119           0.69623832349854298           0.87029790437317889     
   1.8102196410962119           0.69623832349854298            1.0443574852478146     
   1.8102196410962119           0.69623832349854298            1.2184170661224505     
   1.8102196410962119           0.69623832349854298            1.3924766469970862     
   1.8102196410962119           0.69623832349854298            1.5665362278717216     
   1.8102196410962119           0.69623832349854298            1.7405958087463578     
   1.8102196410962119           0.69623832349854298            1.9146553896209932     
   1.8102196410962119           0.69623832349854298            2.0887149704956292     
   1.8102196410962119           0.69623832349854298            2.2627745513702648     
   1.8102196410962119           0.69623832349854298            2.4368341322449010     
   1.8102196410962119           0.69623832349854298            2.6108937131195367     
   1.8102196410962119           0.69623832349854298            2.7849532939941724     
   1.8102196410962119           0.69623832349854298            2.9590128748688080     
   1.8102196410962119           0.69623832349854298            3.1330724557434433     
   1.8102196410962119           0.83548598819825159            0.0000000000000000     
   1.8102196410962119           0.83548598819825159           0.17405958087463577     
   1.8102196410962119           0.83548598819825159           0.34811916174927154     
   1.8102196410962119           0.83548598819825159           0.52217874262390729     
   1.8102196410962119           0.83548598819825159           0.69623832349854309     
   1.8102196410962119           0.83548598819825159           0.87029790437317889     
   1.8102196410962119           0.83548598819825159            1.0443574852478146     
   1.8102196410962119           0.83548598819825159            1.2184170661224505     
   1.8102196410962119           0.83548598819825159            1.3924766469970862     
   1.8102196410962119           0.83548598819825159            1.5665362278717216     
   1.8102196410962119           0.83548598819825159            1.7405958087463578     
   1.8102196410962119           0.83548598819825159            1.9146553896209932     
   1.8102196410962119           0.83548598819825159            2.0887149704956292     
   1.8102196410962119           0.83548598819825159            2.2627745513702648     
   1.8102196410962119           0.83548598819825159            2.4368341322449010     
   1.8102196410962119           0.83548598819825159            2.6108937131195367     
   1.8102196410962119           0.83548598819825159            2.7849532939941724     
   1.8102196410962119           0.83548598819825159            2.9590128748688080     
   1.8102196410962119           0.83548598819825159            3.1330724557434433     
   1.8102196410962119           0.97473365289796032            0.0000000000000000     
   1.8102196410962119           0.97473365289796032           0.17405958087463577     
   1.8102196410962119           0.97473365289796032           0.34811916174927154     
   1.8102196410962119           0.97473365289796032           0.52217874262390729     
   1.8102196410962119           0.97473365289796032           0.69623832349854309     
   1.8102196410962119           0.97473365289796032           0.87029790437317889     
   1.8102196410962119           0.97473365289796032            1.0443574852478146     
   1.8102196410962119           0.97473365289796032            1.2184170661224505     
   1.8102196410962119           0.97473365289796032            1.3924766469970862     
   1.8102196410962119           0.97473365289796032            1.5665362278717216     
   1.8102196410962119           0.97473365289796032            1.7405958087463578     
   1.8102196410962119           0.97473365289796032            1.9146553896209932     
   1.8102196410962119           0.97473365289796032            2.0887149704956292     
   1.8102196410962119           0.97473365289796032            2.2627745513702648     
   1.8102196410962119           0.97473365289796032            2.4368341322449010     
   1.8102196410962119           0.97473365289796032            2.6108937131195367     
   1.8102196410962119           0.97473365289796032            2.7849532939941724     
   1.8102196410962119           0.97473365289796032            2.9590128748688080     
   1.8102196410962119           0.97473365289796032            3.1330724557434433     
   1.8102196410962119            1.1139813175976687            0.0000000000000000     
   1.8102196410962119            1.1139813175976687           0.17405958087463577     
   1.8102196410962119            1.1139813175976687           0.34811916174927154     
   1.8102196410962119            1.1139813175976687           0.52217874262390729     
   1.8102196410962119            1.1139813175976687           0.69623832349854309     
   1.8102196410962119            1.1139813175976687           0.87029790437317889     
   1.8102196410962119            1.1139813175976687            1.0443574852478146     
   1.8102196410962119            1.1139813175976687            1.2184170661224505     
   1.8102196410962119            1.1139813175976687            1.3924766469970862     
   1.8102196410962119            1.1139813175976687            1.5665362278717216     
   1.8102196410962119            1.1139813175976687            1.7405958087463578     
   1.8102196410962119            1.1139813175976687            1.9146553896209932     
   1.8102196410962119            1.1139813175976687            2.0887149704956292     
   1.8102196410962119            1.1139813175976687            2.2627745513702648     
   1.8102196410962119            1.1139813175976687            2.4368341322449010     
   1.8102196410962119            1.1139813175976687            2.6108937131195367     
   1.8102196410962119            1.1139813175976687            2.7849532939941724     
   1.8102196410962119            1.1139813175976687            2.9590128748688080     
   1.8102196410962119            1.1139813175976687            3.1330724557434433     
   1.8102196410962119            1.2532289822973772            0.0000000000000000     
   1.8102196410962119            1.2532289822973772           0.17405958087463577     
   1.8102196410962119            1.2532289822973772           0.34811916174927154     
   1.8102196410962119            1.2532289822973772           0.52217874262390729     
   1.8102196410962119            1.2532289822973772           0.69623832349854309     
   1.8102196410962119            1.2532289822973772           0.87029790437317889     
   1.8102196410962119            1.2532289822973772            1.0443574852478146     
   1.8102196410962119            1.2532289822973772            1.2184170661224505     
   1.8102196410962119            1.2532289822973772            1.3924766469970862     
   1.8102196410962119            1.2532289822973772            1.5665362278717216     
   1.8102196410962119            1.2532289822973772            1.7405958087463578     
   1.8102196410962119            1.2532289822973772            1.9146553896209932     
   1.8102196410962119            1.2532289822973772            2.0887149704956292     
   1.8102196410962119            1.2532289822973772            2.2627745513702648     
   1.8102196410962119            1.2532289822973772            2.4368341322449010     
   1.8102196410962119            1.2532289822973772            2.6108937131195367     
   1.8102196410962119            1.2532289822973772            2.7849532939941724     
   1.8102196410962119            1.2532289822973772            2.9590128748688080     
   1.8102196410962119            1.2532289822973772            3.1330724557434433     
   1.8102196410962119            1.3924766469970860            0.0000000000000000     
   1.8102196410962119            1.3924766469970860           0.17405958087463577     
   1.8102196410962119            1.3924766469970860           0.34811916174927154     
   1.8102196410962119            1.3924766469970860           0.52217874262390729     
   1.8102196410962119            1.3924766469970860           0.69623832349854309     
   1.8102196410962119            1.3924766469970860           0.87029790437317889     
   1.8102196410962119            1.3924766469970860            1.0443574852478146     
   1.8102196410962119            1.3924766469970860            1.2184170661224505     
   1.8102196410962119            1.3924766469970860            1.3924766469970862     
   1.8102196410962119            1.3924766469970860            1.5665362278717216     
   1.8102196410962119            1.3924766469970860            1.7405958087463578     
   1.8102196410962119            1.3924766469970860            1.9146553896209932     
   1.8102196410962119            1.3924766469970860            2.0887149704956292     
   1.8102196410962119            1.3924766469970860            2.2627745513702648     
   1.8102196410962119            1.3924766469970860            2.4368341322449010     
   1.8102196410962119            1.3924766469970860            2.6108937131195367     
   1.8102196410962119            1.3924766469970860            2.7849532939941724     
   1.8102196410962119            1.3924766469970860            2.9590128748688080     
   1.8102196410962119            1.3924766469970860            3.1330724557434433     
   1.8102196410962119            1.5317243116967947            0.0000000000000000     
   1.8102196410962119            1.5317243116967947           0.17405958087463577     
   1.8102196410962119            1.5317243116967947           0.34811916174927154     
   1.8102196410962119            1.5317243116967947           0.52217874262390729     
   1.8102196410962119            1.5317243116967947           0.69623832349854309     
   1.8102196410962119            1.5317243116967947           0.87029790437317889     
   1.8102196410962119            1.5317243116967947            1.0443574852478146     
   1.8102196410962119            1.5317243116967947            1.2184170661224505     
   1.8102196410962119            1.5317243116967947            1.3924766469970862     
   1.8102196410962119            1.5317243116967947            1.5665362278717216     
   1.8102196410962119            1.5317243116967947            1.7405958087463578     
   1.8102196410962119            1.5317243116967947            1.9146553896209932     
   1.8102196410962119            1.5317243116967947            2.0887149704956292     
   1.8102196410962119            1.5317243116967947            2.2627745513702648     
   1.8102196410962119            1.5317243116967947            2.4368341322449010     
   1.8102196410962119            1.5317243116967947            2.6108937131195367     
   1.8102196410962119            1.5317243116967947            2.7849532939941724     
   1.8102196410962119            1.5317243116967947            2.9590128748688080     
   1.8102196410962119            1.5317243116967947            3.1330724557434433     
   1.8102196410962119            1.6709719763965032            0.0000000000000000     
   1.8102196410962119            1.6709719763965032           0.17405958087463577     
   1.8102196410962119            1.6709719763965032           0.34811916174927154     
   1.8102196410962119            1.6709719763965032           0.52217874262390729     
   1.8102196410962119            1.6709719763965032           0.69623832349854309     
   1.8102196410962119            1.6709719763965032           0.87029790437317889     
   1.8102196410962119            1.6709719763965032            1.0443574852478146     
   1.8102196410962119            1.6709719763965032            1.2184170661224505     
   1.8102196410962119            1.6709719763965032            1.3924766469970862     
   1.8102196410962119            1.6709719763965032            1.5665362278717216     
   1.8102196410962119            1.6709719763965032            1.7405958087463578     
   1.8102196410962119            1.6709719763965032            1.9146553896209932     
   1.8102196410962119            1.6709719763965032            2.0887149704956292     
   1.8102196410962119            1.6709719763965032            2.2627745513702648     
   1.8102196410962119            1.6709719763965032            2.4368341322449010     
   1.8102196410962119            1.6709719763965032            2.6108937131195367     
   1.8102196410962119            1.6709719763965032            2.7849532939941724     
   1.8102196410962119            1.6709719763965032            2.9590128748688080     
   1.8102196410962119            1.6709719763965032            3.1330724557434433     
   1.8102196410962119            1.8102196410962119            0.0000000000000000     
   1.8102196410962119            1.8102196410962119           0.17405958087463577     
   1.8102196410962119            1.8102196410962119           0.34811916174927154     
   1.8102196410962119            1.8102196410962119           0.52217874262390729     
   1.8102196410962119            1.8102196410962119           0.69623832349854309     
   1.8102196410962119            1.8102196410962119           0.87029790437317889     
   1.8102196410962119            1.8102196410962119            1.0443574852478146     
   1.8102196410962119            1.8102196410962119            1.2184170661224505     
   1.8102196410962119            1.8102196410962119            1.3924766469970862     
   1.8102196410962119            1.8102196410962119            1.5665362278717216     
   1.8102196410962119            1.8102196410962119            1.7405958087463578     
   1.8102196410962119            1.8102196410962119            1.9146553896209932     
   1.8102196410962119            1.8102196410962119            2.0887149704956292     
   1.8102196410962119            1.8102196410962119            2.2627745513702648     
   1.8102196410962119            1.8102196410962119            2.4368341322449010     
   1.8102196410962119            1.8102196410962119            2.6108937131195367     
   1.8102196410962119            1.8102196410962119            2.7849532939941724     
   1.8102196410962119            1.8102196410962119            2.9590128748688080     
   1.8102196410962119            1.8102196410962119            3.1330724557434433     
   1.8102196410962119            1.9494673057959206            0.0000000000000000     
   1.8102196410962119            1.9494673057959206           0.17405958087463577     
   1.8102196410962119            1.9494673057959206           0.34811916174927154     
   1.8102196410962119            1.9494673057959206           0.52217874262390729     
   1.8102196410962119            1.9494673057959206           0.69623832349854309     
   1.8102196410962119            1.9494673057959206           0.87029790437317889     
   1.8102196410962119            1.9494673057959206            1.0443574852478146     
   1.8102196410962119            1.9494673057959206            1.2184170661224505     
   1.8102196410962119            1.9494673057959206            1.3924766469970862     
   1.8102196410962119            1.9494673057959206            1.5665362278717216     
   1.8102196410962119            1.9494673057959206            1.7405958087463578     
   1.8102196410962119            1.9494673057959206            1.9146553896209932     
   1.8102196410962119            1.9494673057959206            2.0887149704956292     
   1.8102196410962119            1.9494673057959206            2.2627745513702648     
   1.8102196410962119            1.9494673057959206            2.4368341322449010     
   1.8102196410962119            1.9494673057959206            2.6108937131195367     
   1.8102196410962119            1.9494673057959206            2.7849532939941724     
   1.8102196410962119            1.9494673057959206            2.9590128748688080     
   1.8102196410962119            1.9494673057959206            3.1330724557434433     
   1.8102196410962119            2.0887149704956292            0.0000000000000000     
   1.8102196410962119            2.0887149704956292           0.17405958087463577     
   1.8102196410962119            2.0887149704956292           0.34811916174927154     
   1.8102196410962119            2.0887149704956292           0.52217874262390729     
   1.8102196410962119            2.0887149704956292           0.69623832349854309     
   1.8102196410962119            2.0887149704956292           0.87029790437317889     
   1.8102196410962119            2.0887149704956292            1.0443574852478146     
   1.8102196410962119            2.0887149704956292            1.2184170661224505     
   1.8102196410962119            2.0887149704956292            1.3924766469970862     
   1.8102196410962119            2.0887149704956292            1.5665362278717216     
   1.8102196410962119            2.0887149704956292            1.7405958087463578     
   1.8102196410962119            2.0887149704956292            1.9146553896209932     
   1.8102196410962119            2.0887149704956292            2.0887149704956292     
   1.8102196410962119            2.0887149704956292            2.2627745513702648     
   1.8102196410962119            2.0887149704956292            2.4368341322449010     
   1.8102196410962119            2.0887149704956292            2.6108937131195367     
   1.8102196410962119            2.0887149704956292            2.7849532939941724     
   1.8102196410962119            2.0887149704956292            2.9590128748688080     
   1.8102196410962119            2.0887149704956292            3.1330724557434433     
   1.8102196410962119            2.2279626351953374            0.0000000000000000     
   1.8102196410962119            2.2279626351953374           0.17405958087463577     
   1.8102196410962119            2.2279626351953374           0.34811916174927154     
   1.8102196410962119            2.2279626351953374           0.52217874262390729     
   1.8102196410962119            2.2279626351953374           0.69623832349854309     
   1.8102196410962119            2.2279626351953374           0.87029790437317889     
   1.8102196410962119            2.2279626351953374            1.0443574852478146     
   1.8102196410962119            2.2279626351953374            1.2184170661224505     
   1.8102196410962119            2.2279626351953374            1.3924766469970862     
   1.8102196410962119            2.2279626351953374            1.5665362278717216     
   1.8102196410962119            2.2279626351953374            1.7405958087463578     
   1.8102196410962119            2.2279626351953374            1.9146553896209932     
   1.8102196410962119            2.2279626351953374            2.0887149704956292     
   1.8102196410962119            2.2279626351953374            2.2627745513702648     
   1.8102196410962119            2.2279626351953374            2.4368341322449010     
   1.8102196410962119            2.2279626351953374            2.6108937131195367     
   1.8102196410962119            2.2279626351953374            2.7849532939941724     
   1.8102196410962119            2.2279626351953374            2.9590128748688080     
   1.8102196410962119            2.2279626351953374            3.1330724557434433     
   1.8102196410962119            2.3672102998950462            0.0000000000000000     
   1.8102196410962119            2.3672102998950462           0.17405958087463577     
   1.8102196410962119            2.3672102998950462           0.34811916174927154     
   1.8102196410962119            2.3672102998950462           0.52217874262390729     
   1.8102196410962119            2.3672102998950462           0.69623832349854309     
   1.8102196410962119            2.3672102998950462           0.87029790437317889     
   1.8102196410962119            2.3672102998950462            1.0443574852478146     
   1.8102196410962119            2.3672102998950462            1.2184170661224505     
   1.8102196410962119            2.3672102998950462            1.3924766469970862     
   1.8102196410962119            2.3672102998950462            1.5665362278717216     
   1.8102196410962119            2.3672102998950462            1.7405958087463578     
   1.8102196410962119            2.3672102998950462            1.9146553896209932     
   1.8102196410962119            2.3672102998950462            2.0887149704956292     
   1.8102196410962119            2.3672102998950462            2.2627745513702648     
   1.8102196410962119            2.3672102998950462            2.4368341322449010     
   1.8102196410962119            2.3672102998950462            2.6108937131195367     
   1.8102196410962119            2.3672102998950462            2.7849532939941724     
   1.8102196410962119            2.3672102998950462            2.9590128748688080     
   1.8102196410962119            2.3672102998950462            3.1330724557434433     
   1.8102196410962119            2.5064579645947545            0.0000000000000000     
   1.8102196410962119            2.5064579645947545           0.17405958087463577     
   1.8102196410962119            2.5064579645947545           0.34811916174927154     
   1.8102196410962119            2.5064579645947545           0.52217874262390729     
   1.8102196410962119            2.5064579645947545           0.69623832349854309     
   1.8102196410962119            2.5064579645947545           0.87029790437317889     
   1.8102196410962119            2.5064579645947545            1.0443574852478146     
   1.8102196410962119            2.5064579645947545            1.2184170661224505     
   1.8102196410962119            2.5064579645947545            1.3924766469970862     
   1.8102196410962119            2.5064579645947545            1.5665362278717216     
   1.8102196410962119            2.5064579645947545            1.7405958087463578     
   1.8102196410962119            2.5064579645947545            1.9146553896209932     
   1.8102196410962119            2.5064579645947545            2.0887149704956292     
   1.8102196410962119            2.5064579645947545            2.2627745513702648     
   1.8102196410962119            2.5064579645947545            2.4368341322449010     
   1.8102196410962119            2.5064579645947545            2.6108937131195367     
   1.8102196410962119            2.5064579645947545            2.7849532939941724     
   1.8102196410962119            2.5064579645947545            2.9590128748688080     
   1.8102196410962119            2.5064579645947545            3.1330724557434433     
   1.9494673057959206            0.0000000000000000            0.0000000000000000     
   1.9494673057959206            0.0000000000000000           0.17405958087463577     
   1.9494673057959206            0.0000000000000000           0.34811916174927154     
   1.9494673057959206            0.0000000000000000           0.52217874262390729     
   1.9494673057959206            0.0000000000000000           0.69623832349854309     
   1.9494673057959206            0.0000000000000000           0.87029790437317889     
   1.9494673057959206            0.0000000000000000            1.0443574852478146     
   1.9494673057959206            0.0000000000000000            1.2184170661224505     
   1.9494673057959206            0.0000000000000000            1.3924766469970862     
   1.9494673057959206            0.0000000000000000            1.5665362278717216     
   1.9494673057959206            0.0000000000000000            1.7405958087463578     
   1.9494673057959206            0.0000000000000000            1.9146553896209932     
   1.9494673057959206            0.0000000000000000            2.0887149704956292     
   1.9494673057959206            0.0000000000000000            2.2627745513702648     
   1.9494673057959206            0.0000000000000000            2.4368341322449010     
   1.9494673057959206            0.0000000000000000            2.6108937131195367     
   1.9494673057959206            0.0000000000000000            2.7849532939941724     
   1.9494673057959206            0.0000000000000000            2.9590128748688080     
   1.9494673057959206            0.0000000000000000            3.1330724557434433     
   1.9494673057959206           0.13924766469970859            0.0000000000000000     
   1.9494673057959206           0.13924766469970859           0.17405958087463577     
   1.9494673057959206           0.13924766469970859           0.34811916174927154     
   1.9494673057959206           0.13924766469970859           0.52217874262390729     
   1.9494673057959206           0.13924766469970859           0.69623832349854309     
   1.9494673057959206           0.13924766469970859           0.87029790437317889     
   1.9494673057959206           0.13924766469970859            1.0443574852478146     
   1.9494673057959206           0.13924766469970859            1.2184170661224505     
   1.9494673057959206           0.13924766469970859            1.3924766469970862     
   1.9494673057959206           0.13924766469970859            1.5665362278717216     
   1.9494673057959206           0.13924766469970859            1.7405958087463578     
   1.9494673057959206           0.13924766469970859            1.9146553896209932     
   1.9494673057959206           0.13924766469970859            2.0887149704956292     
   1.9494673057959206           0.13924766469970859            2.2627745513702648     
   1.9494673057959206           0.13924766469970859            2.4368341322449010     
   1.9494673057959206           0.13924766469970859            2.6108937131195367     
   1.9494673057959206           0.13924766469970859            2.7849532939941724     
   1.9494673057959206           0.13924766469970859            2.9590128748688080     
   1.9494673057959206           0.13924766469970859            3.1330724557434433     
   1.9494673057959206           0.27849532939941718            0.0000000000000000     
   1.9494673057959206           0.27849532939941718           0.17405958087463577     
   1.9494673057959206           0.27849532939941718           0.34811916174927154     
   1.9494673057959206           0.27849532939941718           0.52217874262390729     
   1.9494673057959206           0.27849532939941718           0.69623832349854309     
   1.9494673057959206           0.27849532939941718           0.87029790437317889     
   1.9494673057959206           0.27849532939941718            1.0443574852478146     
   1.9494673057959206           0.27849532939941718            1.2184170661224505     
   1.9494673057959206           0.27849532939941718            1.3924766469970862     
   1.9494673057959206           0.27849532939941718            1.5665362278717216     
   1.9494673057959206           0.27849532939941718            1.7405958087463578     
   1.9494673057959206           0.27849532939941718            1.9146553896209932     
   1.9494673057959206           0.27849532939941718            2.0887149704956292     
   1.9494673057959206           0.27849532939941718            2.2627745513702648     
   1.9494673057959206           0.27849532939941718            2.4368341322449010     
   1.9494673057959206           0.27849532939941718            2.6108937131195367     
   1.9494673057959206           0.27849532939941718            2.7849532939941724     
   1.9494673057959206           0.27849532939941718            2.9590128748688080     
   1.9494673057959206           0.27849532939941718            3.1330724557434433     
   1.9494673057959206           0.41774299409912580            0.0000000000000000     
   1.9494673057959206           0.41774299409912580           0.17405958087463577     
   1.9494673057959206           0.41774299409912580           0.34811916174927154     
   1.9494673057959206           0.41774299409912580           0.52217874262390729     
   1.9494673057959206           0.41774299409912580           0.69623832349854309     
   1.9494673057959206           0.41774299409912580           0.87029790437317889     
   1.9494673057959206           0.41774299409912580            1.0443574852478146     
   1.9494673057959206           0.41774299409912580            1.2184170661224505     
   1.9494673057959206           0.41774299409912580            1.3924766469970862     
   1.9494673057959206           0.41774299409912580            1.5665362278717216     
   1.9494673057959206           0.41774299409912580            1.7405958087463578     
   1.9494673057959206           0.41774299409912580            1.9146553896209932     
   1.9494673057959206           0.41774299409912580            2.0887149704956292     
   1.9494673057959206           0.41774299409912580            2.2627745513702648     
   1.9494673057959206           0.41774299409912580            2.4368341322449010     
   1.9494673057959206           0.41774299409912580            2.6108937131195367     
   1.9494673057959206           0.41774299409912580            2.7849532939941724     
   1.9494673057959206           0.41774299409912580            2.9590128748688080     
   1.9494673057959206           0.41774299409912580            3.1330724557434433     
   1.9494673057959206           0.55699065879883436            0.0000000000000000     
   1.9494673057959206           0.55699065879883436           0.17405958087463577     
   1.9494673057959206           0.55699065879883436           0.34811916174927154     
   1.9494673057959206           0.55699065879883436           0.52217874262390729     
   1.9494673057959206           0.55699065879883436           0.69623832349854309     
   1.9494673057959206           0.55699065879883436           0.87029790437317889     
   1.9494673057959206           0.55699065879883436            1.0443574852478146     
   1.9494673057959206           0.55699065879883436            1.2184170661224505     
   1.9494673057959206           0.55699065879883436            1.3924766469970862     
   1.9494673057959206           0.55699065879883436            1.5665362278717216     
   1.9494673057959206           0.55699065879883436            1.7405958087463578     
   1.9494673057959206           0.55699065879883436            1.9146553896209932     
   1.9494673057959206           0.55699065879883436            2.0887149704956292     
   1.9494673057959206           0.55699065879883436            2.2627745513702648     
   1.9494673057959206           0.55699065879883436            2.4368341322449010     
   1.9494673057959206           0.55699065879883436            2.6108937131195367     
   1.9494673057959206           0.55699065879883436            2.7849532939941724     
   1.9494673057959206           0.55699065879883436            2.9590128748688080     
   1.9494673057959206           0.55699065879883436            3.1330724557434433     
   1.9494673057959206           0.69623832349854298            0.0000000000000000     
   1.9494673057959206           0.69623832349854298           0.17405958087463577     
   1.9494673057959206           0.69623832349854298           0.34811916174927154     
   1.9494673057959206           0.69623832349854298           0.52217874262390729     
   1.9494673057959206           0.69623832349854298           0.69623832349854309     
   1.9494673057959206           0.69623832349854298           0.87029790437317889     
   1.9494673057959206           0.69623832349854298            1.0443574852478146     
   1.9494673057959206           0.69623832349854298            1.2184170661224505     
   1.9494673057959206           0.69623832349854298            1.3924766469970862     
   1.9494673057959206           0.69623832349854298            1.5665362278717216     
   1.9494673057959206           0.69623832349854298            1.7405958087463578     
   1.9494673057959206           0.69623832349854298            1.9146553896209932     
   1.9494673057959206           0.69623832349854298            2.0887149704956292     
   1.9494673057959206           0.69623832349854298            2.2627745513702648     
   1.9494673057959206           0.69623832349854298            2.4368341322449010     
   1.9494673057959206           0.69623832349854298            2.6108937131195367     
   1.9494673057959206           0.69623832349854298            2.7849532939941724     
   1.9494673057959206           0.69623832349854298            2.9590128748688080     
   1.9494673057959206           0.69623832349854298            3.1330724557434433     
   1.9494673057959206           0.83548598819825159            0.0000000000000000     
   1.9494673057959206           0.83548598819825159           0.17405958087463577     
   1.9494673057959206           0.83548598819825159           0.34811916174927154     
   1.9494673057959206           0.83548598819825159           0.52217874262390729     
   1.9494673057959206           0.83548598819825159           0.69623832349854309     
   1.9494673057959206           0.83548598819825159           0.87029790437317889     
   1.9494673057959206           0.83548598819825159            1.0443574852478146     
   1.9494673057959206           0.83548598819825159            1.2184170661224505     
   1.9494673057959206           0.83548598819825159            1.3924766469970862     
   1.9494673057959206           0.83548598819825159            1.5665362278717216     
   1.9494673057959206           0.83548598819825159            1.7405958087463578     
   1.9494673057959206           0.83548598819825159            1.9146553896209932     
   1.9494673057959206           0.83548598819825159            2.0887149704956292     
   1.9494673057959206           0.83548598819825159            2.2627745513702648     
   1.9494673057959206           0.83548598819825159            2.4368341322449010     
   1.9494673057959206           0.83548598819825159            2.6108937131195367     
   1.9494673057959206           0.83548598819825159            2.7849532939941724     
   1.9494673057959206           0.83548598819825159            2.9590128748688080     
   1.9494673057959206           0.83548598819825159            3.1330724557434433     
   1.9494673057959206           0.97473365289796032            0.0000000000000000     
   1.9494673057959206           0.97473365289796032           0.17405958087463577     
   1.9494673057959206           0.97473365289796032           0.34811916174927154     
   1.9494673057959206           0.97473365289796032           0.52217874262390729     
   1.9494673057959206           0.97473365289796032           0.69623832349854309     
   1.9494673057959206           0.97473365289796032           0.87029790437317889     
   1.9494673057959206           0.97473365289796032            1.0443574852478146     
   1.9494673057959206           0.97473365289796032            1.2184170661224505     
   1.9494673057959206           0.97473365289796032            1.3924766469970862     
   1.9494673057959206           0.97473365289796032            1.5665362278717216     
   1.9494673057959206           0.97473365289796032            1.7405958087463578     
   1.9494673057959206           0.97473365289796032            1.9146553896209932     
   1.9494673057959206           0.97473365289796032            2.0887149704956292     
   1.9494673057959206           0.97473365289796032            2.2627745513702648     
   1.9494673057959206           0.97473365289796032            2.4368341322449010     
   1.9494673057959206           0.97473365289796032            2.6108937131195367     
   1.9494673057959206           0.97473365289796032            2.7849532939941724     
   1.9494673057959206           0.97473365289796032            2.9590128748688080     
   1.9494673057959206           0.97473365289796032            3.1330724557434433     
   1.9494673057959206            1.1139813175976687            0.0000000000000000     
   1.9494673057959206            1.1139813175976687           0.17405958087463577     
   1.9494673057959206            1.1139813175976687           0.34811916174927154     
   1.9494673057959206            1.1139813175976687           0.52217874262390729     
   1.9494673057959206            1.1139813175976687           0.69623832349854309     
   1.9494673057959206            1.1139813175976687           0.87029790437317889     
   1.9494673057959206            1.1139813175976687            1.0443574852478146     
   1.9494673057959206            1.1139813175976687            1.2184170661224505     
   1.9494673057959206            1.1139813175976687            1.3924766469970862     
   1.9494673057959206            1.1139813175976687            1.5665362278717216     
   1.9494673057959206            1.1139813175976687            1.7405958087463578     
   1.9494673057959206            1.1139813175976687            1.9146553896209932     
   1.9494673057959206            1.1139813175976687            2.0887149704956292     
   1.9494673057959206            1.1139813175976687            2.2627745513702648     
   1.9494673057959206            1.1139813175976687            2.4368341322449010     
   1.9494673057959206            1.1139813175976687            2.6108937131195367     
   1.9494673057959206            1.1139813175976687            2.7849532939941724     
   1.9494673057959206            1.1139813175976687            2.9590128748688080     
   1.9494673057959206            1.1139813175976687            3.1330724557434433     
   1.9494673057959206            1.2532289822973772            0.0000000000000000     
   1.9494673057959206            1.2532289822973772           0.17405958087463577     
   1.9494673057959206            1.2532289822973772           0.34811916174927154     
   1.9494673057959206            1.2532289822973772           0.52217874262390729     
   1.9494673057959206            1.2532289822973772           0.69623832349854309     
   1.9494673057959206            1.2532289822973772           0.87029790437317889     
   1.9494673057959206            1.2532289822973772            1.0443574852478146     
   1.9494673057959206            1.2532289822973772            1.2184170661224505     
   1.9494673057959206            1.2532289822973772            1.3924766469970862     
   1.9494673057959206            1.2532289822973772            1.5665362278717216     
   1.9494673057959206            1.2532289822973772            1.7405958087463578     
   1.9494673057959206            1.2532289822973772            1.9146553896209932     
   1.9494673057959206            1.2532289822973772            2.0887149704956292     
   1.9494673057959206            1.2532289822973772            2.2627745513702648     
   1.9494673057959206            1.2532289822973772            2.4368341322449010     
   1.9494673057959206            1.2532289822973772            2.6108937131195367     
   1.9494673057959206            1.2532289822973772            2.7849532939941724     
   1.9494673057959206            1.2532289822973772            2.9590128748688080     
   1.9494673057959206            1.2532289822973772            3.1330724557434433     
   1.9494673057959206            1.3924766469970860            0.0000000000000000     
   1.9494673057959206            1.3924766469970860           0.17405958087463577     
   1.9494673057959206            1.3924766469970860           0.34811916174927154     
   1.9494673057959206            1.3924766469970860           0.52217874262390729     
   1.9494673057959206            1.3924766469970860           0.69623832349854309     
   1.9494673057959206            1.3924766469970860           0.87029790437317889     
   1.9494673057959206            1.3924766469970860            1.0443574852478146     
   1.9494673057959206            1.3924766469970860            1.2184170661224505     
   1.9494673057959206            1.3924766469970860            1.3924766469970862     
   1.9494673057959206            1.3924766469970860            1.5665362278717216     
   1.9494673057959206            1.3924766469970860            1.7405958087463578     
   1.9494673057959206            1.3924766469970860            1.9146553896209932     
   1.9494673057959206            1.3924766469970860            2.0887149704956292     
   1.9494673057959206            1.3924766469970860            2.2627745513702648     
   1.9494673057959206            1.3924766469970860            2.4368341322449010     
   1.9494673057959206            1.3924766469970860            2.6108937131195367     
   1.9494673057959206            1.3924766469970860            2.7849532939941724     
   1.9494673057959206            1.3924766469970860            2.9590128748688080     
   1.9494673057959206            1.3924766469970860            3.1330724557434433     
   1.9494673057959206            1.5317243116967947            0.0000000000000000     
   1.9494673057959206            1.5317243116967947           0.17405958087463577     
   1.9494673057959206            1.5317243116967947           0.34811916174927154     
   1.9494673057959206            1.5317243116967947           0.52217874262390729     
   1.9494673057959206            1.5317243116967947           0.69623832349854309     
   1.9494673057959206            1.5317243116967947           0.87029790437317889     
   1.9494673057959206            1.5317243116967947            1.0443574852478146     
   1.9494673057959206            1.5317243116967947            1.2184170661224505     
   1.9494673057959206            1.5317243116967947            1.3924766469970862     
   1.9494673057959206            1.5317243116967947            1.5665362278717216     
   1.9494673057959206            1.5317243116967947            1.7405958087463578     
   1.9494673057959206            1.5317243116967947            1.9146553896209932     
   1.9494673057959206            1.5317243116967947            2.0887149704956292     
   1.9494673057959206            1.5317243116967947            2.2627745513702648     
   1.9494673057959206            1.5317243116967947            2.4368341322449010     
   1.9494673057959206            1.5317243116967947            2.6108937131195367     
   1.9494673057959206            1.5317243116967947            2.7849532939941724     
   1.9494673057959206            1.5317243116967947            2.9590128748688080     
   1.9494673057959206            1.5317243116967947            3.1330724557434433     
   1.9494673057959206            1.6709719763965032            0.0000000000000000     
   1.9494673057959206            1.6709719763965032           0.17405958087463577     
   1.9494673057959206            1.6709719763965032           0.34811916174927154     
   1.9494673057959206            1.6709719763965032           0.52217874262390729     
   1.9494673057959206            1.6709719763965032           0.69623832349854309     
   1.9494673057959206            1.6709719763965032           0.87029790437317889     
   1.9494673057959206            1.6709719763965032            1.0443574852478146     
   1.9494673057959206            1.6709719763965032            1.2184170661224505     
   1.9494673057959206            1.6709719763965032            1.3924766469970862     
   1.9494673057959206            1.6709719763965032            1.5665362278717216     
   1.9494673057959206            1.6709719763965032            1.7405958087463578     
   1.9494673057959206            1.6709719763965032            1.9146553896209932     
   1.9494673057959206            1.6709719763965032            2.0887149704956292     
   1.9494673057959206            1.6709719763965032            2.2627745513702648     
   1.9494673057959206            1.6709719763965032            2.4368341322449010     
   1.9494673057959206            1.6709719763965032            2.6108937131195367     
   1.9494673057959206            1.6709719763965032            2.7849532939941724     
   1.9494673057959206            1.6709719763965032            2.9590128748688080     
   1.9494673057959206            1.6709719763965032            3.1330724557434433     
   1.9494673057959206            1.8102196410962119            0.0000000000000000     
   1.9494673057959206            1.8102196410962119           0.17405958087463577     
   1.9494673057959206            1.8102196410962119           0.34811916174927154     
   1.9494673057959206            1.8102196410962119           0.52217874262390729     
   1.9494673057959206            1.8102196410962119           0.69623832349854309     
   1.9494673057959206            1.8102196410962119           0.87029790437317889     
   1.9494673057959206            1.8102196410962119            1.0443574852478146     
   1.9494673057959206            1.8102196410962119            1.2184170661224505     
   1.9494673057959206            1.8102196410962119            1.3924766469970862     
   1.9494673057959206            1.8102196410962119            1.5665362278717216     
   1.9494673057959206            1.8102196410962119            1.7405958087463578     
   1.9494673057959206            1.8102196410962119            1.9146553896209932     
   1.9494673057959206            1.8102196410962119            2.0887149704956292     
   1.9494673057959206            1.8102196410962119            2.2627745513702648     
   1.9494673057959206            1.8102196410962119            2.4368341322449010     
   1.9494673057959206            1.8102196410962119            2.6108937131195367     
   1.9494673057959206            1.8102196410962119            2.7849532939941724     
   1.9494673057959206            1.8102196410962119            2.9590128748688080     
   1.9494673057959206            1.8102196410962119            3.1330724557434433     
   1.9494673057959206            1.9494673057959206            0.0000000000000000     
   1.9494673057959206            1.9494673057959206           0.17405958087463577     
   1.9494673057959206            1.9494673057959206           0.34811916174927154     
   1.9494673057959206            1.9494673057959206           0.52217874262390729     
   1.9494673057959206            1.9494673057959206           0.69623832349854309     
   1.9494673057959206            1.9494673057959206           0.87029790437317889     
   1.9494673057959206            1.9494673057959206            1.0443574852478146     
   1.9494673057959206            1.9494673057959206            1.2184170661224505     
   1.9494673057959206            1.9494673057959206            1.3924766469970862     
   1.9494673057959206            1.9494673057959206            1.5665362278717216     
   1.9494673057959206            1.9494673057959206            1.7405958087463578     
   1.9494673057959206            1.9494673057959206            1.9146553896209932     
   1.9494673057959206            1.9494673057959206            2.0887149704956292     
   1.9494673057959206            1.9494673057959206            2.2627745513702648     
   1.9494673057959206            1.9494673057959206            2.4368341322449010     
   1.9494673057959206            1.9494673057959206            2.6108937131195367     
   1.9494673057959206            1.9494673057959206            2.7849532939941724     
   1.9494673057959206            1.9494673057959206            2.9590128748688080     
   1.9494673057959206            1.9494673057959206            3.1330724557434433     
   1.9494673057959206            2.0887149704956292            0.0000000000000000     
   1.9494673057959206            2.0887149704956292           0.17405958087463577     
   1.9494673057959206            2.0887149704956292           0.34811916174927154     
   1.9494673057959206            2.0887149704956292           0.52217874262390729     
   1.9494673057959206            2.0887149704956292           0.69623832349854309     
   1.9494673057959206            2.0887149704956292           0.87029790437317889     
   1.9494673057959206            2.0887149704956292            1.0443574852478146     
   1.9494673057959206            2.0887149704956292            1.2184170661224505     
   1.9494673057959206            2.0887149704956292            1.3924766469970862     
   1.9494673057959206            2.0887149704956292            1.5665362278717216     
   1.9494673057959206            2.0887149704956292            1.7405958087463578     
   1.9494673057959206            2.0887149704956292            1.9146553896209932     
   1.9494673057959206            2.0887149704956292            2.0887149704956292     
   1.9494673057959206            2.0887149704956292            2.2627745513702648     
   1.9494673057959206            2.0887149704956292            2.4368341322449010     
   1.9494673057959206            2.0887149704956292            2.6108937131195367     
   1.9494673057959206            2.0887149704956292            2.7849532939941724     
   1.9494673057959206            2.0887149704956292            2.9590128748688080     
   1.9494673057959206            2.0887149704956292            3.1330724557434433     
   1.9494673057959206            2.2279626351953374            0.0000000000000000     
   1.9494673057959206            2.2279626351953374           0.17405958087463577     
   1.9494673057959206            2.2279626351953374           0.34811916174927154     
   1.9494673057959206            2.2279626351953374           0.52217874262390729     
   1.9494673057959206            2.2279626351953374           0.69623832349854309     
   1.9494673057959206            2.2279626351953374           0.87029790437317889     
   1.9494673057959206            2.2279626351953374            1.0443574852478146     
   1.9494673057959206            2.2279626351953374            1.2184170661224505     
   1.9494673057959206            2.2279626351953374            1.3924766469970862     
   1.9494673057959206            2.2279626351953374            1.5665362278717216     
   1.9494673057959206            2.2279626351953374            1.7405958087463578     
   1.9494673057959206            2.2279626351953374            1.9146553896209932     
   1.9494673057959206            2.2279626351953374            2.0887149704956292     
   1.9494673057959206            2.2279626351953374            2.2627745513702648     
   1.9494673057959206            2.2279626351953374            2.4368341322449010     
   1.9494673057959206            2.2279626351953374            2.6108937131195367     
   1.9494673057959206            2.2279626351953374            2.7849532939941724     
   1.9494673057959206            2.2279626351953374            2.9590128748688080     
   1.9494673057959206            2.2279626351953374            3.1330724557434433     
   1.9494673057959206            2.3672102998950462            0.0000000000000000     
   1.9494673057959206            2.3672102998950462           0.17405958087463577     
   1.9494673057959206            2.3672102998950462           0.34811916174927154     
   1.9494673057959206            2.3672102998950462           0.52217874262390729     
   1.9494673057959206            2.3672102998950462           0.69623832349854309     
   1.9494673057959206            2.3672102998950462           0.87029790437317889     
   1.9494673057959206            2.3672102998950462            1.0443574852478146     
   1.9494673057959206            2.3672102998950462            1.2184170661224505     
   1.9494673057959206            2.3672102998950462            1.3924766469970862     
   1.9494673057959206            2.3672102998950462            1.5665362278717216     
   1.9494673057959206            2.3672102998950462            1.7405958087463578     
   1.9494673057959206            2.3672102998950462            1.9146553896209932     
   1.9494673057959206            2.3672102998950462            2.0887149704956292     
   1.9494673057959206            2.3672102998950462            2.2627745513702648     
   1.9494673057959206            2.3672102998950462            2.4368341322449010     
   1.9494673057959206            2.3672102998950462            2.6108937131195367     
   1.9494673057959206            2.3672102998950462            2.7849532939941724     
   1.9494673057959206            2.3672102998950462            2.9590128748688080     
   1.9494673057959206            2.3672102998950462            3.1330724557434433     
   1.9494673057959206            2.5064579645947545            0.0000000000000000     
   1.9494673057959206            2.5064579645947545           0.17405958087463577     
   1.9494673057959206            2.5064579645947545           0.34811916174927154     
   1.9494673057959206            2.5064579645947545           0.52217874262390729     
   1.9494673057959206            2.5064579645947545           0.69623832349854309     
   1.9494673057959206            2.5064579645947545           0.87029790437317889     
   1.9494673057959206            2.5064579645947545            1.0443574852478146     
   1.9494673057959206            2.5064579645947545            1.2184170661224505     
   1.9494673057959206            2.5064579645947545            1.3924766469970862     
   1.9494673057959206            2.5064579645947545            1.5665362278717216     
   1.9494673057959206            2.5064579645947545            1.7405958087463578     
   1.9494673057959206            2.5064579645947545            1.9146553896209932     
   1.9494673057959206            2.5064579645947545            2.0887149704956292     
   1.9494673057959206            2.5064579645947545            2.2627745513702648     
   1.9494673057959206            2.5064579645947545            2.4368341322449010     
   1.9494673057959206            2.5064579645947545            2.6108937131195367     
   1.9494673057959206            2.5064579645947545            2.7849532939941724     
   1.9494673057959206            2.5064579645947545            2.9590128748688080     
   1.9494673057959206            2.5064579645947545            3.1330724557434433     
   2.0887149704956292            0.0000000000000000            0.0000000000000000     
   2.0887149704956292            0.0000000000000000           0.17405958087463577     
   2.0887149704956292            0.0000000000000000           0.34811916174927154     
   2.0887149704956292            0.0000000000000000           0.52217874262390729     
   2.0887149704956292            0.0000000000000000           0.69623832349854309     
   2.0887149704956292            0.0000000000000000           0.87029790437317889     
   2.0887149704956292            0.0000000000000000            1.0443574852478146     
   2.0887149704956292            0.0000000000000000            1.2184170661224505     
   2.0887149704956292            0.0000000000000000            1.3924766469970862     
   2.0887149704956292            0.0000000000000000            1.5665362278717216     
   2.0887149704956292            0.0000000000000000            1.7405958087463578     
   2.0887149704956292            0.0000000000000000            1.9146553896209932     
   2.0887149704956292            0.0000000000000000            2.0887149704956292     
   2.0887149704956292            0.0000000000000000            2.2627745513702648     
   2.0887149704956292            0.0000000000000000            2.4368341322449010     
   2.0887149704956292            0.0000000000000000            2.6108937131195367     
   2.0887149704956292            0.0000000000000000            2.7849532939941724     
   2.0887149704956292            0.0000000000000000            2.9590128748688080     
   2.0887149704956292            0.0000000000000000            3.1330724557434433     
   2.0887149704956292           0.13924766469970859            0.0000000000000000     
   2.0887149704956292           0.13924766469970859           0.17405958087463577     
   2.0887149704956292           0.13924766469970859           0.34811916174927154     
   2.0887149704956292           0.13924766469970859           0.52217874262390729     
   2.0887149704956292           0.13924766469970859           0.69623832349854309     
   2.0887149704956292           0.13924766469970859           0.87029790437317889     
   2.0887149704956292           0.13924766469970859            1.0443574852478146     
   2.0887149704956292           0.13924766469970859            1.2184170661224505     
   2.0887149704956292           0.13924766469970859            1.3924766469970862     
   2.0887149704956292           0.13924766469970859            1.5665362278717216     
   2.0887149704956292           0.13924766469970859            1.7405958087463578     
   2.0887149704956292           0.13924766469970859            1.9146553896209932     
   2.0887149704956292           0.13924766469970859            2.0887149704956292     
   2.0887149704956292           0.13924766469970859            2.2627745513702648     
   2.0887149704956292           0.13924766469970859            2.4368341322449010     
   2.0887149704956292           0.13924766469970859            2.6108937131195367     
   2.0887149704956292           0.13924766469970859            2.7849532939941724     
   2.0887149704956292           0.13924766469970859            2.9590128748688080     
   2.0887149704956292           0.13924766469970859            3.1330724557434433     
   2.0887149704956292           0.27849532939941718            0.0000000000000000     
   2.0887149704956292           0.27849532939941718           0.17405958087463577     
   2.0887149704956292           0.27849532939941718           0.34811916174927154     
   2.0887149704956292           0.27849532939941718           0.52217874262390729     
   2.0887149704956292           0.27849532939941718           0.69623832349854309     
   2.0887149704956292           0.27849532939941718           0.87029790437317889     
   2.0887149704956292           0.27849532939941718            1.0443574852478146     
   2.0887149704956292           0.27849532939941718            1.2184170661224505     
   2.0887149704956292           0.27849532939941718            1.3924766469970862     
   2.0887149704956292           0.27849532939941718            1.5665362278717216     
   2.0887149704956292           0.27849532939941718            1.7405958087463578     
   2.0887149704956292           0.27849532939941718            1.9146553896209932     
   2.0887149704956292           0.27849532939941718            2.0887149704956292     
   2.0887149704956292           0.27849532939941718            2.2627745513702648     
   2.0887149704956292           0.27849532939941718            2.4368341322449010     
   2.0887149704956292           0.27849532939941718            2.6108937131195367     
   2.0887149704956292           0.27849532939941718            2.7849532939941724     
   2.0887149704956292           0.27849532939941718            2.9590128748688080     
   2.0887149704956292           0.27849532939941718            3.1330724557434433     
   2.0887149704956292           0.41774299409912580            0.0000000000000000     
   2.0887149704956292           0.41774299409912580           0.17405958087463577     
   2.0887149704956292           0.41774299409912580           0.34811916174927154     
   2.0887149704956292           0.41774299409912580           0.52217874262390729     
   2.0887149704956292           0.41774299409912580           0.69623832349854309     
   2.0887149704956292           0.41774299409912580           0.87029790437317889     
   2.0887149704956292           0.41774299409912580            1.0443574852478146     
   2.0887149704956292           0.41774299409912580            1.2184170661224505     
   2.0887149704956292           0.41774299409912580            1.3924766469970862     
   2.0887149704956292           0.41774299409912580            1.5665362278717216     
   2.0887149704956292           0.41774299409912580            1.7405958087463578     
   2.0887149704956292           0.41774299409912580            1.9146553896209932     
   2.0887149704956292           0.41774299409912580            2.0887149704956292     
   2.0887149704956292           0.41774299409912580            2.2627745513702648     
   2.0887149704956292           0.41774299409912580            2.4368341322449010     
   2.0887149704956292           0.41774299409912580            2.6108937131195367     
   2.0887149704956292           0.41774299409912580            2.7849532939941724     
   2.0887149704956292           0.41774299409912580            2.9590128748688080     
   2.0887149704956292           0.41774299409912580            3.1330724557434433     
   2.0887149704956292           0.55699065879883436            0.0000000000000000     
   2.0887149704956292           0.55699065879883436           0.17405958087463577     
   2.0887149704956292           0.55699065879883436           0.34811916174927154     
   2.0887149704956292           0.55699065879883436           0.52217874262390729     
   2.0887149704956292           0.55699065879883436           0.69623832349854309     
   2.0887149704956292           0.55699065879883436           0.87029790437317889     
   2.0887149704956292           0.55699065879883436            1.0443574852478146     
   2.0887149704956292           0.55699065879883436            1.2184170661224505     
   2.0887149704956292           0.55699065879883436            1.3924766469970862     
   2.0887149704956292           0.55699065879883436            1.5665362278717216     
   2.0887149704956292           0.55699065879883436            1.7405958087463578     
   2.0887149704956292           0.55699065879883436            1.9146553896209932     
   2.0887149704956292           0.55699065879883436            2.0887149704956292     
   2.0887149704956292           0.55699065879883436            2.2627745513702648     
   2.0887149704956292           0.55699065879883436            2.4368341322449010     
   2.0887149704956292           0.55699065879883436            2.6108937131195367     
   2.0887149704956292           0.55699065879883436            2.7849532939941724     
   2.0887149704956292           0.55699065879883436            2.9590128748688080     
   2.0887149704956292           0.55699065879883436            3.1330724557434433     
   2.0887149704956292           0.69623832349854298            0.0000000000000000     
   2.0887149704956292           0.69623832349854298           0.17405958087463577     
   2.0887149704956292           0.69623832349854298           0.34811916174927154     
   2.0887149704956292           0.69623832349854298           0.52217874262390729     
   2.0887149704956292           0.69623832349854298           0.69623832349854309     
   2.0887149704956292           0.69623832349854298           0.87029790437317889     
   2.0887149704956292           0.69623832349854298            1.0443574852478146     
   2.0887149704956292           0.69623832349854298            1.2184170661224505     
   2.0887149704956292           0.69623832349854298            1.3924766469970862     
   2.0887149704956292           0.69623832349854298            1.5665362278717216     
   2.0887149704956292           0.69623832349854298            1.7405958087463578     
   2.0887149704956292           0.69623832349854298            1.9146553896209932     
   2.0887149704956292           0.69623832349854298            2.0887149704956292     
   2.0887149704956292           0.69623832349854298            2.2627745513702648     
   2.0887149704956292           0.69623832349854298            2.4368341322449010     
   2.0887149704956292           0.69623832349854298            2.6108937131195367     
   2.0887149704956292           0.69623832349854298            2.7849532939941724     
   2.0887149704956292           0.69623832349854298            2.9590128748688080     
   2.0887149704956292           0.69623832349854298            3.1330724557434433     
   2.0887149704956292           0.83548598819825159            0.0000000000000000     
   2.0887149704956292           0.83548598819825159           0.17405958087463577     
   2.0887149704956292           0.83548598819825159           0.34811916174927154     
   2.0887149704956292           0.83548598819825159           0.52217874262390729     
   2.0887149704956292           0.83548598819825159           0.69623832349854309     
   2.0887149704956292           0.83548598819825159           0.87029790437317889     
   2.0887149704956292           0.83548598819825159            1.0443574852478146     
   2.0887149704956292           0.83548598819825159            1.2184170661224505     
   2.0887149704956292           0.83548598819825159            1.3924766469970862     
   2.0887149704956292           0.83548598819825159            1.5665362278717216     
   2.0887149704956292           0.83548598819825159            1.7405958087463578     
   2.0887149704956292           0.83548598819825159            1.9146553896209932     
   2.0887149704956292           0.83548598819825159            2.0887149704956292     
   2.0887149704956292           0.83548598819825159            2.2627745513702648     
   2.0887149704956292           0.83548598819825159            2.4368341322449010     
   2.0887149704956292           0.83548598819825159            2.6108937131195367     
   2.0887149704956292           0.83548598819825159            2.7849532939941724     
   2.0887149704956292           0.83548598819825159            2.9590128748688080     
   2.0887149704956292           0.83548598819825159            3.1330724557434433     
   2.0887149704956292           0.97473365289796032            0.0000000000000000     
   2.0887149704956292           0.97473365289796032           0.17405958087463577     
   2.0887149704956292           0.97473365289796032           0.34811916174927154     
   2.0887149704956292           0.97473365289796032           0.52217874262390729     
   2.0887149704956292           0.97473365289796032           0.69623832349854309     
   2.0887149704956292           0.97473365289796032           0.87029790437317889     
   2.0887149704956292           0.97473365289796032            1.0443574852478146     
   2.0887149704956292           0.97473365289796032            1.2184170661224505     
   2.0887149704956292           0.97473365289796032            1.3924766469970862     
   2.0887149704956292           0.97473365289796032            1.5665362278717216     
   2.0887149704956292           0.97473365289796032            1.7405958087463578     
   2.0887149704956292           0.97473365289796032            1.9146553896209932     
   2.0887149704956292           0.97473365289796032            2.0887149704956292     
   2.0887149704956292           0.97473365289796032            2.2627745513702648     
   2.0887149704956292           0.97473365289796032            2.4368341322449010     
   2.0887149704956292           0.97473365289796032            2.6108937131195367     
   2.0887149704956292           0.97473365289796032            2.7849532939941724     
   2.0887149704956292           0.97473365289796032            2.9590128748688080     
   2.0887149704956292           0.97473365289796032            3.1330724557434433     
   2.0887149704956292            1.1139813175976687            0.0000000000000000     
   2.0887149704956292            1.1139813175976687           0.17405958087463577     
   2.0887149704956292            1.1139813175976687           0.34811916174927154     
   2.0887149704956292            1.1139813175976687           0.52217874262390729     
   2.0887149704956292            1.1139813175976687           0.69623832349854309     
   2.0887149704956292            1.1139813175976687           0.87029790437317889     
   2.0887149704956292            1.1139813175976687            1.0443574852478146     
   2.0887149704956292            1.1139813175976687            1.2184170661224505     
   2.0887149704956292            1.1139813175976687            1.3924766469970862     
   2.0887149704956292            1.1139813175976687            1.5665362278717216     
   2.0887149704956292            1.1139813175976687            1.7405958087463578     
   2.0887149704956292            1.1139813175976687            1.9146553896209932     
   2.0887149704956292            1.1139813175976687            2.0887149704956292     
   2.0887149704956292            1.1139813175976687            2.2627745513702648     
   2.0887149704956292            1.1139813175976687            2.4368341322449010     
   2.0887149704956292            1.1139813175976687            2.6108937131195367     
   2.0887149704956292            1.1139813175976687            2.7849532939941724     
   2.0887149704956292            1.1139813175976687            2.9590128748688080     
   2.0887149704956292            1.1139813175976687            3.1330724557434433     
   2.0887149704956292            1.2532289822973772            0.0000000000000000     
   2.0887149704956292            1.2532289822973772           0.17405958087463577     
   2.0887149704956292            1.2532289822973772           0.34811916174927154     
   2.0887149704956292            1.2532289822973772           0.52217874262390729     
   2.0887149704956292            1.2532289822973772           0.69623832349854309     
   2.0887149704956292            1.2532289822973772           0.87029790437317889     
   2.0887149704956292            1.2532289822973772            1.0443574852478146     
   2.0887149704956292            1.2532289822973772            1.2184170661224505     
   2.0887149704956292            1.2532289822973772            1.3924766469970862     
   2.0887149704956292            1.2532289822973772            1.5665362278717216     
   2.0887149704956292            1.2532289822973772            1.7405958087463578     
   2.0887149704956292            1.2532289822973772            1.9146553896209932     
   2.0887149704956292            1.2532289822973772            2.0887149704956292     
   2.0887149704956292            1.2532289822973772            2.2627745513702648     
   2.0887149704956292            1.2532289822973772            2.4368341322449010     
   2.0887149704956292            1.2532289822973772            2.6108937131195367     
   2.0887149704956292            1.2532289822973772            2.7849532939941724     
   2.0887149704956292            1.2532289822973772            2.9590128748688080     
   2.0887149704956292            1.2532289822973772            3.1330724557434433     
   2.0887149704956292            1.3924766469970860            0.0000000000000000     
   2.0887149704956292            1.3924766469970860           0.17405958087463577     
   2.0887149704956292            1.3924766469970860           0.34811916174927154     
   2.0887149704956292            1.3924766469970860           0.52217874262390729     
   2.0887149704956292            1.3924766469970860           0.69623832349854309     
   2.0887149704956292            1.3924766469970860           0.87029790437317889     
   2.0887149704956292            1.3924766469970860            1.0443574852478146     
   2.0887149704956292            1.3924766469970860            1.2184170661224505     
   2.0887149704956292            1.3924766469970860            1.3924766469970862     
   2.0887149704956292            1.3924766469970860            1.5665362278717216     
   2.0887149704956292            1.3924766469970860            1.7405958087463578     
   2.0887149704956292            1.3924766469970860            1.9146553896209932     
   2.0887149704956292            1.3924766469970860            2.0887149704956292     
   2.0887149704956292            1.3924766469970860            2.2627745513702648     
   2.0887149704956292            1.3924766469970860            2.4368341322449010     
   2.0887149704956292            1.3924766469970860            2.6108937131195367     
   2.0887149704956292            1.3924766469970860            2.7849532939941724     
   2.0887149704956292            1.3924766469970860            2.9590128748688080     
   2.0887149704956292            1.3924766469970860            3.1330724557434433     
   2.0887149704956292            1.5317243116967947            0.0000000000000000     
   2.0887149704956292            1.5317243116967947           0.17405958087463577     
   2.0887149704956292            1.5317243116967947           0.34811916174927154     
   2.0887149704956292            1.5317243116967947           0.52217874262390729     
   2.0887149704956292            1.5317243116967947           0.69623832349854309     
   2.0887149704956292            1.5317243116967947           0.87029790437317889     
   2.0887149704956292            1.5317243116967947            1.0443574852478146     
   2.0887149704956292            1.5317243116967947            1.2184170661224505     
   2.0887149704956292            1.5317243116967947            1.3924766469970862     
   2.0887149704956292            1.5317243116967947            1.5665362278717216     
   2.0887149704956292            1.5317243116967947            1.7405958087463578     
   2.0887149704956292            1.5317243116967947            1.9146553896209932     
   2.0887149704956292            1.5317243116967947            2.0887149704956292     
   2.0887149704956292            1.5317243116967947            2.2627745513702648     
   2.0887149704956292            1.5317243116967947            2.4368341322449010     
   2.0887149704956292            1.5317243116967947            2.6108937131195367     
   2.0887149704956292            1.5317243116967947            2.7849532939941724     
   2.0887149704956292            1.5317243116967947            2.9590128748688080     
   2.0887149704956292            1.5317243116967947            3.1330724557434433     
   2.0887149704956292            1.6709719763965032            0.0000000000000000     
   2.0887149704956292            1.6709719763965032           0.17405958087463577     
   2.0887149704956292            1.6709719763965032           0.34811916174927154     
   2.0887149704956292            1.6709719763965032           0.52217874262390729     
   2.0887149704956292            1.6709719763965032           0.69623832349854309     
   2.0887149704956292            1.6709719763965032           0.87029790437317889     
   2.0887149704956292            1.6709719763965032            1.0443574852478146     
   2.0887149704956292            1.6709719763965032            1.2184170661224505     
   2.0887149704956292            1.6709719763965032            1.3924766469970862     
   2.0887149704956292            1.6709719763965032            1.5665362278717216     
   2.0887149704956292            1.6709719763965032            1.7405958087463578     
   2.0887149704956292            1.6709719763965032            1.9146553896209932     
   2.0887149704956292            1.6709719763965032            2.0887149704956292     
   2.0887149704956292            1.6709719763965032            2.2627745513702648     
   2.0887149704956292            1.6709719763965032            2.4368341322449010     
   2.0887149704956292            1.6709719763965032            2.6108937131195367     
   2.0887149704956292            1.6709719763965032            2.7849532939941724     
   2.0887149704956292            1.6709719763965032            2.9590128748688080     
   2.0887149704956292            1.6709719763965032            3.1330724557434433     
   2.0887149704956292            1.8102196410962119            0.0000000000000000     
   2.0887149704956292            1.8102196410962119           0.17405958087463577     
   2.0887149704956292            1.8102196410962119           0.34811916174927154     
   2.0887149704956292            1.8102196410962119           0.52217874262390729     
   2.0887149704956292            1.8102196410962119           0.69623832349854309     
   2.0887149704956292            1.8102196410962119           0.87029790437317889     
   2.0887149704956292            1.8102196410962119            1.0443574852478146     
   2.0887149704956292            1.8102196410962119            1.2184170661224505     
   2.0887149704956292            1.8102196410962119            1.3924766469970862     
   2.0887149704956292            1.8102196410962119            1.5665362278717216     
   2.0887149704956292            1.8102196410962119            1.7405958087463578     
   2.0887149704956292            1.8102196410962119            1.9146553896209932     
   2.0887149704956292            1.8102196410962119            2.0887149704956292     
   2.0887149704956292            1.8102196410962119            2.2627745513702648     
   2.0887149704956292            1.8102196410962119            2.4368341322449010     
   2.0887149704956292            1.8102196410962119            2.6108937131195367     
   2.0887149704956292            1.8102196410962119            2.7849532939941724     
   2.0887149704956292            1.8102196410962119            2.9590128748688080     
   2.0887149704956292            1.8102196410962119            3.1330724557434433     
   2.0887149704956292            1.9494673057959206            0.0000000000000000     
   2.0887149704956292            1.9494673057959206           0.17405958087463577     
   2.0887149704956292            1.9494673057959206           0.34811916174927154     
   2.0887149704956292            1.9494673057959206           0.52217874262390729     
   2.0887149704956292            1.9494673057959206           0.69623832349854309     
   2.0887149704956292            1.9494673057959206           0.87029790437317889     
   2.0887149704956292            1.9494673057959206            1.0443574852478146     
   2.0887149704956292            1.9494673057959206            1.2184170661224505     
   2.0887149704956292            1.9494673057959206            1.3924766469970862     
   2.0887149704956292            1.9494673057959206            1.5665362278717216     
   2.0887149704956292            1.9494673057959206            1.7405958087463578     
   2.0887149704956292            1.9494673057959206            1.9146553896209932     
   2.0887149704956292            1.9494673057959206            2.0887149704956292     
   2.0887149704956292            1.9494673057959206            2.2627745513702648     
   2.0887149704956292            1.9494673057959206            2.4368341322449010     
   2.0887149704956292            1.9494673057959206            2.6108937131195367     
   2.0887149704956292            1.9494673057959206            2.7849532939941724     
   2.0887149704956292            1.9494673057959206            2.9590128748688080     
   2.0887149704956292            1.9494673057959206            3.1330724557434433     
   2.0887149704956292            2.0887149704956292            0.0000000000000000     
   2.0887149704956292            2.0887149704956292           0.17405958087463577     
   2.0887149704956292            2.0887149704956292           0.34811916174927154     
   2.0887149704956292            2.0887149704956292           0.52217874262390729     
   2.0887149704956292            2.0887149704956292           0.69623832349854309     
   2.0887149704956292            2.0887149704956292           0.87029790437317889     
   2.0887149704956292            2.0887149704956292            1.0443574852478146     
   2.0887149704956292            2.0887149704956292            1.2184170661224505     
   2.0887149704956292            2.0887149704956292            1.3924766469970862     
   2.0887149704956292            2.0887149704956292            1.5665362278717216     
   2.0887149704956292            2.0887149704956292            1.7405958087463578     
   2.0887149704956292            2.0887149704956292            1.9146553896209932     
   2.0887149704956292            2.0887149704956292            2.0887149704956292     
   2.0887149704956292            2.0887149704956292            2.2627745513702648     
   2.0887149704956292            2.0887149704956292            2.4368341322449010     
   2.0887149704956292            2.0887149704956292            2.6108937131195367     
   2.0887149704956292            2.0887149704956292            2.7849532939941724     
   2.0887149704956292            2.0887149704956292            2.9590128748688080     
   2.0887149704956292            2.0887149704956292            3.1330724557434433     
   2.0887149704956292            2.2279626351953374            0.0000000000000000     
   2.0887149704956292            2.2279626351953374           0.17405958087463577     
   2.0887149704956292            2.2279626351953374           0.34811916174927154     
   2.0887149704956292            2.2279626351953374           0.52217874262390729     
   2.0887149704956292            2.2279626351953374           0.69623832349854309     
   2.0887149704956292            2.2279626351953374           0.87029790437317889     
   2.0887149704956292            2.2279626351953374            1.0443574852478146     
   2.0887149704956292            2.2279626351953374            1.2184170661224505     
   2.0887149704956292            2.2279626351953374            1.3924766469970862     
   2.0887149704956292            2.2279626351953374            1.5665362278717216     
   2.0887149704956292            2.2279626351953374            1.7405958087463578     
   2.0887149704956292            2.2279626351953374            1.9146553896209932     
   2.0887149704956292            2.2279626351953374            2.0887149704956292     
   2.0887149704956292            2.2279626351953374            2.2627745513702648     
   2.0887149704956292            2.2279626351953374            2.4368341322449010     
   2.0887149704956292            2.2279626351953374            2.6108937131195367     
   2.0887149704956292            2.2279626351953374            2.7849532939941724     
   2.0887149704956292            2.2279626351953374            2.9590128748688080     
   2.0887149704956292            2.2279626351953374            3.1330724557434433     
   2.0887149704956292            2.3672102998950462            0.0000000000000000     
   2.0887149704956292            2.3672102998950462           0.17405958087463577     
   2.0887149704956292            2.3672102998950462           0.34811916174927154     
   2.0887149704956292            2.3672102998950462           0.52217874262390729     
   2.0887149704956292            2.3672102998950462           0.69623832349854309     
   2.0887149704956292            2.3672102998950462           0.87029790437317889     
   2.0887149704956292            2.3672102998950462            1.0443574852478146     
   2.0887149704956292            2.3672102998950462            1.2184170661224505     
   2.0887149704956292            2.3672102998950462            1.3924766469970862     
   2.0887149704956292            2.3672102998950462            1.5665362278717216     
   2.0887149704956292            2.3672102998950462            1.7405958087463578     
   2.0887149704956292            2.3672102998950462            1.9146553896209932     
   2.0887149704956292            2.3672102998950462            2.0887149704956292     
   2.0887149704956292            2.3672102998950462            2.2627745513702648     
   2.0887149704956292            2.3672102998950462            2.4368341322449010     
   2.0887149704956292            2.3672102998950462            2.6108937131195367     
   2.0887149704956292            2.3672102998950462            2.7849532939941724     
   2.0887149704956292            2.3672102998950462            2.9590128748688080     
   2.0887149704956292            2.3672102998950462            3.1330724557434433     
   2.0887149704956292            2.5064579645947545            0.0000000000000000     
   2.0887149704956292            2.5064579645947545           0.17405958087463577     
   2.0887149704956292            2.5064579645947545           0.34811916174927154     
   2.0887149704956292            2.5064579645947545           0.52217874262390729     
   2.0887149704956292            2.5064579645947545           0.69623832349854309     
   2.0887149704956292            2.5064579645947545           0.87029790437317889     
   2.0887149704956292            2.5064579645947545            1.0443574852478146     
   2.0887149704956292            2.5064579645947545            1.2184170661224505     
   2.0887149704956292            2.5064579645947545            1.3924766469970862     
   2.0887149704956292            2.5064579645947545            1.5665362278717216     
   2.0887149704956292            2.5064579645947545            1.7405958087463578     
   2.0887149704956292            2.5064579645947545            1.9146553896209932     
   2.0887149704956292            2.5064579645947545            2.0887149704956292     
   2.0887149704956292            2.5064579645947545            2.2627745513702648     
   2.0887149704956292            2.5064579645947545            2.4368341322449010     
   2.0887149704956292            2.5064579645947545            2.6108937131195367     
   2.0887149704956292            2.5064579645947545            2.7849532939941724     
   2.0887149704956292            2.5064579645947545            2.9590128748688080     
   2.0887149704956292            2.5064579645947545            3.1330724557434433     
   2.2279626351953374            0.0000000000000000            0.0000000000000000     
   2.2279626351953374            0.0000000000000000           0.17405958087463577     
   2.2279626351953374            0.0000000000000000           0.34811916174927154     
   2.2279626351953374            0.0000000000000000           0.52217874262390729     
   2.2279626351953374            0.0000000000000000           0.69623832349854309     
   2.2279626351953374            0.0000000000000000           0.87029790437317889     
   2.2279626351953374            0.0000000000000000            1.0443574852478146     
   2.2279626351953374            0.0000000000000000            1.2184170661224505     
   2.2279626351953374            0.0000000000000000            1.3924766469970862     
   2.2279626351953374            0.0000000000000000            1.5665362278717216     
   2.2279626351953374            0.0000000000000000            1.7405958087463578     
   2.2279626351953374            0.0000000000000000            1.9146553896209932     
   2.2279626351953374            0.0000000000000000            2.0887149704956292     
   2.2279626351953374            0.0000000000000000            2.2627745513702648     
   2.2279626351953374            0.0000000000000000            2.4368341322449010     
   2.2279626351953374            0.0000000000000000            2.6108937131195367     
   2.2279626351953374            0.0000000000000000            2.7849532939941724     
   2.2279626351953374            0.0000000000000000            2.9590128748688080     
   2.2279626351953374            0.0000000000000000            3.1330724557434433     
   2.2279626351953374           0.13924766469970859            0.0000000000000000     
   2.2279626351953374           0.13924766469970859           0.17405958087463577     
   2.2279626351953374           0.13924766469970859           0.34811916174927154     
   2.2279626351953374           0.13924766469970859           0.52217874262390729     
   2.2279626351953374           0.13924766469970859           0.69623832349854309     
   2.2279626351953374           0.13924766469970859           0.87029790437317889     
   2.2279626351953374           0.13924766469970859            1.0443574852478146     
   2.2279626351953374           0.13924766469970859            1.2184170661224505     
   2.2279626351953374           0.13924766469970859            1.3924766469970862     
   2.2279626351953374           0.13924766469970859            1.5665362278717216     
   2.2279626351953374           0.13924766469970859            1.7405958087463578     
   2.2279626351953374           0.13924766469970859            1.9146553896209932     
   2.2279626351953374           0.13924766469970859            2.0887149704956292     
   2.2279626351953374           0.13924766469970859            2.2627745513702648     
   2.2279626351953374           0.13924766469970859            2.4368341322449010     
   2.2279626351953374           0.13924766469970859            2.6108937131195367     
   2.2279626351953374           0.13924766469970859            2.7849532939941724     
   2.2279626351953374           0.13924766469970859            2.9590128748688080     
   2.2279626351953374           0.13924766469970859            3.1330724557434433     
   2.2279626351953374           0.27849532939941718            0.0000000000000000     
   2.2279626351953374           0.27849532939941718           0.17405958087463577     
   2.2279626351953374           0.27849532939941718           0.34811916174927154     
   2.2279626351953374           0.27849532939941718           0.52217874262390729     
   2.2279626351953374           0.27849532939941718           0.69623832349854309     
   2.2279626351953374           0.27849532939941718           0.87029790437317889     
   2.2279626351953374           0.27849532939941718            1.0443574852478146     
   2.2279626351953374           0.27849532939941718            1.2184170661224505     
   2.2279626351953374           0.27849532939941718            1.3924766469970862     
   2.2279626351953374           0.27849532939941718            1.5665362278717216     
   2.2279626351953374           0.27849532939941718            1.7405958087463578     
   2.2279626351953374           0.27849532939941718            1.9146553896209932     
   2.2279626351953374           0.27849532939941718            2.0887149704956292     
   2.2279626351953374           0.27849532939941718            2.2627745513702648     
   2.2279626351953374           0.27849532939941718            2.4368341322449010     
   2.2279626351953374           0.27849532939941718            2.6108937131195367     
   2.2279626351953374           0.27849532939941718            2.7849532939941724     
   2.2279626351953374           0.27849532939941718            2.9590128748688080     
   2.2279626351953374           0.27849532939941718            3.1330724557434433     
   2.2279626351953374           0.41774299409912580            0.0000000000000000     
   2.2279626351953374           0.41774299409912580           0.17405958087463577     
   2.2279626351953374           0.41774299409912580           0.34811916174927154     
   2.2279626351953374           0.41774299409912580           0.52217874262390729     
   2.2279626351953374           0.41774299409912580           0.69623832349854309     
   2.2279626351953374           0.41774299409912580           0.87029790437317889     
   2.2279626351953374           0.41774299409912580            1.0443574852478146     
   2.2279626351953374           0.41774299409912580            1.2184170661224505     
   2.2279626351953374           0.41774299409912580            1.3924766469970862     
   2.2279626351953374           0.41774299409912580            1.5665362278717216     
   2.2279626351953374           0.41774299409912580            1.7405958087463578     
   2.2279626351953374           0.41774299409912580            1.9146553896209932     
   2.2279626351953374           0.41774299409912580            2.0887149704956292     
   2.2279626351953374           0.41774299409912580            2.2627745513702648     
   2.2279626351953374           0.41774299409912580            2.4368341322449010     
   2.2279626351953374           0.41774299409912580            2.6108937131195367     
   2.2279626351953374           0.41774299409912580            2.7849532939941724     
   2.2279626351953374           0.41774299409912580            2.9590128748688080     
   2.2279626351953374           0.41774299409912580            3.1330724557434433     
   2.2279626351953374           0.55699065879883436            0.0000000000000000     
   2.2279626351953374           0.55699065879883436           0.17405958087463577     
   2.2279626351953374           0.55699065879883436           0.34811916174927154     
   2.2279626351953374           0.55699065879883436           0.52217874262390729     
   2.2279626351953374           0.55699065879883436           0.69623832349854309     
   2.2279626351953374           0.55699065879883436           0.87029790437317889     
   2.2279626351953374           0.55699065879883436            1.0443574852478146     
   2.2279626351953374           0.55699065879883436            1.2184170661224505     
   2.2279626351953374           0.55699065879883436            1.3924766469970862     
   2.2279626351953374           0.55699065879883436            1.5665362278717216     
   2.2279626351953374           0.55699065879883436            1.7405958087463578     
   2.2279626351953374           0.55699065879883436            1.9146553896209932     
   2.2279626351953374           0.55699065879883436            2.0887149704956292     
   2.2279626351953374           0.55699065879883436            2.2627745513702648     
   2.2279626351953374           0.55699065879883436            2.4368341322449010     
   2.2279626351953374           0.55699065879883436            2.6108937131195367     
   2.2279626351953374           0.55699065879883436            2.7849532939941724     
   2.2279626351953374           0.55699065879883436            2.9590128748688080     
   2.2279626351953374           0.55699065879883436            3.1330724557434433     
   2.2279626351953374           0.69623832349854298            0.0000000000000000     
   2.2279626351953374           0.69623832349854298           0.17405958087463577     
   2.2279626351953374           0.69623832349854298           0.34811916174927154     
   2.2279626351953374           0.69623832349854298           0.52217874262390729     
   2.2279626351953374           0.69623832349854298           0.69623832349854309     
   2.2279626351953374           0.69623832349854298           0.87029790437317889     
   2.2279626351953374           0.69623832349854298            1.0443574852478146     
   2.2279626351953374           0.69623832349854298            1.2184170661224505     
   2.2279626351953374           0.69623832349854298            1.3924766469970862     
   2.2279626351953374           0.69623832349854298            1.5665362278717216     
   2.2279626351953374           0.69623832349854298            1.7405958087463578     
   2.2279626351953374           0.69623832349854298            1.9146553896209932     
   2.2279626351953374           0.69623832349854298            2.0887149704956292     
   2.2279626351953374           0.69623832349854298            2.2627745513702648     
   2.2279626351953374           0.69623832349854298            2.4368341322449010     
   2.2279626351953374           0.69623832349854298            2.6108937131195367     
   2.2279626351953374           0.69623832349854298            2.7849532939941724     
   2.2279626351953374           0.69623832349854298            2.9590128748688080     
   2.2279626351953374           0.69623832349854298            3.1330724557434433     
   2.2279626351953374           0.83548598819825159            0.0000000000000000     
   2.2279626351953374           0.83548598819825159           0.17405958087463577     
   2.2279626351953374           0.83548598819825159           0.34811916174927154     
   2.2279626351953374           0.83548598819825159           0.52217874262390729     
   2.2279626351953374           0.83548598819825159           0.69623832349854309     
   2.2279626351953374           0.83548598819825159           0.87029790437317889     
   2.2279626351953374           0.83548598819825159            1.0443574852478146     
   2.2279626351953374           0.83548598819825159            1.2184170661224505     
   2.2279626351953374           0.83548598819825159            1.3924766469970862     
   2.2279626351953374           0.83548598819825159            1.5665362278717216     
   2.2279626351953374           0.83548598819825159            1.7405958087463578     
   2.2279626351953374           0.83548598819825159            1.9146553896209932     
   2.2279626351953374           0.83548598819825159            2.0887149704956292     
   2.2279626351953374           0.83548598819825159            2.2627745513702648     
   2.2279626351953374           0.83548598819825159            2.4368341322449010     
   2.2279626351953374           0.83548598819825159            2.6108937131195367     
   2.2279626351953374           0.83548598819825159            2.7849532939941724     
   2.2279626351953374           0.83548598819825159            2.9590128748688080     
   2.2279626351953374           0.83548598819825159            3.1330724557434433     
   2.2279626351953374           0.97473365289796032            0.0000000000000000     
   2.2279626351953374           0.97473365289796032           0.17405958087463577     
   2.2279626351953374           0.97473365289796032           0.34811916174927154     
   2.2279626351953374           0.97473365289796032           0.52217874262390729     
   2.2279626351953374           0.97473365289796032           0.69623832349854309     
   2.2279626351953374           0.97473365289796032           0.87029790437317889     
   2.2279626351953374           0.97473365289796032            1.0443574852478146     
   2.2279626351953374           0.97473365289796032            1.2184170661224505     
   2.2279626351953374           0.97473365289796032            1.3924766469970862     
   2.2279626351953374           0.97473365289796032            1.5665362278717216     
   2.2279626351953374           0.97473365289796032            1.7405958087463578     
   2.2279626351953374           0.97473365289796032            1.9146553896209932     
   2.2279626351953374           0.97473365289796032            2.0887149704956292     
   2.2279626351953374           0.97473365289796032            2.2627745513702648     
   2.2279626351953374           0.97473365289796032            2.4368341322449010     
   2.2279626351953374           0.97473365289796032            2.6108937131195367     
   2.2279626351953374           0.97473365289796032            2.7849532939941724     
   2.2279626351953374           0.97473365289796032            2.9590128748688080     
   2.2279626351953374           0.97473365289796032            3.1330724557434433     
   2.2279626351953374            1.1139813175976687            0.0000000000000000     
   2.2279626351953374            1.1139813175976687           0.17405958087463577     
   2.2279626351953374            1.1139813175976687           0.34811916174927154     
   2.2279626351953374            1.1139813175976687           0.52217874262390729     
   2.2279626351953374            1.1139813175976687           0.69623832349854309     
   2.2279626351953374            1.1139813175976687           0.87029790437317889     
   2.2279626351953374            1.1139813175976687            1.0443574852478146     
   2.2279626351953374            1.1139813175976687            1.2184170661224505     
   2.2279626351953374            1.1139813175976687            1.3924766469970862     
   2.2279626351953374            1.1139813175976687            1.5665362278717216     
   2.2279626351953374            1.1139813175976687            1.7405958087463578     
   2.2279626351953374            1.1139813175976687            1.9146553896209932     
   2.2279626351953374            1.1139813175976687            2.0887149704956292     
   2.2279626351953374            1.1139813175976687            2.2627745513702648     
   2.2279626351953374            1.1139813175976687            2.4368341322449010     
   2.2279626351953374            1.1139813175976687            2.6108937131195367     
   2.2279626351953374            1.1139813175976687            2.7849532939941724     
   2.2279626351953374            1.1139813175976687            2.9590128748688080     
   2.2279626351953374            1.1139813175976687            3.1330724557434433     
   2.2279626351953374            1.2532289822973772            0.0000000000000000     
   2.2279626351953374            1.2532289822973772           0.17405958087463577     
   2.2279626351953374            1.2532289822973772           0.34811916174927154     
   2.2279626351953374            1.2532289822973772           0.52217874262390729     
   2.2279626351953374            1.2532289822973772           0.69623832349854309     
   2.2279626351953374            1.2532289822973772           0.87029790437317889     
   2.2279626351953374            1.2532289822973772            1.0443574852478146     
   2.2279626351953374            1.2532289822973772            1.2184170661224505     
   2.2279626351953374            1.2532289822973772            1.3924766469970862     
   2.2279626351953374            1.2532289822973772            1.5665362278717216     
   2.2279626351953374            1.2532289822973772            1.7405958087463578     
   2.2279626351953374            1.2532289822973772            1.9146553896209932     
   2.2279626351953374            1.2532289822973772            2.0887149704956292     
   2.2279626351953374            1.2532289822973772            2.2627745513702648     
   2.2279626351953374            1.2532289822973772            2.4368341322449010     
   2.2279626351953374            1.2532289822973772            2.6108937131195367     
   2.2279626351953374            1.2532289822973772            2.7849532939941724     
   2.2279626351953374            1.2532289822973772            2.9590128748688080     
   2.2279626351953374            1.2532289822973772            3.1330724557434433     
   2.2279626351953374            1.3924766469970860            0.0000000000000000     
   2.2279626351953374            1.3924766469970860           0.17405958087463577     
   2.2279626351953374            1.3924766469970860           0.34811916174927154     
   2.2279626351953374            1.3924766469970860           0.52217874262390729     
   2.2279626351953374            1.3924766469970860           0.69623832349854309     
   2.2279626351953374            1.3924766469970860           0.87029790437317889     
   2.2279626351953374            1.3924766469970860            1.0443574852478146     
   2.2279626351953374            1.3924766469970860            1.2184170661224505     
   2.2279626351953374            1.3924766469970860            1.3924766469970862     
   2.2279626351953374            1.3924766469970860            1.5665362278717216     
   2.2279626351953374            1.3924766469970860            1.7405958087463578     
   2.2279626351953374            1.3924766469970860            1.9146553896209932     
   2.2279626351953374            1.3924766469970860            2.0887149704956292     
   2.2279626351953374            1.3924766469970860            2.2627745513702648     
   2.2279626351953374            1.3924766469970860            2.4368341322449010     
   2.2279626351953374            1.3924766469970860            2.6108937131195367     
   2.2279626351953374            1.3924766469970860            2.7849532939941724     
   2.2279626351953374            1.3924766469970860            2.9590128748688080     
   2.2279626351953374            1.3924766469970860            3.1330724557434433     
   2.2279626351953374            1.5317243116967947            0.0000000000000000     
   2.2279626351953374            1.5317243116967947           0.17405958087463577     
   2.2279626351953374            1.5317243116967947           0.34811916174927154     
   2.2279626351953374            1.5317243116967947           0.52217874262390729     
   2.2279626351953374            1.5317243116967947           0.69623832349854309     
   2.2279626351953374            1.5317243116967947           0.87029790437317889     
   2.2279626351953374            1.5317243116967947            1.0443574852478146     
   2.2279626351953374            1.5317243116967947            1.2184170661224505     
   2.2279626351953374            1.5317243116967947            1.3924766469970862     
   2.2279626351953374            1.5317243116967947            1.5665362278717216     
   2.2279626351953374            1.5317243116967947            1.7405958087463578     
   2.2279626351953374            1.5317243116967947            1.9146553896209932     
   2.2279626351953374            1.5317243116967947            2.0887149704956292     
   2.2279626351953374            1.5317243116967947            2.2627745513702648     
   2.2279626351953374            1.5317243116967947            2.4368341322449010     
   2.2279626351953374            1.5317243116967947            2.6108937131195367     
   2.2279626351953374            1.5317243116967947            2.7849532939941724     
   2.2279626351953374            1.5317243116967947            2.9590128748688080     
   2.2279626351953374            1.5317243116967947            3.1330724557434433     
   2.2279626351953374            1.6709719763965032            0.0000000000000000     
   2.2279626351953374            1.6709719763965032           0.17405958087463577     
   2.2279626351953374            1.6709719763965032           0.34811916174927154     
   2.2279626351953374            1.6709719763965032           0.52217874262390729     
   2.2279626351953374            1.6709719763965032           0.69623832349854309     
   2.2279626351953374            1.6709719763965032           0.87029790437317889     
   2.2279626351953374            1.6709719763965032            1.0443574852478146     
   2.2279626351953374            1.6709719763965032            1.2184170661224505     
   2.2279626351953374            1.6709719763965032            1.3924766469970862     
   2.2279626351953374            1.6709719763965032            1.5665362278717216     
   2.2279626351953374            1.6709719763965032            1.7405958087463578     
   2.2279626351953374            1.6709719763965032            1.9146553896209932     
   2.2279626351953374            1.6709719763965032            2.0887149704956292     
   2.2279626351953374            1.6709719763965032            2.2627745513702648     
   2.2279626351953374            1.6709719763965032            2.4368341322449010     
   2.2279626351953374            1.6709719763965032            2.6108937131195367     
   2.2279626351953374            1.6709719763965032            2.7849532939941724     
   2.2279626351953374            1.6709719763965032            2.9590128748688080     
   2.2279626351953374            1.6709719763965032            3.1330724557434433     
   2.2279626351953374            1.8102196410962119            0.0000000000000000     
   2.2279626351953374            1.8102196410962119           0.17405958087463577     
   2.2279626351953374            1.8102196410962119           0.34811916174927154     
   2.2279626351953374            1.8102196410962119           0.52217874262390729     
   2.2279626351953374            1.8102196410962119           0.69623832349854309     
   2.2279626351953374            1.8102196410962119           0.87029790437317889     
   2.2279626351953374            1.8102196410962119            1.0443574852478146     
   2.2279626351953374            1.8102196410962119            1.2184170661224505     
   2.2279626351953374            1.8102196410962119            1.3924766469970862     
   2.2279626351953374            1.8102196410962119            1.5665362278717216     
   2.2279626351953374            1.8102196410962119            1.7405958087463578     
   2.2279626351953374            1.8102196410962119            1.9146553896209932     
   2.2279626351953374            1.8102196410962119            2.0887149704956292     
   2.2279626351953374            1.8102196410962119            2.2627745513702648     
   2.2279626351953374            1.8102196410962119            2.4368341322449010     
   2.2279626351953374            1.8102196410962119            2.6108937131195367     
   2.2279626351953374            1.8102196410962119            2.7849532939941724     
   2.2279626351953374            1.8102196410962119            2.9590128748688080     
   2.2279626351953374            1.8102196410962119            3.1330724557434433     
   2.2279626351953374            1.9494673057959206            0.0000000000000000     
   2.2279626351953374            1.9494673057959206           0.17405958087463577     
   2.2279626351953374            1.9494673057959206           0.34811916174927154     
   2.2279626351953374            1.9494673057959206           0.52217874262390729     
   2.2279626351953374            1.9494673057959206           0.69623832349854309     
   2.2279626351953374            1.9494673057959206           0.87029790437317889     
   2.2279626351953374            1.9494673057959206            1.0443574852478146     
   2.2279626351953374            1.9494673057959206            1.2184170661224505     
   2.2279626351953374            1.9494673057959206            1.3924766469970862     
   2.2279626351953374            1.9494673057959206            1.5665362278717216     
   2.2279626351953374            1.9494673057959206            1.7405958087463578     
   2.2279626351953374            1.9494673057959206            1.9146553896209932     
   2.2279626351953374            1.9494673057959206            2.0887149704956292     
   2.2279626351953374            1.9494673057959206            2.2627745513702648     
   2.2279626351953374            1.9494673057959206            2.4368341322449010     
   2.2279626351953374            1.9494673057959206            2.6108937131195367     
   2.2279626351953374            1.9494673057959206            2.7849532939941724     
   2.2279626351953374            1.9494673057959206            2.9590128748688080     
   2.2279626351953374            1.9494673057959206            3.1330724557434433     
   2.2279626351953374            2.0887149704956292            0.0000000000000000     
   2.2279626351953374            2.0887149704956292           0.17405958087463577     
   2.2279626351953374            2.0887149704956292           0.34811916174927154     
   2.2279626351953374            2.0887149704956292           0.52217874262390729     
   2.2279626351953374            2.0887149704956292           0.69623832349854309     
   2.2279626351953374            2.0887149704956292           0.87029790437317889     
   2.2279626351953374            2.0887149704956292            1.0443574852478146     
   2.2279626351953374            2.0887149704956292            1.2184170661224505     
   2.2279626351953374            2.0887149704956292            1.3924766469970862     
   2.2279626351953374            2.0887149704956292            1.5665362278717216     
   2.2279626351953374            2.0887149704956292            1.7405958087463578     
   2.2279626351953374            2.0887149704956292            1.9146553896209932     
   2.2279626351953374            2.0887149704956292            2.0887149704956292     
   2.2279626351953374            2.0887149704956292            2.2627745513702648     
   2.2279626351953374            2.0887149704956292            2.4368341322449010     
   2.2279626351953374            2.0887149704956292            2.6108937131195367     
   2.2279626351953374            2.0887149704956292            2.7849532939941724     
   2.2279626351953374            2.0887149704956292            2.9590128748688080     
   2.2279626351953374            2.0887149704956292            3.1330724557434433     
   2.2279626351953374            2.2279626351953374            0.0000000000000000     
   2.2279626351953374            2.2279626351953374           0.17405958087463577     
   2.2279626351953374            2.2279626351953374           0.34811916174927154     
   2.2279626351953374            2.2279626351953374           0.52217874262390729     
   2.2279626351953374            2.2279626351953374           0.69623832349854309     
   2.2279626351953374            2.2279626351953374           0.87029790437317889     
   2.2279626351953374            2.2279626351953374            1.0443574852478146     
   2.2279626351953374            2.2279626351953374            1.2184170661224505     
   2.2279626351953374            2.2279626351953374            1.3924766469970862     
   2.2279626351953374            2.2279626351953374            1.5665362278717216     
   2.2279626351953374            2.2279626351953374            1.7405958087463578     
   2.2279626351953374            2.2279626351953374            1.9146553896209932     
   2.2279626351953374            2.2279626351953374            2.0887149704956292     
   2.2279626351953374            2.2279626351953374            2.2627745513702648     
   2.2279626351953374            2.2279626351953374            2.4368341322449010     
   2.2279626351953374            2.2279626351953374            2.6108937131195367     
   2.2279626351953374            2.2279626351953374            2.7849532939941724     
   2.2279626351953374            2.2279626351953374            2.9590128748688080     
   2.2279626351953374            2.2279626351953374            3.1330724557434433     
   2.2279626351953374            2.3672102998950462            0.0000000000000000     
   2.2279626351953374            2.3672102998950462           0.17405958087463577     
   2.2279626351953374            2.3672102998950462           0.34811916174927154     
   2.2279626351953374            2.3672102998950462           0.52217874262390729     
   2.2279626351953374            2.3672102998950462           0.69623832349854309     
   2.2279626351953374            2.3672102998950462           0.87029790437317889     
   2.2279626351953374            2.3672102998950462            1.0443574852478146     
   2.2279626351953374            2.3672102998950462            1.2184170661224505     
   2.2279626351953374            2.3672102998950462            1.3924766469970862     
   2.2279626351953374            2.3672102998950462            1.5665362278717216     
   2.2279626351953374            2.3672102998950462            1.7405958087463578     
   2.2279626351953374            2.3672102998950462            1.9146553896209932     
   2.2279626351953374            2.3672102998950462            2.0887149704956292     
   2.2279626351953374            2.3672102998950462            2.2627745513702648     
   2.2279626351953374            2.3672102998950462            2.4368341322449010     
   2.2279626351953374            2.3672102998950462            2.6108937131195367     
   2.2279626351953374            2.3672102998950462            2.7849532939941724     
   2.2279626351953374            2.3672102998950462            2.9590128748688080     
   2.2279626351953374            2.3672102998950462            3.1330724557434433     
   2.2279626351953374            2.5064579645947545            0.0000000000000000     
   2.2279626351953374            2.5064579645947545           0.17405958087463577     
   2.2279626351953374            2.5064579645947545           0.34811916174927154     
   2.2279626351953374            2.5064579645947545           0.52217874262390729     
   2.2279626351953374            2.5064579645947545           0.69623832349854309     
   2.2279626351953374            2.5064579645947545           0.87029790437317889     
   2.2279626351953374            2.5064579645947545            1.0443574852478146     
   2.2279626351953374            2.5064579645947545            1.2184170661224505     
   2.2279626351953374            2.5064579645947545            1.3924766469970862     
   2.2279626351953374            2.5064579645947545            1.5665362278717216     
   2.2279626351953374            2.5064579645947545            1.7405958087463578     
   2.2279626351953374            2.5064579645947545            1.9146553896209932     
   2.2279626351953374            2.5064579645947545            2.0887149704956292     
   2.2279626351953374            2.5064579645947545            2.2627745513702648     
   2.2279626351953374            2.5064579645947545            2.4368341322449010     
   2.2279626351953374            2.5064579645947545            2.6108937131195367     
   2.2279626351953374            2.5064579645947545            2.7849532939941724     
   2.2279626351953374            2.5064579645947545            2.9590128748688080     
   2.2279626351953374            2.5064579645947545            3.1330724557434433     
   2.3672102998950462            0.0000000000000000            0.0000000000000000     
   2.3672102998950462            0.0000000000000000           0.17405958087463577     
   2.3672102998950462            0.0000000000000000           0.34811916174927154     
   2.3672102998950462            0.0000000000000000           0.52217874262390729     
   2.3672102998950462            0.0000000000000000           0.69623832349854309     
   2.3672102998950462            0.0000000000000000           0.87029790437317889     
   2.3672102998950462            0.0000000000000000            1.0443574852478146     
   2.3672102998950462            0.0000000000000000            1.2184170661224505     
   2.3672102998950462            0.0000000000000000            1.3924766469970862     
   2.3672102998950462            0.0000000000000000            1.5665362278717216     
   2.3672102998950462            0.0000000000000000            1.7405958087463578     
   2.3672102998950462            0.0000000000000000            1.9146553896209932     
   2.3672102998950462            0.0000000000000000            2.0887149704956292     
   2.3672102998950462            0.0000000000000000            2.2627745513702648     
   2.3672102998950462            0.0000000000000000            2.4368341322449010     
   2.3672102998950462            0.0000000000000000            2.6108937131195367     
   2.3672102998950462            0.0000000000000000            2.7849532939941724     
   2.3672102998950462            0.0000000000000000            2.9590128748688080     
   2.3672102998950462            0.0000000000000000            3.1330724557434433     
   2.3672102998950462           0.13924766469970859            0.0000000000000000     
   2.3672102998950462           0.13924766469970859           0.17405958087463577     
   2.3672102998950462           0.13924766469970859           0.34811916174927154     
   2.3672102998950462           0.13924766469970859           0.52217874262390729     
   2.3672102998950462           0.13924766469970859           0.69623832349854309     
   2.3672102998950462           0.13924766469970859           0.87029790437317889     
   2.3672102998950462           0.13924766469970859            1.0443574852478146     
   2.3672102998950462           0.13924766469970859            1.2184170661224505     
   2.3672102998950462           0.13924766469970859            1.3924766469970862     
   2.3672102998950462           0.13924766469970859            1.5665362278717216     
   2.3672102998950462           0.13924766469970859            1.7405958087463578     
   2.3672102998950462           0.13924766469970859            1.9146553896209932     
   2.3672102998950462           0.13924766469970859            2.0887149704956292     
   2.3672102998950462           0.13924766469970859            2.2627745513702648     
   2.3672102998950462           0.13924766469970859            2.4368341322449010     
   2.3672102998950462           0.13924766469970859            2.6108937131195367     
   2.3672102998950462           0.13924766469970859            2.7849532939941724     
   2.3672102998950462           0.13924766469970859            2.9590128748688080     
   2.3672102998950462           0.13924766469970859            3.1330724557434433     
   2.3672102998950462           0.27849532939941718            0.0000000000000000     
   2.3672102998950462           0.27849532939941718           0.17405958087463577     
   2.3672102998950462           0.27849532939941718           0.34811916174927154     
   2.3672102998950462           0.27849532939941718           0.52217874262390729     
   2.3672102998950462           0.27849532939941718           0.69623832349854309     
   2.3672102998950462           0.27849532939941718           0.87029790437317889     
   2.3672102998950462           0.27849532939941718            1.0443574852478146     
   2.3672102998950462           0.27849532939941718            1.2184170661224505     
   2.3672102998950462           0.27849532939941718            1.3924766469970862     
   2.3672102998950462           0.27849532939941718            1.5665362278717216     
   2.3672102998950462           0.27849532939941718            1.7405958087463578     
   2.3672102998950462           0.27849532939941718            1.9146553896209932     
   2.3672102998950462           0.27849532939941718            2.0887149704956292     
   2.3672102998950462           0.27849532939941718            2.2627745513702648     
   2.3672102998950462           0.27849532939941718            2.4368341322449010     
   2.3672102998950462           0.27849532939941718            2.6108937131195367     
   2.3672102998950462           0.27849532939941718            2.7849532939941724     
   2.3672102998950462           0.27849532939941718            2.9590128748688080     
   2.3672102998950462           0.27849532939941718            3.1330724557434433     
   2.3672102998950462           0.41774299409912580            0.0000000000000000     
   2.3672102998950462           0.41774299409912580           0.17405958087463577     
   2.3672102998950462           0.41774299409912580           0.34811916174927154     
   2.3672102998950462           0.41774299409912580           0.52217874262390729     
   2.3672102998950462           0.41774299409912580           0.69623832349854309     
   2.3672102998950462           0.41774299409912580           0.87029790437317889     
   2.3672102998950462           0.41774299409912580            1.0443574852478146     
   2.3672102998950462           0.41774299409912580            1.2184170661224505     
   2.3672102998950462           0.41774299409912580            1.3924766469970862     
   2.3672102998950462           0.41774299409912580            1.5665362278717216     
   2.3672102998950462           0.41774299409912580            1.7405958087463578     
   2.3672102998950462           0.41774299409912580            1.9146553896209932     
   2.3672102998950462           0.41774299409912580            2.0887149704956292     
   2.3672102998950462           0.41774299409912580            2.2627745513702648     
   2.3672102998950462           0.41774299409912580            2.4368341322449010     
   2.3672102998950462           0.41774299409912580            2.6108937131195367     
   2.3672102998950462           0.41774299409912580            2.7849532939941724     
   2.3672102998950462           0.41774299409912580            2.9590128748688080     
   2.3672102998950462           0.41774299409912580            3.1330724557434433     
   2.3672102998950462           0.55699065879883436            0.0000000000000000     
   2.3672102998950462           0.55699065879883436           0.17405958087463577     
   2.3672102998950462           0.55699065879883436           0.34811916174927154     
   2.3672102998950462           0.55699065879883436           0.52217874262390729     
   2.3672102998950462           0.55699065879883436           0.69623832349854309     
   2.3672102998950462           0.55699065879883436           0.87029790437317889     
   2.3672102998950462           0.55699065879883436            1.0443574852478146     
   2.3672102998950462           0.55699065879883436            1.2184170661224505     
   2.3672102998950462           0.55699065879883436            1.3924766469970862     
   2.3672102998950462           0.55699065879883436            1.5665362278717216     
   2.3672102998950462           0.55699065879883436            1.7405958087463578     
   2.3672102998950462           0.55699065879883436            1.9146553896209932     
   2.3672102998950462           0.55699065879883436            2.0887149704956292     
   2.3672102998950462           0.55699065879883436            2.2627745513702648     
   2.3672102998950462           0.55699065879883436            2.4368341322449010     
   2.3672102998950462           0.55699065879883436            2.6108937131195367     
   2.3672102998950462           0.55699065879883436            2.7849532939941724     
   2.3672102998950462           0.55699065879883436            2.9590128748688080     
   2.3672102998950462           0.55699065879883436            3.1330724557434433     
   2.3672102998950462           0.69623832349854298            0.0000000000000000     
   2.3672102998950462           0.69623832349854298           0.17405958087463577     
   2.3672102998950462           0.69623832349854298           0.34811916174927154     
   2.3672102998950462           0.69623832349854298           0.52217874262390729     
   2.3672102998950462           0.69623832349854298           0.69623832349854309     
   2.3672102998950462           0.69623832349854298           0.87029790437317889     
   2.3672102998950462           0.69623832349854298            1.0443574852478146     
   2.3672102998950462           0.69623832349854298            1.2184170661224505     
   2.3672102998950462           0.69623832349854298            1.3924766469970862     
   2.3672102998950462           0.69623832349854298            1.5665362278717216     
   2.3672102998950462           0.69623832349854298            1.7405958087463578     
   2.3672102998950462           0.69623832349854298            1.9146553896209932     
   2.3672102998950462           0.69623832349854298            2.0887149704956292     
   2.3672102998950462           0.69623832349854298            2.2627745513702648     
   2.3672102998950462           0.69623832349854298            2.4368341322449010     
   2.3672102998950462           0.69623832349854298            2.6108937131195367     
   2.3672102998950462           0.69623832349854298            2.7849532939941724     
   2.3672102998950462           0.69623832349854298            2.9590128748688080     
   2.3672102998950462           0.69623832349854298            3.1330724557434433     
   2.3672102998950462           0.83548598819825159            0.0000000000000000     
   2.3672102998950462           0.83548598819825159           0.17405958087463577     
   2.3672102998950462           0.83548598819825159           0.34811916174927154     
   2.3672102998950462           0.83548598819825159           0.52217874262390729     
   2.3672102998950462           0.83548598819825159           0.69623832349854309     
   2.3672102998950462           0.83548598819825159           0.87029790437317889     
   2.3672102998950462           0.83548598819825159            1.0443574852478146     
   2.3672102998950462           0.83548598819825159            1.2184170661224505     
   2.3672102998950462           0.83548598819825159            1.3924766469970862     
   2.3672102998950462           0.83548598819825159            1.5665362278717216     
   2.3672102998950462           0.83548598819825159            1.7405958087463578     
   2.3672102998950462           0.83548598819825159            1.9146553896209932     
   2.3672102998950462           0.83548598819825159            2.0887149704956292     
   2.3672102998950462           0.83548598819825159            2.2627745513702648     
   2.3672102998950462           0.83548598819825159            2.4368341322449010     
   2.3672102998950462           0.83548598819825159            2.6108937131195367     
   2.3672102998950462           0.83548598819825159            2.7849532939941724     
   2.3672102998950462           0.83548598819825159            2.9590128748688080     
   2.3672102998950462           0.83548598819825159            3.1330724557434433     
   2.3672102998950462           0.97473365289796032            0.0000000000000000     
   2.3672102998950462           0.97473365289796032           0.17405958087463577     
   2.3672102998950462           0.97473365289796032           0.34811916174927154     
   2.3672102998950462           0.97473365289796032           0.52217874262390729     
   2.3672102998950462           0.97473365289796032           0.69623832349854309     
   2.3672102998950462           0.97473365289796032           0.87029790437317889     
   2.3672102998950462           0.97473365289796032            1.0443574852478146     
   2.3672102998950462           0.97473365289796032            1.2184170661224505     
   2.3672102998950462           0.97473365289796032            1.3924766469970862     
   2.3672102998950462           0.97473365289796032            1.5665362278717216     
   2.3672102998950462           0.97473365289796032            1.7405958087463578     
   2.3672102998950462           0.97473365289796032            1.9146553896209932     
   2.3672102998950462           0.97473365289796032            2.0887149704956292     
   2.3672102998950462           0.97473365289796032            2.2627745513702648     
   2.3672102998950462           0.97473365289796032            2.4368341322449010     
   2.3672102998950462           0.97473365289796032            2.6108937131195367     
   2.3672102998950462           0.97473365289796032            2.7849532939941724     
   2.3672102998950462           0.97473365289796032            2.9590128748688080     
   2.3672102998950462           0.97473365289796032            3.1330724557434433     
   2.3672102998950462            1.1139813175976687            0.0000000000000000     
   2.3672102998950462            1.1139813175976687           0.17405958087463577     
   2.3672102998950462            1.1139813175976687           0.34811916174927154     
   2.3672102998950462            1.1139813175976687           0.52217874262390729     
   2.3672102998950462            1.1139813175976687           0.69623832349854309     
   2.3672102998950462            1.1139813175976687           0.87029790437317889     
   2.3672102998950462            1.1139813175976687            1.0443574852478146     
   2.3672102998950462            1.1139813175976687            1.2184170661224505     
   2.3672102998950462            1.1139813175976687            1.3924766469970862     
   2.3672102998950462            1.1139813175976687            1.5665362278717216     
   2.3672102998950462            1.1139813175976687            1.7405958087463578     
   2.3672102998950462            1.1139813175976687            1.9146553896209932     
   2.3672102998950462            1.1139813175976687            2.0887149704956292     
   2.3672102998950462            1.1139813175976687            2.2627745513702648     
   2.3672102998950462            1.1139813175976687            2.4368341322449010     
   2.3672102998950462            1.1139813175976687            2.6108937131195367     
   2.3672102998950462            1.1139813175976687            2.7849532939941724     
   2.3672102998950462            1.1139813175976687            2.9590128748688080     
   2.3672102998950462            1.1139813175976687            3.1330724557434433     
   2.3672102998950462            1.2532289822973772            0.0000000000000000     
   2.3672102998950462            1.2532289822973772           0.17405958087463577     
   2.3672102998950462            1.2532289822973772           0.34811916174927154     
   2.3672102998950462            1.2532289822973772           0.52217874262390729     
   2.3672102998950462            1.2532289822973772           0.69623832349854309     
   2.3672102998950462            1.2532289822973772           0.87029790437317889     
   2.3672102998950462            1.2532289822973772            1.0443574852478146     
   2.3672102998950462            1.2532289822973772            1.2184170661224505     
   2.3672102998950462            1.2532289822973772            1.3924766469970862     
   2.3672102998950462            1.2532289822973772            1.5665362278717216     
   2.3672102998950462            1.2532289822973772            1.7405958087463578     
   2.3672102998950462            1.2532289822973772            1.9146553896209932     
   2.3672102998950462            1.2532289822973772            2.0887149704956292     
   2.3672102998950462            1.2532289822973772            2.2627745513702648     
   2.3672102998950462            1.2532289822973772            2.4368341322449010     
   2.3672102998950462            1.2532289822973772            2.6108937131195367     
   2.3672102998950462            1.2532289822973772            2.7849532939941724     
   2.3672102998950462            1.2532289822973772            2.9590128748688080     
   2.3672102998950462            1.2532289822973772            3.1330724557434433     
   2.3672102998950462            1.3924766469970860            0.0000000000000000     
   2.3672102998950462            1.3924766469970860           0.17405958087463577     
   2.3672102998950462            1.3924766469970860           0.34811916174927154     
   2.3672102998950462            1.3924766469970860           0.52217874262390729     
   2.3672102998950462            1.3924766469970860           0.69623832349854309     
   2.3672102998950462            1.3924766469970860           0.87029790437317889     
   2.3672102998950462            1.3924766469970860            1.0443574852478146     
   2.3672102998950462            1.3924766469970860            1.2184170661224505     
   2.3672102998950462            1.3924766469970860            1.3924766469970862     
   2.3672102998950462            1.3924766469970860            1.5665362278717216     
   2.3672102998950462            1.3924766469970860            1.7405958087463578     
   2.3672102998950462            1.3924766469970860            1.9146553896209932     
   2.3672102998950462            1.3924766469970860            2.0887149704956292     
   2.3672102998950462            1.3924766469970860            2.2627745513702648     
   2.3672102998950462            1.3924766469970860            2.4368341322449010     
   2.3672102998950462            1.3924766469970860            2.6108937131195367     
   2.3672102998950462            1.3924766469970860            2.7849532939941724     
   2.3672102998950462            1.3924766469970860            2.9590128748688080     
   2.3672102998950462            1.3924766469970860            3.1330724557434433     
   2.3672102998950462            1.5317243116967947            0.0000000000000000     
   2.3672102998950462            1.5317243116967947           0.17405958087463577     
   2.3672102998950462            1.5317243116967947           0.34811916174927154     
   2.3672102998950462            1.5317243116967947           0.52217874262390729     
   2.3672102998950462            1.5317243116967947           0.69623832349854309     
   2.3672102998950462            1.5317243116967947           0.87029790437317889     
   2.3672102998950462            1.5317243116967947            1.0443574852478146     
   2.3672102998950462            1.5317243116967947            1.2184170661224505     
   2.3672102998950462            1.5317243116967947            1.3924766469970862     
   2.3672102998950462            1.5317243116967947            1.5665362278717216     
   2.3672102998950462            1.5317243116967947            1.7405958087463578     
   2.3672102998950462            1.5317243116967947            1.9146553896209932     
   2.3672102998950462            1.5317243116967947            2.0887149704956292     
   2.3672102998950462            1.5317243116967947            2.2627745513702648     
   2.3672102998950462            1.5317243116967947            2.4368341322449010     
   2.3672102998950462            1.5317243116967947            2.6108937131195367     
   2.3672102998950462            1.5317243116967947            2.7849532939941724     
   2.3672102998950462            1.5317243116967947            2.9590128748688080     
   2.3672102998950462            1.5317243116967947            3.1330724557434433     
   2.3672102998950462            1.6709719763965032            0.0000000000000000     
   2.3672102998950462            1.6709719763965032           0.17405958087463577     
   2.3672102998950462            1.6709719763965032           0.34811916174927154     
   2.3672102998950462            1.6709719763965032           0.52217874262390729     
   2.3672102998950462            1.6709719763965032           0.69623832349854309     
   2.3672102998950462            1.6709719763965032           0.87029790437317889     
   2.3672102998950462            1.6709719763965032            1.0443574852478146     
   2.3672102998950462            1.6709719763965032            1.2184170661224505     
   2.3672102998950462            1.6709719763965032            1.3924766469970862     
   2.3672102998950462            1.6709719763965032            1.5665362278717216     
   2.3672102998950462            1.6709719763965032            1.7405958087463578     
   2.3672102998950462            1.6709719763965032            1.9146553896209932     
   2.3672102998950462            1.6709719763965032            2.0887149704956292     
   2.3672102998950462            1.6709719763965032            2.2627745513702648     
   2.3672102998950462            1.6709719763965032            2.4368341322449010     
   2.3672102998950462            1.6709719763965032            2.6108937131195367     
   2.3672102998950462            1.6709719763965032            2.7849532939941724     
   2.3672102998950462            1.6709719763965032            2.9590128748688080     
   2.3672102998950462            1.6709719763965032            3.1330724557434433     
   2.3672102998950462            1.8102196410962119            0.0000000000000000     
   2.3672102998950462            1.8102196410962119           0.17405958087463577     
   2.3672102998950462            1.8102196410962119           0.34811916174927154     
   2.3672102998950462            1.8102196410962119           0.52217874262390729     
   2.3672102998950462            1.8102196410962119           0.69623832349854309     
   2.3672102998950462            1.8102196410962119           0.87029790437317889     
   2.3672102998950462            1.8102196410962119            1.0443574852478146     
   2.3672102998950462            1.8102196410962119            1.2184170661224505     
   2.3672102998950462            1.8102196410962119            1.3924766469970862     
   2.3672102998950462            1.8102196410962119            1.5665362278717216     
   2.3672102998950462            1.8102196410962119            1.7405958087463578     
   2.3672102998950462            1.8102196410962119            1.9146553896209932     
   2.3672102998950462            1.8102196410962119            2.0887149704956292     
   2.3672102998950462            1.8102196410962119            2.2627745513702648     
   2.3672102998950462            1.8102196410962119            2.4368341322449010     
   2.3672102998950462            1.8102196410962119            2.6108937131195367     
   2.3672102998950462            1.8102196410962119            2.7849532939941724     
   2.3672102998950462            1.8102196410962119            2.9590128748688080     
   2.3672102998950462            1.8102196410962119            3.1330724557434433     
   2.3672102998950462            1.9494673057959206            0.0000000000000000     
   2.3672102998950462            1.9494673057959206           0.17405958087463577     
   2.3672102998950462            1.9494673057959206           0.34811916174927154     
   2.3672102998950462            1.9494673057959206           0.52217874262390729     
   2.3672102998950462            1.9494673057959206           0.69623832349854309     
   2.3672102998950462            1.9494673057959206           0.87029790437317889     
   2.3672102998950462            1.9494673057959206            1.0443574852478146     
   2.3672102998950462            1.9494673057959206            1.2184170661224505     
   2.3672102998950462            1.9494673057959206            1.3924766469970862     
   2.3672102998950462            1.9494673057959206            1.5665362278717216     
   2.3672102998950462            1.9494673057959206            1.7405958087463578     
   2.3672102998950462            1.9494673057959206            1.9146553896209932     
   2.3672102998950462            1.9494673057959206            2.0887149704956292     
   2.3672102998950462            1.9494673057959206            2.2627745513702648     
   2.3672102998950462            1.9494673057959206            2.4368341322449010     
   2.3672102998950462            1.9494673057959206            2.6108937131195367     
   2.3672102998950462            1.9494673057959206            2.7849532939941724     
   2.3672102998950462            1.9494673057959206            2.9590128748688080     
   2.3672102998950462            1.9494673057959206            3.1330724557434433     
   2.3672102998950462            2.0887149704956292            0.0000000000000000     
   2.3672102998950462            2.0887149704956292           0.17405958087463577     
   2.3672102998950462            2.0887149704956292           0.34811916174927154     
   2.3672102998950462            2.0887149704956292           0.52217874262390729     
   2.3672102998950462            2.0887149704956292           0.69623832349854309     
   2.3672102998950462            2.0887149704956292           0.87029790437317889     
   2.3672102998950462            2.0887149704956292            1.0443574852478146     
   2.3672102998950462            2.0887149704956292            1.2184170661224505     
   2.3672102998950462            2.0887149704956292            1.3924766469970862     
   2.3672102998950462            2.0887149704956292            1.5665362278717216     
   2.3672102998950462            2.0887149704956292            1.7405958087463578     
   2.3672102998950462            2.0887149704956292            1.9146553896209932     
   2.3672102998950462            2.0887149704956292            2.0887149704956292     
   2.3672102998950462            2.0887149704956292            2.2627745513702648     
   2.3672102998950462            2.0887149704956292            2.4368341322449010     
   2.3672102998950462            2.0887149704956292            2.6108937131195367     
   2.3672102998950462            2.0887149704956292            2.7849532939941724     
   2.3672102998950462            2.0887149704956292            2.9590128748688080     
   2.3672102998950462            2.0887149704956292            3.1330724557434433     
   2.3672102998950462            2.2279626351953374            0.0000000000000000     
   2.3672102998950462            2.2279626351953374           0.17405958087463577     
   2.3672102998950462            2.2279626351953374           0.34811916174927154     
   2.3672102998950462            2.2279626351953374           0.52217874262390729     
   2.3672102998950462            2.2279626351953374           0.69623832349854309     
   2.3672102998950462            2.2279626351953374           0.87029790437317889     
   2.3672102998950462            2.2279626351953374            1.0443574852478146     
   2.3672102998950462            2.2279626351953374            1.2184170661224505     
   2.3672102998950462            2.2279626351953374            1.3924766469970862     
   2.3672102998950462            2.2279626351953374            1.5665362278717216     
   2.3672102998950462            2.2279626351953374            1.7405958087463578     
   2.3672102998950462            2.2279626351953374            1.9146553896209932     
   2.3672102998950462            2.2279626351953374            2.0887149704956292     
   2.3672102998950462            2.2279626351953374            2.2627745513702648     
   2.3672102998950462            2.2279626351953374            2.4368341322449010     
   2.3672102998950462            2.2279626351953374            2.6108937131195367     
   2.3672102998950462            2.2279626351953374            2.7849532939941724     
   2.3672102998950462            2.2279626351953374            2.9590128748688080     
   2.3672102998950462            2.2279626351953374            3.1330724557434433     
   2.3672102998950462            2.3672102998950462            0.0000000000000000     
   2.3672102998950462            2.3672102998950462           0.17405958087463577     
   2.3672102998950462            2.3672102998950462           0.34811916174927154     
   2.3672102998950462            2.3672102998950462           0.52217874262390729     
   2.3672102998950462            2.3672102998950462           0.69623832349854309     
   2.3672102998950462            2.3672102998950462           0.87029790437317889     
   2.3672102998950462            2.3672102998950462            1.0443574852478146     
   2.3672102998950462            2.3672102998950462            1.2184170661224505     
   2.3672102998950462            2.3672102998950462            1.3924766469970862     
   2.3672102998950462            2.3672102998950462            1.5665362278717216     
   2.3672102998950462            2.3672102998950462            1.7405958087463578     
   2.3672102998950462            2.3672102998950462            1.9146553896209932     
   2.3672102998950462            2.3672102998950462            2.0887149704956292     
   2.3672102998950462            2.3672102998950462            2.2627745513702648     
   2.3672102998950462            2.3672102998950462            2.4368341322449010     
   2.3672102998950462            2.3672102998950462            2.6108937131195367     
   2.3672102998950462            2.3672102998950462            2.7849532939941724     
   2.3672102998950462            2.3672102998950462            2.9590128748688080     
   2.3672102998950462            2.3672102998950462            3.1330724557434433     
   2.3672102998950462            2.5064579645947545            0.0000000000000000     
   2.3672102998950462            2.5064579645947545           0.17405958087463577     
   2.3672102998950462            2.5064579645947545           0.34811916174927154     
   2.3672102998950462            2.5064579645947545           0.52217874262390729     
   2.3672102998950462            2.5064579645947545           0.69623832349854309     
   2.3672102998950462            2.5064579645947545           0.87029790437317889     
   2.3672102998950462            2.5064579645947545            1.0443574852478146     
   2.3672102998950462            2.5064579645947545            1.2184170661224505     
   2.3672102998950462            2.5064579645947545            1.3924766469970862     
   2.3672102998950462            2.5064579645947545            1.5665362278717216     
   2.3672102998950462            2.5064579645947545            1.7405958087463578     
   2.3672102998950462            2.5064579645947545            1.9146553896209932     
   2.3672102998950462            2.5064579645947545            2.0887149704956292     
   2.3672102998950462            2.5064579645947545            2.2627745513702648     
   2.3672102998950462            2.5064579645947545            2.4368341322449010     
   2.3672102998950462            2.5064579645947545            2.6108937131195367     
   2.3672102998950462            2.5064579645947545            2.7849532939941724     
   2.3672102998950462            2.5064579645947545            2.9590128748688080     
   2.3672102998950462            2.5064579645947545            3.1330724557434433     
   2.5064579645947545            0.0000000000000000            0.0000000000000000     
   2.5064579645947545            0.0000000000000000           0.17405958087463577     
   2.5064579645947545            0.0000000000000000           0.34811916174927154     
   2.5064579645947545            0.0000000000000000           0.52217874262390729     
   2.5064579645947545            0.0000000000000000           0.69623832349854309     
   2.5064579645947545            0.0000000000000000           0.87029790437317889     
   2.5064579645947545            0.0000000000000000            1.0443574852478146     
   2.5064579645947545            0.0000000000000000            1.2184170661224505     
   2.5064579645947545            0.0000000000000000            1.3924766469970862     
   2.5064579645947545            0.0000000000000000            1.5665362278717216     
   2.5064579645947545            0.0000000000000000            1.7405958087463578     
   2.5064579645947545            0.0000000000000000            1.9146553896209932     
   2.5064579645947545            0.0000000000000000            2.0887149704956292     
   2.5064579645947545            0.0000000000000000            2.2627745513702648     
   2.5064579645947545            0.0000000000000000            2.4368341322449010     
   2.5064579645947545            0.0000000000000000            2.6108937131195367     
   2.5064579645947545            0.0000000000000000            2.7849532939941724     
   2.5064579645947545            0.0000000000000000            2.9590128748688080     
   2.5064579645947545            0.0000000000000000            3.1330724557434433     
   2.5064579645947545           0.13924766469970859            0.0000000000000000     
   2.5064579645947545           0.13924766469970859           0.17405958087463577     
   2.5064579645947545           0.13924766469970859           0.34811916174927154     
   2.5064579645947545           0.13924766469970859           0.52217874262390729     
   2.5064579645947545           0.13924766469970859           0.69623832349854309     
   2.5064579645947545           0.13924766469970859           0.87029790437317889     
   2.5064579645947545           0.13924766469970859            1.0443574852478146     
   2.5064579645947545           0.13924766469970859            1.2184170661224505     
   2.5064579645947545           0.13924766469970859            1.3924766469970862     
   2.5064579645947545           0.13924766469970859            1.5665362278717216     
   2.5064579645947545           0.13924766469970859            1.7405958087463578     
   2.5064579645947545           0.13924766469970859            1.9146553896209932     
   2.5064579645947545           0.13924766469970859            2.0887149704956292     
   2.5064579645947545           0.13924766469970859            2.2627745513702648     
   2.5064579645947545           0.13924766469970859            2.4368341322449010     
   2.5064579645947545           0.13924766469970859            2.6108937131195367     
   2.5064579645947545           0.13924766469970859            2.7849532939941724     
   2.5064579645947545           0.13924766469970859            2.9590128748688080     
   2.5064579645947545           0.13924766469970859            3.1330724557434433     
   2.5064579645947545           0.27849532939941718            0.0000000000000000     
   2.5064579645947545           0.27849532939941718           0.17405958087463577     
   2.5064579645947545           0.27849532939941718           0.34811916174927154     
   2.5064579645947545           0.27849532939941718           0.52217874262390729     
   2.5064579645947545           0.27849532939941718           0.69623832349854309     
   2.5064579645947545           0.27849532939941718           0.87029790437317889     
   2.5064579645947545           0.27849532939941718            1.0443574852478146     
   2.5064579645947545           0.27849532939941718            1.2184170661224505     
   2.5064579645947545           0.27849532939941718            1.3924766469970862     
   2.5064579645947545           0.27849532939941718            1.5665362278717216     
   2.5064579645947545           0.27849532939941718            1.7405958087463578     
   2.5064579645947545           0.27849532939941718            1.9146553896209932     
   2.5064579645947545           0.27849532939941718            2.0887149704956292     
   2.5064579645947545           0.27849532939941718            2.2627745513702648     
   2.5064579645947545           0.27849532939941718            2.4368341322449010     
   2.5064579645947545           0.27849532939941718            2.6108937131195367     
   2.5064579645947545           0.27849532939941718            2.7849532939941724     
   2.5064579645947545           0.27849532939941718            2.9590128748688080     
   2.5064579645947545           0.27849532939941718            3.1330724557434433     
   2.5064579645947545           0.41774299409912580            0.0000000000000000     
   2.5064579645947545           0.41774299409912580           0.17405958087463577     
   2.5064579645947545           0.41774299409912580           0.34811916174927154     
   2.5064579645947545           0.41774299409912580           0.52217874262390729     
   2.5064579645947545           0.41774299409912580           0.69623832349854309     
   2.5064579645947545           0.41774299409912580           0.87029790437317889     
   2.5064579645947545           0.41774299409912580            1.0443574852478146     
   2.5064579645947545           0.41774299409912580            1.2184170661224505     
   2.5064579645947545           0.41774299409912580            1.3924766469970862     
   2.5064579645947545           0.41774299409912580            1.5665362278717216     
   2.5064579645947545           0.41774299409912580            1.7405958087463578     
   2.5064579645947545           0.41774299409912580            1.9146553896209932     
   2.5064579645947545           0.41774299409912580            2.0887149704956292     
   2.5064579645947545           0.41774299409912580            2.2627745513702648     
   2.5064579645947545           0.41774299409912580            2.4368341322449010     
   2.5064579645947545           0.41774299409912580            2.6108937131195367     
   2.5064579645947545           0.41774299409912580            2.7849532939941724     
   2.5064579645947545           0.41774299409912580            2.9590128748688080     
   2.5064579645947545           0.41774299409912580            3.1330724557434433     
   2.5064579645947545           0.55699065879883436            0.0000000000000000     
   2.5064579645947545           0.55699065879883436           0.17405958087463577     
   2.5064579645947545           0.55699065879883436           0.34811916174927154     
   2.5064579645947545           0.55699065879883436           0.52217874262390729     
   2.5064579645947545           0.55699065879883436           0.69623832349854309     
   2.5064579645947545           0.55699065879883436           0.87029790437317889     
   2.5064579645947545           0.55699065879883436            1.0443574852478146     
   2.5064579645947545           0.55699065879883436            1.2184170661224505     
   2.5064579645947545           0.55699065879883436            1.3924766469970862     
   2.5064579645947545           0.55699065879883436            1.5665362278717216     
   2.5064579645947545           0.55699065879883436            1.7405958087463578     
   2.5064579645947545           0.55699065879883436            1.9146553896209932     
   2.5064579645947545           0.55699065879883436            2.0887149704956292     
   2.5064579645947545           0.55699065879883436            2.2627745513702648     
   2.5064579645947545           0.55699065879883436            2.4368341322449010     
   2.5064579645947545           0.55699065879883436            2.6108937131195367     
   2.5064579645947545           0.55699065879883436            2.7849532939941724     
   2.5064579645947545           0.55699065879883436            2.9590128748688080     
   2.5064579645947545           0.55699065879883436            3.1330724557434433     
   2.5064579645947545           0.69623832349854298            0.0000000000000000     
   2.5064579645947545           0.69623832349854298           0.17405958087463577     
   2.5064579645947545           0.69623832349854298           0.34811916174927154     
   2.5064579645947545           0.69623832349854298           0.52217874262390729     
   2.5064579645947545           0.69623832349854298           0.69623832349854309     
   2.5064579645947545           0.69623832349854298           0.87029790437317889     
   2.5064579645947545           0.69623832349854298            1.0443574852478146     
   2.5064579645947545           0.69623832349854298            1.2184170661224505     
   2.5064579645947545           0.69623832349854298            1.3924766469970862     
   2.5064579645947545           0.69623832349854298            1.5665362278717216     
   2.5064579645947545           0.69623832349854298            1.7405958087463578     
   2.5064579645947545           0.69623832349854298            1.9146553896209932     
   2.5064579645947545           0.69623832349854298            2.0887149704956292     
   2.5064579645947545           0.69623832349854298            2.2627745513702648     
   2.5064579645947545           0.69623832349854298            2.4368341322449010     
   2.5064579645947545           0.69623832349854298            2.6108937131195367     
   2.5064579645947545           0.69623832349854298            2.7849532939941724     
   2.5064579645947545           0.69623832349854298            2.9590128748688080     
   2.5064579645947545           0.69623832349854298            3.1330724557434433     
   2.5064579645947545           0.83548598819825159            0.0000000000000000     
   2.5064579645947545           0.83548598819825159           0.17405958087463577     
   2.5064579645947545           0.83548598819825159           0.34811916174927154     
   2.5064579645947545           0.83548598819825159           0.52217874262390729     
   2.5064579645947545           0.83548598819825159           0.69623832349854309     
   2.5064579645947545           0.83548598819825159           0.87029790437317889     
   2.5064579645947545           0.83548598819825159            1.0443574852478146     
   2.5064579645947545           0.83548598819825159            1.2184170661224505     
   2.5064579645947545           0.83548598819825159            1.3924766469970862     
   2.5064579645947545           0.83548598819825159            1.5665362278717216     
   2.5064579645947545           0.83548598819825159            1.7405958087463578     
   2.5064579645947545           0.83548598819825159            1.9146553896209932     
   2.5064579645947545           0.83548598819825159            2.0887149704956292     
   2.5064579645947545           0.83548598819825159            2.2627745513702648     
   2.5064579645947545           0.83548598819825159            2.4368341322449010     
   2.5064579645947545           0.83548598819825159            2.6108937131195367     
   2.5064579645947545           0.83548598819825159            2.7849532939941724     
   2.5064579645947545           0.83548598819825159            2.9590128748688080     
   2.5064579645947545           0.83548598819825159            3.1330724557434433     
   2.5064579645947545           0.97473365289796032            0.0000000000000000     
   2.5064579645947545           0.97473365289796032           0.17405958087463577     
   2.5064579645947545           0.97473365289796032           0.34811916174927154     
   2.5064579645947545           0.97473365289796032           0.52217874262390729     
   2.5064579645947545           0.97473365289796032           0.69623832349854309     
   2.5064579645947545           0.97473365289796032           0.87029790437317889     
   2.5064579645947545           0.97473365289796032            1.0443574852478146     
   2.5064579645947545           0.97473365289796032            1.2184170661224505     
   2.5064579645947545           0.97473365289796032            1.3924766469970862     
   2.5064579645947545           0.97473365289796032            1.5665362278717216     
   2.5064579645947545           0.97473365289796032            1.7405958087463578     
   2.5064579645947545           0.97473365289796032            1.9146553896209932     
   2.5064579645947545           0.97473365289796032            2.0887149704956292     
   2.5064579645947545           0.97473365289796032            2.2627745513702648     
   2.5064579645947545           0.97473365289796032            2.4368341322449010     
   2.5064579645947545           0.97473365289796032            2.6108937131195367     
   2.5064579645947545           0.97473365289796032            2.7849532939941724     
   2.5064579645947545           0.97473365289796032            2.9590128748688080     
   2.5064579645947545           0.97473365289796032            3.1330724557434433     
   2.5064579645947545            1.1139813175976687            0.0000000000000000     
   2.5064579645947545            1.1139813175976687           0.17405958087463577     
   2.5064579645947545            1.1139813175976687           0.34811916174927154     
   2.5064579645947545            1.1139813175976687           0.52217874262390729     
   2.5064579645947545            1.1139813175976687           0.69623832349854309     
   2.5064579645947545            1.1139813175976687           0.87029790437317889     
   2.5064579645947545            1.1139813175976687            1.0443574852478146     
   2.5064579645947545            1.1139813175976687            1.2184170661224505     
   2.5064579645947545            1.1139813175976687            1.3924766469970862     
   2.5064579645947545            1.1139813175976687            1.5665362278717216     
   2.5064579645947545            1.1139813175976687            1.7405958087463578     
   2.5064579645947545            1.1139813175976687            1.9146553896209932     
   2.5064579645947545            1.1139813175976687            2.0887149704956292     
   2.5064579645947545            1.1139813175976687            2.2627745513702648     
   2.5064579645947545            1.1139813175976687            2.4368341322449010     
   2.5064579645947545            1.1139813175976687            2.6108937131195367     
   2.5064579645947545            1.1139813175976687            2.7849532939941724     
   2.5064579645947545            1.1139813175976687            2.9590128748688080     
   2.5064579645947545            1.1139813175976687            3.1330724557434433     
   2.5064579645947545            1.2532289822973772            0.0000000000000000     
   2.5064579645947545            1.2532289822973772           0.17405958087463577     
   2.5064579645947545            1.2532289822973772           0.34811916174927154     
   2.5064579645947545            1.2532289822973772           0.52217874262390729     
   2.5064579645947545            1.2532289822973772           0.69623832349854309     
   2.5064579645947545            1.2532289822973772           0.87029790437317889     
   2.5064579645947545            1.2532289822973772            1.0443574852478146     
   2.5064579645947545            1.2532289822973772            1.2184170661224505     
   2.5064579645947545            1.2532289822973772            1.3924766469970862     
   2.5064579645947545            1.2532289822973772            1.5665362278717216     
   2.5064579645947545            1.2532289822973772            1.7405958087463578     
   2.5064579645947545            1.2532289822973772            1.9146553896209932     
   2.5064579645947545            1.2532289822973772            2.0887149704956292     
   2.5064579645947545            1.2532289822973772            2.2627745513702648     
   2.5064579645947545            1.2532289822973772            2.4368341322449010     
   2.5064579645947545            1.2532289822973772            2.6108937131195367     
   2.5064579645947545            1.2532289822973772            2.7849532939941724     
   2.5064579645947545            1.2532289822973772            2.9590128748688080     
   2.5064579645947545            1.2532289822973772            3.1330724557434433     
   2.5064579645947545            1.3924766469970860            0.0000000000000000     
   2.5064579645947545            1.3924766469970860           0.17405958087463577     
   2.5064579645947545            1.3924766469970860           0.34811916174927154     
   2.5064579645947545            1.3924766469970860           0.52217874262390729     
   2.5064579645947545            1.3924766469970860           0.69623832349854309     
   2.5064579645947545            1.3924766469970860           0.87029790437317889     
   2.5064579645947545            1.3924766469970860            1.0443574852478146     
   2.5064579645947545            1.3924766469970860            1.2184170661224505     
   2.5064579645947545            1.3924766469970860            1.3924766469970862     
   2.5064579645947545            1.3924766469970860            1.5665362278717216     
   2.5064579645947545            1.3924766469970860            1.7405958087463578     
   2.5064579645947545            1.3924766469970860            1.9146553896209932     
   2.5064579645947545            1.3924766469970860            2.0887149704956292     
   2.5064579645947545            1.3924766469970860            2.2627745513702648     
   2.5064579645947545            1.3924766469970860            2.4368341322449010     
   2.5064579645947545            1.3924766469970860            2.6108937131195367     
   2.5064579645947545            1.3924766469970860            2.7849532939941724     
   2.5064579645947545            1.3924766469970860            2.9590128748688080     
   2.5064579645947545            1.3924766469970860            3.1330724557434433     
   2.5064579645947545            1.5317243116967947            0.0000000000000000     
   2.5064579645947545            1.5317243116967947           0.17405958087463577     
   2.5064579645947545            1.5317243116967947           0.34811916174927154     
   2.5064579645947545            1.5317243116967947           0.52217874262390729     
   2.5064579645947545            1.5317243116967947           0.69623832349854309     
   2.5064579645947545            1.5317243116967947           0.87029790437317889     
   2.5064579645947545            1.5317243116967947            1.0443574852478146     
   2.5064579645947545            1.5317243116967947            1.2184170661224505     
   2.5064579645947545            1.5317243116967947            1.3924766469970862     
   2.5064579645947545            1.5317243116967947            1.5665362278717216     
   2.5064579645947545            1.5317243116967947            1.7405958087463578     
   2.5064579645947545            1.5317243116967947            1.9146553896209932     
   2.5064579645947545            1.5317243116967947            2.0887149704956292     
   2.5064579645947545            1.5317243116967947            2.2627745513702648     
   2.5064579645947545            1.5317243116967947            2.4368341322449010     
   2.5064579645947545            1.5317243116967947            2.6108937131195367     
   2.5064579645947545            1.5317243116967947            2.7849532939941724     
   2.5064579645947545            1.5317243116967947            2.9590128748688080     
   2.5064579645947545            1.5317243116967947            3.1330724557434433     
   2.5064579645947545            1.6709719763965032            0.0000000000000000     
   2.5064579645947545            1.6709719763965032           0.17405958087463577     
   2.5064579645947545            1.6709719763965032           0.34811916174927154     
   2.5064579645947545            1.6709719763965032           0.52217874262390729     
   2.5064579645947545            1.6709719763965032           0.69623832349854309     
   2.5064579645947545            1.6709719763965032           0.87029790437317889     
   2.5064579645947545            1.6709719763965032            1.0443574852478146     
   2.5064579645947545            1.6709719763965032            1.2184170661224505     
   2.5064579645947545            1.6709719763965032            1.3924766469970862     
   2.5064579645947545            1.6709719763965032            1.5665362278717216     
   2.5064579645947545            1.6709719763965032            1.7405958087463578     
   2.5064579645947545            1.6709719763965032            1.9146553896209932     
   2.5064579645947545            1.6709719763965032            2.0887149704956292     
   2.5064579645947545            1.6709719763965032            2.2627745513702648     
   2.5064579645947545            1.6709719763965032            2.4368341322449010     
   2.5064579645947545            1.6709719763965032            2.6108937131195367     
   2.5064579645947545            1.6709719763965032            2.7849532939941724     
   2.5064579645947545            1.6709719763965032            2.9590128748688080     
   2.5064579645947545            1.6709719763965032            3.1330724557434433     
   2.5064579645947545            1.8102196410962119            0.0000000000000000     
   2.5064579645947545            1.8102196410962119           0.17405958087463577     
   2.5064579645947545            1.8102196410962119           0.34811916174927154     
   2.5064579645947545            1.8102196410962119           0.52217874262390729     
   2.5064579645947545            1.8102196410962119           0.69623832349854309     
   2.5064579645947545            1.8102196410962119           0.87029790437317889     
   2.5064579645947545            1.8102196410962119            1.0443574852478146     
   2.5064579645947545            1.8102196410962119            1.2184170661224505     
   2.5064579645947545            1.8102196410962119            1.3924766469970862     
   2.5064579645947545            1.8102196410962119            1.5665362278717216     
   2.5064579645947545            1.8102196410962119            1.7405958087463578     
   2.5064579645947545            1.8102196410962119            1.9146553896209932     
   2.5064579645947545            1.8102196410962119            2.0887149704956292     
   2.5064579645947545            1.8102196410962119            2.2627745513702648     
   2.5064579645947545            1.8102196410962119            2.4368341322449010     
   2.5064579645947545            1.8102196410962119            2.6108937131195367     
   2.5064579645947545            1.8102196410962119            2.7849532939941724     
   2.5064579645947545            1.8102196410962119            2.9590128748688080     
   2.5064579645947545            1.8102196410962119            3.1330724557434433     
   2.5064579645947545            1.9494673057959206            0.0000000000000000     
   2.5064579645947545            1.9494673057959206           0.17405958087463577     
   2.5064579645947545            1.9494673057959206           0.34811916174927154     
   2.5064579645947545            1.9494673057959206           0.52217874262390729     
   2.5064579645947545            1.9494673057959206           0.69623832349854309     
   2.5064579645947545            1.9494673057959206           0.87029790437317889     
   2.5064579645947545            1.9494673057959206            1.0443574852478146     
   2.5064579645947545            1.9494673057959206            1.2184170661224505     
   2.5064579645947545            1.9494673057959206            1.3924766469970862     
   2.5064579645947545            1.9494673057959206            1.5665362278717216     
   2.5064579645947545            1.9494673057959206            1.7405958087463578     
   2.5064579645947545            1.9494673057959206            1.9146553896209932     
   2.5064579645947545            1.9494673057959206            2.0887149704956292     
   2.5064579645947545            1.9494673057959206            2.2627745513702648     
   2.5064579645947545            1.9494673057959206            2.4368341322449010     
   2.5064579645947545            1.9494673057959206            2.6108937131195367     
   2.5064579645947545            1.9494673057959206            2.7849532939941724     
   2.5064579645947545            1.9494673057959206            2.9590128748688080     
   2.5064579645947545            1.9494673057959206            3.1330724557434433     
   2.5064579645947545            2.0887149704956292            0.0000000000000000     
   2.5064579645947545            2.0887149704956292           0.17405958087463577     
   2.5064579645947545            2.0887149704956292           0.34811916174927154     
   2.5064579645947545            2.0887149704956292           0.52217874262390729     
   2.5064579645947545            2.0887149704956292           0.69623832349854309     
   2.5064579645947545            2.0887149704956292           0.87029790437317889     
   2.5064579645947545            2.0887149704956292            1.0443574852478146     
   2.5064579645947545            2.0887149704956292            1.2184170661224505     
   2.5064579645947545            2.0887149704956292            1.3924766469970862     
   2.5064579645947545            2.0887149704956292            1.5665362278717216     
   2.5064579645947545            2.0887149704956292            1.7405958087463578     
   2.5064579645947545            2.0887149704956292            1.9146553896209932     
   2.5064579645947545            2.0887149704956292            2.0887149704956292     
   2.5064579645947545            2.0887149704956292            2.2627745513702648     
   2.5064579645947545            2.0887149704956292            2.4368341322449010     
   2.5064579645947545            2.0887149704956292            2.6108937131195367     
   2.5064579645947545            2.0887149704956292            2.7849532939941724     
   2.5064579645947545            2.0887149704956292            2.9590128748688080     
   2.5064579645947545            2.0887149704956292            3.1330724557434433     
   2.5064579645947545            2.2279626351953374            0.0000000000000000     
   2.5064579645947545            2.2279626351953374           0.17405958087463577     
   2.5064579645947545            2.2279626351953374           0.34811916174927154     
   2.5064579645947545            2.2279626351953374           0.52217874262390729     
   2.5064579645947545            2.2279626351953374           0.69623832349854309     
   2.5064579645947545            2.2279626351953374           0.87029790437317889     
   2.5064579645947545            2.2279626351953374            1.0443574852478146     
   2.5064579645947545            2.2279626351953374            1.2184170661224505     
   2.5064579645947545            2.2279626351953374            1.3924766469970862     
   2.5064579645947545            2.2279626351953374            1.5665362278717216     
   2.5064579645947545            2.2279626351953374            1.7405958087463578     
   2.5064579645947545            2.2279626351953374            1.9146553896209932     
   2.5064579645947545            2.2279626351953374            2.0887149704956292     
   2.5064579645947545            2.2279626351953374            2.2627745513702648     
   2.5064579645947545            2.2279626351953374            2.4368341322449010     
   2.5064579645947545            2.2279626351953374            2.6108937131195367     
   2.5064579645947545            2.2279626351953374            2.7849532939941724     
   2.5064579645947545            2.2279626351953374            2.9590128748688080     
   2.5064579645947545            2.2279626351953374            3.1330724557434433     
   2.5064579645947545            2.3672102998950462            0.0000000000000000     
   2.5064579645947545            2.3672102998950462           0.17405958087463577     
   2.5064579645947545            2.3672102998950462           0.34811916174927154     
   2.5064579645947545            2.3672102998950462           0.52217874262390729     
   2.5064579645947545            2.3672102998950462           0.69623832349854309     
   2.5064579645947545            2.3672102998950462           0.87029790437317889     
   2.5064579645947545            2.3672102998950462            1.0443574852478146     
   2.5064579645947545            2.3672102998950462            1.2184170661224505     
   2.5064579645947545            2.3672102998950462            1.3924766469970862     
   2.5064579645947545            2.3672102998950462            1.5665362278717216     
   2.5064579645947545            2.3672102998950462            1.7405958087463578     
   2.5064579645947545            2.3672102998950462            1.9146553896209932     
   2.5064579645947545            2.3672102998950462            2.0887149704956292     
   2.5064579645947545            2.3672102998950462            2.2627745513702648     
   2.5064579645947545            2.3672102998950462            2.4368341322449010     
   2.5064579645947545            2.3672102998950462            2.6108937131195367     
   2.5064579645947545            2.3672102998950462            2.7849532939941724     
   2.5064579645947545            2.3672102998950462            2.9590128748688080     
   2.5064579645947545            2.3672102998950462            3.1330724557434433     
   2.5064579645947545            2.5064579645947545            0.0000000000000000     
   2.5064579645947545            2.5064579645947545           0.17405958087463577     
   2.5064579645947545            2.5064579645947545           0.34811916174927154     
   2.5064579645947545            2.5064579645947545           0.52217874262390729     
   2.5064579645947545            2.5064579645947545           0.69623832349854309     
   2.5064579645947545            2.5064579645947545           0.87029790437317889     
   2.5064579645947545            2.5064579645947545            1.0443574852478146     
   2.5064579645947545            2.5064579645947545            1.2184170661224505     
   2.5064579645947545            2.5064579645947545            1.3924766469970862     
   2.5064579645947545            2.5064579645947545            1.5665362278717216     
   2.5064579645947545            2.5064579645947545            1.7405958087463578     
   2.5064579645947545            2.5064579645947545            1.9146553896209932     
   2.5064579645947545            2.5064579645947545            2.0887149704956292     
   2.5064579645947545            2.5064579645947545            2.2627745513702648     
   2.5064579645947545            2.5064579645947545            2.4368341322449010     
   2.5064579645947545            2.5064579645947545            2.6108937131195367     
   2.5064579645947545            2.5064579645947545            2.7849532939941724     
   2.5064579645947545            2.5064579645947545            2.9590128748688080     
   2.5064579645947545            2.5064579645947545            3.1330724557434433     
CELL_DATA     5832
SCALARS avgrf float 1
LOOKUP_TABLE default
   0.00000000    
   0.00000000    
   7.85968304E-02
   0.00000000    
   0.00000000    
   0.00000000    
   0.00000000    
   0.00000000    
   0.00000000    
   0.00000000    
   0.00000000    
   0.00000000    
   0.00000000    
   0.00000000    
   0.00000000    
   7.85968304E-02
   0.00000000    
   0.00000000    
   0.00000000    
   8.66167538E-04
  0.115574874    
   0.00000000    
   0.00000000    
   0.00000000    
   0.00000000    
   0.00000000    
   0.00000000    
   0.00000000    
   0.00000000    
   0.00000000    
   0.00000000    
   0.00000000    
   0.00000000    
  0.115574874    
   8.66167538E-04
   0.00000000    
   0.00000000    
   8.16762224E-02
   5.30915707E-02
   0.00000000    
   0.00000000    
   0.00000000    
   0.00000000    
   0.00000000    
   0.00000000    
   0.00000000    
   0.00000000    
   0.00000000    
   0.00000000    
   0.00000000    
   0.00000000    
   5.30915707E-02
   8.16762224E-02
   0.00000000    
  0.102634668    
   7.71069080E-02
   0.00000000    
   0.00000000    
   0.00000000    
   0.00000000    
   0.00000000    
   0.00000000    
   0.00000000    
   0.00000000    
   0.00000000    
   0.00000000    
   0.00000000    
   0.00000000    
   0.00000000    
   0.00000000    
   7.71069080E-02
  0.102634668    
   0.00000000    
   0.00000000    
   0.00000000    
   0.00000000    
   0.00000000    
   0.00000000    
   0.00000000    
   0.00000000    
   0.00000000    
   0.00000000    
   0.00000000    
   0.00000000    
   0.00000000    
   0.00000000    
   0.00000000    
   0.00000000    
   0.00000000    
   0.00000000    
   0.00000000    
   0.00000000    
   0.00000000    
   0.00000000    
   0.00000000    
   0.00000000    
   0.00000000    
   0.00000000    
   0.00000000    
   0.00000000    
   0.00000000    
   0.00000000    
   0.00000000    
   0.00000000    
   0.00000000    
   0.00000000    
   0.00000000    
   0.00000000    
   0.00000000    
   0.00000000    
   0.00000000    
   0.00000000    
   0.00000000    
   0.00000000    
   0.00000000    
   0.00000000    
   0.00000000    
   0.00000000    
   0.00000000    
   0.00000000    
   0.00000000    
   0.00000000    
   0.00000000    
   0.00000000    
   0.00000000    
   0.00000000    
   0.00000000    
   0.00000000    
   0.00000000    
   0.00000000    
   0.00000000    
   0.00000000    
   0.00000000    
   0.00000000    
   0.00000000    
   0.00000000    
   0.00000000    
   0.00000000    
   0.00000000    
   0.00000000    
   0.00000000    
   0.00000000    
   0.00000000    
   0.00000000    
   0.00000000    
   0.00000000    
   0.00000000    
   0.00000000    
   0.00000000    
   0.00000000    
   0.00000000    
   0.00000000    
   0.00000000    
   0.00000000    
   0.00000000    
   0.00000000    
   0.00000000    
   0.00000000    
   0.00000000    
   0.00000000    
   0.00000000    
   0.00000000    
   0.00000000    
   0.00000000    
   0.00000000    
   0.00000000    
   0.00000000    
   0.00000000    
   0.00000000    
   0.00000000    
   0.00000000    
   0.00000000    
   0.00000000    
   0.00000000    
   0.00000000    
   0.00000000    
   0.00000000    
   0.00000000    
   0.00000000    
   0.00000000    
   0.00000000    
   0.00000000    
   0.00000000    
   0.00000000    
   0.00000000    
   0.00000000    
   0.00000000    
   0.00000000    
   0.00000000    
   0.00000000    
   0.00000000    
   0.00000000    
   0.00000000    
   0.00000000    
   0.00000000    
   0.00000000    
   0.00000000    
   0.00000000    
   0.00000000    
   0.00000000    
   0.00000000    
   0.00000000    
   0.00000000    
   0.00000000    
   0.00000000    
   0.00000000    
   0.00000000    
   0.00000000    
   0.00000000    
   0.00000000    
   0.00000000    
   0.00000000    
   0.00000000    
   0.00000000    
   0.00000000    
   0.00000000    
   0.00000000    
   0.00000000    
   0.00000000    
   0.00000000    
   0.00000000    
   0.00000000    
   0.00000000    
   0.00000000    
   0.00000000    
   0.00000000    
   0.00000000    
   0.00000000    
   0.00000000    
   0.00000000    
   0.00000000    
   0.00000000    
   0.00000000    
   0.00000000    
   0.00000000    
   0.00000000    
   0.00000000    
   0.00000000    
   0.00000000    
   0.00000000    
   0.00000000    
   0.00000000    
   0.00000000    
   0.00000000    
   0.00000000    
   0.00000000    
   0.00000000    
   0.00000000    
   0.00000000    
   0.00000000    
   0.00000000    
   0.00000000    
  0.102634668    
   7.71069080E-02
   0.00000000    
   0.00000000    
   0.00000000    
   0.00000000    
   0.00000000    
   0.00000000    
   0.00000000    
   0.00000000    
   0.00000000    
   0.00000000    
   0.00000000    
   0.00000000    
   0.00000000    
   0.00000000    
   7.71069080E-02
  0.102634668    
   0.00000000    
   8.16762224E-02
   5.30915707E-02
   0.00000000    
   0.00000000    
   0.00000000    
   0.00000000    
   0.00000000    
   0.00000000    
   0.00000000    
   0.00000000    
   0.00000000    
   0.00000000    
   0.00000000    
   0.00000000    
   5.30915707E-02
   8.16762224E-02
   0.00000000    
   0.00000000    
   8.66167538E-04
  0.115574874    
   0.00000000    
   0.00000000    
   0.00000000    
   0.00000000    
   0.00000000    
   0.00000000    
   0.00000000    
   0.00000000    
   0.00000000    
   0.00000000    
   0.00000000    
   0.00000000    
  0.115574874    
   8.66167538E-04
   0.00000000    
   0.00000000    
   0.00000000    
   7.85968304E-02
   0.00000000    
   0.00000000    
   0.00000000    
   0.00000000    
   0.00000000    
   0.00000000    
   0.00000000    
   0.00000000    
   0.00000000    
   0.00000000    
   0.00000000    
   0.00000000    
   7.85968304E-02
   0.00000000    
   0.00000000    
   0.00000000    
   8.66167538E-04
  0.115574874    
   0.00000000    
   0.00000000    
   0.00000000    
   0.00000000    
   0.00000000    
   0.00000000    
   0.00000000    
   0.00000000    
   0.00000000    
   0.00000000    
   0.00000000    
   0.00000000    
  0.115574874    
   8.66167538E-04
   0.00000000    
   0.00000000    
   8.16447288E-02
   5.28480336E-02
   0.00000000    
   0.00000000    
   0.00000000    
   0.00000000    
   0.00000000    
   0.00000000    
   0.00000000    
   0.00000000    
   0.00000000    
   0.00000000    
   0.00000000    
   0.00000000    
   5.28480336E-02
   8.16447288E-02
   0.00000000    
   5.02000339E-02
   8.42927247E-02
   0.00000000    
   0.00000000    
   0.00000000    
   0.00000000    
   0.00000000    
   0.00000000    
   0.00000000    
   0.00000000    
   0.00000000    
   0.00000000    
   0.00000000    
   0.00000000    
   0.00000000    
   0.00000000    
   8.42927247E-02
   5.02000339E-02
   9.97391939E-02
   1.24356919E-03
   0.00000000    
   0.00000000    
   0.00000000    
   0.00000000    
   0.00000000    
   0.00000000    
   0.00000000    
   0.00000000    
   0.00000000    
   0.00000000    
   0.00000000    
   0.00000000    
   0.00000000    
   0.00000000    
   1.24356919E-03
   9.97391939E-02
   0.00000000    
   0.00000000    
   0.00000000    
   0.00000000    
   0.00000000    
   0.00000000    
   0.00000000    
   0.00000000    
   0.00000000    
   0.00000000    
   0.00000000    
   0.00000000    
   0.00000000    
   0.00000000    
   0.00000000    
   0.00000000    
   0.00000000    
   0.00000000    
   0.00000000    
   0.00000000    
   0.00000000    
   0.00000000    
   0.00000000    
   0.00000000    
   0.00000000    
   0.00000000    
   0.00000000    
   0.00000000    
   0.00000000    
   0.00000000    
   0.00000000    
   0.00000000    
   0.00000000    
   0.00000000    
   0.00000000    
   0.00000000    
   0.00000000    
   0.00000000    
   0.00000000    
   0.00000000    
   0.00000000    
   0.00000000    
   0.00000000    
   0.00000000    
   0.00000000    
   0.00000000    
   0.00000000    
   0.00000000    
   0.00000000    
   0.00000000    
   0.00000000    
   0.00000000    
   0.00000000    
   0.00000000    
   0.00000000    
   0.00000000    
   0.00000000    
   0.00000000    
   0.00000000    
   0.00000000    
   0.00000000    
   0.00000000    
   0.00000000    
   0.00000000    
   0.00000000    
   0.00000000    
   0.00000000    
   0.00000000    
   0.00000000    
   0.00000000    
   0.00000000    
   0.00000000    
   0.00000000    
   0.00000000    
   0.00000000    
   0.00000000    
   0.00000000    
   0.00000000    
   0.00000000    
   0.00000000    
   0.00000000    
   0.00000000    
   0.00000000    
   0.00000000    
   0.00000000    
   0.00000000    
   0.00000000    
   0.00000000    
   0.00000000    
   0.00000000    
   0.00000000    
   0.00000000    
   0.00000000    
   0.00000000    
   0.00000000    
   0.00000000    
   0.00000000    
   0.00000000    
   0.00000000    
   0.00000000    
   0.00000000    
   0.00000000    
   0.00000000    
   0.00000000    
   0.00000000    
   0.00000000    
   0.00000000    
   0.00000000    
   0.00000000    
   0.00000000    
   0.00000000    
   0.00000000    
   0.00000000    
   0.00000000    
   0.00000000    
   0.00000000    
   0.00000000    
   0.00000000    
   0.00000000    
   0.00000000    
   0.00000000    
   0.00000000    
   0.00000000    
   0.00000000    
   0.00000000    
   0.00000000    
   0.00000000    
   0.00000000    
   0.00000000    
   0.00000000    
   0.00000000    
   0.00000000    
   0.00000000    
   0.00000000    
   0.00000000    
   0.00000000    
   0.00000000    
   0.00000000    
   0.00000000    
   0.00000000    
   0.00000000    
   0.00000000    
   0.00000000    
   0.00000000    
   0.00000000    
   0.00000000    
   0.00000000    
   0.00000000    
   0.00000000    
   0.00000000    
   0.00000000    
   0.00000000    
   0.00000000    
   0.00000000    
   0.00000000    
   0.00000000    
   0.00000000    
   0.00000000    
   0.00000000    
   0.00000000    
   0.00000000    
   0.00000000    
   0.00000000    
   0.00000000    
   0.00000000    
   0.00000000    
   0.00000000    
   0.00000000    
   0.00000000    
   0.00000000    
   0.00000000    
   0.00000000    
   0.00000000    
   0.00000000    
   0.00000000    
   0.00000000    
   0.00000000    
   0.00000000    
   0.00000000    
   0.00000000    
   9.97391939E-02
   1.24356919E-03
   0.00000000    
   0.00000000    
   0.00000000    
   0.00000000    
   0.00000000    
   0.00000000    
   0.00000000    
   0.00000000    
   0.00000000    
   0.00000000    
   0.00000000    
   0.00000000    
   0.00000000    
   0.00000000    
   1.24356919E-03
   9.97391939E-02
   5.02000339E-02
   8.42927247E-02
   0.00000000    
   0.00000000    
   0.00000000    
   0.00000000    
   0.00000000    
   0.00000000    
   0.00000000    
   0.00000000    
   0.00000000    
   0.00000000    
   0.00000000    
   0.00000000    
   0.00000000    
   0.00000000    
   8.42927247E-02
   5.02000339E-02
   0.00000000    
   8.16447288E-02
   5.28480336E-02
   0.00000000    
   0.00000000    
   0.00000000    
   0.00000000    
   0.00000000    
   0.00000000    
   0.00000000    
   0.00000000    
   0.00000000    
   0.00000000    
   0.00000000    
   0.00000000    
   5.28480336E-02
   8.16447288E-02
   0.00000000    
   0.00000000    
   8.66167538E-04
  0.115462385    
   0.00000000    
   0.00000000    
   0.00000000    
   0.00000000    
   0.00000000    
   0.00000000    
   0.00000000    
   0.00000000    
   0.00000000    
   0.00000000    
   0.00000000    
   0.00000000    
  0.115462385    
   8.66167538E-04
   0.00000000    
   0.00000000    
   8.16762224E-02
   5.30915707E-02
   0.00000000    
   0.00000000    
   0.00000000    
   0.00000000    
   0.00000000    
   0.00000000    
   0.00000000    
   0.00000000    
   0.00000000    
   0.00000000    
   0.00000000    
   0.00000000    
   5.30915707E-02
   8.16762224E-02
   0.00000000    
   5.02000339E-02
   8.42927247E-02
   0.00000000    
   0.00000000    
   0.00000000    
   0.00000000    
   0.00000000    
   0.00000000    
   0.00000000    
   0.00000000    
   0.00000000    
   0.00000000    
   0.00000000    
   0.00000000    
   0.00000000    
   0.00000000    
   8.42927247E-02
   5.02000339E-02
  0.107854731    
   1.24356919E-03
   0.00000000    
   0.00000000    
   0.00000000    
   0.00000000    
   0.00000000    
   0.00000000    
   0.00000000    
   0.00000000    
   0.00000000    
   0.00000000    
   0.00000000    
   0.00000000    
   0.00000000    
   0.00000000    
   1.24356919E-03
  0.107854731    
   9.99242347E-03
   0.00000000    
   0.00000000    
   0.00000000    
   0.00000000    
   0.00000000    
   0.00000000    
   0.00000000    
   0.00000000    
   0.00000000    
   0.00000000    
   0.00000000    
   0.00000000    
   0.00000000    
   0.00000000    
   0.00000000    
   0.00000000    
   9.99242347E-03
   0.00000000    
   0.00000000    
   0.00000000    
   0.00000000    
   0.00000000    
   0.00000000    
   0.00000000    
   0.00000000    
   0.00000000    
   0.00000000    
   0.00000000    
   0.00000000    
   0.00000000    
   0.00000000    
   0.00000000    
   0.00000000    
   0.00000000    
   0.00000000    
   0.00000000    
   0.00000000    
   0.00000000    
   0.00000000    
   0.00000000    
   0.00000000    
   0.00000000    
   0.00000000    
   0.00000000    
   0.00000000    
   0.00000000    
   0.00000000    
   0.00000000    
   0.00000000    
   0.00000000    
   0.00000000    
   0.00000000    
   0.00000000    
   0.00000000    
   0.00000000    
   0.00000000    
   0.00000000    
   0.00000000    
   0.00000000    
   0.00000000    
   0.00000000    
   0.00000000    
   0.00000000    
   0.00000000    
   0.00000000    
   0.00000000    
   0.00000000    
   0.00000000    
   0.00000000    
   0.00000000    
   0.00000000    
   0.00000000    
   0.00000000    
   0.00000000    
   0.00000000    
   0.00000000    
   0.00000000    
   0.00000000    
   0.00000000    
   0.00000000    
   0.00000000    
   0.00000000    
   0.00000000    
   0.00000000    
   0.00000000    
   0.00000000    
   0.00000000    
   0.00000000    
   0.00000000    
   0.00000000    
   0.00000000    
   0.00000000    
   0.00000000    
   0.00000000    
   0.00000000    
   0.00000000    
   0.00000000    
   0.00000000    
   0.00000000    
   0.00000000    
   0.00000000    
   0.00000000    
   0.00000000    
   0.00000000    
   0.00000000    
   0.00000000    
   0.00000000    
   0.00000000    
   0.00000000    
   0.00000000    
   0.00000000    
   0.00000000    
   0.00000000    
   0.00000000    
   0.00000000    
   0.00000000    
   0.00000000    
   0.00000000    
   0.00000000    
   0.00000000    
   0.00000000    
   0.00000000    
   0.00000000    
   0.00000000    
   0.00000000    
   0.00000000    
   0.00000000    
   0.00000000    
   0.00000000    
   0.00000000    
   0.00000000    
   0.00000000    
   0.00000000    
   0.00000000    
   0.00000000    
   0.00000000    
   0.00000000    
   0.00000000    
   0.00000000    
   0.00000000    
   0.00000000    
   0.00000000    
   0.00000000    
   0.00000000    
   0.00000000    
   0.00000000    
   0.00000000    
   0.00000000    
   0.00000000    
   0.00000000    
   0.00000000    
   0.00000000    
   0.00000000    
   0.00000000    
   0.00000000    
   0.00000000    
   0.00000000    
   0.00000000    
   0.00000000    
   0.00000000    
   0.00000000    
   0.00000000    
   0.00000000    
   0.00000000    
   0.00000000    
   0.00000000    
   0.00000000    
   0.00000000    
   0.00000000    
   0.00000000    
   0.00000000    
   0.00000000    
   0.00000000    
   0.00000000    
   0.00000000    
   0.00000000    
   0.00000000    
   0.00000000    
   0.00000000    
   0.00000000    
   0.00000000    
   0.00000000    
   0.00000000    
   0.00000000    
   0.00000000    
   0.00000000    
   0.00000000    
   0.00000000    
   0.00000000    
   0.00000000    
   0.00000000    
   0.00000000    
   0.00000000    
   0.00000000    
   0.00000000    
   0.00000000    
   0.00000000    
   9.99242347E-03
   0.00000000    
   0.00000000    
   0.00000000    
   0.00000000    
   0.00000000    
   0.00000000    
   0.00000000    
   0.00000000    
   0.00000000    
   0.00000000    
   0.00000000    
   0.00000000    
   0.00000000    
   0.00000000    
   0.00000000    
   0.00000000    
   9.99242347E-03
  0.107854731    
   1.24356919E-03
   0.00000000    
   0.00000000    
   0.00000000    
   0.00000000    
   0.00000000    
   0.00000000    
   0.00000000    
   0.00000000    
   0.00000000    
   0.00000000    
   0.00000000    
   0.00000000    
   0.00000000    
   0.00000000    
   1.24356919E-03
  0.107854731    
   5.02000339E-02
   8.42927247E-02
   0.00000000    
   0.00000000    
   0.00000000    
   0.00000000    
   0.00000000    
   0.00000000    
   0.00000000    
   0.00000000    
   0.00000000    
   0.00000000    
   0.00000000    
   0.00000000    
   0.00000000    
   0.00000000    
   8.42927247E-02
   5.02000339E-02
   0.00000000    
   8.16132352E-02
   5.26044928E-02
   0.00000000    
   0.00000000    
   0.00000000    
   0.00000000    
   0.00000000    
   0.00000000    
   0.00000000    
   0.00000000    
   0.00000000    
   0.00000000    
   0.00000000    
   0.00000000    
   5.26044928E-02
   8.16132352E-02
   0.00000000    
  0.102634668    
   7.71069080E-02
   0.00000000    
   0.00000000    
   0.00000000    
   0.00000000    
   0.00000000    
   0.00000000    
   0.00000000    
   0.00000000    
   0.00000000    
   0.00000000    
   0.00000000    
   0.00000000    
   0.00000000    
   0.00000000    
   7.71069080E-02
  0.102634668    
   9.97391939E-02
   1.24356919E-03
   0.00000000    
   0.00000000    
   0.00000000    
   0.00000000    
   0.00000000    
   0.00000000    
   0.00000000    
   0.00000000    
   0.00000000    
   0.00000000    
   0.00000000    
   0.00000000    
   0.00000000    
   0.00000000    
   1.24356919E-03
   9.97391939E-02
   9.99242347E-03
   0.00000000    
   0.00000000    
   0.00000000    
   0.00000000    
   0.00000000    
   0.00000000    
   0.00000000    
   0.00000000    
   0.00000000    
   0.00000000    
   0.00000000    
   0.00000000    
   0.00000000    
   0.00000000    
   0.00000000    
   0.00000000    
   9.99242347E-03
   0.00000000    
   0.00000000    
   0.00000000    
   0.00000000    
   0.00000000    
   0.00000000    
   0.00000000    
   0.00000000    
   0.00000000    
   0.00000000    
   0.00000000    
   0.00000000    
   0.00000000    
   0.00000000    
   0.00000000    
   0.00000000    
   0.00000000    
   0.00000000    
   0.00000000    
   0.00000000    
   0.00000000    
   0.00000000    
   0.00000000    
   0.00000000    
   0.00000000    
   0.00000000    
   0.00000000    
   0.00000000    
   0.00000000    
   0.00000000    
   0.00000000    
   0.00000000    
   0.00000000    
   0.00000000    
   0.00000000    
   0.00000000    
   0.00000000    
   0.00000000    
   0.00000000    
   0.00000000    
   0.00000000    
   0.00000000    
   0.00000000    
   0.00000000    
   0.00000000    
   0.00000000    
   0.00000000    
   0.00000000    
   0.00000000    
   0.00000000    
   0.00000000    
   0.00000000    
   0.00000000    
   0.00000000    
   0.00000000    
   0.00000000    
   0.00000000    
   0.00000000    
   0.00000000    
   0.00000000    
   0.00000000    
   0.00000000    
   0.00000000    
   0.00000000    
   0.00000000    
   0.00000000    
   0.00000000    
   0.00000000    
   0.00000000    
   0.00000000    
   0.00000000    
   0.00000000    
   0.00000000    
   0.00000000    
   0.00000000    
   0.00000000    
   0.00000000    
   0.00000000    
   0.00000000    
   0.00000000    
   0.00000000    
   0.00000000    
   0.00000000    
   0.00000000    
   0.00000000    
   0.00000000    
   0.00000000    
   0.00000000    
   0.00000000    
   0.00000000    
   0.00000000    
   0.00000000    
   0.00000000    
   0.00000000    
   0.00000000    
   0.00000000    
   0.00000000    
   0.00000000    
   0.00000000    
   0.00000000    
   0.00000000    
   0.00000000    
   0.00000000    
   0.00000000    
   0.00000000    
   0.00000000    
   0.00000000    
   0.00000000    
   0.00000000    
   0.00000000    
   0.00000000    
   0.00000000    
   0.00000000    
   0.00000000    
   0.00000000    
   0.00000000    
   0.00000000    
   0.00000000    
   0.00000000    
   0.00000000    
   0.00000000    
   0.00000000    
   0.00000000    
   0.00000000    
   0.00000000    
   0.00000000    
   0.00000000    
   0.00000000    
   0.00000000    
   0.00000000    
   0.00000000    
   0.00000000    
   0.00000000    
   0.00000000    
   0.00000000    
   0.00000000    
   0.00000000    
   0.00000000    
   0.00000000    
   0.00000000    
   0.00000000    
   0.00000000    
   0.00000000    
   0.00000000    
   0.00000000    
   0.00000000    
   0.00000000    
   0.00000000    
   0.00000000    
   0.00000000    
   0.00000000    
   0.00000000    
   0.00000000    
   0.00000000    
   0.00000000    
   0.00000000    
   0.00000000    
   0.00000000    
   0.00000000    
   0.00000000    
   0.00000000    
   0.00000000    
   0.00000000    
   0.00000000    
   0.00000000    
   0.00000000    
   0.00000000    
   0.00000000    
   0.00000000    
   0.00000000    
   0.00000000    
   0.00000000    
   0.00000000    
   0.00000000    
   0.00000000    
   0.00000000    
   0.00000000    
   0.00000000    
   0.00000000    
   0.00000000    
   0.00000000    
   0.00000000    
   0.00000000    
   0.00000000    
   0.00000000    
   0.00000000    
   0.00000000    
   0.00000000    
   0.00000000    
   0.00000000    
   0.00000000    
   0.00000000    
   0.00000000    
   0.00000000    
   0.00000000    
   0.00000000    
   0.00000000    
   0.00000000    
   0.00000000    
   0.00000000    
   0.00000000    
   0.00000000    
   0.00000000    
   0.00000000    
   0.00000000    
   0.00000000    
   0.00000000    
   0.00000000    
   0.00000000    
   0.00000000    
   0.00000000    
   0.00000000    
   0.00000000    
   0.00000000    
   0.00000000    
   0.00000000    
   9.99242347E-03
   0.00000000    
   0.00000000    
   0.00000000    
   0.00000000    
   0.00000000    
   0.00000000    
   0.00000000    
   0.00000000    
   0.00000000    
   0.00000000    
   0.00000000    
   0.00000000    
   0.00000000    
   0.00000000    
   0.00000000    
   0.00000000    
   9.99242347E-03
   9.97391939E-02
   1.24356919E-03
   0.00000000    
   0.00000000    
   0.00000000    
   0.00000000    
   0.00000000    
   0.00000000    
   0.00000000    
   0.00000000    
   0.00000000    
   0.00000000    
   0.00000000    
   0.00000000    
   0.00000000    
   0.00000000    
   1.24356919E-03
   9.97391939E-02
  0.102634668    
   7.67829418E-02
   0.00000000    
   0.00000000    
   0.00000000    
   0.00000000    
   0.00000000    
   0.00000000    
   0.00000000    
   0.00000000    
   0.00000000    
   0.00000000    
   0.00000000    
   0.00000000    
   0.00000000    
   0.00000000    
   7.67829418E-02
  0.102634668    
   0.00000000    
   0.00000000    
   0.00000000    
   0.00000000    
   0.00000000    
   0.00000000    
   0.00000000    
   0.00000000    
   0.00000000    
   0.00000000    
   0.00000000    
   0.00000000    
   0.00000000    
   0.00000000    
   0.00000000    
   0.00000000    
   0.00000000    
   0.00000000    
   0.00000000    
   0.00000000    
   0.00000000    
   0.00000000    
   0.00000000    
   0.00000000    
   0.00000000    
   0.00000000    
   0.00000000    
   0.00000000    
   0.00000000    
   0.00000000    
   0.00000000    
   0.00000000    
   0.00000000    
   0.00000000    
   0.00000000    
   0.00000000    
   0.00000000    
   0.00000000    
   0.00000000    
   0.00000000    
   0.00000000    
   0.00000000    
   0.00000000    
   0.00000000    
   0.00000000    
   0.00000000    
   0.00000000    
   0.00000000    
   0.00000000    
   0.00000000    
   0.00000000    
   0.00000000    
   0.00000000    
   0.00000000    
   0.00000000    
   0.00000000    
   0.00000000    
   0.00000000    
   0.00000000    
   0.00000000    
   0.00000000    
   0.00000000    
   0.00000000    
   0.00000000    
   0.00000000    
   0.00000000    
   0.00000000    
   0.00000000    
   0.00000000    
   0.00000000    
   0.00000000    
   0.00000000    
   0.00000000    
   0.00000000    
   0.00000000    
   0.00000000    
   0.00000000    
   0.00000000    
   0.00000000    
   0.00000000    
   0.00000000    
   0.00000000    
   0.00000000    
   0.00000000    
   0.00000000    
   0.00000000    
   0.00000000    
   0.00000000    
   0.00000000    
   0.00000000    
   0.00000000    
   0.00000000    
   0.00000000    
   0.00000000    
   0.00000000    
   0.00000000    
   0.00000000    
   0.00000000    
   0.00000000    
   0.00000000    
   0.00000000    
   0.00000000    
   0.00000000    
   0.00000000    
   0.00000000    
   0.00000000    
   0.00000000    
   0.00000000    
   0.00000000    
   0.00000000    
   0.00000000    
   0.00000000    
   0.00000000    
   0.00000000    
   0.00000000    
   0.00000000    
   0.00000000    
   0.00000000    
   0.00000000    
   0.00000000    
   0.00000000    
   0.00000000    
   0.00000000    
   0.00000000    
   0.00000000    
   0.00000000    
   0.00000000    
   0.00000000    
   0.00000000    
   0.00000000    
   0.00000000    
   0.00000000    
   0.00000000    
   0.00000000    
   0.00000000    
   0.00000000    
   0.00000000    
   0.00000000    
   0.00000000    
   0.00000000    
   0.00000000    
   0.00000000    
   0.00000000    
   0.00000000    
   0.00000000    
   0.00000000    
   0.00000000    
   0.00000000    
   0.00000000    
   0.00000000    
   0.00000000    
   0.00000000    
   0.00000000    
   0.00000000    
   0.00000000    
   0.00000000    
   0.00000000    
   0.00000000    
   0.00000000    
   0.00000000    
   0.00000000    
   0.00000000    
   0.00000000    
   0.00000000    
   0.00000000    
   0.00000000    
   0.00000000    
   0.00000000    
   0.00000000    
   0.00000000    
   0.00000000    
   0.00000000    
   0.00000000    
   0.00000000    
   0.00000000    
   0.00000000    
   0.00000000    
   0.00000000    
   0.00000000    
   0.00000000    
   0.00000000    
   0.00000000    
   0.00000000    
   0.00000000    
   0.00000000    
   0.00000000    
   0.00000000    
   0.00000000    
   0.00000000    
   0.00000000    
   0.00000000    
   0.00000000    
   0.00000000    
   0.00000000    
   0.00000000    
   0.00000000    
   0.00000000    
   0.00000000    
   0.00000000    
   0.00000000    
   0.00000000    
   0.00000000    
   0.00000000    
   0.00000000    
   0.00000000    
   0.00000000    
   0.00000000    
   0.00000000    
   0.00000000    
   0.00000000    
   0.00000000    
   0.00000000    
   0.00000000    
   0.00000000    
   0.00000000    
   0.00000000    
   0.00000000    
   0.00000000    
   0.00000000    
   0.00000000    
   0.00000000    
   0.00000000    
   0.00000000    
   0.00000000    
   0.00000000    
   0.00000000    
   0.00000000    
   0.00000000    
   0.00000000    
   0.00000000    
   0.00000000    
   0.00000000    
   0.00000000    
   0.00000000    
   0.00000000    
   0.00000000    
   0.00000000    
   0.00000000    
   0.00000000    
   0.00000000    
   0.00000000    
   0.00000000    
   0.00000000    
   0.00000000    
   0.00000000    
   0.00000000    
   0.00000000    
   0.00000000    
   0.00000000    
   0.00000000    
   0.00000000    
   0.00000000    
   0.00000000    
   0.00000000    
   0.00000000    
   0.00000000    
   0.00000000    
   0.00000000    
   0.00000000    
   0.00000000    
   0.00000000    
   0.00000000    
   0.00000000    
   0.00000000    
   0.00000000    
   0.00000000    
   0.00000000    
   0.00000000    
   0.00000000    
   0.00000000    
   0.00000000    
   0.00000000    
   0.00000000    
   0.00000000    
   0.00000000    
   0.00000000    
   0.00000000    
   0.00000000    
   0.00000000    
   0.00000000    
   0.00000000    
   0.00000000    
   0.00000000    
   0.00000000    
   0.00000000    
   0.00000000    
   0.00000000    
   0.00000000    
   0.00000000    
   0.00000000    
   0.00000000    
   0.00000000    
   0.00000000    
   0.00000000    
   0.00000000    
   0.00000000    
   0.00000000    
   0.00000000    
   0.00000000    
   0.00000000    
   0.00000000    
   0.00000000    
   0.00000000    
   0.00000000    
   0.00000000    
   0.00000000    
   0.00000000    
   0.00000000    
   0.00000000    
   0.00000000    
   0.00000000    
   0.00000000    
   0.00000000    
   0.00000000    
   0.00000000    
   0.00000000    
   0.00000000    
   0.00000000    
   0.00000000    
   0.00000000    
   0.00000000    
   0.00000000    
   0.00000000    
   0.00000000    
   0.00000000    
   0.00000000    
   0.00000000    
   0.00000000    
   0.00000000    
   0.00000000    
   0.00000000    
   0.00000000    
   0.00000000    
   0.00000000    
   0.00000000    
   0.00000000    
   0.00000000    
   0.00000000    
   0.00000000    
   0.00000000    
   0.00000000    
   0.00000000    
   0.00000000    
   0.00000000    
   0.00000000    
   0.00000000    
   0.00000000    
   0.00000000    
   0.00000000    
   0.00000000    
   0.00000000    
   0.00000000    
   0.00000000    
   0.00000000    
   0.00000000    
   0.00000000    
   0.00000000    
   0.00000000    
   0.00000000    
   0.00000000    
   0.00000000    
   0.00000000    
   0.00000000    
   0.00000000    
   0.00000000    
   0.00000000    
   0.00000000    
   0.00000000    
   0.00000000    
   0.00000000    
   0.00000000    
   0.00000000    
   0.00000000    
   0.00000000    
   0.00000000    
   0.00000000    
   0.00000000    
   0.00000000    
   0.00000000    
   0.00000000    
   0.00000000    
   0.00000000    
   0.00000000    
   0.00000000    
   0.00000000    
   0.00000000    
   0.00000000    
   0.00000000    
   0.00000000    
   0.00000000    
   0.00000000    
   0.00000000    
   0.00000000    
   0.00000000    
   0.00000000    
   0.00000000    
   0.00000000    
   0.00000000    
   0.00000000    
   0.00000000    
   0.00000000    
   0.00000000    
   0.00000000    
   0.00000000    
   0.00000000    
   0.00000000    
   0.00000000    
   0.00000000    
   0.00000000    
   0.00000000    
   0.00000000    
   0.00000000    
   0.00000000    
   0.00000000    
   0.00000000    
   0.00000000    
   0.00000000    
   0.00000000    
   0.00000000    
   0.00000000    
   0.00000000    
   0.00000000    
   0.00000000    
   0.00000000    
   0.00000000    
   0.00000000    
   0.00000000    
   0.00000000    
   0.00000000    
   0.00000000    
   0.00000000    
   0.00000000    
   0.00000000    
   0.00000000    
   0.00000000    
   0.00000000    
   0.00000000    
   0.00000000    
   0.00000000    
   0.00000000    
   9.99242347E-03
   9.99242347E-03
   0.00000000    
   0.00000000    
   0.00000000    
   0.00000000    
   0.00000000    
   0.00000000    
   0.00000000    
   0.00000000    
   0.00000000    
   0.00000000    
   0.00000000    
   0.00000000    
   0.00000000    
   0.00000000    
   0.00000000    
   1.24356919E-03
   9.97391939E-02
   9.97391939E-02
   1.24356919E-03
   0.00000000    
   0.00000000    
   0.00000000    
   0.00000000    
   0.00000000    
   0.00000000    
   0.00000000    
   0.00000000    
   0.00000000    
   0.00000000    
   0.00000000    
   0.00000000    
   0.00000000    
   0.00000000    
   7.71069080E-02
  0.102634668    
  0.102634668    
   7.71069080E-02
   0.00000000    
   0.00000000    
   0.00000000    
   0.00000000    
   0.00000000    
   0.00000000    
   0.00000000    
   0.00000000    
   0.00000000    
   0.00000000    
   0.00000000    
   0.00000000    
   0.00000000    
   0.00000000    
   7.67829418E-02
  0.102634668    
  0.102634668    
   7.67829418E-02
   0.00000000    
   0.00000000    
   0.00000000    
   0.00000000    
   0.00000000    
   0.00000000    
   0.00000000    
   0.00000000    
   0.00000000    
   0.00000000    
   0.00000000    
   0.00000000    
   0.00000000    
   0.00000000    
   1.24356919E-03
   9.97391939E-02
   9.97391939E-02
   1.24356919E-03
   0.00000000    
   0.00000000    
   0.00000000    
   0.00000000    
   0.00000000    
   0.00000000    
   0.00000000    
   0.00000000    
   0.00000000    
   0.00000000    
   0.00000000    
   0.00000000    
   0.00000000    
   0.00000000    
   0.00000000    
   9.99242347E-03
   9.99242347E-03
   0.00000000    
   0.00000000    
   0.00000000    
   0.00000000    
   0.00000000    
   0.00000000    
   0.00000000    
   0.00000000    
   0.00000000    
   0.00000000    
   0.00000000    
   0.00000000    
   0.00000000    
   0.00000000    
   0.00000000    
   0.00000000    
   0.00000000    
   0.00000000    
   0.00000000    
   0.00000000    
   0.00000000    
   0.00000000    
   0.00000000    
   0.00000000    
   0.00000000    
   0.00000000    
   0.00000000    
   0.00000000    
   0.00000000    
   0.00000000    
   0.00000000    
   0.00000000    
   0.00000000    
   0.00000000    
   0.00000000    
   0.00000000    
   0.00000000    
   0.00000000    
   0.00000000    
   0.00000000    
   0.00000000    
   0.00000000    
   0.00000000    
   0.00000000    
   0.00000000    
   0.00000000    
   0.00000000    
   0.00000000    
   0.00000000    
   0.00000000    
   0.00000000    
   0.00000000    
   0.00000000    
   0.00000000    
   0.00000000    
   0.00000000    
   0.00000000    
   0.00000000    
   0.00000000    
   0.00000000    
   0.00000000    
   0.00000000    
   0.00000000    
   0.00000000    
   0.00000000    
   0.00000000    
   0.00000000    
   0.00000000    
   0.00000000    
   0.00000000    
   0.00000000    
   0.00000000    
   0.00000000    
   0.00000000    
   0.00000000    
   0.00000000    
   0.00000000    
   0.00000000    
   0.00000000    
   0.00000000    
   0.00000000    
   0.00000000    
   0.00000000    
   0.00000000    
   0.00000000    
   0.00000000    
   0.00000000    
   0.00000000    
   0.00000000    
   0.00000000    
   0.00000000    
   0.00000000    
   0.00000000    
   0.00000000    
   0.00000000    
   0.00000000    
   0.00000000    
   0.00000000    
   0.00000000    
   0.00000000    
   0.00000000    
   0.00000000    
   0.00000000    
   0.00000000    
   0.00000000    
   0.00000000    
   0.00000000    
   0.00000000    
   0.00000000    
   0.00000000    
   0.00000000    
   0.00000000    
   0.00000000    
   0.00000000    
   0.00000000    
   0.00000000    
   0.00000000    
   0.00000000    
   0.00000000    
   0.00000000    
   0.00000000    
   0.00000000    
   0.00000000    
   0.00000000    
   0.00000000    
   0.00000000    
   0.00000000    
   0.00000000    
   0.00000000    
   0.00000000    
   0.00000000    
   0.00000000    
   0.00000000    
   0.00000000    
   0.00000000    
   0.00000000    
   0.00000000    
   0.00000000    
   0.00000000    
   0.00000000    
   0.00000000    
   0.00000000    
   0.00000000    
   0.00000000    
   0.00000000    
   0.00000000    
   0.00000000    
   0.00000000    
   0.00000000    
   0.00000000    
   0.00000000    
   0.00000000    
   0.00000000    
   0.00000000    
   0.00000000    
   0.00000000    
   0.00000000    
   0.00000000    
   0.00000000    
   0.00000000    
   0.00000000    
   0.00000000    
   0.00000000    
   0.00000000    
   0.00000000    
   0.00000000    
   0.00000000    
   0.00000000    
   0.00000000    
   0.00000000    
   0.00000000    
   0.00000000    
   0.00000000    
   0.00000000    
   0.00000000    
   0.00000000    
   0.00000000    
   0.00000000    
   0.00000000    
   0.00000000    
   0.00000000    
   0.00000000    
   0.00000000    
   0.00000000    
   0.00000000    
   0.00000000    
   0.00000000    
   0.00000000    
   0.00000000    
   0.00000000    
   0.00000000    
   0.00000000    
   0.00000000    
   0.00000000    
   0.00000000    
   0.00000000    
   0.00000000    
   0.00000000    
   0.00000000    
   0.00000000    
   0.00000000    
   0.00000000    
   0.00000000    
   0.00000000    
   0.00000000    
   0.00000000    
   0.00000000    
   0.00000000    
   0.00000000    
   0.00000000    
   0.00000000    
   0.00000000    
   0.00000000    
   0.00000000    
   9.99242347E-03
   9.99242347E-03
   0.00000000    
   0.00000000    
   0.00000000    
   0.00000000    
   0.00000000    
   0.00000000    
   0.00000000    
   0.00000000    
   0.00000000    
   0.00000000    
   0.00000000    
   0.00000000    
   0.00000000    
   0.00000000    
   0.00000000    
   1.24356919E-03
  0.107854731    
  0.107854731    
   1.24356919E-03
   0.00000000    
   0.00000000    
   0.00000000    
   0.00000000    
   0.00000000    
   0.00000000    
   0.00000000    
   0.00000000    
   0.00000000    
   0.00000000    
   0.00000000    
   0.00000000    
   0.00000000    
   0.00000000    
   8.42927247E-02
   5.02000339E-02
   5.02000339E-02
   8.42927247E-02
   0.00000000    
   0.00000000    
   0.00000000    
   0.00000000    
   0.00000000    
   0.00000000    
   0.00000000    
   0.00000000    
   0.00000000    
   0.00000000    
   0.00000000    
   0.00000000    
   0.00000000    
   5.30915707E-02
   8.16762224E-02
   0.00000000    
   0.00000000    
   8.16762224E-02
   5.30915707E-02
   0.00000000    
   0.00000000    
   0.00000000    
   0.00000000    
   0.00000000    
   0.00000000    
   0.00000000    
   0.00000000    
   0.00000000    
   0.00000000    
   0.00000000    
   0.00000000    
   5.26044928E-02
   8.16132352E-02
   0.00000000    
   0.00000000    
   8.16132352E-02
   5.26044928E-02
   0.00000000    
   0.00000000    
   0.00000000    
   0.00000000    
   0.00000000    
   0.00000000    
   0.00000000    
   0.00000000    
   0.00000000    
   0.00000000    
   0.00000000    
   0.00000000    
   0.00000000    
   8.42927247E-02
   5.02000339E-02
   5.02000339E-02
   8.42927247E-02
   0.00000000    
   0.00000000    
   0.00000000    
   0.00000000    
   0.00000000    
   0.00000000    
   0.00000000    
   0.00000000    
   0.00000000    
   0.00000000    
   0.00000000    
   0.00000000    
   0.00000000    
   0.00000000    
   1.24356919E-03
  0.107854731    
  0.107854731    
   1.24356919E-03
   0.00000000    
   0.00000000    
   0.00000000    
   0.00000000    
   0.00000000    
   0.00000000    
   0.00000000    
   0.00000000    
   0.00000000    
   0.00000000    
   0.00000000    
   0.00000000    
   0.00000000    
   0.00000000    
   0.00000000    
   9.99242347E-03
   9.99242347E-03
   0.00000000    
   0.00000000    
   0.00000000    
   0.00000000    
   0.00000000    
   0.00000000    
   0.00000000    
   0.00000000    
   0.00000000    
   0.00000000    
   0.00000000    
   0.00000000    
   0.00000000    
   0.00000000    
   0.00000000    
   0.00000000    
   0.00000000    
   0.00000000    
   0.00000000    
   0.00000000    
   0.00000000    
   0.00000000    
   0.00000000    
   0.00000000    
   0.00000000    
   0.00000000    
   0.00000000    
   0.00000000    
   0.00000000    
   0.00000000    
   0.00000000    
   0.00000000    
   0.00000000    
   0.00000000    
   0.00000000    
   0.00000000    
   0.00000000    
   0.00000000    
   0.00000000    
   0.00000000    
   0.00000000    
   0.00000000    
   0.00000000    
   0.00000000    
   0.00000000    
   0.00000000    
   0.00000000    
   0.00000000    
   0.00000000    
   0.00000000    
   0.00000000    
   0.00000000    
   0.00000000    
   0.00000000    
   0.00000000    
   0.00000000    
   0.00000000    
   0.00000000    
   0.00000000    
   0.00000000    
   0.00000000    
   0.00000000    
   0.00000000    
   0.00000000    
   0.00000000    
   0.00000000    
   0.00000000    
   0.00000000    
   0.00000000    
   0.00000000    
   0.00000000    
   0.00000000    
   0.00000000    
   0.00000000    
   0.00000000    
   0.00000000    
   0.00000000    
   0.00000000    
   0.00000000    
   0.00000000    
   0.00000000    
   0.00000000    
   0.00000000    
   0.00000000    
   0.00000000    
   0.00000000    
   0.00000000    
   0.00000000    
   0.00000000    
   0.00000000    
   0.00000000    
   0.00000000    
   0.00000000    
   0.00000000    
   0.00000000    
   0.00000000    
   0.00000000    
   0.00000000    
   0.00000000    
   0.00000000    
   0.00000000    
   0.00000000    
   0.00000000    
   0.00000000    
   0.00000000    
   0.00000000    
   0.00000000    
   0.00000000    
   0.00000000    
   0.00000000    
   0.00000000    
   0.00000000    
   0.00000000    
   0.00000000    
   0.00000000    
   0.00000000    
   0.00000000    
   0.00000000    
   0.00000000    
   0.00000000    
   0.00000000    
   0.00000000    
   0.00000000    
   0.00000000    
   0.00000000    
   0.00000000    
   0.00000000    
   0.00000000    
   0.00000000    
   0.00000000    
   0.00000000    
   0.00000000    
   0.00000000    
   0.00000000    
   0.00000000    
   0.00000000    
   0.00000000    
   0.00000000    
   0.00000000    
   0.00000000    
   0.00000000    
   0.00000000    
   0.00000000    
   0.00000000    
   0.00000000    
   0.00000000    
   0.00000000    
   0.00000000    
   0.00000000    
   0.00000000    
   0.00000000    
   0.00000000    
   0.00000000    
   0.00000000    
   0.00000000    
   0.00000000    
   0.00000000    
   0.00000000    
   0.00000000    
   0.00000000    
   0.00000000    
   0.00000000    
   0.00000000    
   0.00000000    
   0.00000000    
   0.00000000    
   0.00000000    
   0.00000000    
   0.00000000    
   0.00000000    
   0.00000000    
   0.00000000    
   0.00000000    
   0.00000000    
   0.00000000    
   0.00000000    
   0.00000000    
   0.00000000    
   0.00000000    
   0.00000000    
   0.00000000    
   0.00000000    
   0.00000000    
   0.00000000    
   0.00000000    
   0.00000000    
   0.00000000    
   0.00000000    
   0.00000000    
   0.00000000    
   0.00000000    
   0.00000000    
   0.00000000    
   0.00000000    
   0.00000000    
   1.24356919E-03
   9.97391939E-02
   9.97391939E-02
   1.24356919E-03
   0.00000000    
   0.00000000    
   0.00000000    
   0.00000000    
   0.00000000    
   0.00000000    
   0.00000000    
   0.00000000    
   0.00000000    
   0.00000000    
   0.00000000    
   0.00000000    
   0.00000000    
   0.00000000    
   8.42927247E-02
   5.02000339E-02
   5.02000339E-02
   8.42927247E-02
   0.00000000    
   0.00000000    
   0.00000000    
   0.00000000    
   0.00000000    
   0.00000000    
   0.00000000    
   0.00000000    
   0.00000000    
   0.00000000    
   0.00000000    
   0.00000000    
   0.00000000    
   5.28480336E-02
   8.16447288E-02
   0.00000000    
   0.00000000    
   8.16447288E-02
   5.28480336E-02
   0.00000000    
   0.00000000    
   0.00000000    
   0.00000000    
   0.00000000    
   0.00000000    
   0.00000000    
   0.00000000    
   0.00000000    
   0.00000000    
   0.00000000    
   0.00000000    
  0.115574874    
   8.66167538E-04
   0.00000000    
   0.00000000    
   8.66167538E-04
  0.115574874    
   0.00000000    
   0.00000000    
   0.00000000    
   0.00000000    
   0.00000000    
   0.00000000    
   0.00000000    
   0.00000000    
   0.00000000    
   0.00000000    
   0.00000000    
   0.00000000    
  0.115462385    
   8.66167538E-04
   0.00000000    
   0.00000000    
   8.66167538E-04
  0.115462385    
   0.00000000    
   0.00000000    
   0.00000000    
   0.00000000    
   0.00000000    
   0.00000000    
   0.00000000    
   0.00000000    
   0.00000000    
   0.00000000    
   0.00000000    
   0.00000000    
   5.28480336E-02
   8.16447288E-02
   0.00000000    
   0.00000000    
   8.16447288E-02
   5.28480336E-02
   0.00000000    
   0.00000000    
   0.00000000    
   0.00000000    
   0.00000000    
   0.00000000    
   0.00000000    
   0.00000000    
   0.00000000    
   0.00000000    
   0.00000000    
   0.00000000    
   0.00000000    
   8.42927247E-02
   5.02000339E-02
   5.02000339E-02
   8.42927247E-02
   0.00000000    
   0.00000000    
   0.00000000    
   0.00000000    
   0.00000000    
   0.00000000    
   0.00000000    
   0.00000000    
   0.00000000    
   0.00000000    
   0.00000000    
   0.00000000    
   0.00000000    
   0.00000000    
   1.24356919E-03
   9.97391939E-02
   9.97391939E-02
   1.24356919E-03
   0.00000000    
   0.00000000    
   0.00000000    
   0.00000000    
   0.00000000    
   0.00000000    
   0.00000000    
   0.00000000    
   0.00000000    
   0.00000000    
   0.00000000    
   0.00000000    
   0.00000000    
   0.00000000    
   0.00000000    
   0.00000000    
   0.00000000    
   0.00000000    
   0.00000000    
   0.00000000    
   0.00000000    
   0.00000000    
   0.00000000    
   0.00000000    
   0.00000000    
   0.00000000    
   0.00000000    
   0.00000000    
   0.00000000    
   0.00000000    
   0.00000000    
   0.00000000    
   0.00000000    
   0.00000000    
   0.00000000    
   0.00000000    
   0.00000000    
   0.00000000    
   0.00000000    
   0.00000000    
   0.00000000    
   0.00000000    
   0.00000000    
   0.00000000    
   0.00000000    
   0.00000000    
   0.00000000    
   0.00000000    
   0.00000000    
   0.00000000    
   0.00000000    
   0.00000000    
   0.00000000    
   0.00000000    
   0.00000000    
   0.00000000    
   0.00000000    
   0.00000000    
   0.00000000    
   0.00000000    
   0.00000000    
   0.00000000    
   0.00000000    
   0.00000000    
   0.00000000    
   0.00000000    
   0.00000000    
   0.00000000    
   0.00000000    
   0.00000000    
   0.00000000    
   0.00000000    
   0.00000000    
   0.00000000    
   0.00000000    
   0.00000000    
   0.00000000    
   0.00000000    
   0.00000000    
   0.00000000    
   0.00000000    
   0.00000000    
   0.00000000    
   0.00000000    
   0.00000000    
   0.00000000    
   0.00000000    
   0.00000000    
   0.00000000    
   0.00000000    
   0.00000000    
   0.00000000    
   0.00000000    
   0.00000000    
   0.00000000    
   0.00000000    
   0.00000000    
   0.00000000    
   0.00000000    
   0.00000000    
   0.00000000    
   0.00000000    
   0.00000000    
   0.00000000    
   0.00000000    
   0.00000000    
   0.00000000    
   0.00000000    
   0.00000000    
   0.00000000    
   0.00000000    
   0.00000000    
   0.00000000    
   0.00000000    
   0.00000000    
   0.00000000    
   0.00000000    
   0.00000000    
   0.00000000    
   0.00000000    
   0.00000000    
   0.00000000    
   0.00000000    
   0.00000000    
   0.00000000    
   0.00000000    
   0.00000000    
   0.00000000    
   0.00000000    
   0.00000000    
   0.00000000    
   0.00000000    
   0.00000000    
   0.00000000    
   0.00000000    
   0.00000000    
   0.00000000    
   0.00000000    
   0.00000000    
   0.00000000    
   0.00000000    
   0.00000000    
   0.00000000    
   0.00000000    
   0.00000000    
   0.00000000    
   0.00000000    
   0.00000000    
   0.00000000    
   0.00000000    
   0.00000000    
   0.00000000    
   0.00000000    
   0.00000000    
   0.00000000    
   0.00000000    
   0.00000000    
   0.00000000    
   0.00000000    
   0.00000000    
   0.00000000    
   0.00000000    
   0.00000000    
   0.00000000    
   0.00000000    
   0.00000000    
   0.00000000    
   0.00000000    
   0.00000000    
   0.00000000    
   0.00000000    
   0.00000000    
   0.00000000    
   0.00000000    
   0.00000000    
   0.00000000    
   0.00000000    
   0.00000000    
   0.00000000    
   0.00000000    
   0.00000000    
   0.00000000    
   0.00000000    
   0.00000000    
   0.00000000    
   0.00000000    
   0.00000000    
   0.00000000    
   0.00000000    
   0.00000000    
   0.00000000    
   0.00000000    
   0.00000000    
   0.00000000    
   7.71069080E-02
  0.102634668    
  0.102634668    
   7.71069080E-02
   0.00000000    
   0.00000000    
   0.00000000    
   0.00000000    
   0.00000000    
   0.00000000    
   0.00000000    
   0.00000000    
   0.00000000    
   0.00000000    
   0.00000000    
   0.00000000    
   0.00000000    
   5.30915707E-02
   8.16762224E-02
   0.00000000    
   0.00000000    
   8.16762224E-02
   5.30915707E-02
   0.00000000    
   0.00000000    
   0.00000000    
   0.00000000    
   0.00000000    
   0.00000000    
   0.00000000    
   0.00000000    
   0.00000000    
   0.00000000    
   0.00000000    
   0.00000000    
  0.115574874    
   8.66167538E-04
   0.00000000    
   0.00000000    
   8.66167538E-04
  0.115574874    
   0.00000000    
   0.00000000    
   0.00000000    
   0.00000000    
   0.00000000    
   0.00000000    
   0.00000000    
   0.00000000    
   0.00000000    
   0.00000000    
   0.00000000    
   0.00000000    
   7.85968304E-02
   0.00000000    
   0.00000000    
   0.00000000    
   0.00000000    
   7.85968304E-02
   0.00000000    
   0.00000000    
   0.00000000    
   0.00000000    
   0.00000000    
   0.00000000    
   0.00000000    
   0.00000000    
   0.00000000    
   0.00000000    
   0.00000000    
   0.00000000    
   7.85968304E-02
   0.00000000    
   0.00000000    
   0.00000000    
   0.00000000    
   7.85968304E-02
   0.00000000    
   0.00000000    
   0.00000000    
   0.00000000    
   0.00000000    
   0.00000000    
   0.00000000    
   0.00000000    
   0.00000000    
   0.00000000    
   0.00000000    
   0.00000000    
  0.115574874    
   8.66167538E-04
   0.00000000    
   0.00000000    
   8.66167538E-04
  0.115574874    
   0.00000000    
   0.00000000    
   0.00000000    
   0.00000000    
   0.00000000    
   0.00000000    
   0.00000000    
   0.00000000    
   0.00000000    
   0.00000000    
   0.00000000    
   0.00000000    
   5.30915707E-02
   8.16762224E-02
   0.00000000    
   0.00000000    
   8.16762224E-02
   5.30915707E-02
   0.00000000    
   0.00000000    
   0.00000000    
   0.00000000    
   0.00000000    
   0.00000000    
   0.00000000    
   0.00000000    
   0.00000000    
   0.00000000    
   0.00000000    
   0.00000000    
   0.00000000    
   7.71069080E-02
  0.102634668    
  0.102634668    
   7.71069080E-02
   0.00000000    
   0.00000000    
   0.00000000    
   0.00000000    
   0.00000000    
   0.00000000    
   0.00000000    
   0.00000000    
   0.00000000    
   0.00000000    
   0.00000000    
   0.00000000    
   0.00000000    
   0.00000000    
   0.00000000    
   0.00000000    
   0.00000000    
   0.00000000    
   0.00000000    
   0.00000000    
   0.00000000    
   0.00000000    
   0.00000000    
   0.00000000    
   0.00000000    
   0.00000000    
   0.00000000    
   0.00000000    
   0.00000000    
   0.00000000    
   0.00000000    
   0.00000000    
   0.00000000    
   0.00000000    
   0.00000000    
   0.00000000    
   0.00000000    
   0.00000000    
   0.00000000    
   0.00000000    
   0.00000000    
   0.00000000    
   0.00000000    
   0.00000000    
   0.00000000    
   0.00000000    
   0.00000000    
   0.00000000    
   0.00000000    
   0.00000000    
   0.00000000    
   0.00000000    
   0.00000000    
   0.00000000    
   0.00000000    
   0.00000000    
   0.00000000    
   0.00000000    
   0.00000000    
   0.00000000    
   0.00000000    
   0.00000000    
   0.00000000    
   0.00000000    
   0.00000000    
   0.00000000    
   0.00000000    
   0.00000000    
   0.00000000    
   0.00000000    
   0.00000000    
   0.00000000    
   0.00000000    
   0.00000000    
   0.00000000    
   0.00000000    
   0.00000000    
   0.00000000    
   0.00000000    
   0.00000000    
   0.00000000    
   0.00000000    
   0.00000000    
   0.00000000    
   0.00000000    
   0.00000000    
   0.00000000    
   0.00000000    
   0.00000000    
   0.00000000    
   0.00000000    
   0.00000000    
   0.00000000    
   0.00000000    
   0.00000000    
   0.00000000    
   0.00000000    
   0.00000000    
   0.00000000    
   0.00000000    
   0.00000000    
   0.00000000    
   0.00000000    
   0.00000000    
   0.00000000    
   0.00000000    
   0.00000000    
   0.00000000    
   0.00000000    
   0.00000000    
   0.00000000    
   0.00000000    
   0.00000000    
   0.00000000    
   0.00000000    
   0.00000000    
   0.00000000    
   0.00000000    
   0.00000000    
   0.00000000    
   0.00000000    
   0.00000000    
   0.00000000    
   0.00000000    
   0.00000000    
   0.00000000    
   0.00000000    
   0.00000000    
   0.00000000    
   0.00000000    
   0.00000000    
   0.00000000    
   0.00000000    
   0.00000000    
   0.00000000    
   0.00000000    
   0.00000000    
   0.00000000    
   0.00000000    
   0.00000000    
   0.00000000    
   0.00000000    
   0.00000000    
   0.00000000    
   0.00000000    
   0.00000000    
   0.00000000    
   0.00000000    
   0.00000000    
   0.00000000    
   0.00000000    
   0.00000000    
   0.00000000    
   0.00000000    
   0.00000000    
   0.00000000    
   0.00000000    
   0.00000000    
   0.00000000    
   0.00000000    
   0.00000000    
   0.00000000    
   0.00000000    
   0.00000000    
   0.00000000    
   0.00000000    
   0.00000000    
   0.00000000    
   0.00000000    
   0.00000000    
   0.00000000    
   0.00000000    
   0.00000000    
   0.00000000    
   0.00000000    
   0.00000000    
   0.00000000    
   0.00000000    
   0.00000000    
   0.00000000    
   0.00000000    
   0.00000000    
   0.00000000    
   0.00000000    
   0.00000000    
   0.00000000    
   0.00000000    
   0.00000000    
   0.00000000    
   0.00000000    
   0.00000000    
   0.00000000    
   0.00000000    
   0.00000000    
   7.67829418E-02
  0.102634668    
  0.102634668    
   7.67829418E-02
   0.00000000    
   0.00000000    
   0.00000000    
   0.00000000    
   0.00000000    
   0.00000000    
   0.00000000    
   0.00000000    
   0.00000000    
   0.00000000    
   0.00000000    
   0.00000000    
   0.00000000    
   5.26044928E-02
   8.16132352E-02
   0.00000000    
   0.00000000    
   8.16132352E-02
   5.26044928E-02
   0.00000000    
   0.00000000    
   0.00000000    
   0.00000000    
   0.00000000    
   0.00000000    
   0.00000000    
   0.00000000    
   0.00000000    
   0.00000000    
   0.00000000    
   0.00000000    
  0.115462385    
   8.66167538E-04
   0.00000000    
   0.00000000    
   8.66167538E-04
  0.115462385    
   0.00000000    
   0.00000000    
   0.00000000    
   0.00000000    
   0.00000000    
   0.00000000    
   0.00000000    
   0.00000000    
   0.00000000    
   0.00000000    
   0.00000000    
   0.00000000    
   7.85968304E-02
   0.00000000    
   0.00000000    
   0.00000000    
   0.00000000    
   7.85968304E-02
   0.00000000    
   0.00000000    
   0.00000000    
   0.00000000    
   0.00000000    
   0.00000000    
   0.00000000    
   0.00000000    
   0.00000000    
   0.00000000    
   0.00000000    
   0.00000000    
   7.85968304E-02
   0.00000000    
   0.00000000    
   0.00000000    
   0.00000000    
   7.85968304E-02
   0.00000000    
   0.00000000    
   0.00000000    
   0.00000000    
   0.00000000    
   0.00000000    
   0.00000000    
   0.00000000    
   0.00000000    
   0.00000000    
   0.00000000    
   0.00000000    
  0.115462385    
   8.66167538E-04
   0.00000000    
   0.00000000    
   8.66167538E-04
  0.115462385    
   0.00000000    
   0.00000000    
   0.00000000    
   0.00000000    
   0.00000000    
   0.00000000    
   0.00000000    
   0.00000000    
   0.00000000    
   0.00000000    
   0.00000000    
   0.00000000    
   5.26044928E-02
   8.16132352E-02
   0.00000000    
   0.00000000    
   8.16132352E-02
   5.26044928E-02
   0.00000000    
   0.00000000    
   0.00000000    
   0.00000000    
   0.00000000    
   0.00000000    
   0.00000000    
   0.00000000    
   0.00000000    
   0.00000000    
   0.00000000    
   0.00000000    
   0.00000000    
   7.67829418E-02
  0.102634668    
  0.102634668    
   7.67829418E-02
   0.00000000    
   0.00000000    
   0.00000000    
   0.00000000    
   0.00000000    
   0.00000000    
   0.00000000    
   0.00000000    
   0.00000000    
   0.00000000    
   0.00000000    
   0.00000000    
   0.00000000    
   0.00000000    
   0.00000000    
   0.00000000    
   0.00000000    
   0.00000000    
   0.00000000    
   0.00000000    
   0.00000000    
   0.00000000    
   0.00000000    
   0.00000000    
   0.00000000    
   0.00000000    
   0.00000000    
   0.00000000    
   0.00000000    
   0.00000000    
   0.00000000    
   0.00000000    
   0.00000000    
   0.00000000    
   0.00000000    
   0.00000000    
   0.00000000    
   0.00000000    
   0.00000000    
   0.00000000    
   0.00000000    
   0.00000000    
   0.00000000    
   0.00000000    
   0.00000000    
   0.00000000    
   0.00000000    
   0.00000000    
   0.00000000    
   0.00000000    
   0.00000000    
   0.00000000    
   0.00000000    
   0.00000000    
   0.00000000    
   0.00000000    
   0.00000000    
   0.00000000    
   0.00000000    
   0.00000000    
   0.00000000    
   0.00000000    
   0.00000000    
   0.00000000    
   0.00000000    
   0.00000000    
   0.00000000    
   0.00000000    
   0.00000000    
   0.00000000    
   0.00000000    
   0.00000000    
   0.00000000    
   0.00000000    
   0.00000000    
   0.00000000    
   0.00000000    
   0.00000000    
   0.00000000    
   0.00000000    
   0.00000000    
   0.00000000    
   0.00000000    
   0.00000000    
   0.00000000    
   0.00000000    
   0.00000000    
   0.00000000    
   0.00000000    
   0.00000000    
   0.00000000    
   0.00000000    
   0.00000000    
   0.00000000    
   0.00000000    
   0.00000000    
   0.00000000    
   0.00000000    
   0.00000000    
   0.00000000    
   0.00000000    
   0.00000000    
   0.00000000    
   0.00000000    
   0.00000000    
   0.00000000    
   0.00000000    
   0.00000000    
   0.00000000    
   0.00000000    
   0.00000000    
   0.00000000    
   0.00000000    
   0.00000000    
   0.00000000    
   0.00000000    
   0.00000000    
   0.00000000    
   0.00000000    
   0.00000000    
   0.00000000    
   0.00000000    
   0.00000000    
   0.00000000    
   0.00000000    
   0.00000000    
   0.00000000    
   0.00000000    
   0.00000000    
   0.00000000    
   0.00000000    
   0.00000000    
   0.00000000    
   0.00000000    
   0.00000000    
   0.00000000    
   0.00000000    
   0.00000000    
   0.00000000    
   0.00000000    
   0.00000000    
   0.00000000    
   0.00000000    
   0.00000000    
   0.00000000    
   0.00000000    
   0.00000000    
   0.00000000    
   0.00000000    
   0.00000000    
   0.00000000    
   0.00000000    
   0.00000000    
   0.00000000    
   0.00000000    
   0.00000000    
   0.00000000    
   0.00000000    
   0.00000000    
   0.00000000    
   0.00000000    
   0.00000000    
   0.00000000    
   0.00000000    
   0.00000000    
   0.00000000    
   0.00000000    
   0.00000000    
   0.00000000    
   0.00000000    
   0.00000000    
   0.00000000    
   0.00000000    
   0.00000000    
   0.00000000    
   0.00000000    
   0.00000000    
   0.00000000    
   0.00000000    
   0.00000000    
   0.00000000    
   0.00000000    
   0.00000000    
   0.00000000    
   0.00000000    
   0.00000000    
   0.00000000    
   0.00000000    
   0.00000000    
   0.00000000    
   0.00000000    
   0.00000000    
   0.00000000    
   0.00000000    
   1.24356919E-03
   9.97391939E-02
   9.97391939E-02
   1.24356919E-03
   0.00000000    
   0.00000000    
   0.00000000    
   0.00000000    
   0.00000000    
   0.00000000    
   0.00000000    
   0.00000000    
   0.00000000    
   0.00000000    
   0.00000000    
   0.00000000    
   0.00000000    
   0.00000000    
   8.42927247E-02
   5.02000339E-02
   5.02000339E-02
   8.42927247E-02
   0.00000000    
   0.00000000    
   0.00000000    
   0.00000000    
   0.00000000    
   0.00000000    
   0.00000000    
   0.00000000    
   0.00000000    
   0.00000000    
   0.00000000    
   0.00000000    
   0.00000000    
   5.28480336E-02
   8.16447288E-02
   0.00000000    
   0.00000000    
   8.16447288E-02
   5.28480336E-02
   0.00000000    
   0.00000000    
   0.00000000    
   0.00000000    
   0.00000000    
   0.00000000    
   0.00000000    
   0.00000000    
   0.00000000    
   0.00000000    
   0.00000000    
   0.00000000    
  0.115574874    
   8.66167538E-04
   0.00000000    
   0.00000000    
   8.66167538E-04
  0.115574874    
   0.00000000    
   0.00000000    
   0.00000000    
   0.00000000    
   0.00000000    
   0.00000000    
   0.00000000    
   0.00000000    
   0.00000000    
   0.00000000    
   0.00000000    
   0.00000000    
  0.115462385    
   8.66167538E-04
   0.00000000    
   0.00000000    
   8.66167538E-04
  0.115462385    
   0.00000000    
   0.00000000    
   0.00000000    
   0.00000000    
   0.00000000    
   0.00000000    
   0.00000000    
   0.00000000    
   0.00000000    
   0.00000000    
   0.00000000    
   0.00000000    
   5.28480336E-02
   8.16447288E-02
   0.00000000    
   0.00000000    
   8.16447288E-02
   5.28480336E-02
   0.00000000    
   0.00000000    
   0.00000000    
   0.00000000    
   0.00000000    
   0.00000000    
   0.00000000    
   0.00000000    
   0.00000000    
   0.00000000    
   0.00000000    
   0.00000000    
   0.00000000    
   8.42927247E-02
   5.02000339E-02
   5.02000339E-02
   8.42927247E-02
   0.00000000    
   0.00000000    
   0.00000000    
   0.00000000    
   0.00000000    
   0.00000000    
   0.00000000    
   0.00000000    
   0.00000000    
   0.00000000    
   0.00000000    
   0.00000000    
   0.00000000    
   0.00000000    
   1.24356919E-03
   9.97391939E-02
   9.97391939E-02
   1.24356919E-03
   0.00000000    
   0.00000000    
   0.00000000    
   0.00000000    
   0.00000000    
   0.00000000    
   0.00000000    
   0.00000000    
   0.00000000    
   0.00000000    
   0.00000000    
   0.00000000    
   0.00000000    
   0.00000000    
   0.00000000    
   0.00000000    
   0.00000000    
   0.00000000    
   0.00000000    
   0.00000000    
   0.00000000    
   0.00000000    
   0.00000000    
   0.00000000    
   0.00000000    
   0.00000000    
   0.00000000    
   0.00000000    
   0.00000000    
   0.00000000    
   0.00000000    
   0.00000000    
   0.00000000    
   0.00000000    
   0.00000000    
   0.00000000    
   0.00000000    
   0.00000000    
   0.00000000    
   0.00000000    
   0.00000000    
   0.00000000    
   0.00000000    
   0.00000000    
   0.00000000    
   0.00000000    
   0.00000000    
   0.00000000    
   0.00000000    
   0.00000000    
   0.00000000    
   0.00000000    
   0.00000000    
   0.00000000    
   0.00000000    
   0.00000000    
   0.00000000    
   0.00000000    
   0.00000000    
   0.00000000    
   0.00000000    
   0.00000000    
   0.00000000    
   0.00000000    
   0.00000000    
   0.00000000    
   0.00000000    
   0.00000000    
   0.00000000    
   0.00000000    
   0.00000000    
   0.00000000    
   0.00000000    
   0.00000000    
   0.00000000    
   0.00000000    
   0.00000000    
   0.00000000    
   0.00000000    
   0.00000000    
   0.00000000    
   0.00000000    
   0.00000000    
   0.00000000    
   0.00000000    
   0.00000000    
   0.00000000    
   0.00000000    
   0.00000000    
   0.00000000    
   0.00000000    
   0.00000000    
   0.00000000    
   0.00000000    
   0.00000000    
   0.00000000    
   0.00000000    
   0.00000000    
   0.00000000    
   0.00000000    
   0.00000000    
   0.00000000    
   0.00000000    
   0.00000000    
   0.00000000    
   0.00000000    
   0.00000000    
   0.00000000    
   0.00000000    
   0.00000000    
   0.00000000    
   0.00000000    
   0.00000000    
   0.00000000    
   0.00000000    
   0.00000000    
   0.00000000    
   0.00000000    
   0.00000000    
   0.00000000    
   0.00000000    
   0.00000000    
   0.00000000    
   0.00000000    
   0.00000000    
   0.00000000    
   0.00000000    
   0.00000000    
   0.00000000    
   0.00000000    
   0.00000000    
   0.00000000    
   0.00000000    
   0.00000000    
   0.00000000    
   0.00000000    
   0.00000000    
   0.00000000    
   0.00000000    
   0.00000000    
   0.00000000    
   0.00000000    
   0.00000000    
   0.00000000    
   0.00000000    
   0.00000000    
   0.00000000    
   0.00000000    
   0.00000000    
   0.00000000    
   0.00000000    
   0.00000000    
   0.00000000    
   0.00000000    
   0.00000000    
   0.00000000    
   0.00000000    
   0.00000000    
   0.00000000    
   0.00000000    
   0.00000000    
   0.00000000    
   0.00000000    
   0.00000000    
   0.00000000    
   0.00000000    
   0.00000000    
   0.00000000    
   0.00000000    
   0.00000000    
   0.00000000    
   0.00000000    
   0.00000000    
   0.00000000    
   0.00000000    
   0.00000000    
   0.00000000    
   0.00000000    
   0.00000000    
   0.00000000    
   0.00000000    
   0.00000000    
   0.00000000    
   0.00000000    
   0.00000000    
   0.00000000    
   0.00000000    
   0.00000000    
   0.00000000    
   0.00000000    
   0.00000000    
   0.00000000    
   0.00000000    
   0.00000000    
   0.00000000    
   9.99242347E-03
   9.99242347E-03
   0.00000000    
   0.00000000    
   0.00000000    
   0.00000000    
   0.00000000    
   0.00000000    
   0.00000000    
   0.00000000    
   0.00000000    
   0.00000000    
   0.00000000    
   0.00000000    
   0.00000000    
   0.00000000    
   0.00000000    
   1.24356919E-03
  0.107854731    
  0.107854731    
   1.24356919E-03
   0.00000000    
   0.00000000    
   0.00000000    
   0.00000000    
   0.00000000    
   0.00000000    
   0.00000000    
   0.00000000    
   0.00000000    
   0.00000000    
   0.00000000    
   0.00000000    
   0.00000000    
   0.00000000    
   8.42927247E-02
   5.02000339E-02
   5.02000339E-02
   8.42927247E-02
   0.00000000    
   0.00000000    
   0.00000000    
   0.00000000    
   0.00000000    
   0.00000000    
   0.00000000    
   0.00000000    
   0.00000000    
   0.00000000    
   0.00000000    
   0.00000000    
   0.00000000    
   5.30915707E-02
   8.16762224E-02
   0.00000000    
   0.00000000    
   8.16762224E-02
   5.30915707E-02
   0.00000000    
   0.00000000    
   0.00000000    
   0.00000000    
   0.00000000    
   0.00000000    
   0.00000000    
   0.00000000    
   0.00000000    
   0.00000000    
   0.00000000    
   0.00000000    
   5.26044928E-02
   8.16132352E-02
   0.00000000    
   0.00000000    
   8.16132352E-02
   5.26044928E-02
   0.00000000    
   0.00000000    
   0.00000000    
   0.00000000    
   0.00000000    
   0.00000000    
   0.00000000    
   0.00000000    
   0.00000000    
   0.00000000    
   0.00000000    
   0.00000000    
   0.00000000    
   8.42927247E-02
   5.02000339E-02
   5.02000339E-02
   8.42927247E-02
   0.00000000    
   0.00000000    
   0.00000000    
   0.00000000    
   0.00000000    
   0.00000000    
   0.00000000    
   0.00000000    
   0.00000000    
   0.00000000    
   0.00000000    
   0.00000000    
   0.00000000    
   0.00000000    
   1.24356919E-03
  0.107854731    
  0.107854731    
   1.24356919E-03
   0.00000000    
   0.00000000    
   0.00000000    
   0.00000000    
   0.00000000    
   0.00000000    
   0.00000000    
   0.00000000    
   0.00000000    
   0.00000000    
   0.00000000    
   0.00000000    
   0.00000000    
   0.00000000    
   0.00000000    
   9.99242347E-03
   9.99242347E-03
   0.00000000    
   0.00000000    
   0.00000000    
   0.00000000    
   0.00000000    
   0.00000000    
   0.00000000    
   0.00000000    
   0.00000000    
   0.00000000    
   0.00000000    
   0.00000000    
   0.00000000    
   0.00000000    
   0.00000000    
   0.00000000    
   0.00000000    
   0.00000000    
   0.00000000    
   0.00000000    
   0.00000000    
   0.00000000    
   0.00000000    
   0.00000000    
   0.00000000    
   0.00000000    
   0.00000000    
   0.00000000    
   0.00000000    
   0.00000000    
   0.00000000    
   0.00000000    
   0.00000000    
   0.00000000    
   0.00000000    
   0.00000000    
   0.00000000    
   0.00000000    
   0.00000000    
   0.00000000    
   0.00000000    
   0.00000000    
   0.00000000    
   0.00000000    
   0.00000000    
   0.00000000    
   0.00000000    
   0.00000000    
   0.00000000    
   0.00000000    
   0.00000000    
   0.00000000    
   0.00000000    
   0.00000000    
   0.00000000    
   0.00000000    
   0.00000000    
   0.00000000    
   0.00000000    
   0.00000000    
   0.00000000    
   0.00000000    
   0.00000000    
   0.00000000    
   0.00000000    
   0.00000000    
   0.00000000    
   0.00000000    
   0.00000000    
   0.00000000    
   0.00000000    
   0.00000000    
   0.00000000    
   0.00000000    
   0.00000000    
   0.00000000    
   0.00000000    
   0.00000000    
   0.00000000    
   0.00000000    
   0.00000000    
   0.00000000    
   0.00000000    
   0.00000000    
   0.00000000    
   0.00000000    
   0.00000000    
   0.00000000    
   0.00000000    
   0.00000000    
   0.00000000    
   0.00000000    
   0.00000000    
   0.00000000    
   0.00000000    
   0.00000000    
   0.00000000    
   0.00000000    
   0.00000000    
   0.00000000    
   0.00000000    
   0.00000000    
   0.00000000    
   0.00000000    
   0.00000000    
   0.00000000    
   0.00000000    
   0.00000000    
   0.00000000    
   0.00000000    
   0.00000000    
   0.00000000    
   0.00000000    
   0.00000000    
   0.00000000    
   0.00000000    
   0.00000000    
   0.00000000    
   0.00000000    
   0.00000000    
   0.00000000    
   0.00000000    
   0.00000000    
   0.00000000    
   0.00000000    
   0.00000000    
   0.00000000    
   0.00000000    
   0.00000000    
   0.00000000    
   0.00000000    
   0.00000000    
   0.00000000    
   0.00000000    
   0.00000000    
   0.00000000    
   0.00000000    
   0.00000000    
   0.00000000    
   0.00000000    
   0.00000000    
   0.00000000    
   0.00000000    
   0.00000000    
   0.00000000    
   0.00000000    
   0.00000000    
   0.00000000    
   0.00000000    
   0.00000000    
   0.00000000    
   0.00000000    
   0.00000000    
   0.00000000    
   0.00000000    
   0.00000000    
   0.00000000    
   0.00000000    
   0.00000000    
   0.00000000    
   0.00000000    
   0.00000000    
   0.00000000    
   0.00000000    
   0.00000000    
   0.00000000    
   0.00000000    
   0.00000000    
   0.00000000    
   0.00000000    
   0.00000000    
   0.00000000    
   0.00000000    
   0.00000000    
   0.00000000    
   0.00000000    
   0.00000000    
   0.00000000    
   0.00000000    
   0.00000000    
   0.00000000    
   0.00000000    
   0.00000000    
   0.00000000    
   0.00000000    
   0.00000000    
   0.00000000    
   0.00000000    
   0.00000000    
   0.00000000    
   0.00000000    
   0.00000000    
   0.00000000    
   0.00000000    
   0.00000000    
   0.00000000    
   0.00000000    
   0.00000000    
   0.00000000    
   0.00000000    
   0.00000000    
   0.00000000    
   0.00000000    
   0.00000000    
   0.00000000    
   0.00000000    
   0.00000000    
   0.00000000    
   0.00000000    
   0.00000000    
   0.00000000    
   0.00000000    
   0.00000000    
   0.00000000    
   9.99242347E-03
   9.99242347E-03
   0.00000000    
   0.00000000    
   0.00000000    
   0.00000000    
   0.00000000    
   0.00000000    
   0.00000000    
   0.00000000    
   0.00000000    
   0.00000000    
   0.00000000    
   0.00000000    
   0.00000000    
   0.00000000    
   0.00000000    
   1.24356919E-03
   9.97391939E-02
   9.97391939E-02
   1.24356919E-03
   0.00000000    
   0.00000000    
   0.00000000    
   0.00000000    
   0.00000000    
   0.00000000    
   0.00000000    
   0.00000000    
   0.00000000    
   0.00000000    
   0.00000000    
   0.00000000    
   0.00000000    
   0.00000000    
   7.71069080E-02
  0.102634668    
  0.102634668    
   7.71069080E-02
   0.00000000    
   0.00000000    
   0.00000000    
   0.00000000    
   0.00000000    
   0.00000000    
   0.00000000    
   0.00000000    
   0.00000000    
   0.00000000    
   0.00000000    
   0.00000000    
   0.00000000    
   0.00000000    
   7.67829418E-02
  0.102634668    
  0.102634668    
   7.67829418E-02
   0.00000000    
   0.00000000    
   0.00000000    
   0.00000000    
   0.00000000    
   0.00000000    
   0.00000000    
   0.00000000    
   0.00000000    
   0.00000000    
   0.00000000    
   0.00000000    
   0.00000000    
   0.00000000    
   1.24356919E-03
   9.97391939E-02
   9.97391939E-02
   1.24356919E-03
   0.00000000    
   0.00000000    
   0.00000000    
   0.00000000    
   0.00000000    
   0.00000000    
   0.00000000    
   0.00000000    
   0.00000000    
   0.00000000    
   0.00000000    
   0.00000000    
   0.00000000    
   0.00000000    
   0.00000000    
   9.99242347E-03
   9.99242347E-03
   0.00000000    
   0.00000000    
   0.00000000    
   0.00000000    
   0.00000000    
   0.00000000    
   0.00000000    
   0.00000000    
   0.00000000    
   0.00000000    
   0.00000000    
   0.00000000    
   0.00000000    
   0.00000000    
   0.00000000    
   0.00000000    
   0.00000000    
   0.00000000    
   0.00000000    
   0.00000000    
   0.00000000    
   0.00000000    
   0.00000000    
   0.00000000    
   0.00000000    
   0.00000000    
   0.00000000    
   0.00000000    
   0.00000000    
   0.00000000    
   0.00000000    
   0.00000000    
   0.00000000    
   0.00000000    
   0.00000000    
   0.00000000    
   0.00000000    
   0.00000000    
   0.00000000    
   0.00000000    
   0.00000000    
   0.00000000    
   0.00000000    
   0.00000000    
   0.00000000    
   0.00000000    
   0.00000000    
   0.00000000    
   0.00000000    
   0.00000000    
   0.00000000    
   0.00000000    
   0.00000000    
   0.00000000    
   0.00000000    
   0.00000000    
   0.00000000    
   0.00000000    
   0.00000000    
   0.00000000    
   0.00000000    
   0.00000000    
   0.00000000    
   0.00000000    
   0.00000000    
   0.00000000    
   0.00000000    
   0.00000000    
   0.00000000    
   0.00000000    
   0.00000000    
   0.00000000    
   0.00000000    
   0.00000000    
   0.00000000    
   0.00000000    
   0.00000000    
   0.00000000    
   0.00000000    
   0.00000000    
   0.00000000    
   0.00000000    
   0.00000000    
   0.00000000    
   0.00000000    
   0.00000000    
   0.00000000    
   0.00000000    
   0.00000000    
   0.00000000    
   0.00000000    
   0.00000000    
   0.00000000    
   0.00000000    
   0.00000000    
   0.00000000    
   0.00000000    
   0.00000000    
   0.00000000    
   0.00000000    
   0.00000000    
   0.00000000    
   0.00000000    
   0.00000000    
   0.00000000    
   0.00000000    
   0.00000000    
   0.00000000    
   0.00000000    
   0.00000000    
   0.00000000    
   0.00000000    
   0.00000000    
   0.00000000    
   0.00000000    
   0.00000000    
   0.00000000    
   0.00000000    
   0.00000000    
   0.00000000    
   0.00000000    
   0.00000000    
   0.00000000    
   0.00000000    
   0.00000000    
   0.00000000    
   0.00000000    
   0.00000000    
   0.00000000    
   0.00000000    
   0.00000000    
   0.00000000    
   0.00000000    
   0.00000000    
   0.00000000    
   0.00000000    
   0.00000000    
   0.00000000    
   0.00000000    
   0.00000000    
   0.00000000    
   0.00000000    
   0.00000000    
   0.00000000    
   0.00000000    
   0.00000000    
   0.00000000    
   0.00000000    
   0.00000000    
   0.00000000    
   0.00000000    
   0.00000000    
   0.00000000    
   0.00000000    
   0.00000000    
   0.00000000    
   0.00000000    
   0.00000000    
   0.00000000    
   0.00000000    
   0.00000000    
   0.00000000    
   0.00000000    
   0.00000000    
   0.00000000    
   0.00000000    
   0.00000000    
   0.00000000    
   0.00000000    
   0.00000000    
   0.00000000    
   0.00000000    
   0.00000000    
   0.00000000    
   0.00000000    
   0.00000000    
   0.00000000    
   0.00000000    
   0.00000000    
   0.00000000    
   0.00000000    
   0.00000000    
   0.00000000    
   0.00000000    
   0.00000000    
   0.00000000    
   0.00000000    
   0.00000000    
   0.00000000    
   0.00000000    
   0.00000000    
   0.00000000    
   0.00000000    
   0.00000000    
   0.00000000    
   0.00000000    
   0.00000000    
   0.00000000    
   0.00000000    
   0.00000000    
   0.00000000    
   0.00000000    
   0.00000000    
   0.00000000    
   0.00000000    
   0.00000000    
   0.00000000    
   0.00000000    
   0.00000000    
   0.00000000    
   0.00000000    
   0.00000000    
   0.00000000    
   0.00000000    
   0.00000000    
   0.00000000    
   0.00000000    
   0.00000000    
   0.00000000    
   0.00000000    
   0.00000000    
   0.00000000    
   0.00000000    
   0.00000000    
   0.00000000    
   0.00000000    
   0.00000000    
   0.00000000    
   0.00000000    
   0.00000000    
   0.00000000    
   0.00000000    
   0.00000000    
   0.00000000    
   0.00000000    
   0.00000000    
   0.00000000    
   0.00000000    
   0.00000000    
   0.00000000    
   0.00000000    
   0.00000000    
   0.00000000    
   0.00000000    
   0.00000000    
   0.00000000    
   0.00000000    
   0.00000000    
   0.00000000    
   0.00000000    
   0.00000000    
   0.00000000    
   0.00000000    
   0.00000000    
   0.00000000    
   0.00000000    
   0.00000000    
   0.00000000    
   0.00000000    
   0.00000000    
   0.00000000    
   0.00000000    
   0.00000000    
   0.00000000    
   0.00000000    
   0.00000000    
   0.00000000    
   0.00000000    
   0.00000000    
   0.00000000    
   0.00000000    
   0.00000000    
   0.00000000    
   0.00000000    
   0.00000000    
   0.00000000    
   0.00000000    
   0.00000000    
   0.00000000    
   0.00000000    
   0.00000000    
   0.00000000    
   0.00000000    
   0.00000000    
   0.00000000    
   0.00000000    
   0.00000000    
   0.00000000    
   0.00000000    
   0.00000000    
   0.00000000    
   0.00000000    
   0.00000000    
   0.00000000    
   0.00000000    
   0.00000000    
   0.00000000    
   0.00000000    
   0.00000000    
   0.00000000    
   0.00000000    
   0.00000000    
   0.00000000    
   0.00000000    
   0.00000000    
   0.00000000    
   0.00000000    
   0.00000000    
   0.00000000    
   0.00000000    
   0.00000000    
   0.00000000    
   0.00000000    
   0.00000000    
   0.00000000    
   0.00000000    
   0.00000000    
   0.00000000    
   0.00000000    
   0.00000000    
   0.00000000    
   0.00000000    
   0.00000000    
   0.00000000    
   0.00000000    
   0.00000000    
   0.00000000    
   0.00000000    
   0.00000000    
   0.00000000    
   0.00000000    
   0.00000000    
   0.00000000    
   0.00000000    
   0.00000000    
   0.00000000    
   0.00000000    
   0.00000000    
   0.00000000    
   0.00000000    
   0.00000000    
   0.00000000    
   0.00000000    
   0.00000000    
   0.00000000    
   0.00000000    
   0.00000000    
   0.00000000    
   0.00000000    
   0.00000000    
   0.00000000    
   0.00000000    
   0.00000000    
   0.00000000    
   0.00000000    
   0.00000000    
   0.00000000    
   0.00000000    
   0.00000000    
   0.00000000    
   0.00000000    
   0.00000000    
   0.00000000    
   0.00000000    
   0.00000000    
   0.00000000    
   0.00000000    
   0.00000000    
   0.00000000    
   0.00000000    
   0.00000000    
   0.00000000    
   0.00000000    
   0.00000000    
   0.00000000    
   0.00000000    
   0.00000000    
   0.00000000    
   0.00000000    
   0.00000000    
   0.00000000    
   0.00000000    
   0.00000000    
   0.00000000    
   0.00000000    
   0.00000000    
   0.00000000    
   0.00000000    
   0.00000000    
   0.00000000    
   0.00000000    
   0.00000000    
   0.00000000    
   0.00000000    
   0.00000000    
   0.00000000    
   0.00000000    
   0.00000000    
   0.00000000    
   0.00000000    
   0.00000000    
   0.00000000    
   0.00000000    
   0.00000000    
   0.00000000    
   0.00000000    
   0.00000000    
   0.00000000    
   0.00000000    
   0.00000000    
   0.00000000    
   0.00000000    
   0.00000000    
   0.00000000    
   0.00000000    
   0.00000000    
   0.00000000    
   0.00000000    
   0.00000000    
   0.00000000    
   0.00000000    
   0.00000000    
   0.00000000    
   0.00000000    
   0.00000000    
   0.00000000    
   0.00000000    
   0.00000000    
   0.00000000    
   0.00000000    
   0.00000000    
   0.00000000    
   0.00000000    
   0.00000000    
   0.00000000    
   0.00000000    
   0.00000000    
   0.00000000    
   0.00000000    
   0.00000000    
  0.102634668    
   7.71069080E-02
   0.00000000    
   0.00000000    
   0.00000000    
   0.00000000    
   0.00000000    
   0.00000000    
   0.00000000    
   0.00000000    
   0.00000000    
   0.00000000    
   0.00000000    
   0.00000000    
   0.00000000    
   0.00000000    
   7.71069080E-02
  0.102634668    
   9.97391939E-02
   1.24356919E-03
   0.00000000    
   0.00000000    
   0.00000000    
   0.00000000    
   0.00000000    
   0.00000000    
   0.00000000    
   0.00000000    
   0.00000000    
   0.00000000    
   0.00000000    
   0.00000000    
   0.00000000    
   0.00000000    
   1.24356919E-03
   9.97391939E-02
   9.99242347E-03
   0.00000000    
   0.00000000    
   0.00000000    
   0.00000000    
   0.00000000    
   0.00000000    
   0.00000000    
   0.00000000    
   0.00000000    
   0.00000000    
   0.00000000    
   0.00000000    
   0.00000000    
   0.00000000    
   0.00000000    
   0.00000000    
   9.99242347E-03
   0.00000000    
   0.00000000    
   0.00000000    
   0.00000000    
   0.00000000    
   0.00000000    
   0.00000000    
   0.00000000    
   0.00000000    
   0.00000000    
   0.00000000    
   0.00000000    
   0.00000000    
   0.00000000    
   0.00000000    
   0.00000000    
   0.00000000    
   0.00000000    
   0.00000000    
   0.00000000    
   0.00000000    
   0.00000000    
   0.00000000    
   0.00000000    
   0.00000000    
   0.00000000    
   0.00000000    
   0.00000000    
   0.00000000    
   0.00000000    
   0.00000000    
   0.00000000    
   0.00000000    
   0.00000000    
   0.00000000    
   0.00000000    
   0.00000000    
   0.00000000    
   0.00000000    
   0.00000000    
   0.00000000    
   0.00000000    
   0.00000000    
   0.00000000    
   0.00000000    
   0.00000000    
   0.00000000    
   0.00000000    
   0.00000000    
   0.00000000    
   0.00000000    
   0.00000000    
   0.00000000    
   0.00000000    
   0.00000000    
   0.00000000    
   0.00000000    
   0.00000000    
   0.00000000    
   0.00000000    
   0.00000000    
   0.00000000    
   0.00000000    
   0.00000000    
   0.00000000    
   0.00000000    
   0.00000000    
   0.00000000    
   0.00000000    
   0.00000000    
   0.00000000    
   0.00000000    
   0.00000000    
   0.00000000    
   0.00000000    
   0.00000000    
   0.00000000    
   0.00000000    
   0.00000000    
   0.00000000    
   0.00000000    
   0.00000000    
   0.00000000    
   0.00000000    
   0.00000000    
   0.00000000    
   0.00000000    
   0.00000000    
   0.00000000    
   0.00000000    
   0.00000000    
   0.00000000    
   0.00000000    
   0.00000000    
   0.00000000    
   0.00000000    
   0.00000000    
   0.00000000    
   0.00000000    
   0.00000000    
   0.00000000    
   0.00000000    
   0.00000000    
   0.00000000    
   0.00000000    
   0.00000000    
   0.00000000    
   0.00000000    
   0.00000000    
   0.00000000    
   0.00000000    
   0.00000000    
   0.00000000    
   0.00000000    
   0.00000000    
   0.00000000    
   0.00000000    
   0.00000000    
   0.00000000    
   0.00000000    
   0.00000000    
   0.00000000    
   0.00000000    
   0.00000000    
   0.00000000    
   0.00000000    
   0.00000000    
   0.00000000    
   0.00000000    
   0.00000000    
   0.00000000    
   0.00000000    
   0.00000000    
   0.00000000    
   0.00000000    
   0.00000000    
   0.00000000    
   0.00000000    
   0.00000000    
   0.00000000    
   0.00000000    
   0.00000000    
   0.00000000    
   0.00000000    
   0.00000000    
   0.00000000    
   0.00000000    
   0.00000000    
   0.00000000    
   0.00000000    
   0.00000000    
   0.00000000    
   0.00000000    
   0.00000000    
   0.00000000    
   0.00000000    
   0.00000000    
   0.00000000    
   0.00000000    
   0.00000000    
   0.00000000    
   0.00000000    
   0.00000000    
   0.00000000    
   0.00000000    
   0.00000000    
   0.00000000    
   0.00000000    
   0.00000000    
   0.00000000    
   0.00000000    
   0.00000000    
   0.00000000    
   0.00000000    
   0.00000000    
   0.00000000    
   0.00000000    
   0.00000000    
   0.00000000    
   0.00000000    
   0.00000000    
   0.00000000    
   0.00000000    
   0.00000000    
   0.00000000    
   0.00000000    
   0.00000000    
   0.00000000    
   0.00000000    
   0.00000000    
   0.00000000    
   0.00000000    
   0.00000000    
   0.00000000    
   0.00000000    
   0.00000000    
   0.00000000    
   0.00000000    
   0.00000000    
   0.00000000    
   0.00000000    
   0.00000000    
   0.00000000    
   0.00000000    
   0.00000000    
   0.00000000    
   0.00000000    
   0.00000000    
   0.00000000    
   0.00000000    
   0.00000000    
   0.00000000    
   0.00000000    
   0.00000000    
   0.00000000    
   0.00000000    
   9.99242347E-03
   0.00000000    
   0.00000000    
   0.00000000    
   0.00000000    
   0.00000000    
   0.00000000    
   0.00000000    
   0.00000000    
   0.00000000    
   0.00000000    
   0.00000000    
   0.00000000    
   0.00000000    
   0.00000000    
   0.00000000    
   0.00000000    
   9.99242347E-03
   9.97391939E-02
   1.24356919E-03
   0.00000000    
   0.00000000    
   0.00000000    
   0.00000000    
   0.00000000    
   0.00000000    
   0.00000000    
   0.00000000    
   0.00000000    
   0.00000000    
   0.00000000    
   0.00000000    
   0.00000000    
   0.00000000    
   1.24356919E-03
   9.97391939E-02
  0.102634668    
   7.67829418E-02
   0.00000000    
   0.00000000    
   0.00000000    
   0.00000000    
   0.00000000    
   0.00000000    
   0.00000000    
   0.00000000    
   0.00000000    
   0.00000000    
   0.00000000    
   0.00000000    
   0.00000000    
   0.00000000    
   7.67829418E-02
  0.102634668    
   0.00000000    
   8.16762224E-02
   5.30915707E-02
   0.00000000    
   0.00000000    
   0.00000000    
   0.00000000    
   0.00000000    
   0.00000000    
   0.00000000    
   0.00000000    
   0.00000000    
   0.00000000    
   0.00000000    
   0.00000000    
   5.30915707E-02
   8.16762224E-02
   0.00000000    
   5.02000339E-02
   8.42927247E-02
   0.00000000    
   0.00000000    
   0.00000000    
   0.00000000    
   0.00000000    
   0.00000000    
   0.00000000    
   0.00000000    
   0.00000000    
   0.00000000    
   0.00000000    
   0.00000000    
   0.00000000    
   0.00000000    
   8.42927247E-02
   5.02000339E-02
  0.107854731    
   1.24356919E-03
   0.00000000    
   0.00000000    
   0.00000000    
   0.00000000    
   0.00000000    
   0.00000000    
   0.00000000    
   0.00000000    
   0.00000000    
   0.00000000    
   0.00000000    
   0.00000000    
   0.00000000    
   0.00000000    
   1.24356919E-03
  0.107854731    
   9.99242347E-03
   0.00000000    
   0.00000000    
   0.00000000    
   0.00000000    
   0.00000000    
   0.00000000    
   0.00000000    
   0.00000000    
   0.00000000    
   0.00000000    
   0.00000000    
   0.00000000    
   0.00000000    
   0.00000000    
   0.00000000    
   0.00000000    
   9.99242347E-03
   0.00000000    
   0.00000000    
   0.00000000    
   0.00000000    
   0.00000000    
   0.00000000    
   0.00000000    
   0.00000000    
   0.00000000    
   0.00000000    
   0.00000000    
   0.00000000    
   0.00000000    
   0.00000000    
   0.00000000    
   0.00000000    
   0.00000000    
   0.00000000    
   0.00000000    
   0.00000000    
   0.00000000    
   0.00000000    
   0.00000000    
   0.00000000    
   0.00000000    
   0.00000000    
   0.00000000    
   0.00000000    
   0.00000000    
   0.00000000    
   0.00000000    
   0.00000000    
   0.00000000    
   0.00000000    
   0.00000000    
   0.00000000    
   0.00000000    
   0.00000000    
   0.00000000    
   0.00000000    
   0.00000000    
   0.00000000    
   0.00000000    
   0.00000000    
   0.00000000    
   0.00000000    
   0.00000000    
   0.00000000    
   0.00000000    
   0.00000000    
   0.00000000    
   0.00000000    
   0.00000000    
   0.00000000    
   0.00000000    
   0.00000000    
   0.00000000    
   0.00000000    
   0.00000000    
   0.00000000    
   0.00000000    
   0.00000000    
   0.00000000    
   0.00000000    
   0.00000000    
   0.00000000    
   0.00000000    
   0.00000000    
   0.00000000    
   0.00000000    
   0.00000000    
   0.00000000    
   0.00000000    
   0.00000000    
   0.00000000    
   0.00000000    
   0.00000000    
   0.00000000    
   0.00000000    
   0.00000000    
   0.00000000    
   0.00000000    
   0.00000000    
   0.00000000    
   0.00000000    
   0.00000000    
   0.00000000    
   0.00000000    
   0.00000000    
   0.00000000    
   0.00000000    
   0.00000000    
   0.00000000    
   0.00000000    
   0.00000000    
   0.00000000    
   0.00000000    
   0.00000000    
   0.00000000    
   0.00000000    
   0.00000000    
   0.00000000    
   0.00000000    
   0.00000000    
   0.00000000    
   0.00000000    
   0.00000000    
   0.00000000    
   0.00000000    
   0.00000000    
   0.00000000    
   0.00000000    
   0.00000000    
   0.00000000    
   0.00000000    
   0.00000000    
   0.00000000    
   0.00000000    
   0.00000000    
   0.00000000    
   0.00000000    
   0.00000000    
   0.00000000    
   0.00000000    
   0.00000000    
   0.00000000    
   0.00000000    
   0.00000000    
   0.00000000    
   0.00000000    
   0.00000000    
   0.00000000    
   0.00000000    
   0.00000000    
   0.00000000    
   0.00000000    
   0.00000000    
   0.00000000    
   0.00000000    
   0.00000000    
   0.00000000    
   0.00000000    
   0.00000000    
   0.00000000    
   0.00000000    
   0.00000000    
   0.00000000    
   0.00000000    
   0.00000000    
   0.00000000    
   0.00000000    
   0.00000000    
   0.00000000    
   0.00000000    
   0.00000000    
   0.00000000    
   0.00000000    
   0.00000000    
   0.00000000    
   0.00000000    
   0.00000000    
   0.00000000    
   0.00000000    
   0.00000000    
   0.00000000    
   0.00000000    
   0.00000000    
   0.00000000    
   0.00000000    
   0.00000000    
   0.00000000    
   0.00000000    
   0.00000000    
   0.00000000    
   0.00000000    
   0.00000000    
   0.00000000    
   0.00000000    
   0.00000000    
   0.00000000    
   9.99242347E-03
   0.00000000    
   0.00000000    
   0.00000000    
   0.00000000    
   0.00000000    
   0.00000000    
   0.00000000    
   0.00000000    
   0.00000000    
   0.00000000    
   0.00000000    
   0.00000000    
   0.00000000    
   0.00000000    
   0.00000000    
   0.00000000    
   9.99242347E-03
  0.107854731    
   1.24356919E-03
   0.00000000    
   0.00000000    
   0.00000000    
   0.00000000    
   0.00000000    
   0.00000000    
   0.00000000    
   0.00000000    
   0.00000000    
   0.00000000    
   0.00000000    
   0.00000000    
   0.00000000    
   0.00000000    
   1.24356919E-03
  0.107854731    
   5.02000339E-02
   8.42927247E-02
   0.00000000    
   0.00000000    
   0.00000000    
   0.00000000    
   0.00000000    
   0.00000000    
   0.00000000    
   0.00000000    
   0.00000000    
   0.00000000    
   0.00000000    
   0.00000000    
   0.00000000    
   0.00000000    
   8.42927247E-02
   5.02000339E-02
   0.00000000    
   8.16132352E-02
   5.26044928E-02
   0.00000000    
   0.00000000    
   0.00000000    
   0.00000000    
   0.00000000    
   0.00000000    
   0.00000000    
   0.00000000    
   0.00000000    
   0.00000000    
   0.00000000    
   0.00000000    
   5.26044928E-02
   8.16132352E-02
   0.00000000    
   0.00000000    
   8.66167538E-04
  0.115574874    
   0.00000000    
   0.00000000    
   0.00000000    
   0.00000000    
   0.00000000    
   0.00000000    
   0.00000000    
   0.00000000    
   0.00000000    
   0.00000000    
   0.00000000    
   0.00000000    
  0.115574874    
   8.66167538E-04
   0.00000000    
   0.00000000    
   8.16447288E-02
   5.28480336E-02
   0.00000000    
   0.00000000    
   0.00000000    
   0.00000000    
   0.00000000    
   0.00000000    
   0.00000000    
   0.00000000    
   0.00000000    
   0.00000000    
   0.00000000    
   0.00000000    
   5.28480336E-02
   8.16447288E-02
   0.00000000    
   5.02000339E-02
   8.42927247E-02
   0.00000000    
   0.00000000    
   0.00000000    
   0.00000000    
   0.00000000    
   0.00000000    
   0.00000000    
   0.00000000    
   0.00000000    
   0.00000000    
   0.00000000    
   0.00000000    
   0.00000000    
   0.00000000    
   8.42927247E-02
   5.02000339E-02
   9.97391939E-02
   1.24356919E-03
   0.00000000    
   0.00000000    
   0.00000000    
   0.00000000    
   0.00000000    
   0.00000000    
   0.00000000    
   0.00000000    
   0.00000000    
   0.00000000    
   0.00000000    
   0.00000000    
   0.00000000    
   0.00000000    
   1.24356919E-03
   9.97391939E-02
   0.00000000    
   0.00000000    
   0.00000000    
   0.00000000    
   0.00000000    
   0.00000000    
   0.00000000    
   0.00000000    
   0.00000000    
   0.00000000    
   0.00000000    
   0.00000000    
   0.00000000    
   0.00000000    
   0.00000000    
   0.00000000    
   0.00000000    
   0.00000000    
   0.00000000    
   0.00000000    
   0.00000000    
   0.00000000    
   0.00000000    
   0.00000000    
   0.00000000    
   0.00000000    
   0.00000000    
   0.00000000    
   0.00000000    
   0.00000000    
   0.00000000    
   0.00000000    
   0.00000000    
   0.00000000    
   0.00000000    
   0.00000000    
   0.00000000    
   0.00000000    
   0.00000000    
   0.00000000    
   0.00000000    
   0.00000000    
   0.00000000    
   0.00000000    
   0.00000000    
   0.00000000    
   0.00000000    
   0.00000000    
   0.00000000    
   0.00000000    
   0.00000000    
   0.00000000    
   0.00000000    
   0.00000000    
   0.00000000    
   0.00000000    
   0.00000000    
   0.00000000    
   0.00000000    
   0.00000000    
   0.00000000    
   0.00000000    
   0.00000000    
   0.00000000    
   0.00000000    
   0.00000000    
   0.00000000    
   0.00000000    
   0.00000000    
   0.00000000    
   0.00000000    
   0.00000000    
   0.00000000    
   0.00000000    
   0.00000000    
   0.00000000    
   0.00000000    
   0.00000000    
   0.00000000    
   0.00000000    
   0.00000000    
   0.00000000    
   0.00000000    
   0.00000000    
   0.00000000    
   0.00000000    
   0.00000000    
   0.00000000    
   0.00000000    
   0.00000000    
   0.00000000    
   0.00000000    
   0.00000000    
   0.00000000    
   0.00000000    
   0.00000000    
   0.00000000    
   0.00000000    
   0.00000000    
   0.00000000    
   0.00000000    
   0.00000000    
   0.00000000    
   0.00000000    
   0.00000000    
   0.00000000    
   0.00000000    
   0.00000000    
   0.00000000    
   0.00000000    
   0.00000000    
   0.00000000    
   0.00000000    
   0.00000000    
   0.00000000    
   0.00000000    
   0.00000000    
   0.00000000    
   0.00000000    
   0.00000000    
   0.00000000    
   0.00000000    
   0.00000000    
   0.00000000    
   0.00000000    
   0.00000000    
   0.00000000    
   0.00000000    
   0.00000000    
   0.00000000    
   0.00000000    
   0.00000000    
   0.00000000    
   0.00000000    
   0.00000000    
   0.00000000    
   0.00000000    
   0.00000000    
   0.00000000    
   0.00000000    
   0.00000000    
   0.00000000    
   0.00000000    
   0.00000000    
   0.00000000    
   0.00000000    
   0.00000000    
   0.00000000    
   0.00000000    
   0.00000000    
   0.00000000    
   0.00000000    
   0.00000000    
   0.00000000    
   0.00000000    
   0.00000000    
   0.00000000    
   0.00000000    
   0.00000000    
   0.00000000    
   0.00000000    
   0.00000000    
   0.00000000    
   0.00000000    
   0.00000000    
   0.00000000    
   0.00000000    
   0.00000000    
   0.00000000    
   0.00000000    
   0.00000000    
   0.00000000    
   0.00000000    
   0.00000000    
   0.00000000    
   0.00000000    
   0.00000000    
   0.00000000    
   0.00000000    
   0.00000000    
   9.97391939E-02
   1.24356919E-03
   0.00000000    
   0.00000000    
   0.00000000    
   0.00000000    
   0.00000000    
   0.00000000    
   0.00000000    
   0.00000000    
   0.00000000    
   0.00000000    
   0.00000000    
   0.00000000    
   0.00000000    
   0.00000000    
   1.24356919E-03
   9.97391939E-02
   5.02000339E-02
   8.42927247E-02
   0.00000000    
   0.00000000    
   0.00000000    
   0.00000000    
   0.00000000    
   0.00000000    
   0.00000000    
   0.00000000    
   0.00000000    
   0.00000000    
   0.00000000    
   0.00000000    
   0.00000000    
   0.00000000    
   8.42927247E-02
   5.02000339E-02
   0.00000000    
   8.16447288E-02
   5.28480336E-02
   0.00000000    
   0.00000000    
   0.00000000    
   0.00000000    
   0.00000000    
   0.00000000    
   0.00000000    
   0.00000000    
   0.00000000    
   0.00000000    
   0.00000000    
   0.00000000    
   5.28480336E-02
   8.16447288E-02
   0.00000000    
   0.00000000    
   8.66167538E-04
  0.115462385    
   0.00000000    
   0.00000000    
   0.00000000    
   0.00000000    
   0.00000000    
   0.00000000    
   0.00000000    
   0.00000000    
   0.00000000    
   0.00000000    
   0.00000000    
   0.00000000    
  0.115462385    
   8.66167538E-04
   0.00000000    
   0.00000000    
   0.00000000    
   7.85968304E-02
   0.00000000    
   0.00000000    
   0.00000000    
   0.00000000    
   0.00000000    
   0.00000000    
   0.00000000    
   0.00000000    
   0.00000000    
   0.00000000    
   0.00000000    
   0.00000000    
   7.85968304E-02
   0.00000000    
   0.00000000    
   0.00000000    
   8.66167538E-04
  0.115462385    
   0.00000000    
   0.00000000    
   0.00000000    
   0.00000000    
   0.00000000    
   0.00000000    
   0.00000000    
   0.00000000    
   0.00000000    
   0.00000000    
   0.00000000    
   0.00000000    
  0.115462385    
   8.66167538E-04
   0.00000000    
   0.00000000    
   8.16132352E-02
   5.26044928E-02
   0.00000000    
   0.00000000    
   0.00000000    
   0.00000000    
   0.00000000    
   0.00000000    
   0.00000000    
   0.00000000    
   0.00000000    
   0.00000000    
   0.00000000    
   0.00000000    
   5.26044928E-02
   8.16132352E-02
   0.00000000    
  0.102634668    
   7.67829418E-02
   0.00000000    
   0.00000000    
   0.00000000    
   0.00000000    
   0.00000000    
   0.00000000    
   0.00000000    
   0.00000000    
   0.00000000    
   0.00000000    
   0.00000000    
   0.00000000    
   0.00000000    
   0.00000000    
   7.67829418E-02
  0.102634668    
   0.00000000    
   0.00000000    
   0.00000000    
   0.00000000    
   0.00000000    
   0.00000000    
   0.00000000    
   0.00000000    
   0.00000000    
   0.00000000    
   0.00000000    
   0.00000000    
   0.00000000    
   0.00000000    
   0.00000000    
   0.00000000    
   0.00000000    
   0.00000000    
   0.00000000    
   0.00000000    
   0.00000000    
   0.00000000    
   0.00000000    
   0.00000000    
   0.00000000    
   0.00000000    
   0.00000000    
   0.00000000    
   0.00000000    
   0.00000000    
   0.00000000    
   0.00000000    
   0.00000000    
   0.00000000    
   0.00000000    
   0.00000000    
   0.00000000    
   0.00000000    
   0.00000000    
   0.00000000    
   0.00000000    
   0.00000000    
   0.00000000    
   0.00000000    
   0.00000000    
   0.00000000    
   0.00000000    
   0.00000000    
   0.00000000    
   0.00000000    
   0.00000000    
   0.00000000    
   0.00000000    
   0.00000000    
   0.00000000    
   0.00000000    
   0.00000000    
   0.00000000    
   0.00000000    
   0.00000000    
   0.00000000    
   0.00000000    
   0.00000000    
   0.00000000    
   0.00000000    
   0.00000000    
   0.00000000    
   0.00000000    
   0.00000000    
   0.00000000    
   0.00000000    
   0.00000000    
   0.00000000    
   0.00000000    
   0.00000000    
   0.00000000    
   0.00000000    
   0.00000000    
   0.00000000    
   0.00000000    
   0.00000000    
   0.00000000    
   0.00000000    
   0.00000000    
   0.00000000    
   0.00000000    
   0.00000000    
   0.00000000    
   0.00000000    
   0.00000000    
   0.00000000    
   0.00000000    
   0.00000000    
   0.00000000    
   0.00000000    
   0.00000000    
   0.00000000    
   0.00000000    
   0.00000000    
   0.00000000    
   0.00000000    
   0.00000000    
   0.00000000    
   0.00000000    
   0.00000000    
   0.00000000    
   0.00000000    
   0.00000000    
   0.00000000    
   0.00000000    
   0.00000000    
   0.00000000    
   0.00000000    
   0.00000000    
   0.00000000    
   0.00000000    
   0.00000000    
   0.00000000    
   0.00000000    
   0.00000000    
   0.00000000    
   0.00000000    
   0.00000000    
   0.00000000    
   0.00000000    
   0.00000000    
   0.00000000    
   0.00000000    
   0.00000000    
   0.00000000    
   0.00000000    
   0.00000000    
   0.00000000    
   0.00000000    
   0.00000000    
   0.00000000    
   0.00000000    
   0.00000000    
   0.00000000    
   0.00000000    
   0.00000000    
   0.00000000    
   0.00000000    
   0.00000000    
   0.00000000    
   0.00000000    
   0.00000000    
   0.00000000    
   0.00000000    
   0.00000000    
   0.00000000    
   0.00000000    
   0.00000000    
   0.00000000    
   0.00000000    
   0.00000000    
   0.00000000    
   0.00000000    
   0.00000000    
   0.00000000    
   0.00000000    
   0.00000000    
   0.00000000    
   0.00000000    
   0.00000000    
   0.00000000    
   0.00000000    
   0.00000000    
   0.00000000    
   0.00000000    
   0.00000000    
   0.00000000    
   0.00000000    
   0.00000000    
   0.00000000    
   0.00000000    
   0.00000000    
   0.00000000    
   0.00000000    
   0.00000000    
  0.102634668    
   7.67829418E-02
   0.00000000    
   0.00000000    
   0.00000000    
   0.00000000    
   0.00000000    
   0.00000000    
   0.00000000    
   0.00000000    
   0.00000000    
   0.00000000    
   0.00000000    
   0.00000000    
   0.00000000    
   0.00000000    
   7.67829418E-02
  0.102634668    
   0.00000000    
   8.16132352E-02
   5.26044928E-02
   0.00000000    
   0.00000000    
   0.00000000    
   0.00000000    
   0.00000000    
   0.00000000    
   0.00000000    
   0.00000000    
   0.00000000    
   0.00000000    
   0.00000000    
   0.00000000    
   5.26044928E-02
   8.16132352E-02
   0.00000000    
   0.00000000    
   8.66167538E-04
  0.115462385    
   0.00000000    
   0.00000000    
   0.00000000    
   0.00000000    
   0.00000000    
   0.00000000    
   0.00000000    
   0.00000000    
   0.00000000    
   0.00000000    
   0.00000000    
   0.00000000    
  0.115462385    
   8.66167538E-04
   0.00000000    
   0.00000000    
   0.00000000    
   7.85968304E-02
   0.00000000    
   0.00000000    
   0.00000000    
   0.00000000    
   0.00000000    
   0.00000000    
   0.00000000    
   0.00000000    
   0.00000000    
   0.00000000    
   0.00000000    
   0.00000000    
   7.85968304E-02
   0.00000000    
   0.00000000    
