# vtk DataFile Version 2.0
avp01
ASCII
DATASET STRUCTURED_GRID 
DIMENSIONS   19    19    19
POINTS     6859 float
   0.0000000000000000            0.0000000000000000            0.0000000000000000     
   0.0000000000000000            0.0000000000000000           0.17405958087463577     
   0.0000000000000000            0.0000000000000000           0.34811916174927154     
   0.0000000000000000            0.0000000000000000           0.52217874262390729     
   0.0000000000000000            0.0000000000000000           0.69623832349854309     
   0.0000000000000000            0.0000000000000000           0.87029790437317889     
   0.0000000000000000            0.0000000000000000            1.0443574852478146     
   0.0000000000000000            0.0000000000000000            1.2184170661224505     
   0.0000000000000000            0.0000000000000000            1.3924766469970862     
   0.0000000000000000            0.0000000000000000            1.5665362278717216     
   0.0000000000000000            0.0000000000000000            1.7405958087463578     
   0.0000000000000000            0.0000000000000000            1.9146553896209932     
   0.0000000000000000            0.0000000000000000            2.0887149704956292     
   0.0000000000000000            0.0000000000000000            2.2627745513702648     
   0.0000000000000000            0.0000000000000000            2.4368341322449010     
   0.0000000000000000            0.0000000000000000            2.6108937131195367     
   0.0000000000000000            0.0000000000000000            2.7849532939941724     
   0.0000000000000000            0.0000000000000000            2.9590128748688080     
   0.0000000000000000            0.0000000000000000            3.1330724557434433     
   0.0000000000000000           0.13924766469970859            0.0000000000000000     
   0.0000000000000000           0.13924766469970859           0.17405958087463577     
   0.0000000000000000           0.13924766469970859           0.34811916174927154     
   0.0000000000000000           0.13924766469970859           0.52217874262390729     
   0.0000000000000000           0.13924766469970859           0.69623832349854309     
   0.0000000000000000           0.13924766469970859           0.87029790437317889     
   0.0000000000000000           0.13924766469970859            1.0443574852478146     
   0.0000000000000000           0.13924766469970859            1.2184170661224505     
   0.0000000000000000           0.13924766469970859            1.3924766469970862     
   0.0000000000000000           0.13924766469970859            1.5665362278717216     
   0.0000000000000000           0.13924766469970859            1.7405958087463578     
   0.0000000000000000           0.13924766469970859            1.9146553896209932     
   0.0000000000000000           0.13924766469970859            2.0887149704956292     
   0.0000000000000000           0.13924766469970859            2.2627745513702648     
   0.0000000000000000           0.13924766469970859            2.4368341322449010     
   0.0000000000000000           0.13924766469970859            2.6108937131195367     
   0.0000000000000000           0.13924766469970859            2.7849532939941724     
   0.0000000000000000           0.13924766469970859            2.9590128748688080     
   0.0000000000000000           0.13924766469970859            3.1330724557434433     
   0.0000000000000000           0.27849532939941718            0.0000000000000000     
   0.0000000000000000           0.27849532939941718           0.17405958087463577     
   0.0000000000000000           0.27849532939941718           0.34811916174927154     
   0.0000000000000000           0.27849532939941718           0.52217874262390729     
   0.0000000000000000           0.27849532939941718           0.69623832349854309     
   0.0000000000000000           0.27849532939941718           0.87029790437317889     
   0.0000000000000000           0.27849532939941718            1.0443574852478146     
   0.0000000000000000           0.27849532939941718            1.2184170661224505     
   0.0000000000000000           0.27849532939941718            1.3924766469970862     
   0.0000000000000000           0.27849532939941718            1.5665362278717216     
   0.0000000000000000           0.27849532939941718            1.7405958087463578     
   0.0000000000000000           0.27849532939941718            1.9146553896209932     
   0.0000000000000000           0.27849532939941718            2.0887149704956292     
   0.0000000000000000           0.27849532939941718            2.2627745513702648     
   0.0000000000000000           0.27849532939941718            2.4368341322449010     
   0.0000000000000000           0.27849532939941718            2.6108937131195367     
   0.0000000000000000           0.27849532939941718            2.7849532939941724     
   0.0000000000000000           0.27849532939941718            2.9590128748688080     
   0.0000000000000000           0.27849532939941718            3.1330724557434433     
   0.0000000000000000           0.41774299409912580            0.0000000000000000     
   0.0000000000000000           0.41774299409912580           0.17405958087463577     
   0.0000000000000000           0.41774299409912580           0.34811916174927154     
   0.0000000000000000           0.41774299409912580           0.52217874262390729     
   0.0000000000000000           0.41774299409912580           0.69623832349854309     
   0.0000000000000000           0.41774299409912580           0.87029790437317889     
   0.0000000000000000           0.41774299409912580            1.0443574852478146     
   0.0000000000000000           0.41774299409912580            1.2184170661224505     
   0.0000000000000000           0.41774299409912580            1.3924766469970862     
   0.0000000000000000           0.41774299409912580            1.5665362278717216     
   0.0000000000000000           0.41774299409912580            1.7405958087463578     
   0.0000000000000000           0.41774299409912580            1.9146553896209932     
   0.0000000000000000           0.41774299409912580            2.0887149704956292     
   0.0000000000000000           0.41774299409912580            2.2627745513702648     
   0.0000000000000000           0.41774299409912580            2.4368341322449010     
   0.0000000000000000           0.41774299409912580            2.6108937131195367     
   0.0000000000000000           0.41774299409912580            2.7849532939941724     
   0.0000000000000000           0.41774299409912580            2.9590128748688080     
   0.0000000000000000           0.41774299409912580            3.1330724557434433     
   0.0000000000000000           0.55699065879883436            0.0000000000000000     
   0.0000000000000000           0.55699065879883436           0.17405958087463577     
   0.0000000000000000           0.55699065879883436           0.34811916174927154     
   0.0000000000000000           0.55699065879883436           0.52217874262390729     
   0.0000000000000000           0.55699065879883436           0.69623832349854309     
   0.0000000000000000           0.55699065879883436           0.87029790437317889     
   0.0000000000000000           0.55699065879883436            1.0443574852478146     
   0.0000000000000000           0.55699065879883436            1.2184170661224505     
   0.0000000000000000           0.55699065879883436            1.3924766469970862     
   0.0000000000000000           0.55699065879883436            1.5665362278717216     
   0.0000000000000000           0.55699065879883436            1.7405958087463578     
   0.0000000000000000           0.55699065879883436            1.9146553896209932     
   0.0000000000000000           0.55699065879883436            2.0887149704956292     
   0.0000000000000000           0.55699065879883436            2.2627745513702648     
   0.0000000000000000           0.55699065879883436            2.4368341322449010     
   0.0000000000000000           0.55699065879883436            2.6108937131195367     
   0.0000000000000000           0.55699065879883436            2.7849532939941724     
   0.0000000000000000           0.55699065879883436            2.9590128748688080     
   0.0000000000000000           0.55699065879883436            3.1330724557434433     
   0.0000000000000000           0.69623832349854298            0.0000000000000000     
   0.0000000000000000           0.69623832349854298           0.17405958087463577     
   0.0000000000000000           0.69623832349854298           0.34811916174927154     
   0.0000000000000000           0.69623832349854298           0.52217874262390729     
   0.0000000000000000           0.69623832349854298           0.69623832349854309     
   0.0000000000000000           0.69623832349854298           0.87029790437317889     
   0.0000000000000000           0.69623832349854298            1.0443574852478146     
   0.0000000000000000           0.69623832349854298            1.2184170661224505     
   0.0000000000000000           0.69623832349854298            1.3924766469970862     
   0.0000000000000000           0.69623832349854298            1.5665362278717216     
   0.0000000000000000           0.69623832349854298            1.7405958087463578     
   0.0000000000000000           0.69623832349854298            1.9146553896209932     
   0.0000000000000000           0.69623832349854298            2.0887149704956292     
   0.0000000000000000           0.69623832349854298            2.2627745513702648     
   0.0000000000000000           0.69623832349854298            2.4368341322449010     
   0.0000000000000000           0.69623832349854298            2.6108937131195367     
   0.0000000000000000           0.69623832349854298            2.7849532939941724     
   0.0000000000000000           0.69623832349854298            2.9590128748688080     
   0.0000000000000000           0.69623832349854298            3.1330724557434433     
   0.0000000000000000           0.83548598819825159            0.0000000000000000     
   0.0000000000000000           0.83548598819825159           0.17405958087463577     
   0.0000000000000000           0.83548598819825159           0.34811916174927154     
   0.0000000000000000           0.83548598819825159           0.52217874262390729     
   0.0000000000000000           0.83548598819825159           0.69623832349854309     
   0.0000000000000000           0.83548598819825159           0.87029790437317889     
   0.0000000000000000           0.83548598819825159            1.0443574852478146     
   0.0000000000000000           0.83548598819825159            1.2184170661224505     
   0.0000000000000000           0.83548598819825159            1.3924766469970862     
   0.0000000000000000           0.83548598819825159            1.5665362278717216     
   0.0000000000000000           0.83548598819825159            1.7405958087463578     
   0.0000000000000000           0.83548598819825159            1.9146553896209932     
   0.0000000000000000           0.83548598819825159            2.0887149704956292     
   0.0000000000000000           0.83548598819825159            2.2627745513702648     
   0.0000000000000000           0.83548598819825159            2.4368341322449010     
   0.0000000000000000           0.83548598819825159            2.6108937131195367     
   0.0000000000000000           0.83548598819825159            2.7849532939941724     
   0.0000000000000000           0.83548598819825159            2.9590128748688080     
   0.0000000000000000           0.83548598819825159            3.1330724557434433     
   0.0000000000000000           0.97473365289796032            0.0000000000000000     
   0.0000000000000000           0.97473365289796032           0.17405958087463577     
   0.0000000000000000           0.97473365289796032           0.34811916174927154     
   0.0000000000000000           0.97473365289796032           0.52217874262390729     
   0.0000000000000000           0.97473365289796032           0.69623832349854309     
   0.0000000000000000           0.97473365289796032           0.87029790437317889     
   0.0000000000000000           0.97473365289796032            1.0443574852478146     
   0.0000000000000000           0.97473365289796032            1.2184170661224505     
   0.0000000000000000           0.97473365289796032            1.3924766469970862     
   0.0000000000000000           0.97473365289796032            1.5665362278717216     
   0.0000000000000000           0.97473365289796032            1.7405958087463578     
   0.0000000000000000           0.97473365289796032            1.9146553896209932     
   0.0000000000000000           0.97473365289796032            2.0887149704956292     
   0.0000000000000000           0.97473365289796032            2.2627745513702648     
   0.0000000000000000           0.97473365289796032            2.4368341322449010     
   0.0000000000000000           0.97473365289796032            2.6108937131195367     
   0.0000000000000000           0.97473365289796032            2.7849532939941724     
   0.0000000000000000           0.97473365289796032            2.9590128748688080     
   0.0000000000000000           0.97473365289796032            3.1330724557434433     
   0.0000000000000000            1.1139813175976687            0.0000000000000000     
   0.0000000000000000            1.1139813175976687           0.17405958087463577     
   0.0000000000000000            1.1139813175976687           0.34811916174927154     
   0.0000000000000000            1.1139813175976687           0.52217874262390729     
   0.0000000000000000            1.1139813175976687           0.69623832349854309     
   0.0000000000000000            1.1139813175976687           0.87029790437317889     
   0.0000000000000000            1.1139813175976687            1.0443574852478146     
   0.0000000000000000            1.1139813175976687            1.2184170661224505     
   0.0000000000000000            1.1139813175976687            1.3924766469970862     
   0.0000000000000000            1.1139813175976687            1.5665362278717216     
   0.0000000000000000            1.1139813175976687            1.7405958087463578     
   0.0000000000000000            1.1139813175976687            1.9146553896209932     
   0.0000000000000000            1.1139813175976687            2.0887149704956292     
   0.0000000000000000            1.1139813175976687            2.2627745513702648     
   0.0000000000000000            1.1139813175976687            2.4368341322449010     
   0.0000000000000000            1.1139813175976687            2.6108937131195367     
   0.0000000000000000            1.1139813175976687            2.7849532939941724     
   0.0000000000000000            1.1139813175976687            2.9590128748688080     
   0.0000000000000000            1.1139813175976687            3.1330724557434433     
   0.0000000000000000            1.2532289822973772            0.0000000000000000     
   0.0000000000000000            1.2532289822973772           0.17405958087463577     
   0.0000000000000000            1.2532289822973772           0.34811916174927154     
   0.0000000000000000            1.2532289822973772           0.52217874262390729     
   0.0000000000000000            1.2532289822973772           0.69623832349854309     
   0.0000000000000000            1.2532289822973772           0.87029790437317889     
   0.0000000000000000            1.2532289822973772            1.0443574852478146     
   0.0000000000000000            1.2532289822973772            1.2184170661224505     
   0.0000000000000000            1.2532289822973772            1.3924766469970862     
   0.0000000000000000            1.2532289822973772            1.5665362278717216     
   0.0000000000000000            1.2532289822973772            1.7405958087463578     
   0.0000000000000000            1.2532289822973772            1.9146553896209932     
   0.0000000000000000            1.2532289822973772            2.0887149704956292     
   0.0000000000000000            1.2532289822973772            2.2627745513702648     
   0.0000000000000000            1.2532289822973772            2.4368341322449010     
   0.0000000000000000            1.2532289822973772            2.6108937131195367     
   0.0000000000000000            1.2532289822973772            2.7849532939941724     
   0.0000000000000000            1.2532289822973772            2.9590128748688080     
   0.0000000000000000            1.2532289822973772            3.1330724557434433     
   0.0000000000000000            1.3924766469970860            0.0000000000000000     
   0.0000000000000000            1.3924766469970860           0.17405958087463577     
   0.0000000000000000            1.3924766469970860           0.34811916174927154     
   0.0000000000000000            1.3924766469970860           0.52217874262390729     
   0.0000000000000000            1.3924766469970860           0.69623832349854309     
   0.0000000000000000            1.3924766469970860           0.87029790437317889     
   0.0000000000000000            1.3924766469970860            1.0443574852478146     
   0.0000000000000000            1.3924766469970860            1.2184170661224505     
   0.0000000000000000            1.3924766469970860            1.3924766469970862     
   0.0000000000000000            1.3924766469970860            1.5665362278717216     
   0.0000000000000000            1.3924766469970860            1.7405958087463578     
   0.0000000000000000            1.3924766469970860            1.9146553896209932     
   0.0000000000000000            1.3924766469970860            2.0887149704956292     
   0.0000000000000000            1.3924766469970860            2.2627745513702648     
   0.0000000000000000            1.3924766469970860            2.4368341322449010     
   0.0000000000000000            1.3924766469970860            2.6108937131195367     
   0.0000000000000000            1.3924766469970860            2.7849532939941724     
   0.0000000000000000            1.3924766469970860            2.9590128748688080     
   0.0000000000000000            1.3924766469970860            3.1330724557434433     
   0.0000000000000000            1.5317243116967947            0.0000000000000000     
   0.0000000000000000            1.5317243116967947           0.17405958087463577     
   0.0000000000000000            1.5317243116967947           0.34811916174927154     
   0.0000000000000000            1.5317243116967947           0.52217874262390729     
   0.0000000000000000            1.5317243116967947           0.69623832349854309     
   0.0000000000000000            1.5317243116967947           0.87029790437317889     
   0.0000000000000000            1.5317243116967947            1.0443574852478146     
   0.0000000000000000            1.5317243116967947            1.2184170661224505     
   0.0000000000000000            1.5317243116967947            1.3924766469970862     
   0.0000000000000000            1.5317243116967947            1.5665362278717216     
   0.0000000000000000            1.5317243116967947            1.7405958087463578     
   0.0000000000000000            1.5317243116967947            1.9146553896209932     
   0.0000000000000000            1.5317243116967947            2.0887149704956292     
   0.0000000000000000            1.5317243116967947            2.2627745513702648     
   0.0000000000000000            1.5317243116967947            2.4368341322449010     
   0.0000000000000000            1.5317243116967947            2.6108937131195367     
   0.0000000000000000            1.5317243116967947            2.7849532939941724     
   0.0000000000000000            1.5317243116967947            2.9590128748688080     
   0.0000000000000000            1.5317243116967947            3.1330724557434433     
   0.0000000000000000            1.6709719763965032            0.0000000000000000     
   0.0000000000000000            1.6709719763965032           0.17405958087463577     
   0.0000000000000000            1.6709719763965032           0.34811916174927154     
   0.0000000000000000            1.6709719763965032           0.52217874262390729     
   0.0000000000000000            1.6709719763965032           0.69623832349854309     
   0.0000000000000000            1.6709719763965032           0.87029790437317889     
   0.0000000000000000            1.6709719763965032            1.0443574852478146     
   0.0000000000000000            1.6709719763965032            1.2184170661224505     
   0.0000000000000000            1.6709719763965032            1.3924766469970862     
   0.0000000000000000            1.6709719763965032            1.5665362278717216     
   0.0000000000000000            1.6709719763965032            1.7405958087463578     
   0.0000000000000000            1.6709719763965032            1.9146553896209932     
   0.0000000000000000            1.6709719763965032            2.0887149704956292     
   0.0000000000000000            1.6709719763965032            2.2627745513702648     
   0.0000000000000000            1.6709719763965032            2.4368341322449010     
   0.0000000000000000            1.6709719763965032            2.6108937131195367     
   0.0000000000000000            1.6709719763965032            2.7849532939941724     
   0.0000000000000000            1.6709719763965032            2.9590128748688080     
   0.0000000000000000            1.6709719763965032            3.1330724557434433     
   0.0000000000000000            1.8102196410962119            0.0000000000000000     
   0.0000000000000000            1.8102196410962119           0.17405958087463577     
   0.0000000000000000            1.8102196410962119           0.34811916174927154     
   0.0000000000000000            1.8102196410962119           0.52217874262390729     
   0.0000000000000000            1.8102196410962119           0.69623832349854309     
   0.0000000000000000            1.8102196410962119           0.87029790437317889     
   0.0000000000000000            1.8102196410962119            1.0443574852478146     
   0.0000000000000000            1.8102196410962119            1.2184170661224505     
   0.0000000000000000            1.8102196410962119            1.3924766469970862     
   0.0000000000000000            1.8102196410962119            1.5665362278717216     
   0.0000000000000000            1.8102196410962119            1.7405958087463578     
   0.0000000000000000            1.8102196410962119            1.9146553896209932     
   0.0000000000000000            1.8102196410962119            2.0887149704956292     
   0.0000000000000000            1.8102196410962119            2.2627745513702648     
   0.0000000000000000            1.8102196410962119            2.4368341322449010     
   0.0000000000000000            1.8102196410962119            2.6108937131195367     
   0.0000000000000000            1.8102196410962119            2.7849532939941724     
   0.0000000000000000            1.8102196410962119            2.9590128748688080     
   0.0000000000000000            1.8102196410962119            3.1330724557434433     
   0.0000000000000000            1.9494673057959206            0.0000000000000000     
   0.0000000000000000            1.9494673057959206           0.17405958087463577     
   0.0000000000000000            1.9494673057959206           0.34811916174927154     
   0.0000000000000000            1.9494673057959206           0.52217874262390729     
   0.0000000000000000            1.9494673057959206           0.69623832349854309     
   0.0000000000000000            1.9494673057959206           0.87029790437317889     
   0.0000000000000000            1.9494673057959206            1.0443574852478146     
   0.0000000000000000            1.9494673057959206            1.2184170661224505     
   0.0000000000000000            1.9494673057959206            1.3924766469970862     
   0.0000000000000000            1.9494673057959206            1.5665362278717216     
   0.0000000000000000            1.9494673057959206            1.7405958087463578     
   0.0000000000000000            1.9494673057959206            1.9146553896209932     
   0.0000000000000000            1.9494673057959206            2.0887149704956292     
   0.0000000000000000            1.9494673057959206            2.2627745513702648     
   0.0000000000000000            1.9494673057959206            2.4368341322449010     
   0.0000000000000000            1.9494673057959206            2.6108937131195367     
   0.0000000000000000            1.9494673057959206            2.7849532939941724     
   0.0000000000000000            1.9494673057959206            2.9590128748688080     
   0.0000000000000000            1.9494673057959206            3.1330724557434433     
   0.0000000000000000            2.0887149704956292            0.0000000000000000     
   0.0000000000000000            2.0887149704956292           0.17405958087463577     
   0.0000000000000000            2.0887149704956292           0.34811916174927154     
   0.0000000000000000            2.0887149704956292           0.52217874262390729     
   0.0000000000000000            2.0887149704956292           0.69623832349854309     
   0.0000000000000000            2.0887149704956292           0.87029790437317889     
   0.0000000000000000            2.0887149704956292            1.0443574852478146     
   0.0000000000000000            2.0887149704956292            1.2184170661224505     
   0.0000000000000000            2.0887149704956292            1.3924766469970862     
   0.0000000000000000            2.0887149704956292            1.5665362278717216     
   0.0000000000000000            2.0887149704956292            1.7405958087463578     
   0.0000000000000000            2.0887149704956292            1.9146553896209932     
   0.0000000000000000            2.0887149704956292            2.0887149704956292     
   0.0000000000000000            2.0887149704956292            2.2627745513702648     
   0.0000000000000000            2.0887149704956292            2.4368341322449010     
   0.0000000000000000            2.0887149704956292            2.6108937131195367     
   0.0000000000000000            2.0887149704956292            2.7849532939941724     
   0.0000000000000000            2.0887149704956292            2.9590128748688080     
   0.0000000000000000            2.0887149704956292            3.1330724557434433     
   0.0000000000000000            2.2279626351953374            0.0000000000000000     
   0.0000000000000000            2.2279626351953374           0.17405958087463577     
   0.0000000000000000            2.2279626351953374           0.34811916174927154     
   0.0000000000000000            2.2279626351953374           0.52217874262390729     
   0.0000000000000000            2.2279626351953374           0.69623832349854309     
   0.0000000000000000            2.2279626351953374           0.87029790437317889     
   0.0000000000000000            2.2279626351953374            1.0443574852478146     
   0.0000000000000000            2.2279626351953374            1.2184170661224505     
   0.0000000000000000            2.2279626351953374            1.3924766469970862     
   0.0000000000000000            2.2279626351953374            1.5665362278717216     
   0.0000000000000000            2.2279626351953374            1.7405958087463578     
   0.0000000000000000            2.2279626351953374            1.9146553896209932     
   0.0000000000000000            2.2279626351953374            2.0887149704956292     
   0.0000000000000000            2.2279626351953374            2.2627745513702648     
   0.0000000000000000            2.2279626351953374            2.4368341322449010     
   0.0000000000000000            2.2279626351953374            2.6108937131195367     
   0.0000000000000000            2.2279626351953374            2.7849532939941724     
   0.0000000000000000            2.2279626351953374            2.9590128748688080     
   0.0000000000000000            2.2279626351953374            3.1330724557434433     
   0.0000000000000000            2.3672102998950462            0.0000000000000000     
   0.0000000000000000            2.3672102998950462           0.17405958087463577     
   0.0000000000000000            2.3672102998950462           0.34811916174927154     
   0.0000000000000000            2.3672102998950462           0.52217874262390729     
   0.0000000000000000            2.3672102998950462           0.69623832349854309     
   0.0000000000000000            2.3672102998950462           0.87029790437317889     
   0.0000000000000000            2.3672102998950462            1.0443574852478146     
   0.0000000000000000            2.3672102998950462            1.2184170661224505     
   0.0000000000000000            2.3672102998950462            1.3924766469970862     
   0.0000000000000000            2.3672102998950462            1.5665362278717216     
   0.0000000000000000            2.3672102998950462            1.7405958087463578     
   0.0000000000000000            2.3672102998950462            1.9146553896209932     
   0.0000000000000000            2.3672102998950462            2.0887149704956292     
   0.0000000000000000            2.3672102998950462            2.2627745513702648     
   0.0000000000000000            2.3672102998950462            2.4368341322449010     
   0.0000000000000000            2.3672102998950462            2.6108937131195367     
   0.0000000000000000            2.3672102998950462            2.7849532939941724     
   0.0000000000000000            2.3672102998950462            2.9590128748688080     
   0.0000000000000000            2.3672102998950462            3.1330724557434433     
   0.0000000000000000            2.5064579645947545            0.0000000000000000     
   0.0000000000000000            2.5064579645947545           0.17405958087463577     
   0.0000000000000000            2.5064579645947545           0.34811916174927154     
   0.0000000000000000            2.5064579645947545           0.52217874262390729     
   0.0000000000000000            2.5064579645947545           0.69623832349854309     
   0.0000000000000000            2.5064579645947545           0.87029790437317889     
   0.0000000000000000            2.5064579645947545            1.0443574852478146     
   0.0000000000000000            2.5064579645947545            1.2184170661224505     
   0.0000000000000000            2.5064579645947545            1.3924766469970862     
   0.0000000000000000            2.5064579645947545            1.5665362278717216     
   0.0000000000000000            2.5064579645947545            1.7405958087463578     
   0.0000000000000000            2.5064579645947545            1.9146553896209932     
   0.0000000000000000            2.5064579645947545            2.0887149704956292     
   0.0000000000000000            2.5064579645947545            2.2627745513702648     
   0.0000000000000000            2.5064579645947545            2.4368341322449010     
   0.0000000000000000            2.5064579645947545            2.6108937131195367     
   0.0000000000000000            2.5064579645947545            2.7849532939941724     
   0.0000000000000000            2.5064579645947545            2.9590128748688080     
   0.0000000000000000            2.5064579645947545            3.1330724557434433     
  0.13924766469970859            0.0000000000000000            0.0000000000000000     
  0.13924766469970859            0.0000000000000000           0.17405958087463577     
  0.13924766469970859            0.0000000000000000           0.34811916174927154     
  0.13924766469970859            0.0000000000000000           0.52217874262390729     
  0.13924766469970859            0.0000000000000000           0.69623832349854309     
  0.13924766469970859            0.0000000000000000           0.87029790437317889     
  0.13924766469970859            0.0000000000000000            1.0443574852478146     
  0.13924766469970859            0.0000000000000000            1.2184170661224505     
  0.13924766469970859            0.0000000000000000            1.3924766469970862     
  0.13924766469970859            0.0000000000000000            1.5665362278717216     
  0.13924766469970859            0.0000000000000000            1.7405958087463578     
  0.13924766469970859            0.0000000000000000            1.9146553896209932     
  0.13924766469970859            0.0000000000000000            2.0887149704956292     
  0.13924766469970859            0.0000000000000000            2.2627745513702648     
  0.13924766469970859            0.0000000000000000            2.4368341322449010     
  0.13924766469970859            0.0000000000000000            2.6108937131195367     
  0.13924766469970859            0.0000000000000000            2.7849532939941724     
  0.13924766469970859            0.0000000000000000            2.9590128748688080     
  0.13924766469970859            0.0000000000000000            3.1330724557434433     
  0.13924766469970859           0.13924766469970859            0.0000000000000000     
  0.13924766469970859           0.13924766469970859           0.17405958087463577     
  0.13924766469970859           0.13924766469970859           0.34811916174927154     
  0.13924766469970859           0.13924766469970859           0.52217874262390729     
  0.13924766469970859           0.13924766469970859           0.69623832349854309     
  0.13924766469970859           0.13924766469970859           0.87029790437317889     
  0.13924766469970859           0.13924766469970859            1.0443574852478146     
  0.13924766469970859           0.13924766469970859            1.2184170661224505     
  0.13924766469970859           0.13924766469970859            1.3924766469970862     
  0.13924766469970859           0.13924766469970859            1.5665362278717216     
  0.13924766469970859           0.13924766469970859            1.7405958087463578     
  0.13924766469970859           0.13924766469970859            1.9146553896209932     
  0.13924766469970859           0.13924766469970859            2.0887149704956292     
  0.13924766469970859           0.13924766469970859            2.2627745513702648     
  0.13924766469970859           0.13924766469970859            2.4368341322449010     
  0.13924766469970859           0.13924766469970859            2.6108937131195367     
  0.13924766469970859           0.13924766469970859            2.7849532939941724     
  0.13924766469970859           0.13924766469970859            2.9590128748688080     
  0.13924766469970859           0.13924766469970859            3.1330724557434433     
  0.13924766469970859           0.27849532939941718            0.0000000000000000     
  0.13924766469970859           0.27849532939941718           0.17405958087463577     
  0.13924766469970859           0.27849532939941718           0.34811916174927154     
  0.13924766469970859           0.27849532939941718           0.52217874262390729     
  0.13924766469970859           0.27849532939941718           0.69623832349854309     
  0.13924766469970859           0.27849532939941718           0.87029790437317889     
  0.13924766469970859           0.27849532939941718            1.0443574852478146     
  0.13924766469970859           0.27849532939941718            1.2184170661224505     
  0.13924766469970859           0.27849532939941718            1.3924766469970862     
  0.13924766469970859           0.27849532939941718            1.5665362278717216     
  0.13924766469970859           0.27849532939941718            1.7405958087463578     
  0.13924766469970859           0.27849532939941718            1.9146553896209932     
  0.13924766469970859           0.27849532939941718            2.0887149704956292     
  0.13924766469970859           0.27849532939941718            2.2627745513702648     
  0.13924766469970859           0.27849532939941718            2.4368341322449010     
  0.13924766469970859           0.27849532939941718            2.6108937131195367     
  0.13924766469970859           0.27849532939941718            2.7849532939941724     
  0.13924766469970859           0.27849532939941718            2.9590128748688080     
  0.13924766469970859           0.27849532939941718            3.1330724557434433     
  0.13924766469970859           0.41774299409912580            0.0000000000000000     
  0.13924766469970859           0.41774299409912580           0.17405958087463577     
  0.13924766469970859           0.41774299409912580           0.34811916174927154     
  0.13924766469970859           0.41774299409912580           0.52217874262390729     
  0.13924766469970859           0.41774299409912580           0.69623832349854309     
  0.13924766469970859           0.41774299409912580           0.87029790437317889     
  0.13924766469970859           0.41774299409912580            1.0443574852478146     
  0.13924766469970859           0.41774299409912580            1.2184170661224505     
  0.13924766469970859           0.41774299409912580            1.3924766469970862     
  0.13924766469970859           0.41774299409912580            1.5665362278717216     
  0.13924766469970859           0.41774299409912580            1.7405958087463578     
  0.13924766469970859           0.41774299409912580            1.9146553896209932     
  0.13924766469970859           0.41774299409912580            2.0887149704956292     
  0.13924766469970859           0.41774299409912580            2.2627745513702648     
  0.13924766469970859           0.41774299409912580            2.4368341322449010     
  0.13924766469970859           0.41774299409912580            2.6108937131195367     
  0.13924766469970859           0.41774299409912580            2.7849532939941724     
  0.13924766469970859           0.41774299409912580            2.9590128748688080     
  0.13924766469970859           0.41774299409912580            3.1330724557434433     
  0.13924766469970859           0.55699065879883436            0.0000000000000000     
  0.13924766469970859           0.55699065879883436           0.17405958087463577     
  0.13924766469970859           0.55699065879883436           0.34811916174927154     
  0.13924766469970859           0.55699065879883436           0.52217874262390729     
  0.13924766469970859           0.55699065879883436           0.69623832349854309     
  0.13924766469970859           0.55699065879883436           0.87029790437317889     
  0.13924766469970859           0.55699065879883436            1.0443574852478146     
  0.13924766469970859           0.55699065879883436            1.2184170661224505     
  0.13924766469970859           0.55699065879883436            1.3924766469970862     
  0.13924766469970859           0.55699065879883436            1.5665362278717216     
  0.13924766469970859           0.55699065879883436            1.7405958087463578     
  0.13924766469970859           0.55699065879883436            1.9146553896209932     
  0.13924766469970859           0.55699065879883436            2.0887149704956292     
  0.13924766469970859           0.55699065879883436            2.2627745513702648     
  0.13924766469970859           0.55699065879883436            2.4368341322449010     
  0.13924766469970859           0.55699065879883436            2.6108937131195367     
  0.13924766469970859           0.55699065879883436            2.7849532939941724     
  0.13924766469970859           0.55699065879883436            2.9590128748688080     
  0.13924766469970859           0.55699065879883436            3.1330724557434433     
  0.13924766469970859           0.69623832349854298            0.0000000000000000     
  0.13924766469970859           0.69623832349854298           0.17405958087463577     
  0.13924766469970859           0.69623832349854298           0.34811916174927154     
  0.13924766469970859           0.69623832349854298           0.52217874262390729     
  0.13924766469970859           0.69623832349854298           0.69623832349854309     
  0.13924766469970859           0.69623832349854298           0.87029790437317889     
  0.13924766469970859           0.69623832349854298            1.0443574852478146     
  0.13924766469970859           0.69623832349854298            1.2184170661224505     
  0.13924766469970859           0.69623832349854298            1.3924766469970862     
  0.13924766469970859           0.69623832349854298            1.5665362278717216     
  0.13924766469970859           0.69623832349854298            1.7405958087463578     
  0.13924766469970859           0.69623832349854298            1.9146553896209932     
  0.13924766469970859           0.69623832349854298            2.0887149704956292     
  0.13924766469970859           0.69623832349854298            2.2627745513702648     
  0.13924766469970859           0.69623832349854298            2.4368341322449010     
  0.13924766469970859           0.69623832349854298            2.6108937131195367     
  0.13924766469970859           0.69623832349854298            2.7849532939941724     
  0.13924766469970859           0.69623832349854298            2.9590128748688080     
  0.13924766469970859           0.69623832349854298            3.1330724557434433     
  0.13924766469970859           0.83548598819825159            0.0000000000000000     
  0.13924766469970859           0.83548598819825159           0.17405958087463577     
  0.13924766469970859           0.83548598819825159           0.34811916174927154     
  0.13924766469970859           0.83548598819825159           0.52217874262390729     
  0.13924766469970859           0.83548598819825159           0.69623832349854309     
  0.13924766469970859           0.83548598819825159           0.87029790437317889     
  0.13924766469970859           0.83548598819825159            1.0443574852478146     
  0.13924766469970859           0.83548598819825159            1.2184170661224505     
  0.13924766469970859           0.83548598819825159            1.3924766469970862     
  0.13924766469970859           0.83548598819825159            1.5665362278717216     
  0.13924766469970859           0.83548598819825159            1.7405958087463578     
  0.13924766469970859           0.83548598819825159            1.9146553896209932     
  0.13924766469970859           0.83548598819825159            2.0887149704956292     
  0.13924766469970859           0.83548598819825159            2.2627745513702648     
  0.13924766469970859           0.83548598819825159            2.4368341322449010     
  0.13924766469970859           0.83548598819825159            2.6108937131195367     
  0.13924766469970859           0.83548598819825159            2.7849532939941724     
  0.13924766469970859           0.83548598819825159            2.9590128748688080     
  0.13924766469970859           0.83548598819825159            3.1330724557434433     
  0.13924766469970859           0.97473365289796032            0.0000000000000000     
  0.13924766469970859           0.97473365289796032           0.17405958087463577     
  0.13924766469970859           0.97473365289796032           0.34811916174927154     
  0.13924766469970859           0.97473365289796032           0.52217874262390729     
  0.13924766469970859           0.97473365289796032           0.69623832349854309     
  0.13924766469970859           0.97473365289796032           0.87029790437317889     
  0.13924766469970859           0.97473365289796032            1.0443574852478146     
  0.13924766469970859           0.97473365289796032            1.2184170661224505     
  0.13924766469970859           0.97473365289796032            1.3924766469970862     
  0.13924766469970859           0.97473365289796032            1.5665362278717216     
  0.13924766469970859           0.97473365289796032            1.7405958087463578     
  0.13924766469970859           0.97473365289796032            1.9146553896209932     
  0.13924766469970859           0.97473365289796032            2.0887149704956292     
  0.13924766469970859           0.97473365289796032            2.2627745513702648     
  0.13924766469970859           0.97473365289796032            2.4368341322449010     
  0.13924766469970859           0.97473365289796032            2.6108937131195367     
  0.13924766469970859           0.97473365289796032            2.7849532939941724     
  0.13924766469970859           0.97473365289796032            2.9590128748688080     
  0.13924766469970859           0.97473365289796032            3.1330724557434433     
  0.13924766469970859            1.1139813175976687            0.0000000000000000     
  0.13924766469970859            1.1139813175976687           0.17405958087463577     
  0.13924766469970859            1.1139813175976687           0.34811916174927154     
  0.13924766469970859            1.1139813175976687           0.52217874262390729     
  0.13924766469970859            1.1139813175976687           0.69623832349854309     
  0.13924766469970859            1.1139813175976687           0.87029790437317889     
  0.13924766469970859            1.1139813175976687            1.0443574852478146     
  0.13924766469970859            1.1139813175976687            1.2184170661224505     
  0.13924766469970859            1.1139813175976687            1.3924766469970862     
  0.13924766469970859            1.1139813175976687            1.5665362278717216     
  0.13924766469970859            1.1139813175976687            1.7405958087463578     
  0.13924766469970859            1.1139813175976687            1.9146553896209932     
  0.13924766469970859            1.1139813175976687            2.0887149704956292     
  0.13924766469970859            1.1139813175976687            2.2627745513702648     
  0.13924766469970859            1.1139813175976687            2.4368341322449010     
  0.13924766469970859            1.1139813175976687            2.6108937131195367     
  0.13924766469970859            1.1139813175976687            2.7849532939941724     
  0.13924766469970859            1.1139813175976687            2.9590128748688080     
  0.13924766469970859            1.1139813175976687            3.1330724557434433     
  0.13924766469970859            1.2532289822973772            0.0000000000000000     
  0.13924766469970859            1.2532289822973772           0.17405958087463577     
  0.13924766469970859            1.2532289822973772           0.34811916174927154     
  0.13924766469970859            1.2532289822973772           0.52217874262390729     
  0.13924766469970859            1.2532289822973772           0.69623832349854309     
  0.13924766469970859            1.2532289822973772           0.87029790437317889     
  0.13924766469970859            1.2532289822973772            1.0443574852478146     
  0.13924766469970859            1.2532289822973772            1.2184170661224505     
  0.13924766469970859            1.2532289822973772            1.3924766469970862     
  0.13924766469970859            1.2532289822973772            1.5665362278717216     
  0.13924766469970859            1.2532289822973772            1.7405958087463578     
  0.13924766469970859            1.2532289822973772            1.9146553896209932     
  0.13924766469970859            1.2532289822973772            2.0887149704956292     
  0.13924766469970859            1.2532289822973772            2.2627745513702648     
  0.13924766469970859            1.2532289822973772            2.4368341322449010     
  0.13924766469970859            1.2532289822973772            2.6108937131195367     
  0.13924766469970859            1.2532289822973772            2.7849532939941724     
  0.13924766469970859            1.2532289822973772            2.9590128748688080     
  0.13924766469970859            1.2532289822973772            3.1330724557434433     
  0.13924766469970859            1.3924766469970860            0.0000000000000000     
  0.13924766469970859            1.3924766469970860           0.17405958087463577     
  0.13924766469970859            1.3924766469970860           0.34811916174927154     
  0.13924766469970859            1.3924766469970860           0.52217874262390729     
  0.13924766469970859            1.3924766469970860           0.69623832349854309     
  0.13924766469970859            1.3924766469970860           0.87029790437317889     
  0.13924766469970859            1.3924766469970860            1.0443574852478146     
  0.13924766469970859            1.3924766469970860            1.2184170661224505     
  0.13924766469970859            1.3924766469970860            1.3924766469970862     
  0.13924766469970859            1.3924766469970860            1.5665362278717216     
  0.13924766469970859            1.3924766469970860            1.7405958087463578     
  0.13924766469970859            1.3924766469970860            1.9146553896209932     
  0.13924766469970859            1.3924766469970860            2.0887149704956292     
  0.13924766469970859            1.3924766469970860            2.2627745513702648     
  0.13924766469970859            1.3924766469970860            2.4368341322449010     
  0.13924766469970859            1.3924766469970860            2.6108937131195367     
  0.13924766469970859            1.3924766469970860            2.7849532939941724     
  0.13924766469970859            1.3924766469970860            2.9590128748688080     
  0.13924766469970859            1.3924766469970860            3.1330724557434433     
  0.13924766469970859            1.5317243116967947            0.0000000000000000     
  0.13924766469970859            1.5317243116967947           0.17405958087463577     
  0.13924766469970859            1.5317243116967947           0.34811916174927154     
  0.13924766469970859            1.5317243116967947           0.52217874262390729     
  0.13924766469970859            1.5317243116967947           0.69623832349854309     
  0.13924766469970859            1.5317243116967947           0.87029790437317889     
  0.13924766469970859            1.5317243116967947            1.0443574852478146     
  0.13924766469970859            1.5317243116967947            1.2184170661224505     
  0.13924766469970859            1.5317243116967947            1.3924766469970862     
  0.13924766469970859            1.5317243116967947            1.5665362278717216     
  0.13924766469970859            1.5317243116967947            1.7405958087463578     
  0.13924766469970859            1.5317243116967947            1.9146553896209932     
  0.13924766469970859            1.5317243116967947            2.0887149704956292     
  0.13924766469970859            1.5317243116967947            2.2627745513702648     
  0.13924766469970859            1.5317243116967947            2.4368341322449010     
  0.13924766469970859            1.5317243116967947            2.6108937131195367     
  0.13924766469970859            1.5317243116967947            2.7849532939941724     
  0.13924766469970859            1.5317243116967947            2.9590128748688080     
  0.13924766469970859            1.5317243116967947            3.1330724557434433     
  0.13924766469970859            1.6709719763965032            0.0000000000000000     
  0.13924766469970859            1.6709719763965032           0.17405958087463577     
  0.13924766469970859            1.6709719763965032           0.34811916174927154     
  0.13924766469970859            1.6709719763965032           0.52217874262390729     
  0.13924766469970859            1.6709719763965032           0.69623832349854309     
  0.13924766469970859            1.6709719763965032           0.87029790437317889     
  0.13924766469970859            1.6709719763965032            1.0443574852478146     
  0.13924766469970859            1.6709719763965032            1.2184170661224505     
  0.13924766469970859            1.6709719763965032            1.3924766469970862     
  0.13924766469970859            1.6709719763965032            1.5665362278717216     
  0.13924766469970859            1.6709719763965032            1.7405958087463578     
  0.13924766469970859            1.6709719763965032            1.9146553896209932     
  0.13924766469970859            1.6709719763965032            2.0887149704956292     
  0.13924766469970859            1.6709719763965032            2.2627745513702648     
  0.13924766469970859            1.6709719763965032            2.4368341322449010     
  0.13924766469970859            1.6709719763965032            2.6108937131195367     
  0.13924766469970859            1.6709719763965032            2.7849532939941724     
  0.13924766469970859            1.6709719763965032            2.9590128748688080     
  0.13924766469970859            1.6709719763965032            3.1330724557434433     
  0.13924766469970859            1.8102196410962119            0.0000000000000000     
  0.13924766469970859            1.8102196410962119           0.17405958087463577     
  0.13924766469970859            1.8102196410962119           0.34811916174927154     
  0.13924766469970859            1.8102196410962119           0.52217874262390729     
  0.13924766469970859            1.8102196410962119           0.69623832349854309     
  0.13924766469970859            1.8102196410962119           0.87029790437317889     
  0.13924766469970859            1.8102196410962119            1.0443574852478146     
  0.13924766469970859            1.8102196410962119            1.2184170661224505     
  0.13924766469970859            1.8102196410962119            1.3924766469970862     
  0.13924766469970859            1.8102196410962119            1.5665362278717216     
  0.13924766469970859            1.8102196410962119            1.7405958087463578     
  0.13924766469970859            1.8102196410962119            1.9146553896209932     
  0.13924766469970859            1.8102196410962119            2.0887149704956292     
  0.13924766469970859            1.8102196410962119            2.2627745513702648     
  0.13924766469970859            1.8102196410962119            2.4368341322449010     
  0.13924766469970859            1.8102196410962119            2.6108937131195367     
  0.13924766469970859            1.8102196410962119            2.7849532939941724     
  0.13924766469970859            1.8102196410962119            2.9590128748688080     
  0.13924766469970859            1.8102196410962119            3.1330724557434433     
  0.13924766469970859            1.9494673057959206            0.0000000000000000     
  0.13924766469970859            1.9494673057959206           0.17405958087463577     
  0.13924766469970859            1.9494673057959206           0.34811916174927154     
  0.13924766469970859            1.9494673057959206           0.52217874262390729     
  0.13924766469970859            1.9494673057959206           0.69623832349854309     
  0.13924766469970859            1.9494673057959206           0.87029790437317889     
  0.13924766469970859            1.9494673057959206            1.0443574852478146     
  0.13924766469970859            1.9494673057959206            1.2184170661224505     
  0.13924766469970859            1.9494673057959206            1.3924766469970862     
  0.13924766469970859            1.9494673057959206            1.5665362278717216     
  0.13924766469970859            1.9494673057959206            1.7405958087463578     
  0.13924766469970859            1.9494673057959206            1.9146553896209932     
  0.13924766469970859            1.9494673057959206            2.0887149704956292     
  0.13924766469970859            1.9494673057959206            2.2627745513702648     
  0.13924766469970859            1.9494673057959206            2.4368341322449010     
  0.13924766469970859            1.9494673057959206            2.6108937131195367     
  0.13924766469970859            1.9494673057959206            2.7849532939941724     
  0.13924766469970859            1.9494673057959206            2.9590128748688080     
  0.13924766469970859            1.9494673057959206            3.1330724557434433     
  0.13924766469970859            2.0887149704956292            0.0000000000000000     
  0.13924766469970859            2.0887149704956292           0.17405958087463577     
  0.13924766469970859            2.0887149704956292           0.34811916174927154     
  0.13924766469970859            2.0887149704956292           0.52217874262390729     
  0.13924766469970859            2.0887149704956292           0.69623832349854309     
  0.13924766469970859            2.0887149704956292           0.87029790437317889     
  0.13924766469970859            2.0887149704956292            1.0443574852478146     
  0.13924766469970859            2.0887149704956292            1.2184170661224505     
  0.13924766469970859            2.0887149704956292            1.3924766469970862     
  0.13924766469970859            2.0887149704956292            1.5665362278717216     
  0.13924766469970859            2.0887149704956292            1.7405958087463578     
  0.13924766469970859            2.0887149704956292            1.9146553896209932     
  0.13924766469970859            2.0887149704956292            2.0887149704956292     
  0.13924766469970859            2.0887149704956292            2.2627745513702648     
  0.13924766469970859            2.0887149704956292            2.4368341322449010     
  0.13924766469970859            2.0887149704956292            2.6108937131195367     
  0.13924766469970859            2.0887149704956292            2.7849532939941724     
  0.13924766469970859            2.0887149704956292            2.9590128748688080     
  0.13924766469970859            2.0887149704956292            3.1330724557434433     
  0.13924766469970859            2.2279626351953374            0.0000000000000000     
  0.13924766469970859            2.2279626351953374           0.17405958087463577     
  0.13924766469970859            2.2279626351953374           0.34811916174927154     
  0.13924766469970859            2.2279626351953374           0.52217874262390729     
  0.13924766469970859            2.2279626351953374           0.69623832349854309     
  0.13924766469970859            2.2279626351953374           0.87029790437317889     
  0.13924766469970859            2.2279626351953374            1.0443574852478146     
  0.13924766469970859            2.2279626351953374            1.2184170661224505     
  0.13924766469970859            2.2279626351953374            1.3924766469970862     
  0.13924766469970859            2.2279626351953374            1.5665362278717216     
  0.13924766469970859            2.2279626351953374            1.7405958087463578     
  0.13924766469970859            2.2279626351953374            1.9146553896209932     
  0.13924766469970859            2.2279626351953374            2.0887149704956292     
  0.13924766469970859            2.2279626351953374            2.2627745513702648     
  0.13924766469970859            2.2279626351953374            2.4368341322449010     
  0.13924766469970859            2.2279626351953374            2.6108937131195367     
  0.13924766469970859            2.2279626351953374            2.7849532939941724     
  0.13924766469970859            2.2279626351953374            2.9590128748688080     
  0.13924766469970859            2.2279626351953374            3.1330724557434433     
  0.13924766469970859            2.3672102998950462            0.0000000000000000     
  0.13924766469970859            2.3672102998950462           0.17405958087463577     
  0.13924766469970859            2.3672102998950462           0.34811916174927154     
  0.13924766469970859            2.3672102998950462           0.52217874262390729     
  0.13924766469970859            2.3672102998950462           0.69623832349854309     
  0.13924766469970859            2.3672102998950462           0.87029790437317889     
  0.13924766469970859            2.3672102998950462            1.0443574852478146     
  0.13924766469970859            2.3672102998950462            1.2184170661224505     
  0.13924766469970859            2.3672102998950462            1.3924766469970862     
  0.13924766469970859            2.3672102998950462            1.5665362278717216     
  0.13924766469970859            2.3672102998950462            1.7405958087463578     
  0.13924766469970859            2.3672102998950462            1.9146553896209932     
  0.13924766469970859            2.3672102998950462            2.0887149704956292     
  0.13924766469970859            2.3672102998950462            2.2627745513702648     
  0.13924766469970859            2.3672102998950462            2.4368341322449010     
  0.13924766469970859            2.3672102998950462            2.6108937131195367     
  0.13924766469970859            2.3672102998950462            2.7849532939941724     
  0.13924766469970859            2.3672102998950462            2.9590128748688080     
  0.13924766469970859            2.3672102998950462            3.1330724557434433     
  0.13924766469970859            2.5064579645947545            0.0000000000000000     
  0.13924766469970859            2.5064579645947545           0.17405958087463577     
  0.13924766469970859            2.5064579645947545           0.34811916174927154     
  0.13924766469970859            2.5064579645947545           0.52217874262390729     
  0.13924766469970859            2.5064579645947545           0.69623832349854309     
  0.13924766469970859            2.5064579645947545           0.87029790437317889     
  0.13924766469970859            2.5064579645947545            1.0443574852478146     
  0.13924766469970859            2.5064579645947545            1.2184170661224505     
  0.13924766469970859            2.5064579645947545            1.3924766469970862     
  0.13924766469970859            2.5064579645947545            1.5665362278717216     
  0.13924766469970859            2.5064579645947545            1.7405958087463578     
  0.13924766469970859            2.5064579645947545            1.9146553896209932     
  0.13924766469970859            2.5064579645947545            2.0887149704956292     
  0.13924766469970859            2.5064579645947545            2.2627745513702648     
  0.13924766469970859            2.5064579645947545            2.4368341322449010     
  0.13924766469970859            2.5064579645947545            2.6108937131195367     
  0.13924766469970859            2.5064579645947545            2.7849532939941724     
  0.13924766469970859            2.5064579645947545            2.9590128748688080     
  0.13924766469970859            2.5064579645947545            3.1330724557434433     
  0.27849532939941718            0.0000000000000000            0.0000000000000000     
  0.27849532939941718            0.0000000000000000           0.17405958087463577     
  0.27849532939941718            0.0000000000000000           0.34811916174927154     
  0.27849532939941718            0.0000000000000000           0.52217874262390729     
  0.27849532939941718            0.0000000000000000           0.69623832349854309     
  0.27849532939941718            0.0000000000000000           0.87029790437317889     
  0.27849532939941718            0.0000000000000000            1.0443574852478146     
  0.27849532939941718            0.0000000000000000            1.2184170661224505     
  0.27849532939941718            0.0000000000000000            1.3924766469970862     
  0.27849532939941718            0.0000000000000000            1.5665362278717216     
  0.27849532939941718            0.0000000000000000            1.7405958087463578     
  0.27849532939941718            0.0000000000000000            1.9146553896209932     
  0.27849532939941718            0.0000000000000000            2.0887149704956292     
  0.27849532939941718            0.0000000000000000            2.2627745513702648     
  0.27849532939941718            0.0000000000000000            2.4368341322449010     
  0.27849532939941718            0.0000000000000000            2.6108937131195367     
  0.27849532939941718            0.0000000000000000            2.7849532939941724     
  0.27849532939941718            0.0000000000000000            2.9590128748688080     
  0.27849532939941718            0.0000000000000000            3.1330724557434433     
  0.27849532939941718           0.13924766469970859            0.0000000000000000     
  0.27849532939941718           0.13924766469970859           0.17405958087463577     
  0.27849532939941718           0.13924766469970859           0.34811916174927154     
  0.27849532939941718           0.13924766469970859           0.52217874262390729     
  0.27849532939941718           0.13924766469970859           0.69623832349854309     
  0.27849532939941718           0.13924766469970859           0.87029790437317889     
  0.27849532939941718           0.13924766469970859            1.0443574852478146     
  0.27849532939941718           0.13924766469970859            1.2184170661224505     
  0.27849532939941718           0.13924766469970859            1.3924766469970862     
  0.27849532939941718           0.13924766469970859            1.5665362278717216     
  0.27849532939941718           0.13924766469970859            1.7405958087463578     
  0.27849532939941718           0.13924766469970859            1.9146553896209932     
  0.27849532939941718           0.13924766469970859            2.0887149704956292     
  0.27849532939941718           0.13924766469970859            2.2627745513702648     
  0.27849532939941718           0.13924766469970859            2.4368341322449010     
  0.27849532939941718           0.13924766469970859            2.6108937131195367     
  0.27849532939941718           0.13924766469970859            2.7849532939941724     
  0.27849532939941718           0.13924766469970859            2.9590128748688080     
  0.27849532939941718           0.13924766469970859            3.1330724557434433     
  0.27849532939941718           0.27849532939941718            0.0000000000000000     
  0.27849532939941718           0.27849532939941718           0.17405958087463577     
  0.27849532939941718           0.27849532939941718           0.34811916174927154     
  0.27849532939941718           0.27849532939941718           0.52217874262390729     
  0.27849532939941718           0.27849532939941718           0.69623832349854309     
  0.27849532939941718           0.27849532939941718           0.87029790437317889     
  0.27849532939941718           0.27849532939941718            1.0443574852478146     
  0.27849532939941718           0.27849532939941718            1.2184170661224505     
  0.27849532939941718           0.27849532939941718            1.3924766469970862     
  0.27849532939941718           0.27849532939941718            1.5665362278717216     
  0.27849532939941718           0.27849532939941718            1.7405958087463578     
  0.27849532939941718           0.27849532939941718            1.9146553896209932     
  0.27849532939941718           0.27849532939941718            2.0887149704956292     
  0.27849532939941718           0.27849532939941718            2.2627745513702648     
  0.27849532939941718           0.27849532939941718            2.4368341322449010     
  0.27849532939941718           0.27849532939941718            2.6108937131195367     
  0.27849532939941718           0.27849532939941718            2.7849532939941724     
  0.27849532939941718           0.27849532939941718            2.9590128748688080     
  0.27849532939941718           0.27849532939941718            3.1330724557434433     
  0.27849532939941718           0.41774299409912580            0.0000000000000000     
  0.27849532939941718           0.41774299409912580           0.17405958087463577     
  0.27849532939941718           0.41774299409912580           0.34811916174927154     
  0.27849532939941718           0.41774299409912580           0.52217874262390729     
  0.27849532939941718           0.41774299409912580           0.69623832349854309     
  0.27849532939941718           0.41774299409912580           0.87029790437317889     
  0.27849532939941718           0.41774299409912580            1.0443574852478146     
  0.27849532939941718           0.41774299409912580            1.2184170661224505     
  0.27849532939941718           0.41774299409912580            1.3924766469970862     
  0.27849532939941718           0.41774299409912580            1.5665362278717216     
  0.27849532939941718           0.41774299409912580            1.7405958087463578     
  0.27849532939941718           0.41774299409912580            1.9146553896209932     
  0.27849532939941718           0.41774299409912580            2.0887149704956292     
  0.27849532939941718           0.41774299409912580            2.2627745513702648     
  0.27849532939941718           0.41774299409912580            2.4368341322449010     
  0.27849532939941718           0.41774299409912580            2.6108937131195367     
  0.27849532939941718           0.41774299409912580            2.7849532939941724     
  0.27849532939941718           0.41774299409912580            2.9590128748688080     
  0.27849532939941718           0.41774299409912580            3.1330724557434433     
  0.27849532939941718           0.55699065879883436            0.0000000000000000     
  0.27849532939941718           0.55699065879883436           0.17405958087463577     
  0.27849532939941718           0.55699065879883436           0.34811916174927154     
  0.27849532939941718           0.55699065879883436           0.52217874262390729     
  0.27849532939941718           0.55699065879883436           0.69623832349854309     
  0.27849532939941718           0.55699065879883436           0.87029790437317889     
  0.27849532939941718           0.55699065879883436            1.0443574852478146     
  0.27849532939941718           0.55699065879883436            1.2184170661224505     
  0.27849532939941718           0.55699065879883436            1.3924766469970862     
  0.27849532939941718           0.55699065879883436            1.5665362278717216     
  0.27849532939941718           0.55699065879883436            1.7405958087463578     
  0.27849532939941718           0.55699065879883436            1.9146553896209932     
  0.27849532939941718           0.55699065879883436            2.0887149704956292     
  0.27849532939941718           0.55699065879883436            2.2627745513702648     
  0.27849532939941718           0.55699065879883436            2.4368341322449010     
  0.27849532939941718           0.55699065879883436            2.6108937131195367     
  0.27849532939941718           0.55699065879883436            2.7849532939941724     
  0.27849532939941718           0.55699065879883436            2.9590128748688080     
  0.27849532939941718           0.55699065879883436            3.1330724557434433     
  0.27849532939941718           0.69623832349854298            0.0000000000000000     
  0.27849532939941718           0.69623832349854298           0.17405958087463577     
  0.27849532939941718           0.69623832349854298           0.34811916174927154     
  0.27849532939941718           0.69623832349854298           0.52217874262390729     
  0.27849532939941718           0.69623832349854298           0.69623832349854309     
  0.27849532939941718           0.69623832349854298           0.87029790437317889     
  0.27849532939941718           0.69623832349854298            1.0443574852478146     
  0.27849532939941718           0.69623832349854298            1.2184170661224505     
  0.27849532939941718           0.69623832349854298            1.3924766469970862     
  0.27849532939941718           0.69623832349854298            1.5665362278717216     
  0.27849532939941718           0.69623832349854298            1.7405958087463578     
  0.27849532939941718           0.69623832349854298            1.9146553896209932     
  0.27849532939941718           0.69623832349854298            2.0887149704956292     
  0.27849532939941718           0.69623832349854298            2.2627745513702648     
  0.27849532939941718           0.69623832349854298            2.4368341322449010     
  0.27849532939941718           0.69623832349854298            2.6108937131195367     
  0.27849532939941718           0.69623832349854298            2.7849532939941724     
  0.27849532939941718           0.69623832349854298            2.9590128748688080     
  0.27849532939941718           0.69623832349854298            3.1330724557434433     
  0.27849532939941718           0.83548598819825159            0.0000000000000000     
  0.27849532939941718           0.83548598819825159           0.17405958087463577     
  0.27849532939941718           0.83548598819825159           0.34811916174927154     
  0.27849532939941718           0.83548598819825159           0.52217874262390729     
  0.27849532939941718           0.83548598819825159           0.69623832349854309     
  0.27849532939941718           0.83548598819825159           0.87029790437317889     
  0.27849532939941718           0.83548598819825159            1.0443574852478146     
  0.27849532939941718           0.83548598819825159            1.2184170661224505     
  0.27849532939941718           0.83548598819825159            1.3924766469970862     
  0.27849532939941718           0.83548598819825159            1.5665362278717216     
  0.27849532939941718           0.83548598819825159            1.7405958087463578     
  0.27849532939941718           0.83548598819825159            1.9146553896209932     
  0.27849532939941718           0.83548598819825159            2.0887149704956292     
  0.27849532939941718           0.83548598819825159            2.2627745513702648     
  0.27849532939941718           0.83548598819825159            2.4368341322449010     
  0.27849532939941718           0.83548598819825159            2.6108937131195367     
  0.27849532939941718           0.83548598819825159            2.7849532939941724     
  0.27849532939941718           0.83548598819825159            2.9590128748688080     
  0.27849532939941718           0.83548598819825159            3.1330724557434433     
  0.27849532939941718           0.97473365289796032            0.0000000000000000     
  0.27849532939941718           0.97473365289796032           0.17405958087463577     
  0.27849532939941718           0.97473365289796032           0.34811916174927154     
  0.27849532939941718           0.97473365289796032           0.52217874262390729     
  0.27849532939941718           0.97473365289796032           0.69623832349854309     
  0.27849532939941718           0.97473365289796032           0.87029790437317889     
  0.27849532939941718           0.97473365289796032            1.0443574852478146     
  0.27849532939941718           0.97473365289796032            1.2184170661224505     
  0.27849532939941718           0.97473365289796032            1.3924766469970862     
  0.27849532939941718           0.97473365289796032            1.5665362278717216     
  0.27849532939941718           0.97473365289796032            1.7405958087463578     
  0.27849532939941718           0.97473365289796032            1.9146553896209932     
  0.27849532939941718           0.97473365289796032            2.0887149704956292     
  0.27849532939941718           0.97473365289796032            2.2627745513702648     
  0.27849532939941718           0.97473365289796032            2.4368341322449010     
  0.27849532939941718           0.97473365289796032            2.6108937131195367     
  0.27849532939941718           0.97473365289796032            2.7849532939941724     
  0.27849532939941718           0.97473365289796032            2.9590128748688080     
  0.27849532939941718           0.97473365289796032            3.1330724557434433     
  0.27849532939941718            1.1139813175976687            0.0000000000000000     
  0.27849532939941718            1.1139813175976687           0.17405958087463577     
  0.27849532939941718            1.1139813175976687           0.34811916174927154     
  0.27849532939941718            1.1139813175976687           0.52217874262390729     
  0.27849532939941718            1.1139813175976687           0.69623832349854309     
  0.27849532939941718            1.1139813175976687           0.87029790437317889     
  0.27849532939941718            1.1139813175976687            1.0443574852478146     
  0.27849532939941718            1.1139813175976687            1.2184170661224505     
  0.27849532939941718            1.1139813175976687            1.3924766469970862     
  0.27849532939941718            1.1139813175976687            1.5665362278717216     
  0.27849532939941718            1.1139813175976687            1.7405958087463578     
  0.27849532939941718            1.1139813175976687            1.9146553896209932     
  0.27849532939941718            1.1139813175976687            2.0887149704956292     
  0.27849532939941718            1.1139813175976687            2.2627745513702648     
  0.27849532939941718            1.1139813175976687            2.4368341322449010     
  0.27849532939941718            1.1139813175976687            2.6108937131195367     
  0.27849532939941718            1.1139813175976687            2.7849532939941724     
  0.27849532939941718            1.1139813175976687            2.9590128748688080     
  0.27849532939941718            1.1139813175976687            3.1330724557434433     
  0.27849532939941718            1.2532289822973772            0.0000000000000000     
  0.27849532939941718            1.2532289822973772           0.17405958087463577     
  0.27849532939941718            1.2532289822973772           0.34811916174927154     
  0.27849532939941718            1.2532289822973772           0.52217874262390729     
  0.27849532939941718            1.2532289822973772           0.69623832349854309     
  0.27849532939941718            1.2532289822973772           0.87029790437317889     
  0.27849532939941718            1.2532289822973772            1.0443574852478146     
  0.27849532939941718            1.2532289822973772            1.2184170661224505     
  0.27849532939941718            1.2532289822973772            1.3924766469970862     
  0.27849532939941718            1.2532289822973772            1.5665362278717216     
  0.27849532939941718            1.2532289822973772            1.7405958087463578     
  0.27849532939941718            1.2532289822973772            1.9146553896209932     
  0.27849532939941718            1.2532289822973772            2.0887149704956292     
  0.27849532939941718            1.2532289822973772            2.2627745513702648     
  0.27849532939941718            1.2532289822973772            2.4368341322449010     
  0.27849532939941718            1.2532289822973772            2.6108937131195367     
  0.27849532939941718            1.2532289822973772            2.7849532939941724     
  0.27849532939941718            1.2532289822973772            2.9590128748688080     
  0.27849532939941718            1.2532289822973772            3.1330724557434433     
  0.27849532939941718            1.3924766469970860            0.0000000000000000     
  0.27849532939941718            1.3924766469970860           0.17405958087463577     
  0.27849532939941718            1.3924766469970860           0.34811916174927154     
  0.27849532939941718            1.3924766469970860           0.52217874262390729     
  0.27849532939941718            1.3924766469970860           0.69623832349854309     
  0.27849532939941718            1.3924766469970860           0.87029790437317889     
  0.27849532939941718            1.3924766469970860            1.0443574852478146     
  0.27849532939941718            1.3924766469970860            1.2184170661224505     
  0.27849532939941718            1.3924766469970860            1.3924766469970862     
  0.27849532939941718            1.3924766469970860            1.5665362278717216     
  0.27849532939941718            1.3924766469970860            1.7405958087463578     
  0.27849532939941718            1.3924766469970860            1.9146553896209932     
  0.27849532939941718            1.3924766469970860            2.0887149704956292     
  0.27849532939941718            1.3924766469970860            2.2627745513702648     
  0.27849532939941718            1.3924766469970860            2.4368341322449010     
  0.27849532939941718            1.3924766469970860            2.6108937131195367     
  0.27849532939941718            1.3924766469970860            2.7849532939941724     
  0.27849532939941718            1.3924766469970860            2.9590128748688080     
  0.27849532939941718            1.3924766469970860            3.1330724557434433     
  0.27849532939941718            1.5317243116967947            0.0000000000000000     
  0.27849532939941718            1.5317243116967947           0.17405958087463577     
  0.27849532939941718            1.5317243116967947           0.34811916174927154     
  0.27849532939941718            1.5317243116967947           0.52217874262390729     
  0.27849532939941718            1.5317243116967947           0.69623832349854309     
  0.27849532939941718            1.5317243116967947           0.87029790437317889     
  0.27849532939941718            1.5317243116967947            1.0443574852478146     
  0.27849532939941718            1.5317243116967947            1.2184170661224505     
  0.27849532939941718            1.5317243116967947            1.3924766469970862     
  0.27849532939941718            1.5317243116967947            1.5665362278717216     
  0.27849532939941718            1.5317243116967947            1.7405958087463578     
  0.27849532939941718            1.5317243116967947            1.9146553896209932     
  0.27849532939941718            1.5317243116967947            2.0887149704956292     
  0.27849532939941718            1.5317243116967947            2.2627745513702648     
  0.27849532939941718            1.5317243116967947            2.4368341322449010     
  0.27849532939941718            1.5317243116967947            2.6108937131195367     
  0.27849532939941718            1.5317243116967947            2.7849532939941724     
  0.27849532939941718            1.5317243116967947            2.9590128748688080     
  0.27849532939941718            1.5317243116967947            3.1330724557434433     
  0.27849532939941718            1.6709719763965032            0.0000000000000000     
  0.27849532939941718            1.6709719763965032           0.17405958087463577     
  0.27849532939941718            1.6709719763965032           0.34811916174927154     
  0.27849532939941718            1.6709719763965032           0.52217874262390729     
  0.27849532939941718            1.6709719763965032           0.69623832349854309     
  0.27849532939941718            1.6709719763965032           0.87029790437317889     
  0.27849532939941718            1.6709719763965032            1.0443574852478146     
  0.27849532939941718            1.6709719763965032            1.2184170661224505     
  0.27849532939941718            1.6709719763965032            1.3924766469970862     
  0.27849532939941718            1.6709719763965032            1.5665362278717216     
  0.27849532939941718            1.6709719763965032            1.7405958087463578     
  0.27849532939941718            1.6709719763965032            1.9146553896209932     
  0.27849532939941718            1.6709719763965032            2.0887149704956292     
  0.27849532939941718            1.6709719763965032            2.2627745513702648     
  0.27849532939941718            1.6709719763965032            2.4368341322449010     
  0.27849532939941718            1.6709719763965032            2.6108937131195367     
  0.27849532939941718            1.6709719763965032            2.7849532939941724     
  0.27849532939941718            1.6709719763965032            2.9590128748688080     
  0.27849532939941718            1.6709719763965032            3.1330724557434433     
  0.27849532939941718            1.8102196410962119            0.0000000000000000     
  0.27849532939941718            1.8102196410962119           0.17405958087463577     
  0.27849532939941718            1.8102196410962119           0.34811916174927154     
  0.27849532939941718            1.8102196410962119           0.52217874262390729     
  0.27849532939941718            1.8102196410962119           0.69623832349854309     
  0.27849532939941718            1.8102196410962119           0.87029790437317889     
  0.27849532939941718            1.8102196410962119            1.0443574852478146     
  0.27849532939941718            1.8102196410962119            1.2184170661224505     
  0.27849532939941718            1.8102196410962119            1.3924766469970862     
  0.27849532939941718            1.8102196410962119            1.5665362278717216     
  0.27849532939941718            1.8102196410962119            1.7405958087463578     
  0.27849532939941718            1.8102196410962119            1.9146553896209932     
  0.27849532939941718            1.8102196410962119            2.0887149704956292     
  0.27849532939941718            1.8102196410962119            2.2627745513702648     
  0.27849532939941718            1.8102196410962119            2.4368341322449010     
  0.27849532939941718            1.8102196410962119            2.6108937131195367     
  0.27849532939941718            1.8102196410962119            2.7849532939941724     
  0.27849532939941718            1.8102196410962119            2.9590128748688080     
  0.27849532939941718            1.8102196410962119            3.1330724557434433     
  0.27849532939941718            1.9494673057959206            0.0000000000000000     
  0.27849532939941718            1.9494673057959206           0.17405958087463577     
  0.27849532939941718            1.9494673057959206           0.34811916174927154     
  0.27849532939941718            1.9494673057959206           0.52217874262390729     
  0.27849532939941718            1.9494673057959206           0.69623832349854309     
  0.27849532939941718            1.9494673057959206           0.87029790437317889     
  0.27849532939941718            1.9494673057959206            1.0443574852478146     
  0.27849532939941718            1.9494673057959206            1.2184170661224505     
  0.27849532939941718            1.9494673057959206            1.3924766469970862     
  0.27849532939941718            1.9494673057959206            1.5665362278717216     
  0.27849532939941718            1.9494673057959206            1.7405958087463578     
  0.27849532939941718            1.9494673057959206            1.9146553896209932     
  0.27849532939941718            1.9494673057959206            2.0887149704956292     
  0.27849532939941718            1.9494673057959206            2.2627745513702648     
  0.27849532939941718            1.9494673057959206            2.4368341322449010     
  0.27849532939941718            1.9494673057959206            2.6108937131195367     
  0.27849532939941718            1.9494673057959206            2.7849532939941724     
  0.27849532939941718            1.9494673057959206            2.9590128748688080     
  0.27849532939941718            1.9494673057959206            3.1330724557434433     
  0.27849532939941718            2.0887149704956292            0.0000000000000000     
  0.27849532939941718            2.0887149704956292           0.17405958087463577     
  0.27849532939941718            2.0887149704956292           0.34811916174927154     
  0.27849532939941718            2.0887149704956292           0.52217874262390729     
  0.27849532939941718            2.0887149704956292           0.69623832349854309     
  0.27849532939941718            2.0887149704956292           0.87029790437317889     
  0.27849532939941718            2.0887149704956292            1.0443574852478146     
  0.27849532939941718            2.0887149704956292            1.2184170661224505     
  0.27849532939941718            2.0887149704956292            1.3924766469970862     
  0.27849532939941718            2.0887149704956292            1.5665362278717216     
  0.27849532939941718            2.0887149704956292            1.7405958087463578     
  0.27849532939941718            2.0887149704956292            1.9146553896209932     
  0.27849532939941718            2.0887149704956292            2.0887149704956292     
  0.27849532939941718            2.0887149704956292            2.2627745513702648     
  0.27849532939941718            2.0887149704956292            2.4368341322449010     
  0.27849532939941718            2.0887149704956292            2.6108937131195367     
  0.27849532939941718            2.0887149704956292            2.7849532939941724     
  0.27849532939941718            2.0887149704956292            2.9590128748688080     
  0.27849532939941718            2.0887149704956292            3.1330724557434433     
  0.27849532939941718            2.2279626351953374            0.0000000000000000     
  0.27849532939941718            2.2279626351953374           0.17405958087463577     
  0.27849532939941718            2.2279626351953374           0.34811916174927154     
  0.27849532939941718            2.2279626351953374           0.52217874262390729     
  0.27849532939941718            2.2279626351953374           0.69623832349854309     
  0.27849532939941718            2.2279626351953374           0.87029790437317889     
  0.27849532939941718            2.2279626351953374            1.0443574852478146     
  0.27849532939941718            2.2279626351953374            1.2184170661224505     
  0.27849532939941718            2.2279626351953374            1.3924766469970862     
  0.27849532939941718            2.2279626351953374            1.5665362278717216     
  0.27849532939941718            2.2279626351953374            1.7405958087463578     
  0.27849532939941718            2.2279626351953374            1.9146553896209932     
  0.27849532939941718            2.2279626351953374            2.0887149704956292     
  0.27849532939941718            2.2279626351953374            2.2627745513702648     
  0.27849532939941718            2.2279626351953374            2.4368341322449010     
  0.27849532939941718            2.2279626351953374            2.6108937131195367     
  0.27849532939941718            2.2279626351953374            2.7849532939941724     
  0.27849532939941718            2.2279626351953374            2.9590128748688080     
  0.27849532939941718            2.2279626351953374            3.1330724557434433     
  0.27849532939941718            2.3672102998950462            0.0000000000000000     
  0.27849532939941718            2.3672102998950462           0.17405958087463577     
  0.27849532939941718            2.3672102998950462           0.34811916174927154     
  0.27849532939941718            2.3672102998950462           0.52217874262390729     
  0.27849532939941718            2.3672102998950462           0.69623832349854309     
  0.27849532939941718            2.3672102998950462           0.87029790437317889     
  0.27849532939941718            2.3672102998950462            1.0443574852478146     
  0.27849532939941718            2.3672102998950462            1.2184170661224505     
  0.27849532939941718            2.3672102998950462            1.3924766469970862     
  0.27849532939941718            2.3672102998950462            1.5665362278717216     
  0.27849532939941718            2.3672102998950462            1.7405958087463578     
  0.27849532939941718            2.3672102998950462            1.9146553896209932     
  0.27849532939941718            2.3672102998950462            2.0887149704956292     
  0.27849532939941718            2.3672102998950462            2.2627745513702648     
  0.27849532939941718            2.3672102998950462            2.4368341322449010     
  0.27849532939941718            2.3672102998950462            2.6108937131195367     
  0.27849532939941718            2.3672102998950462            2.7849532939941724     
  0.27849532939941718            2.3672102998950462            2.9590128748688080     
  0.27849532939941718            2.3672102998950462            3.1330724557434433     
  0.27849532939941718            2.5064579645947545            0.0000000000000000     
  0.27849532939941718            2.5064579645947545           0.17405958087463577     
  0.27849532939941718            2.5064579645947545           0.34811916174927154     
  0.27849532939941718            2.5064579645947545           0.52217874262390729     
  0.27849532939941718            2.5064579645947545           0.69623832349854309     
  0.27849532939941718            2.5064579645947545           0.87029790437317889     
  0.27849532939941718            2.5064579645947545            1.0443574852478146     
  0.27849532939941718            2.5064579645947545            1.2184170661224505     
  0.27849532939941718            2.5064579645947545            1.3924766469970862     
  0.27849532939941718            2.5064579645947545            1.5665362278717216     
  0.27849532939941718            2.5064579645947545            1.7405958087463578     
  0.27849532939941718            2.5064579645947545            1.9146553896209932     
  0.27849532939941718            2.5064579645947545            2.0887149704956292     
  0.27849532939941718            2.5064579645947545            2.2627745513702648     
  0.27849532939941718            2.5064579645947545            2.4368341322449010     
  0.27849532939941718            2.5064579645947545            2.6108937131195367     
  0.27849532939941718            2.5064579645947545            2.7849532939941724     
  0.27849532939941718            2.5064579645947545            2.9590128748688080     
  0.27849532939941718            2.5064579645947545            3.1330724557434433     
  0.41774299409912580            0.0000000000000000            0.0000000000000000     
  0.41774299409912580            0.0000000000000000           0.17405958087463577     
  0.41774299409912580            0.0000000000000000           0.34811916174927154     
  0.41774299409912580            0.0000000000000000           0.52217874262390729     
  0.41774299409912580            0.0000000000000000           0.69623832349854309     
  0.41774299409912580            0.0000000000000000           0.87029790437317889     
  0.41774299409912580            0.0000000000000000            1.0443574852478146     
  0.41774299409912580            0.0000000000000000            1.2184170661224505     
  0.41774299409912580            0.0000000000000000            1.3924766469970862     
  0.41774299409912580            0.0000000000000000            1.5665362278717216     
  0.41774299409912580            0.0000000000000000            1.7405958087463578     
  0.41774299409912580            0.0000000000000000            1.9146553896209932     
  0.41774299409912580            0.0000000000000000            2.0887149704956292     
  0.41774299409912580            0.0000000000000000            2.2627745513702648     
  0.41774299409912580            0.0000000000000000            2.4368341322449010     
  0.41774299409912580            0.0000000000000000            2.6108937131195367     
  0.41774299409912580            0.0000000000000000            2.7849532939941724     
  0.41774299409912580            0.0000000000000000            2.9590128748688080     
  0.41774299409912580            0.0000000000000000            3.1330724557434433     
  0.41774299409912580           0.13924766469970859            0.0000000000000000     
  0.41774299409912580           0.13924766469970859           0.17405958087463577     
  0.41774299409912580           0.13924766469970859           0.34811916174927154     
  0.41774299409912580           0.13924766469970859           0.52217874262390729     
  0.41774299409912580           0.13924766469970859           0.69623832349854309     
  0.41774299409912580           0.13924766469970859           0.87029790437317889     
  0.41774299409912580           0.13924766469970859            1.0443574852478146     
  0.41774299409912580           0.13924766469970859            1.2184170661224505     
  0.41774299409912580           0.13924766469970859            1.3924766469970862     
  0.41774299409912580           0.13924766469970859            1.5665362278717216     
  0.41774299409912580           0.13924766469970859            1.7405958087463578     
  0.41774299409912580           0.13924766469970859            1.9146553896209932     
  0.41774299409912580           0.13924766469970859            2.0887149704956292     
  0.41774299409912580           0.13924766469970859            2.2627745513702648     
  0.41774299409912580           0.13924766469970859            2.4368341322449010     
  0.41774299409912580           0.13924766469970859            2.6108937131195367     
  0.41774299409912580           0.13924766469970859            2.7849532939941724     
  0.41774299409912580           0.13924766469970859            2.9590128748688080     
  0.41774299409912580           0.13924766469970859            3.1330724557434433     
  0.41774299409912580           0.27849532939941718            0.0000000000000000     
  0.41774299409912580           0.27849532939941718           0.17405958087463577     
  0.41774299409912580           0.27849532939941718           0.34811916174927154     
  0.41774299409912580           0.27849532939941718           0.52217874262390729     
  0.41774299409912580           0.27849532939941718           0.69623832349854309     
  0.41774299409912580           0.27849532939941718           0.87029790437317889     
  0.41774299409912580           0.27849532939941718            1.0443574852478146     
  0.41774299409912580           0.27849532939941718            1.2184170661224505     
  0.41774299409912580           0.27849532939941718            1.3924766469970862     
  0.41774299409912580           0.27849532939941718            1.5665362278717216     
  0.41774299409912580           0.27849532939941718            1.7405958087463578     
  0.41774299409912580           0.27849532939941718            1.9146553896209932     
  0.41774299409912580           0.27849532939941718            2.0887149704956292     
  0.41774299409912580           0.27849532939941718            2.2627745513702648     
  0.41774299409912580           0.27849532939941718            2.4368341322449010     
  0.41774299409912580           0.27849532939941718            2.6108937131195367     
  0.41774299409912580           0.27849532939941718            2.7849532939941724     
  0.41774299409912580           0.27849532939941718            2.9590128748688080     
  0.41774299409912580           0.27849532939941718            3.1330724557434433     
  0.41774299409912580           0.41774299409912580            0.0000000000000000     
  0.41774299409912580           0.41774299409912580           0.17405958087463577     
  0.41774299409912580           0.41774299409912580           0.34811916174927154     
  0.41774299409912580           0.41774299409912580           0.52217874262390729     
  0.41774299409912580           0.41774299409912580           0.69623832349854309     
  0.41774299409912580           0.41774299409912580           0.87029790437317889     
  0.41774299409912580           0.41774299409912580            1.0443574852478146     
  0.41774299409912580           0.41774299409912580            1.2184170661224505     
  0.41774299409912580           0.41774299409912580            1.3924766469970862     
  0.41774299409912580           0.41774299409912580            1.5665362278717216     
  0.41774299409912580           0.41774299409912580            1.7405958087463578     
  0.41774299409912580           0.41774299409912580            1.9146553896209932     
  0.41774299409912580           0.41774299409912580            2.0887149704956292     
  0.41774299409912580           0.41774299409912580            2.2627745513702648     
  0.41774299409912580           0.41774299409912580            2.4368341322449010     
  0.41774299409912580           0.41774299409912580            2.6108937131195367     
  0.41774299409912580           0.41774299409912580            2.7849532939941724     
  0.41774299409912580           0.41774299409912580            2.9590128748688080     
  0.41774299409912580           0.41774299409912580            3.1330724557434433     
  0.41774299409912580           0.55699065879883436            0.0000000000000000     
  0.41774299409912580           0.55699065879883436           0.17405958087463577     
  0.41774299409912580           0.55699065879883436           0.34811916174927154     
  0.41774299409912580           0.55699065879883436           0.52217874262390729     
  0.41774299409912580           0.55699065879883436           0.69623832349854309     
  0.41774299409912580           0.55699065879883436           0.87029790437317889     
  0.41774299409912580           0.55699065879883436            1.0443574852478146     
  0.41774299409912580           0.55699065879883436            1.2184170661224505     
  0.41774299409912580           0.55699065879883436            1.3924766469970862     
  0.41774299409912580           0.55699065879883436            1.5665362278717216     
  0.41774299409912580           0.55699065879883436            1.7405958087463578     
  0.41774299409912580           0.55699065879883436            1.9146553896209932     
  0.41774299409912580           0.55699065879883436            2.0887149704956292     
  0.41774299409912580           0.55699065879883436            2.2627745513702648     
  0.41774299409912580           0.55699065879883436            2.4368341322449010     
  0.41774299409912580           0.55699065879883436            2.6108937131195367     
  0.41774299409912580           0.55699065879883436            2.7849532939941724     
  0.41774299409912580           0.55699065879883436            2.9590128748688080     
  0.41774299409912580           0.55699065879883436            3.1330724557434433     
  0.41774299409912580           0.69623832349854298            0.0000000000000000     
  0.41774299409912580           0.69623832349854298           0.17405958087463577     
  0.41774299409912580           0.69623832349854298           0.34811916174927154     
  0.41774299409912580           0.69623832349854298           0.52217874262390729     
  0.41774299409912580           0.69623832349854298           0.69623832349854309     
  0.41774299409912580           0.69623832349854298           0.87029790437317889     
  0.41774299409912580           0.69623832349854298            1.0443574852478146     
  0.41774299409912580           0.69623832349854298            1.2184170661224505     
  0.41774299409912580           0.69623832349854298            1.3924766469970862     
  0.41774299409912580           0.69623832349854298            1.5665362278717216     
  0.41774299409912580           0.69623832349854298            1.7405958087463578     
  0.41774299409912580           0.69623832349854298            1.9146553896209932     
  0.41774299409912580           0.69623832349854298            2.0887149704956292     
  0.41774299409912580           0.69623832349854298            2.2627745513702648     
  0.41774299409912580           0.69623832349854298            2.4368341322449010     
  0.41774299409912580           0.69623832349854298            2.6108937131195367     
  0.41774299409912580           0.69623832349854298            2.7849532939941724     
  0.41774299409912580           0.69623832349854298            2.9590128748688080     
  0.41774299409912580           0.69623832349854298            3.1330724557434433     
  0.41774299409912580           0.83548598819825159            0.0000000000000000     
  0.41774299409912580           0.83548598819825159           0.17405958087463577     
  0.41774299409912580           0.83548598819825159           0.34811916174927154     
  0.41774299409912580           0.83548598819825159           0.52217874262390729     
  0.41774299409912580           0.83548598819825159           0.69623832349854309     
  0.41774299409912580           0.83548598819825159           0.87029790437317889     
  0.41774299409912580           0.83548598819825159            1.0443574852478146     
  0.41774299409912580           0.83548598819825159            1.2184170661224505     
  0.41774299409912580           0.83548598819825159            1.3924766469970862     
  0.41774299409912580           0.83548598819825159            1.5665362278717216     
  0.41774299409912580           0.83548598819825159            1.7405958087463578     
  0.41774299409912580           0.83548598819825159            1.9146553896209932     
  0.41774299409912580           0.83548598819825159            2.0887149704956292     
  0.41774299409912580           0.83548598819825159            2.2627745513702648     
  0.41774299409912580           0.83548598819825159            2.4368341322449010     
  0.41774299409912580           0.83548598819825159            2.6108937131195367     
  0.41774299409912580           0.83548598819825159            2.7849532939941724     
  0.41774299409912580           0.83548598819825159            2.9590128748688080     
  0.41774299409912580           0.83548598819825159            3.1330724557434433     
  0.41774299409912580           0.97473365289796032            0.0000000000000000     
  0.41774299409912580           0.97473365289796032           0.17405958087463577     
  0.41774299409912580           0.97473365289796032           0.34811916174927154     
  0.41774299409912580           0.97473365289796032           0.52217874262390729     
  0.41774299409912580           0.97473365289796032           0.69623832349854309     
  0.41774299409912580           0.97473365289796032           0.87029790437317889     
  0.41774299409912580           0.97473365289796032            1.0443574852478146     
  0.41774299409912580           0.97473365289796032            1.2184170661224505     
  0.41774299409912580           0.97473365289796032            1.3924766469970862     
  0.41774299409912580           0.97473365289796032            1.5665362278717216     
  0.41774299409912580           0.97473365289796032            1.7405958087463578     
  0.41774299409912580           0.97473365289796032            1.9146553896209932     
  0.41774299409912580           0.97473365289796032            2.0887149704956292     
  0.41774299409912580           0.97473365289796032            2.2627745513702648     
  0.41774299409912580           0.97473365289796032            2.4368341322449010     
  0.41774299409912580           0.97473365289796032            2.6108937131195367     
  0.41774299409912580           0.97473365289796032            2.7849532939941724     
  0.41774299409912580           0.97473365289796032            2.9590128748688080     
  0.41774299409912580           0.97473365289796032            3.1330724557434433     
  0.41774299409912580            1.1139813175976687            0.0000000000000000     
  0.41774299409912580            1.1139813175976687           0.17405958087463577     
  0.41774299409912580            1.1139813175976687           0.34811916174927154     
  0.41774299409912580            1.1139813175976687           0.52217874262390729     
  0.41774299409912580            1.1139813175976687           0.69623832349854309     
  0.41774299409912580            1.1139813175976687           0.87029790437317889     
  0.41774299409912580            1.1139813175976687            1.0443574852478146     
  0.41774299409912580            1.1139813175976687            1.2184170661224505     
  0.41774299409912580            1.1139813175976687            1.3924766469970862     
  0.41774299409912580            1.1139813175976687            1.5665362278717216     
  0.41774299409912580            1.1139813175976687            1.7405958087463578     
  0.41774299409912580            1.1139813175976687            1.9146553896209932     
  0.41774299409912580            1.1139813175976687            2.0887149704956292     
  0.41774299409912580            1.1139813175976687            2.2627745513702648     
  0.41774299409912580            1.1139813175976687            2.4368341322449010     
  0.41774299409912580            1.1139813175976687            2.6108937131195367     
  0.41774299409912580            1.1139813175976687            2.7849532939941724     
  0.41774299409912580            1.1139813175976687            2.9590128748688080     
  0.41774299409912580            1.1139813175976687            3.1330724557434433     
  0.41774299409912580            1.2532289822973772            0.0000000000000000     
  0.41774299409912580            1.2532289822973772           0.17405958087463577     
  0.41774299409912580            1.2532289822973772           0.34811916174927154     
  0.41774299409912580            1.2532289822973772           0.52217874262390729     
  0.41774299409912580            1.2532289822973772           0.69623832349854309     
  0.41774299409912580            1.2532289822973772           0.87029790437317889     
  0.41774299409912580            1.2532289822973772            1.0443574852478146     
  0.41774299409912580            1.2532289822973772            1.2184170661224505     
  0.41774299409912580            1.2532289822973772            1.3924766469970862     
  0.41774299409912580            1.2532289822973772            1.5665362278717216     
  0.41774299409912580            1.2532289822973772            1.7405958087463578     
  0.41774299409912580            1.2532289822973772            1.9146553896209932     
  0.41774299409912580            1.2532289822973772            2.0887149704956292     
  0.41774299409912580            1.2532289822973772            2.2627745513702648     
  0.41774299409912580            1.2532289822973772            2.4368341322449010     
  0.41774299409912580            1.2532289822973772            2.6108937131195367     
  0.41774299409912580            1.2532289822973772            2.7849532939941724     
  0.41774299409912580            1.2532289822973772            2.9590128748688080     
  0.41774299409912580            1.2532289822973772            3.1330724557434433     
  0.41774299409912580            1.3924766469970860            0.0000000000000000     
  0.41774299409912580            1.3924766469970860           0.17405958087463577     
  0.41774299409912580            1.3924766469970860           0.34811916174927154     
  0.41774299409912580            1.3924766469970860           0.52217874262390729     
  0.41774299409912580            1.3924766469970860           0.69623832349854309     
  0.41774299409912580            1.3924766469970860           0.87029790437317889     
  0.41774299409912580            1.3924766469970860            1.0443574852478146     
  0.41774299409912580            1.3924766469970860            1.2184170661224505     
  0.41774299409912580            1.3924766469970860            1.3924766469970862     
  0.41774299409912580            1.3924766469970860            1.5665362278717216     
  0.41774299409912580            1.3924766469970860            1.7405958087463578     
  0.41774299409912580            1.3924766469970860            1.9146553896209932     
  0.41774299409912580            1.3924766469970860            2.0887149704956292     
  0.41774299409912580            1.3924766469970860            2.2627745513702648     
  0.41774299409912580            1.3924766469970860            2.4368341322449010     
  0.41774299409912580            1.3924766469970860            2.6108937131195367     
  0.41774299409912580            1.3924766469970860            2.7849532939941724     
  0.41774299409912580            1.3924766469970860            2.9590128748688080     
  0.41774299409912580            1.3924766469970860            3.1330724557434433     
  0.41774299409912580            1.5317243116967947            0.0000000000000000     
  0.41774299409912580            1.5317243116967947           0.17405958087463577     
  0.41774299409912580            1.5317243116967947           0.34811916174927154     
  0.41774299409912580            1.5317243116967947           0.52217874262390729     
  0.41774299409912580            1.5317243116967947           0.69623832349854309     
  0.41774299409912580            1.5317243116967947           0.87029790437317889     
  0.41774299409912580            1.5317243116967947            1.0443574852478146     
  0.41774299409912580            1.5317243116967947            1.2184170661224505     
  0.41774299409912580            1.5317243116967947            1.3924766469970862     
  0.41774299409912580            1.5317243116967947            1.5665362278717216     
  0.41774299409912580            1.5317243116967947            1.7405958087463578     
  0.41774299409912580            1.5317243116967947            1.9146553896209932     
  0.41774299409912580            1.5317243116967947            2.0887149704956292     
  0.41774299409912580            1.5317243116967947            2.2627745513702648     
  0.41774299409912580            1.5317243116967947            2.4368341322449010     
  0.41774299409912580            1.5317243116967947            2.6108937131195367     
  0.41774299409912580            1.5317243116967947            2.7849532939941724     
  0.41774299409912580            1.5317243116967947            2.9590128748688080     
  0.41774299409912580            1.5317243116967947            3.1330724557434433     
  0.41774299409912580            1.6709719763965032            0.0000000000000000     
  0.41774299409912580            1.6709719763965032           0.17405958087463577     
  0.41774299409912580            1.6709719763965032           0.34811916174927154     
  0.41774299409912580            1.6709719763965032           0.52217874262390729     
  0.41774299409912580            1.6709719763965032           0.69623832349854309     
  0.41774299409912580            1.6709719763965032           0.87029790437317889     
  0.41774299409912580            1.6709719763965032            1.0443574852478146     
  0.41774299409912580            1.6709719763965032            1.2184170661224505     
  0.41774299409912580            1.6709719763965032            1.3924766469970862     
  0.41774299409912580            1.6709719763965032            1.5665362278717216     
  0.41774299409912580            1.6709719763965032            1.7405958087463578     
  0.41774299409912580            1.6709719763965032            1.9146553896209932     
  0.41774299409912580            1.6709719763965032            2.0887149704956292     
  0.41774299409912580            1.6709719763965032            2.2627745513702648     
  0.41774299409912580            1.6709719763965032            2.4368341322449010     
  0.41774299409912580            1.6709719763965032            2.6108937131195367     
  0.41774299409912580            1.6709719763965032            2.7849532939941724     
  0.41774299409912580            1.6709719763965032            2.9590128748688080     
  0.41774299409912580            1.6709719763965032            3.1330724557434433     
  0.41774299409912580            1.8102196410962119            0.0000000000000000     
  0.41774299409912580            1.8102196410962119           0.17405958087463577     
  0.41774299409912580            1.8102196410962119           0.34811916174927154     
  0.41774299409912580            1.8102196410962119           0.52217874262390729     
  0.41774299409912580            1.8102196410962119           0.69623832349854309     
  0.41774299409912580            1.8102196410962119           0.87029790437317889     
  0.41774299409912580            1.8102196410962119            1.0443574852478146     
  0.41774299409912580            1.8102196410962119            1.2184170661224505     
  0.41774299409912580            1.8102196410962119            1.3924766469970862     
  0.41774299409912580            1.8102196410962119            1.5665362278717216     
  0.41774299409912580            1.8102196410962119            1.7405958087463578     
  0.41774299409912580            1.8102196410962119            1.9146553896209932     
  0.41774299409912580            1.8102196410962119            2.0887149704956292     
  0.41774299409912580            1.8102196410962119            2.2627745513702648     
  0.41774299409912580            1.8102196410962119            2.4368341322449010     
  0.41774299409912580            1.8102196410962119            2.6108937131195367     
  0.41774299409912580            1.8102196410962119            2.7849532939941724     
  0.41774299409912580            1.8102196410962119            2.9590128748688080     
  0.41774299409912580            1.8102196410962119            3.1330724557434433     
  0.41774299409912580            1.9494673057959206            0.0000000000000000     
  0.41774299409912580            1.9494673057959206           0.17405958087463577     
  0.41774299409912580            1.9494673057959206           0.34811916174927154     
  0.41774299409912580            1.9494673057959206           0.52217874262390729     
  0.41774299409912580            1.9494673057959206           0.69623832349854309     
  0.41774299409912580            1.9494673057959206           0.87029790437317889     
  0.41774299409912580            1.9494673057959206            1.0443574852478146     
  0.41774299409912580            1.9494673057959206            1.2184170661224505     
  0.41774299409912580            1.9494673057959206            1.3924766469970862     
  0.41774299409912580            1.9494673057959206            1.5665362278717216     
  0.41774299409912580            1.9494673057959206            1.7405958087463578     
  0.41774299409912580            1.9494673057959206            1.9146553896209932     
  0.41774299409912580            1.9494673057959206            2.0887149704956292     
  0.41774299409912580            1.9494673057959206            2.2627745513702648     
  0.41774299409912580            1.9494673057959206            2.4368341322449010     
  0.41774299409912580            1.9494673057959206            2.6108937131195367     
  0.41774299409912580            1.9494673057959206            2.7849532939941724     
  0.41774299409912580            1.9494673057959206            2.9590128748688080     
  0.41774299409912580            1.9494673057959206            3.1330724557434433     
  0.41774299409912580            2.0887149704956292            0.0000000000000000     
  0.41774299409912580            2.0887149704956292           0.17405958087463577     
  0.41774299409912580            2.0887149704956292           0.34811916174927154     
  0.41774299409912580            2.0887149704956292           0.52217874262390729     
  0.41774299409912580            2.0887149704956292           0.69623832349854309     
  0.41774299409912580            2.0887149704956292           0.87029790437317889     
  0.41774299409912580            2.0887149704956292            1.0443574852478146     
  0.41774299409912580            2.0887149704956292            1.2184170661224505     
  0.41774299409912580            2.0887149704956292            1.3924766469970862     
  0.41774299409912580            2.0887149704956292            1.5665362278717216     
  0.41774299409912580            2.0887149704956292            1.7405958087463578     
  0.41774299409912580            2.0887149704956292            1.9146553896209932     
  0.41774299409912580            2.0887149704956292            2.0887149704956292     
  0.41774299409912580            2.0887149704956292            2.2627745513702648     
  0.41774299409912580            2.0887149704956292            2.4368341322449010     
  0.41774299409912580            2.0887149704956292            2.6108937131195367     
  0.41774299409912580            2.0887149704956292            2.7849532939941724     
  0.41774299409912580            2.0887149704956292            2.9590128748688080     
  0.41774299409912580            2.0887149704956292            3.1330724557434433     
  0.41774299409912580            2.2279626351953374            0.0000000000000000     
  0.41774299409912580            2.2279626351953374           0.17405958087463577     
  0.41774299409912580            2.2279626351953374           0.34811916174927154     
  0.41774299409912580            2.2279626351953374           0.52217874262390729     
  0.41774299409912580            2.2279626351953374           0.69623832349854309     
  0.41774299409912580            2.2279626351953374           0.87029790437317889     
  0.41774299409912580            2.2279626351953374            1.0443574852478146     
  0.41774299409912580            2.2279626351953374            1.2184170661224505     
  0.41774299409912580            2.2279626351953374            1.3924766469970862     
  0.41774299409912580            2.2279626351953374            1.5665362278717216     
  0.41774299409912580            2.2279626351953374            1.7405958087463578     
  0.41774299409912580            2.2279626351953374            1.9146553896209932     
  0.41774299409912580            2.2279626351953374            2.0887149704956292     
  0.41774299409912580            2.2279626351953374            2.2627745513702648     
  0.41774299409912580            2.2279626351953374            2.4368341322449010     
  0.41774299409912580            2.2279626351953374            2.6108937131195367     
  0.41774299409912580            2.2279626351953374            2.7849532939941724     
  0.41774299409912580            2.2279626351953374            2.9590128748688080     
  0.41774299409912580            2.2279626351953374            3.1330724557434433     
  0.41774299409912580            2.3672102998950462            0.0000000000000000     
  0.41774299409912580            2.3672102998950462           0.17405958087463577     
  0.41774299409912580            2.3672102998950462           0.34811916174927154     
  0.41774299409912580            2.3672102998950462           0.52217874262390729     
  0.41774299409912580            2.3672102998950462           0.69623832349854309     
  0.41774299409912580            2.3672102998950462           0.87029790437317889     
  0.41774299409912580            2.3672102998950462            1.0443574852478146     
  0.41774299409912580            2.3672102998950462            1.2184170661224505     
  0.41774299409912580            2.3672102998950462            1.3924766469970862     
  0.41774299409912580            2.3672102998950462            1.5665362278717216     
  0.41774299409912580            2.3672102998950462            1.7405958087463578     
  0.41774299409912580            2.3672102998950462            1.9146553896209932     
  0.41774299409912580            2.3672102998950462            2.0887149704956292     
  0.41774299409912580            2.3672102998950462            2.2627745513702648     
  0.41774299409912580            2.3672102998950462            2.4368341322449010     
  0.41774299409912580            2.3672102998950462            2.6108937131195367     
  0.41774299409912580            2.3672102998950462            2.7849532939941724     
  0.41774299409912580            2.3672102998950462            2.9590128748688080     
  0.41774299409912580            2.3672102998950462            3.1330724557434433     
  0.41774299409912580            2.5064579645947545            0.0000000000000000     
  0.41774299409912580            2.5064579645947545           0.17405958087463577     
  0.41774299409912580            2.5064579645947545           0.34811916174927154     
  0.41774299409912580            2.5064579645947545           0.52217874262390729     
  0.41774299409912580            2.5064579645947545           0.69623832349854309     
  0.41774299409912580            2.5064579645947545           0.87029790437317889     
  0.41774299409912580            2.5064579645947545            1.0443574852478146     
  0.41774299409912580            2.5064579645947545            1.2184170661224505     
  0.41774299409912580            2.5064579645947545            1.3924766469970862     
  0.41774299409912580            2.5064579645947545            1.5665362278717216     
  0.41774299409912580            2.5064579645947545            1.7405958087463578     
  0.41774299409912580            2.5064579645947545            1.9146553896209932     
  0.41774299409912580            2.5064579645947545            2.0887149704956292     
  0.41774299409912580            2.5064579645947545            2.2627745513702648     
  0.41774299409912580            2.5064579645947545            2.4368341322449010     
  0.41774299409912580            2.5064579645947545            2.6108937131195367     
  0.41774299409912580            2.5064579645947545            2.7849532939941724     
  0.41774299409912580            2.5064579645947545            2.9590128748688080     
  0.41774299409912580            2.5064579645947545            3.1330724557434433     
  0.55699065879883436            0.0000000000000000            0.0000000000000000     
  0.55699065879883436            0.0000000000000000           0.17405958087463577     
  0.55699065879883436            0.0000000000000000           0.34811916174927154     
  0.55699065879883436            0.0000000000000000           0.52217874262390729     
  0.55699065879883436            0.0000000000000000           0.69623832349854309     
  0.55699065879883436            0.0000000000000000           0.87029790437317889     
  0.55699065879883436            0.0000000000000000            1.0443574852478146     
  0.55699065879883436            0.0000000000000000            1.2184170661224505     
  0.55699065879883436            0.0000000000000000            1.3924766469970862     
  0.55699065879883436            0.0000000000000000            1.5665362278717216     
  0.55699065879883436            0.0000000000000000            1.7405958087463578     
  0.55699065879883436            0.0000000000000000            1.9146553896209932     
  0.55699065879883436            0.0000000000000000            2.0887149704956292     
  0.55699065879883436            0.0000000000000000            2.2627745513702648     
  0.55699065879883436            0.0000000000000000            2.4368341322449010     
  0.55699065879883436            0.0000000000000000            2.6108937131195367     
  0.55699065879883436            0.0000000000000000            2.7849532939941724     
  0.55699065879883436            0.0000000000000000            2.9590128748688080     
  0.55699065879883436            0.0000000000000000            3.1330724557434433     
  0.55699065879883436           0.13924766469970859            0.0000000000000000     
  0.55699065879883436           0.13924766469970859           0.17405958087463577     
  0.55699065879883436           0.13924766469970859           0.34811916174927154     
  0.55699065879883436           0.13924766469970859           0.52217874262390729     
  0.55699065879883436           0.13924766469970859           0.69623832349854309     
  0.55699065879883436           0.13924766469970859           0.87029790437317889     
  0.55699065879883436           0.13924766469970859            1.0443574852478146     
  0.55699065879883436           0.13924766469970859            1.2184170661224505     
  0.55699065879883436           0.13924766469970859            1.3924766469970862     
  0.55699065879883436           0.13924766469970859            1.5665362278717216     
  0.55699065879883436           0.13924766469970859            1.7405958087463578     
  0.55699065879883436           0.13924766469970859            1.9146553896209932     
  0.55699065879883436           0.13924766469970859            2.0887149704956292     
  0.55699065879883436           0.13924766469970859            2.2627745513702648     
  0.55699065879883436           0.13924766469970859            2.4368341322449010     
  0.55699065879883436           0.13924766469970859            2.6108937131195367     
  0.55699065879883436           0.13924766469970859            2.7849532939941724     
  0.55699065879883436           0.13924766469970859            2.9590128748688080     
  0.55699065879883436           0.13924766469970859            3.1330724557434433     
  0.55699065879883436           0.27849532939941718            0.0000000000000000     
  0.55699065879883436           0.27849532939941718           0.17405958087463577     
  0.55699065879883436           0.27849532939941718           0.34811916174927154     
  0.55699065879883436           0.27849532939941718           0.52217874262390729     
  0.55699065879883436           0.27849532939941718           0.69623832349854309     
  0.55699065879883436           0.27849532939941718           0.87029790437317889     
  0.55699065879883436           0.27849532939941718            1.0443574852478146     
  0.55699065879883436           0.27849532939941718            1.2184170661224505     
  0.55699065879883436           0.27849532939941718            1.3924766469970862     
  0.55699065879883436           0.27849532939941718            1.5665362278717216     
  0.55699065879883436           0.27849532939941718            1.7405958087463578     
  0.55699065879883436           0.27849532939941718            1.9146553896209932     
  0.55699065879883436           0.27849532939941718            2.0887149704956292     
  0.55699065879883436           0.27849532939941718            2.2627745513702648     
  0.55699065879883436           0.27849532939941718            2.4368341322449010     
  0.55699065879883436           0.27849532939941718            2.6108937131195367     
  0.55699065879883436           0.27849532939941718            2.7849532939941724     
  0.55699065879883436           0.27849532939941718            2.9590128748688080     
  0.55699065879883436           0.27849532939941718            3.1330724557434433     
  0.55699065879883436           0.41774299409912580            0.0000000000000000     
  0.55699065879883436           0.41774299409912580           0.17405958087463577     
  0.55699065879883436           0.41774299409912580           0.34811916174927154     
  0.55699065879883436           0.41774299409912580           0.52217874262390729     
  0.55699065879883436           0.41774299409912580           0.69623832349854309     
  0.55699065879883436           0.41774299409912580           0.87029790437317889     
  0.55699065879883436           0.41774299409912580            1.0443574852478146     
  0.55699065879883436           0.41774299409912580            1.2184170661224505     
  0.55699065879883436           0.41774299409912580            1.3924766469970862     
  0.55699065879883436           0.41774299409912580            1.5665362278717216     
  0.55699065879883436           0.41774299409912580            1.7405958087463578     
  0.55699065879883436           0.41774299409912580            1.9146553896209932     
  0.55699065879883436           0.41774299409912580            2.0887149704956292     
  0.55699065879883436           0.41774299409912580            2.2627745513702648     
  0.55699065879883436           0.41774299409912580            2.4368341322449010     
  0.55699065879883436           0.41774299409912580            2.6108937131195367     
  0.55699065879883436           0.41774299409912580            2.7849532939941724     
  0.55699065879883436           0.41774299409912580            2.9590128748688080     
  0.55699065879883436           0.41774299409912580            3.1330724557434433     
  0.55699065879883436           0.55699065879883436            0.0000000000000000     
  0.55699065879883436           0.55699065879883436           0.17405958087463577     
  0.55699065879883436           0.55699065879883436           0.34811916174927154     
  0.55699065879883436           0.55699065879883436           0.52217874262390729     
  0.55699065879883436           0.55699065879883436           0.69623832349854309     
  0.55699065879883436           0.55699065879883436           0.87029790437317889     
  0.55699065879883436           0.55699065879883436            1.0443574852478146     
  0.55699065879883436           0.55699065879883436            1.2184170661224505     
  0.55699065879883436           0.55699065879883436            1.3924766469970862     
  0.55699065879883436           0.55699065879883436            1.5665362278717216     
  0.55699065879883436           0.55699065879883436            1.7405958087463578     
  0.55699065879883436           0.55699065879883436            1.9146553896209932     
  0.55699065879883436           0.55699065879883436            2.0887149704956292     
  0.55699065879883436           0.55699065879883436            2.2627745513702648     
  0.55699065879883436           0.55699065879883436            2.4368341322449010     
  0.55699065879883436           0.55699065879883436            2.6108937131195367     
  0.55699065879883436           0.55699065879883436            2.7849532939941724     
  0.55699065879883436           0.55699065879883436            2.9590128748688080     
  0.55699065879883436           0.55699065879883436            3.1330724557434433     
  0.55699065879883436           0.69623832349854298            0.0000000000000000     
  0.55699065879883436           0.69623832349854298           0.17405958087463577     
  0.55699065879883436           0.69623832349854298           0.34811916174927154     
  0.55699065879883436           0.69623832349854298           0.52217874262390729     
  0.55699065879883436           0.69623832349854298           0.69623832349854309     
  0.55699065879883436           0.69623832349854298           0.87029790437317889     
  0.55699065879883436           0.69623832349854298            1.0443574852478146     
  0.55699065879883436           0.69623832349854298            1.2184170661224505     
  0.55699065879883436           0.69623832349854298            1.3924766469970862     
  0.55699065879883436           0.69623832349854298            1.5665362278717216     
  0.55699065879883436           0.69623832349854298            1.7405958087463578     
  0.55699065879883436           0.69623832349854298            1.9146553896209932     
  0.55699065879883436           0.69623832349854298            2.0887149704956292     
  0.55699065879883436           0.69623832349854298            2.2627745513702648     
  0.55699065879883436           0.69623832349854298            2.4368341322449010     
  0.55699065879883436           0.69623832349854298            2.6108937131195367     
  0.55699065879883436           0.69623832349854298            2.7849532939941724     
  0.55699065879883436           0.69623832349854298            2.9590128748688080     
  0.55699065879883436           0.69623832349854298            3.1330724557434433     
  0.55699065879883436           0.83548598819825159            0.0000000000000000     
  0.55699065879883436           0.83548598819825159           0.17405958087463577     
  0.55699065879883436           0.83548598819825159           0.34811916174927154     
  0.55699065879883436           0.83548598819825159           0.52217874262390729     
  0.55699065879883436           0.83548598819825159           0.69623832349854309     
  0.55699065879883436           0.83548598819825159           0.87029790437317889     
  0.55699065879883436           0.83548598819825159            1.0443574852478146     
  0.55699065879883436           0.83548598819825159            1.2184170661224505     
  0.55699065879883436           0.83548598819825159            1.3924766469970862     
  0.55699065879883436           0.83548598819825159            1.5665362278717216     
  0.55699065879883436           0.83548598819825159            1.7405958087463578     
  0.55699065879883436           0.83548598819825159            1.9146553896209932     
  0.55699065879883436           0.83548598819825159            2.0887149704956292     
  0.55699065879883436           0.83548598819825159            2.2627745513702648     
  0.55699065879883436           0.83548598819825159            2.4368341322449010     
  0.55699065879883436           0.83548598819825159            2.6108937131195367     
  0.55699065879883436           0.83548598819825159            2.7849532939941724     
  0.55699065879883436           0.83548598819825159            2.9590128748688080     
  0.55699065879883436           0.83548598819825159            3.1330724557434433     
  0.55699065879883436           0.97473365289796032            0.0000000000000000     
  0.55699065879883436           0.97473365289796032           0.17405958087463577     
  0.55699065879883436           0.97473365289796032           0.34811916174927154     
  0.55699065879883436           0.97473365289796032           0.52217874262390729     
  0.55699065879883436           0.97473365289796032           0.69623832349854309     
  0.55699065879883436           0.97473365289796032           0.87029790437317889     
  0.55699065879883436           0.97473365289796032            1.0443574852478146     
  0.55699065879883436           0.97473365289796032            1.2184170661224505     
  0.55699065879883436           0.97473365289796032            1.3924766469970862     
  0.55699065879883436           0.97473365289796032            1.5665362278717216     
  0.55699065879883436           0.97473365289796032            1.7405958087463578     
  0.55699065879883436           0.97473365289796032            1.9146553896209932     
  0.55699065879883436           0.97473365289796032            2.0887149704956292     
  0.55699065879883436           0.97473365289796032            2.2627745513702648     
  0.55699065879883436           0.97473365289796032            2.4368341322449010     
  0.55699065879883436           0.97473365289796032            2.6108937131195367     
  0.55699065879883436           0.97473365289796032            2.7849532939941724     
  0.55699065879883436           0.97473365289796032            2.9590128748688080     
  0.55699065879883436           0.97473365289796032            3.1330724557434433     
  0.55699065879883436            1.1139813175976687            0.0000000000000000     
  0.55699065879883436            1.1139813175976687           0.17405958087463577     
  0.55699065879883436            1.1139813175976687           0.34811916174927154     
  0.55699065879883436            1.1139813175976687           0.52217874262390729     
  0.55699065879883436            1.1139813175976687           0.69623832349854309     
  0.55699065879883436            1.1139813175976687           0.87029790437317889     
  0.55699065879883436            1.1139813175976687            1.0443574852478146     
  0.55699065879883436            1.1139813175976687            1.2184170661224505     
  0.55699065879883436            1.1139813175976687            1.3924766469970862     
  0.55699065879883436            1.1139813175976687            1.5665362278717216     
  0.55699065879883436            1.1139813175976687            1.7405958087463578     
  0.55699065879883436            1.1139813175976687            1.9146553896209932     
  0.55699065879883436            1.1139813175976687            2.0887149704956292     
  0.55699065879883436            1.1139813175976687            2.2627745513702648     
  0.55699065879883436            1.1139813175976687            2.4368341322449010     
  0.55699065879883436            1.1139813175976687            2.6108937131195367     
  0.55699065879883436            1.1139813175976687            2.7849532939941724     
  0.55699065879883436            1.1139813175976687            2.9590128748688080     
  0.55699065879883436            1.1139813175976687            3.1330724557434433     
  0.55699065879883436            1.2532289822973772            0.0000000000000000     
  0.55699065879883436            1.2532289822973772           0.17405958087463577     
  0.55699065879883436            1.2532289822973772           0.34811916174927154     
  0.55699065879883436            1.2532289822973772           0.52217874262390729     
  0.55699065879883436            1.2532289822973772           0.69623832349854309     
  0.55699065879883436            1.2532289822973772           0.87029790437317889     
  0.55699065879883436            1.2532289822973772            1.0443574852478146     
  0.55699065879883436            1.2532289822973772            1.2184170661224505     
  0.55699065879883436            1.2532289822973772            1.3924766469970862     
  0.55699065879883436            1.2532289822973772            1.5665362278717216     
  0.55699065879883436            1.2532289822973772            1.7405958087463578     
  0.55699065879883436            1.2532289822973772            1.9146553896209932     
  0.55699065879883436            1.2532289822973772            2.0887149704956292     
  0.55699065879883436            1.2532289822973772            2.2627745513702648     
  0.55699065879883436            1.2532289822973772            2.4368341322449010     
  0.55699065879883436            1.2532289822973772            2.6108937131195367     
  0.55699065879883436            1.2532289822973772            2.7849532939941724     
  0.55699065879883436            1.2532289822973772            2.9590128748688080     
  0.55699065879883436            1.2532289822973772            3.1330724557434433     
  0.55699065879883436            1.3924766469970860            0.0000000000000000     
  0.55699065879883436            1.3924766469970860           0.17405958087463577     
  0.55699065879883436            1.3924766469970860           0.34811916174927154     
  0.55699065879883436            1.3924766469970860           0.52217874262390729     
  0.55699065879883436            1.3924766469970860           0.69623832349854309     
  0.55699065879883436            1.3924766469970860           0.87029790437317889     
  0.55699065879883436            1.3924766469970860            1.0443574852478146     
  0.55699065879883436            1.3924766469970860            1.2184170661224505     
  0.55699065879883436            1.3924766469970860            1.3924766469970862     
  0.55699065879883436            1.3924766469970860            1.5665362278717216     
  0.55699065879883436            1.3924766469970860            1.7405958087463578     
  0.55699065879883436            1.3924766469970860            1.9146553896209932     
  0.55699065879883436            1.3924766469970860            2.0887149704956292     
  0.55699065879883436            1.3924766469970860            2.2627745513702648     
  0.55699065879883436            1.3924766469970860            2.4368341322449010     
  0.55699065879883436            1.3924766469970860            2.6108937131195367     
  0.55699065879883436            1.3924766469970860            2.7849532939941724     
  0.55699065879883436            1.3924766469970860            2.9590128748688080     
  0.55699065879883436            1.3924766469970860            3.1330724557434433     
  0.55699065879883436            1.5317243116967947            0.0000000000000000     
  0.55699065879883436            1.5317243116967947           0.17405958087463577     
  0.55699065879883436            1.5317243116967947           0.34811916174927154     
  0.55699065879883436            1.5317243116967947           0.52217874262390729     
  0.55699065879883436            1.5317243116967947           0.69623832349854309     
  0.55699065879883436            1.5317243116967947           0.87029790437317889     
  0.55699065879883436            1.5317243116967947            1.0443574852478146     
  0.55699065879883436            1.5317243116967947            1.2184170661224505     
  0.55699065879883436            1.5317243116967947            1.3924766469970862     
  0.55699065879883436            1.5317243116967947            1.5665362278717216     
  0.55699065879883436            1.5317243116967947            1.7405958087463578     
  0.55699065879883436            1.5317243116967947            1.9146553896209932     
  0.55699065879883436            1.5317243116967947            2.0887149704956292     
  0.55699065879883436            1.5317243116967947            2.2627745513702648     
  0.55699065879883436            1.5317243116967947            2.4368341322449010     
  0.55699065879883436            1.5317243116967947            2.6108937131195367     
  0.55699065879883436            1.5317243116967947            2.7849532939941724     
  0.55699065879883436            1.5317243116967947            2.9590128748688080     
  0.55699065879883436            1.5317243116967947            3.1330724557434433     
  0.55699065879883436            1.6709719763965032            0.0000000000000000     
  0.55699065879883436            1.6709719763965032           0.17405958087463577     
  0.55699065879883436            1.6709719763965032           0.34811916174927154     
  0.55699065879883436            1.6709719763965032           0.52217874262390729     
  0.55699065879883436            1.6709719763965032           0.69623832349854309     
  0.55699065879883436            1.6709719763965032           0.87029790437317889     
  0.55699065879883436            1.6709719763965032            1.0443574852478146     
  0.55699065879883436            1.6709719763965032            1.2184170661224505     
  0.55699065879883436            1.6709719763965032            1.3924766469970862     
  0.55699065879883436            1.6709719763965032            1.5665362278717216     
  0.55699065879883436            1.6709719763965032            1.7405958087463578     
  0.55699065879883436            1.6709719763965032            1.9146553896209932     
  0.55699065879883436            1.6709719763965032            2.0887149704956292     
  0.55699065879883436            1.6709719763965032            2.2627745513702648     
  0.55699065879883436            1.6709719763965032            2.4368341322449010     
  0.55699065879883436            1.6709719763965032            2.6108937131195367     
  0.55699065879883436            1.6709719763965032            2.7849532939941724     
  0.55699065879883436            1.6709719763965032            2.9590128748688080     
  0.55699065879883436            1.6709719763965032            3.1330724557434433     
  0.55699065879883436            1.8102196410962119            0.0000000000000000     
  0.55699065879883436            1.8102196410962119           0.17405958087463577     
  0.55699065879883436            1.8102196410962119           0.34811916174927154     
  0.55699065879883436            1.8102196410962119           0.52217874262390729     
  0.55699065879883436            1.8102196410962119           0.69623832349854309     
  0.55699065879883436            1.8102196410962119           0.87029790437317889     
  0.55699065879883436            1.8102196410962119            1.0443574852478146     
  0.55699065879883436            1.8102196410962119            1.2184170661224505     
  0.55699065879883436            1.8102196410962119            1.3924766469970862     
  0.55699065879883436            1.8102196410962119            1.5665362278717216     
  0.55699065879883436            1.8102196410962119            1.7405958087463578     
  0.55699065879883436            1.8102196410962119            1.9146553896209932     
  0.55699065879883436            1.8102196410962119            2.0887149704956292     
  0.55699065879883436            1.8102196410962119            2.2627745513702648     
  0.55699065879883436            1.8102196410962119            2.4368341322449010     
  0.55699065879883436            1.8102196410962119            2.6108937131195367     
  0.55699065879883436            1.8102196410962119            2.7849532939941724     
  0.55699065879883436            1.8102196410962119            2.9590128748688080     
  0.55699065879883436            1.8102196410962119            3.1330724557434433     
  0.55699065879883436            1.9494673057959206            0.0000000000000000     
  0.55699065879883436            1.9494673057959206           0.17405958087463577     
  0.55699065879883436            1.9494673057959206           0.34811916174927154     
  0.55699065879883436            1.9494673057959206           0.52217874262390729     
  0.55699065879883436            1.9494673057959206           0.69623832349854309     
  0.55699065879883436            1.9494673057959206           0.87029790437317889     
  0.55699065879883436            1.9494673057959206            1.0443574852478146     
  0.55699065879883436            1.9494673057959206            1.2184170661224505     
  0.55699065879883436            1.9494673057959206            1.3924766469970862     
  0.55699065879883436            1.9494673057959206            1.5665362278717216     
  0.55699065879883436            1.9494673057959206            1.7405958087463578     
  0.55699065879883436            1.9494673057959206            1.9146553896209932     
  0.55699065879883436            1.9494673057959206            2.0887149704956292     
  0.55699065879883436            1.9494673057959206            2.2627745513702648     
  0.55699065879883436            1.9494673057959206            2.4368341322449010     
  0.55699065879883436            1.9494673057959206            2.6108937131195367     
  0.55699065879883436            1.9494673057959206            2.7849532939941724     
  0.55699065879883436            1.9494673057959206            2.9590128748688080     
  0.55699065879883436            1.9494673057959206            3.1330724557434433     
  0.55699065879883436            2.0887149704956292            0.0000000000000000     
  0.55699065879883436            2.0887149704956292           0.17405958087463577     
  0.55699065879883436            2.0887149704956292           0.34811916174927154     
  0.55699065879883436            2.0887149704956292           0.52217874262390729     
  0.55699065879883436            2.0887149704956292           0.69623832349854309     
  0.55699065879883436            2.0887149704956292           0.87029790437317889     
  0.55699065879883436            2.0887149704956292            1.0443574852478146     
  0.55699065879883436            2.0887149704956292            1.2184170661224505     
  0.55699065879883436            2.0887149704956292            1.3924766469970862     
  0.55699065879883436            2.0887149704956292            1.5665362278717216     
  0.55699065879883436            2.0887149704956292            1.7405958087463578     
  0.55699065879883436            2.0887149704956292            1.9146553896209932     
  0.55699065879883436            2.0887149704956292            2.0887149704956292     
  0.55699065879883436            2.0887149704956292            2.2627745513702648     
  0.55699065879883436            2.0887149704956292            2.4368341322449010     
  0.55699065879883436            2.0887149704956292            2.6108937131195367     
  0.55699065879883436            2.0887149704956292            2.7849532939941724     
  0.55699065879883436            2.0887149704956292            2.9590128748688080     
  0.55699065879883436            2.0887149704956292            3.1330724557434433     
  0.55699065879883436            2.2279626351953374            0.0000000000000000     
  0.55699065879883436            2.2279626351953374           0.17405958087463577     
  0.55699065879883436            2.2279626351953374           0.34811916174927154     
  0.55699065879883436            2.2279626351953374           0.52217874262390729     
  0.55699065879883436            2.2279626351953374           0.69623832349854309     
  0.55699065879883436            2.2279626351953374           0.87029790437317889     
  0.55699065879883436            2.2279626351953374            1.0443574852478146     
  0.55699065879883436            2.2279626351953374            1.2184170661224505     
  0.55699065879883436            2.2279626351953374            1.3924766469970862     
  0.55699065879883436            2.2279626351953374            1.5665362278717216     
  0.55699065879883436            2.2279626351953374            1.7405958087463578     
  0.55699065879883436            2.2279626351953374            1.9146553896209932     
  0.55699065879883436            2.2279626351953374            2.0887149704956292     
  0.55699065879883436            2.2279626351953374            2.2627745513702648     
  0.55699065879883436            2.2279626351953374            2.4368341322449010     
  0.55699065879883436            2.2279626351953374            2.6108937131195367     
  0.55699065879883436            2.2279626351953374            2.7849532939941724     
  0.55699065879883436            2.2279626351953374            2.9590128748688080     
  0.55699065879883436            2.2279626351953374            3.1330724557434433     
  0.55699065879883436            2.3672102998950462            0.0000000000000000     
  0.55699065879883436            2.3672102998950462           0.17405958087463577     
  0.55699065879883436            2.3672102998950462           0.34811916174927154     
  0.55699065879883436            2.3672102998950462           0.52217874262390729     
  0.55699065879883436            2.3672102998950462           0.69623832349854309     
  0.55699065879883436            2.3672102998950462           0.87029790437317889     
  0.55699065879883436            2.3672102998950462            1.0443574852478146     
  0.55699065879883436            2.3672102998950462            1.2184170661224505     
  0.55699065879883436            2.3672102998950462            1.3924766469970862     
  0.55699065879883436            2.3672102998950462            1.5665362278717216     
  0.55699065879883436            2.3672102998950462            1.7405958087463578     
  0.55699065879883436            2.3672102998950462            1.9146553896209932     
  0.55699065879883436            2.3672102998950462            2.0887149704956292     
  0.55699065879883436            2.3672102998950462            2.2627745513702648     
  0.55699065879883436            2.3672102998950462            2.4368341322449010     
  0.55699065879883436            2.3672102998950462            2.6108937131195367     
  0.55699065879883436            2.3672102998950462            2.7849532939941724     
  0.55699065879883436            2.3672102998950462            2.9590128748688080     
  0.55699065879883436            2.3672102998950462            3.1330724557434433     
  0.55699065879883436            2.5064579645947545            0.0000000000000000     
  0.55699065879883436            2.5064579645947545           0.17405958087463577     
  0.55699065879883436            2.5064579645947545           0.34811916174927154     
  0.55699065879883436            2.5064579645947545           0.52217874262390729     
  0.55699065879883436            2.5064579645947545           0.69623832349854309     
  0.55699065879883436            2.5064579645947545           0.87029790437317889     
  0.55699065879883436            2.5064579645947545            1.0443574852478146     
  0.55699065879883436            2.5064579645947545            1.2184170661224505     
  0.55699065879883436            2.5064579645947545            1.3924766469970862     
  0.55699065879883436            2.5064579645947545            1.5665362278717216     
  0.55699065879883436            2.5064579645947545            1.7405958087463578     
  0.55699065879883436            2.5064579645947545            1.9146553896209932     
  0.55699065879883436            2.5064579645947545            2.0887149704956292     
  0.55699065879883436            2.5064579645947545            2.2627745513702648     
  0.55699065879883436            2.5064579645947545            2.4368341322449010     
  0.55699065879883436            2.5064579645947545            2.6108937131195367     
  0.55699065879883436            2.5064579645947545            2.7849532939941724     
  0.55699065879883436            2.5064579645947545            2.9590128748688080     
  0.55699065879883436            2.5064579645947545            3.1330724557434433     
  0.69623832349854298            0.0000000000000000            0.0000000000000000     
  0.69623832349854298            0.0000000000000000           0.17405958087463577     
  0.69623832349854298            0.0000000000000000           0.34811916174927154     
  0.69623832349854298            0.0000000000000000           0.52217874262390729     
  0.69623832349854298            0.0000000000000000           0.69623832349854309     
  0.69623832349854298            0.0000000000000000           0.87029790437317889     
  0.69623832349854298            0.0000000000000000            1.0443574852478146     
  0.69623832349854298            0.0000000000000000            1.2184170661224505     
  0.69623832349854298            0.0000000000000000            1.3924766469970862     
  0.69623832349854298            0.0000000000000000            1.5665362278717216     
  0.69623832349854298            0.0000000000000000            1.7405958087463578     
  0.69623832349854298            0.0000000000000000            1.9146553896209932     
  0.69623832349854298            0.0000000000000000            2.0887149704956292     
  0.69623832349854298            0.0000000000000000            2.2627745513702648     
  0.69623832349854298            0.0000000000000000            2.4368341322449010     
  0.69623832349854298            0.0000000000000000            2.6108937131195367     
  0.69623832349854298            0.0000000000000000            2.7849532939941724     
  0.69623832349854298            0.0000000000000000            2.9590128748688080     
  0.69623832349854298            0.0000000000000000            3.1330724557434433     
  0.69623832349854298           0.13924766469970859            0.0000000000000000     
  0.69623832349854298           0.13924766469970859           0.17405958087463577     
  0.69623832349854298           0.13924766469970859           0.34811916174927154     
  0.69623832349854298           0.13924766469970859           0.52217874262390729     
  0.69623832349854298           0.13924766469970859           0.69623832349854309     
  0.69623832349854298           0.13924766469970859           0.87029790437317889     
  0.69623832349854298           0.13924766469970859            1.0443574852478146     
  0.69623832349854298           0.13924766469970859            1.2184170661224505     
  0.69623832349854298           0.13924766469970859            1.3924766469970862     
  0.69623832349854298           0.13924766469970859            1.5665362278717216     
  0.69623832349854298           0.13924766469970859            1.7405958087463578     
  0.69623832349854298           0.13924766469970859            1.9146553896209932     
  0.69623832349854298           0.13924766469970859            2.0887149704956292     
  0.69623832349854298           0.13924766469970859            2.2627745513702648     
  0.69623832349854298           0.13924766469970859            2.4368341322449010     
  0.69623832349854298           0.13924766469970859            2.6108937131195367     
  0.69623832349854298           0.13924766469970859            2.7849532939941724     
  0.69623832349854298           0.13924766469970859            2.9590128748688080     
  0.69623832349854298           0.13924766469970859            3.1330724557434433     
  0.69623832349854298           0.27849532939941718            0.0000000000000000     
  0.69623832349854298           0.27849532939941718           0.17405958087463577     
  0.69623832349854298           0.27849532939941718           0.34811916174927154     
  0.69623832349854298           0.27849532939941718           0.52217874262390729     
  0.69623832349854298           0.27849532939941718           0.69623832349854309     
  0.69623832349854298           0.27849532939941718           0.87029790437317889     
  0.69623832349854298           0.27849532939941718            1.0443574852478146     
  0.69623832349854298           0.27849532939941718            1.2184170661224505     
  0.69623832349854298           0.27849532939941718            1.3924766469970862     
  0.69623832349854298           0.27849532939941718            1.5665362278717216     
  0.69623832349854298           0.27849532939941718            1.7405958087463578     
  0.69623832349854298           0.27849532939941718            1.9146553896209932     
  0.69623832349854298           0.27849532939941718            2.0887149704956292     
  0.69623832349854298           0.27849532939941718            2.2627745513702648     
  0.69623832349854298           0.27849532939941718            2.4368341322449010     
  0.69623832349854298           0.27849532939941718            2.6108937131195367     
  0.69623832349854298           0.27849532939941718            2.7849532939941724     
  0.69623832349854298           0.27849532939941718            2.9590128748688080     
  0.69623832349854298           0.27849532939941718            3.1330724557434433     
  0.69623832349854298           0.41774299409912580            0.0000000000000000     
  0.69623832349854298           0.41774299409912580           0.17405958087463577     
  0.69623832349854298           0.41774299409912580           0.34811916174927154     
  0.69623832349854298           0.41774299409912580           0.52217874262390729     
  0.69623832349854298           0.41774299409912580           0.69623832349854309     
  0.69623832349854298           0.41774299409912580           0.87029790437317889     
  0.69623832349854298           0.41774299409912580            1.0443574852478146     
  0.69623832349854298           0.41774299409912580            1.2184170661224505     
  0.69623832349854298           0.41774299409912580            1.3924766469970862     
  0.69623832349854298           0.41774299409912580            1.5665362278717216     
  0.69623832349854298           0.41774299409912580            1.7405958087463578     
  0.69623832349854298           0.41774299409912580            1.9146553896209932     
  0.69623832349854298           0.41774299409912580            2.0887149704956292     
  0.69623832349854298           0.41774299409912580            2.2627745513702648     
  0.69623832349854298           0.41774299409912580            2.4368341322449010     
  0.69623832349854298           0.41774299409912580            2.6108937131195367     
  0.69623832349854298           0.41774299409912580            2.7849532939941724     
  0.69623832349854298           0.41774299409912580            2.9590128748688080     
  0.69623832349854298           0.41774299409912580            3.1330724557434433     
  0.69623832349854298           0.55699065879883436            0.0000000000000000     
  0.69623832349854298           0.55699065879883436           0.17405958087463577     
  0.69623832349854298           0.55699065879883436           0.34811916174927154     
  0.69623832349854298           0.55699065879883436           0.52217874262390729     
  0.69623832349854298           0.55699065879883436           0.69623832349854309     
  0.69623832349854298           0.55699065879883436           0.87029790437317889     
  0.69623832349854298           0.55699065879883436            1.0443574852478146     
  0.69623832349854298           0.55699065879883436            1.2184170661224505     
  0.69623832349854298           0.55699065879883436            1.3924766469970862     
  0.69623832349854298           0.55699065879883436            1.5665362278717216     
  0.69623832349854298           0.55699065879883436            1.7405958087463578     
  0.69623832349854298           0.55699065879883436            1.9146553896209932     
  0.69623832349854298           0.55699065879883436            2.0887149704956292     
  0.69623832349854298           0.55699065879883436            2.2627745513702648     
  0.69623832349854298           0.55699065879883436            2.4368341322449010     
  0.69623832349854298           0.55699065879883436            2.6108937131195367     
  0.69623832349854298           0.55699065879883436            2.7849532939941724     
  0.69623832349854298           0.55699065879883436            2.9590128748688080     
  0.69623832349854298           0.55699065879883436            3.1330724557434433     
  0.69623832349854298           0.69623832349854298            0.0000000000000000     
  0.69623832349854298           0.69623832349854298           0.17405958087463577     
  0.69623832349854298           0.69623832349854298           0.34811916174927154     
  0.69623832349854298           0.69623832349854298           0.52217874262390729     
  0.69623832349854298           0.69623832349854298           0.69623832349854309     
  0.69623832349854298           0.69623832349854298           0.87029790437317889     
  0.69623832349854298           0.69623832349854298            1.0443574852478146     
  0.69623832349854298           0.69623832349854298            1.2184170661224505     
  0.69623832349854298           0.69623832349854298            1.3924766469970862     
  0.69623832349854298           0.69623832349854298            1.5665362278717216     
  0.69623832349854298           0.69623832349854298            1.7405958087463578     
  0.69623832349854298           0.69623832349854298            1.9146553896209932     
  0.69623832349854298           0.69623832349854298            2.0887149704956292     
  0.69623832349854298           0.69623832349854298            2.2627745513702648     
  0.69623832349854298           0.69623832349854298            2.4368341322449010     
  0.69623832349854298           0.69623832349854298            2.6108937131195367     
  0.69623832349854298           0.69623832349854298            2.7849532939941724     
  0.69623832349854298           0.69623832349854298            2.9590128748688080     
  0.69623832349854298           0.69623832349854298            3.1330724557434433     
  0.69623832349854298           0.83548598819825159            0.0000000000000000     
  0.69623832349854298           0.83548598819825159           0.17405958087463577     
  0.69623832349854298           0.83548598819825159           0.34811916174927154     
  0.69623832349854298           0.83548598819825159           0.52217874262390729     
  0.69623832349854298           0.83548598819825159           0.69623832349854309     
  0.69623832349854298           0.83548598819825159           0.87029790437317889     
  0.69623832349854298           0.83548598819825159            1.0443574852478146     
  0.69623832349854298           0.83548598819825159            1.2184170661224505     
  0.69623832349854298           0.83548598819825159            1.3924766469970862     
  0.69623832349854298           0.83548598819825159            1.5665362278717216     
  0.69623832349854298           0.83548598819825159            1.7405958087463578     
  0.69623832349854298           0.83548598819825159            1.9146553896209932     
  0.69623832349854298           0.83548598819825159            2.0887149704956292     
  0.69623832349854298           0.83548598819825159            2.2627745513702648     
  0.69623832349854298           0.83548598819825159            2.4368341322449010     
  0.69623832349854298           0.83548598819825159            2.6108937131195367     
  0.69623832349854298           0.83548598819825159            2.7849532939941724     
  0.69623832349854298           0.83548598819825159            2.9590128748688080     
  0.69623832349854298           0.83548598819825159            3.1330724557434433     
  0.69623832349854298           0.97473365289796032            0.0000000000000000     
  0.69623832349854298           0.97473365289796032           0.17405958087463577     
  0.69623832349854298           0.97473365289796032           0.34811916174927154     
  0.69623832349854298           0.97473365289796032           0.52217874262390729     
  0.69623832349854298           0.97473365289796032           0.69623832349854309     
  0.69623832349854298           0.97473365289796032           0.87029790437317889     
  0.69623832349854298           0.97473365289796032            1.0443574852478146     
  0.69623832349854298           0.97473365289796032            1.2184170661224505     
  0.69623832349854298           0.97473365289796032            1.3924766469970862     
  0.69623832349854298           0.97473365289796032            1.5665362278717216     
  0.69623832349854298           0.97473365289796032            1.7405958087463578     
  0.69623832349854298           0.97473365289796032            1.9146553896209932     
  0.69623832349854298           0.97473365289796032            2.0887149704956292     
  0.69623832349854298           0.97473365289796032            2.2627745513702648     
  0.69623832349854298           0.97473365289796032            2.4368341322449010     
  0.69623832349854298           0.97473365289796032            2.6108937131195367     
  0.69623832349854298           0.97473365289796032            2.7849532939941724     
  0.69623832349854298           0.97473365289796032            2.9590128748688080     
  0.69623832349854298           0.97473365289796032            3.1330724557434433     
  0.69623832349854298            1.1139813175976687            0.0000000000000000     
  0.69623832349854298            1.1139813175976687           0.17405958087463577     
  0.69623832349854298            1.1139813175976687           0.34811916174927154     
  0.69623832349854298            1.1139813175976687           0.52217874262390729     
  0.69623832349854298            1.1139813175976687           0.69623832349854309     
  0.69623832349854298            1.1139813175976687           0.87029790437317889     
  0.69623832349854298            1.1139813175976687            1.0443574852478146     
  0.69623832349854298            1.1139813175976687            1.2184170661224505     
  0.69623832349854298            1.1139813175976687            1.3924766469970862     
  0.69623832349854298            1.1139813175976687            1.5665362278717216     
  0.69623832349854298            1.1139813175976687            1.7405958087463578     
  0.69623832349854298            1.1139813175976687            1.9146553896209932     
  0.69623832349854298            1.1139813175976687            2.0887149704956292     
  0.69623832349854298            1.1139813175976687            2.2627745513702648     
  0.69623832349854298            1.1139813175976687            2.4368341322449010     
  0.69623832349854298            1.1139813175976687            2.6108937131195367     
  0.69623832349854298            1.1139813175976687            2.7849532939941724     
  0.69623832349854298            1.1139813175976687            2.9590128748688080     
  0.69623832349854298            1.1139813175976687            3.1330724557434433     
  0.69623832349854298            1.2532289822973772            0.0000000000000000     
  0.69623832349854298            1.2532289822973772           0.17405958087463577     
  0.69623832349854298            1.2532289822973772           0.34811916174927154     
  0.69623832349854298            1.2532289822973772           0.52217874262390729     
  0.69623832349854298            1.2532289822973772           0.69623832349854309     
  0.69623832349854298            1.2532289822973772           0.87029790437317889     
  0.69623832349854298            1.2532289822973772            1.0443574852478146     
  0.69623832349854298            1.2532289822973772            1.2184170661224505     
  0.69623832349854298            1.2532289822973772            1.3924766469970862     
  0.69623832349854298            1.2532289822973772            1.5665362278717216     
  0.69623832349854298            1.2532289822973772            1.7405958087463578     
  0.69623832349854298            1.2532289822973772            1.9146553896209932     
  0.69623832349854298            1.2532289822973772            2.0887149704956292     
  0.69623832349854298            1.2532289822973772            2.2627745513702648     
  0.69623832349854298            1.2532289822973772            2.4368341322449010     
  0.69623832349854298            1.2532289822973772            2.6108937131195367     
  0.69623832349854298            1.2532289822973772            2.7849532939941724     
  0.69623832349854298            1.2532289822973772            2.9590128748688080     
  0.69623832349854298            1.2532289822973772            3.1330724557434433     
  0.69623832349854298            1.3924766469970860            0.0000000000000000     
  0.69623832349854298            1.3924766469970860           0.17405958087463577     
  0.69623832349854298            1.3924766469970860           0.34811916174927154     
  0.69623832349854298            1.3924766469970860           0.52217874262390729     
  0.69623832349854298            1.3924766469970860           0.69623832349854309     
  0.69623832349854298            1.3924766469970860           0.87029790437317889     
  0.69623832349854298            1.3924766469970860            1.0443574852478146     
  0.69623832349854298            1.3924766469970860            1.2184170661224505     
  0.69623832349854298            1.3924766469970860            1.3924766469970862     
  0.69623832349854298            1.3924766469970860            1.5665362278717216     
  0.69623832349854298            1.3924766469970860            1.7405958087463578     
  0.69623832349854298            1.3924766469970860            1.9146553896209932     
  0.69623832349854298            1.3924766469970860            2.0887149704956292     
  0.69623832349854298            1.3924766469970860            2.2627745513702648     
  0.69623832349854298            1.3924766469970860            2.4368341322449010     
  0.69623832349854298            1.3924766469970860            2.6108937131195367     
  0.69623832349854298            1.3924766469970860            2.7849532939941724     
  0.69623832349854298            1.3924766469970860            2.9590128748688080     
  0.69623832349854298            1.3924766469970860            3.1330724557434433     
  0.69623832349854298            1.5317243116967947            0.0000000000000000     
  0.69623832349854298            1.5317243116967947           0.17405958087463577     
  0.69623832349854298            1.5317243116967947           0.34811916174927154     
  0.69623832349854298            1.5317243116967947           0.52217874262390729     
  0.69623832349854298            1.5317243116967947           0.69623832349854309     
  0.69623832349854298            1.5317243116967947           0.87029790437317889     
  0.69623832349854298            1.5317243116967947            1.0443574852478146     
  0.69623832349854298            1.5317243116967947            1.2184170661224505     
  0.69623832349854298            1.5317243116967947            1.3924766469970862     
  0.69623832349854298            1.5317243116967947            1.5665362278717216     
  0.69623832349854298            1.5317243116967947            1.7405958087463578     
  0.69623832349854298            1.5317243116967947            1.9146553896209932     
  0.69623832349854298            1.5317243116967947            2.0887149704956292     
  0.69623832349854298            1.5317243116967947            2.2627745513702648     
  0.69623832349854298            1.5317243116967947            2.4368341322449010     
  0.69623832349854298            1.5317243116967947            2.6108937131195367     
  0.69623832349854298            1.5317243116967947            2.7849532939941724     
  0.69623832349854298            1.5317243116967947            2.9590128748688080     
  0.69623832349854298            1.5317243116967947            3.1330724557434433     
  0.69623832349854298            1.6709719763965032            0.0000000000000000     
  0.69623832349854298            1.6709719763965032           0.17405958087463577     
  0.69623832349854298            1.6709719763965032           0.34811916174927154     
  0.69623832349854298            1.6709719763965032           0.52217874262390729     
  0.69623832349854298            1.6709719763965032           0.69623832349854309     
  0.69623832349854298            1.6709719763965032           0.87029790437317889     
  0.69623832349854298            1.6709719763965032            1.0443574852478146     
  0.69623832349854298            1.6709719763965032            1.2184170661224505     
  0.69623832349854298            1.6709719763965032            1.3924766469970862     
  0.69623832349854298            1.6709719763965032            1.5665362278717216     
  0.69623832349854298            1.6709719763965032            1.7405958087463578     
  0.69623832349854298            1.6709719763965032            1.9146553896209932     
  0.69623832349854298            1.6709719763965032            2.0887149704956292     
  0.69623832349854298            1.6709719763965032            2.2627745513702648     
  0.69623832349854298            1.6709719763965032            2.4368341322449010     
  0.69623832349854298            1.6709719763965032            2.6108937131195367     
  0.69623832349854298            1.6709719763965032            2.7849532939941724     
  0.69623832349854298            1.6709719763965032            2.9590128748688080     
  0.69623832349854298            1.6709719763965032            3.1330724557434433     
  0.69623832349854298            1.8102196410962119            0.0000000000000000     
  0.69623832349854298            1.8102196410962119           0.17405958087463577     
  0.69623832349854298            1.8102196410962119           0.34811916174927154     
  0.69623832349854298            1.8102196410962119           0.52217874262390729     
  0.69623832349854298            1.8102196410962119           0.69623832349854309     
  0.69623832349854298            1.8102196410962119           0.87029790437317889     
  0.69623832349854298            1.8102196410962119            1.0443574852478146     
  0.69623832349854298            1.8102196410962119            1.2184170661224505     
  0.69623832349854298            1.8102196410962119            1.3924766469970862     
  0.69623832349854298            1.8102196410962119            1.5665362278717216     
  0.69623832349854298            1.8102196410962119            1.7405958087463578     
  0.69623832349854298            1.8102196410962119            1.9146553896209932     
  0.69623832349854298            1.8102196410962119            2.0887149704956292     
  0.69623832349854298            1.8102196410962119            2.2627745513702648     
  0.69623832349854298            1.8102196410962119            2.4368341322449010     
  0.69623832349854298            1.8102196410962119            2.6108937131195367     
  0.69623832349854298            1.8102196410962119            2.7849532939941724     
  0.69623832349854298            1.8102196410962119            2.9590128748688080     
  0.69623832349854298            1.8102196410962119            3.1330724557434433     
  0.69623832349854298            1.9494673057959206            0.0000000000000000     
  0.69623832349854298            1.9494673057959206           0.17405958087463577     
  0.69623832349854298            1.9494673057959206           0.34811916174927154     
  0.69623832349854298            1.9494673057959206           0.52217874262390729     
  0.69623832349854298            1.9494673057959206           0.69623832349854309     
  0.69623832349854298            1.9494673057959206           0.87029790437317889     
  0.69623832349854298            1.9494673057959206            1.0443574852478146     
  0.69623832349854298            1.9494673057959206            1.2184170661224505     
  0.69623832349854298            1.9494673057959206            1.3924766469970862     
  0.69623832349854298            1.9494673057959206            1.5665362278717216     
  0.69623832349854298            1.9494673057959206            1.7405958087463578     
  0.69623832349854298            1.9494673057959206            1.9146553896209932     
  0.69623832349854298            1.9494673057959206            2.0887149704956292     
  0.69623832349854298            1.9494673057959206            2.2627745513702648     
  0.69623832349854298            1.9494673057959206            2.4368341322449010     
  0.69623832349854298            1.9494673057959206            2.6108937131195367     
  0.69623832349854298            1.9494673057959206            2.7849532939941724     
  0.69623832349854298            1.9494673057959206            2.9590128748688080     
  0.69623832349854298            1.9494673057959206            3.1330724557434433     
  0.69623832349854298            2.0887149704956292            0.0000000000000000     
  0.69623832349854298            2.0887149704956292           0.17405958087463577     
  0.69623832349854298            2.0887149704956292           0.34811916174927154     
  0.69623832349854298            2.0887149704956292           0.52217874262390729     
  0.69623832349854298            2.0887149704956292           0.69623832349854309     
  0.69623832349854298            2.0887149704956292           0.87029790437317889     
  0.69623832349854298            2.0887149704956292            1.0443574852478146     
  0.69623832349854298            2.0887149704956292            1.2184170661224505     
  0.69623832349854298            2.0887149704956292            1.3924766469970862     
  0.69623832349854298            2.0887149704956292            1.5665362278717216     
  0.69623832349854298            2.0887149704956292            1.7405958087463578     
  0.69623832349854298            2.0887149704956292            1.9146553896209932     
  0.69623832349854298            2.0887149704956292            2.0887149704956292     
  0.69623832349854298            2.0887149704956292            2.2627745513702648     
  0.69623832349854298            2.0887149704956292            2.4368341322449010     
  0.69623832349854298            2.0887149704956292            2.6108937131195367     
  0.69623832349854298            2.0887149704956292            2.7849532939941724     
  0.69623832349854298            2.0887149704956292            2.9590128748688080     
  0.69623832349854298            2.0887149704956292            3.1330724557434433     
  0.69623832349854298            2.2279626351953374            0.0000000000000000     
  0.69623832349854298            2.2279626351953374           0.17405958087463577     
  0.69623832349854298            2.2279626351953374           0.34811916174927154     
  0.69623832349854298            2.2279626351953374           0.52217874262390729     
  0.69623832349854298            2.2279626351953374           0.69623832349854309     
  0.69623832349854298            2.2279626351953374           0.87029790437317889     
  0.69623832349854298            2.2279626351953374            1.0443574852478146     
  0.69623832349854298            2.2279626351953374            1.2184170661224505     
  0.69623832349854298            2.2279626351953374            1.3924766469970862     
  0.69623832349854298            2.2279626351953374            1.5665362278717216     
  0.69623832349854298            2.2279626351953374            1.7405958087463578     
  0.69623832349854298            2.2279626351953374            1.9146553896209932     
  0.69623832349854298            2.2279626351953374            2.0887149704956292     
  0.69623832349854298            2.2279626351953374            2.2627745513702648     
  0.69623832349854298            2.2279626351953374            2.4368341322449010     
  0.69623832349854298            2.2279626351953374            2.6108937131195367     
  0.69623832349854298            2.2279626351953374            2.7849532939941724     
  0.69623832349854298            2.2279626351953374            2.9590128748688080     
  0.69623832349854298            2.2279626351953374            3.1330724557434433     
  0.69623832349854298            2.3672102998950462            0.0000000000000000     
  0.69623832349854298            2.3672102998950462           0.17405958087463577     
  0.69623832349854298            2.3672102998950462           0.34811916174927154     
  0.69623832349854298            2.3672102998950462           0.52217874262390729     
  0.69623832349854298            2.3672102998950462           0.69623832349854309     
  0.69623832349854298            2.3672102998950462           0.87029790437317889     
  0.69623832349854298            2.3672102998950462            1.0443574852478146     
  0.69623832349854298            2.3672102998950462            1.2184170661224505     
  0.69623832349854298            2.3672102998950462            1.3924766469970862     
  0.69623832349854298            2.3672102998950462            1.5665362278717216     
  0.69623832349854298            2.3672102998950462            1.7405958087463578     
  0.69623832349854298            2.3672102998950462            1.9146553896209932     
  0.69623832349854298            2.3672102998950462            2.0887149704956292     
  0.69623832349854298            2.3672102998950462            2.2627745513702648     
  0.69623832349854298            2.3672102998950462            2.4368341322449010     
  0.69623832349854298            2.3672102998950462            2.6108937131195367     
  0.69623832349854298            2.3672102998950462            2.7849532939941724     
  0.69623832349854298            2.3672102998950462            2.9590128748688080     
  0.69623832349854298            2.3672102998950462            3.1330724557434433     
  0.69623832349854298            2.5064579645947545            0.0000000000000000     
  0.69623832349854298            2.5064579645947545           0.17405958087463577     
  0.69623832349854298            2.5064579645947545           0.34811916174927154     
  0.69623832349854298            2.5064579645947545           0.52217874262390729     
  0.69623832349854298            2.5064579645947545           0.69623832349854309     
  0.69623832349854298            2.5064579645947545           0.87029790437317889     
  0.69623832349854298            2.5064579645947545            1.0443574852478146     
  0.69623832349854298            2.5064579645947545            1.2184170661224505     
  0.69623832349854298            2.5064579645947545            1.3924766469970862     
  0.69623832349854298            2.5064579645947545            1.5665362278717216     
  0.69623832349854298            2.5064579645947545            1.7405958087463578     
  0.69623832349854298            2.5064579645947545            1.9146553896209932     
  0.69623832349854298            2.5064579645947545            2.0887149704956292     
  0.69623832349854298            2.5064579645947545            2.2627745513702648     
  0.69623832349854298            2.5064579645947545            2.4368341322449010     
  0.69623832349854298            2.5064579645947545            2.6108937131195367     
  0.69623832349854298            2.5064579645947545            2.7849532939941724     
  0.69623832349854298            2.5064579645947545            2.9590128748688080     
  0.69623832349854298            2.5064579645947545            3.1330724557434433     
  0.83548598819825159            0.0000000000000000            0.0000000000000000     
  0.83548598819825159            0.0000000000000000           0.17405958087463577     
  0.83548598819825159            0.0000000000000000           0.34811916174927154     
  0.83548598819825159            0.0000000000000000           0.52217874262390729     
  0.83548598819825159            0.0000000000000000           0.69623832349854309     
  0.83548598819825159            0.0000000000000000           0.87029790437317889     
  0.83548598819825159            0.0000000000000000            1.0443574852478146     
  0.83548598819825159            0.0000000000000000            1.2184170661224505     
  0.83548598819825159            0.0000000000000000            1.3924766469970862     
  0.83548598819825159            0.0000000000000000            1.5665362278717216     
  0.83548598819825159            0.0000000000000000            1.7405958087463578     
  0.83548598819825159            0.0000000000000000            1.9146553896209932     
  0.83548598819825159            0.0000000000000000            2.0887149704956292     
  0.83548598819825159            0.0000000000000000            2.2627745513702648     
  0.83548598819825159            0.0000000000000000            2.4368341322449010     
  0.83548598819825159            0.0000000000000000            2.6108937131195367     
  0.83548598819825159            0.0000000000000000            2.7849532939941724     
  0.83548598819825159            0.0000000000000000            2.9590128748688080     
  0.83548598819825159            0.0000000000000000            3.1330724557434433     
  0.83548598819825159           0.13924766469970859            0.0000000000000000     
  0.83548598819825159           0.13924766469970859           0.17405958087463577     
  0.83548598819825159           0.13924766469970859           0.34811916174927154     
  0.83548598819825159           0.13924766469970859           0.52217874262390729     
  0.83548598819825159           0.13924766469970859           0.69623832349854309     
  0.83548598819825159           0.13924766469970859           0.87029790437317889     
  0.83548598819825159           0.13924766469970859            1.0443574852478146     
  0.83548598819825159           0.13924766469970859            1.2184170661224505     
  0.83548598819825159           0.13924766469970859            1.3924766469970862     
  0.83548598819825159           0.13924766469970859            1.5665362278717216     
  0.83548598819825159           0.13924766469970859            1.7405958087463578     
  0.83548598819825159           0.13924766469970859            1.9146553896209932     
  0.83548598819825159           0.13924766469970859            2.0887149704956292     
  0.83548598819825159           0.13924766469970859            2.2627745513702648     
  0.83548598819825159           0.13924766469970859            2.4368341322449010     
  0.83548598819825159           0.13924766469970859            2.6108937131195367     
  0.83548598819825159           0.13924766469970859            2.7849532939941724     
  0.83548598819825159           0.13924766469970859            2.9590128748688080     
  0.83548598819825159           0.13924766469970859            3.1330724557434433     
  0.83548598819825159           0.27849532939941718            0.0000000000000000     
  0.83548598819825159           0.27849532939941718           0.17405958087463577     
  0.83548598819825159           0.27849532939941718           0.34811916174927154     
  0.83548598819825159           0.27849532939941718           0.52217874262390729     
  0.83548598819825159           0.27849532939941718           0.69623832349854309     
  0.83548598819825159           0.27849532939941718           0.87029790437317889     
  0.83548598819825159           0.27849532939941718            1.0443574852478146     
  0.83548598819825159           0.27849532939941718            1.2184170661224505     
  0.83548598819825159           0.27849532939941718            1.3924766469970862     
  0.83548598819825159           0.27849532939941718            1.5665362278717216     
  0.83548598819825159           0.27849532939941718            1.7405958087463578     
  0.83548598819825159           0.27849532939941718            1.9146553896209932     
  0.83548598819825159           0.27849532939941718            2.0887149704956292     
  0.83548598819825159           0.27849532939941718            2.2627745513702648     
  0.83548598819825159           0.27849532939941718            2.4368341322449010     
  0.83548598819825159           0.27849532939941718            2.6108937131195367     
  0.83548598819825159           0.27849532939941718            2.7849532939941724     
  0.83548598819825159           0.27849532939941718            2.9590128748688080     
  0.83548598819825159           0.27849532939941718            3.1330724557434433     
  0.83548598819825159           0.41774299409912580            0.0000000000000000     
  0.83548598819825159           0.41774299409912580           0.17405958087463577     
  0.83548598819825159           0.41774299409912580           0.34811916174927154     
  0.83548598819825159           0.41774299409912580           0.52217874262390729     
  0.83548598819825159           0.41774299409912580           0.69623832349854309     
  0.83548598819825159           0.41774299409912580           0.87029790437317889     
  0.83548598819825159           0.41774299409912580            1.0443574852478146     
  0.83548598819825159           0.41774299409912580            1.2184170661224505     
  0.83548598819825159           0.41774299409912580            1.3924766469970862     
  0.83548598819825159           0.41774299409912580            1.5665362278717216     
  0.83548598819825159           0.41774299409912580            1.7405958087463578     
  0.83548598819825159           0.41774299409912580            1.9146553896209932     
  0.83548598819825159           0.41774299409912580            2.0887149704956292     
  0.83548598819825159           0.41774299409912580            2.2627745513702648     
  0.83548598819825159           0.41774299409912580            2.4368341322449010     
  0.83548598819825159           0.41774299409912580            2.6108937131195367     
  0.83548598819825159           0.41774299409912580            2.7849532939941724     
  0.83548598819825159           0.41774299409912580            2.9590128748688080     
  0.83548598819825159           0.41774299409912580            3.1330724557434433     
  0.83548598819825159           0.55699065879883436            0.0000000000000000     
  0.83548598819825159           0.55699065879883436           0.17405958087463577     
  0.83548598819825159           0.55699065879883436           0.34811916174927154     
  0.83548598819825159           0.55699065879883436           0.52217874262390729     
  0.83548598819825159           0.55699065879883436           0.69623832349854309     
  0.83548598819825159           0.55699065879883436           0.87029790437317889     
  0.83548598819825159           0.55699065879883436            1.0443574852478146     
  0.83548598819825159           0.55699065879883436            1.2184170661224505     
  0.83548598819825159           0.55699065879883436            1.3924766469970862     
  0.83548598819825159           0.55699065879883436            1.5665362278717216     
  0.83548598819825159           0.55699065879883436            1.7405958087463578     
  0.83548598819825159           0.55699065879883436            1.9146553896209932     
  0.83548598819825159           0.55699065879883436            2.0887149704956292     
  0.83548598819825159           0.55699065879883436            2.2627745513702648     
  0.83548598819825159           0.55699065879883436            2.4368341322449010     
  0.83548598819825159           0.55699065879883436            2.6108937131195367     
  0.83548598819825159           0.55699065879883436            2.7849532939941724     
  0.83548598819825159           0.55699065879883436            2.9590128748688080     
  0.83548598819825159           0.55699065879883436            3.1330724557434433     
  0.83548598819825159           0.69623832349854298            0.0000000000000000     
  0.83548598819825159           0.69623832349854298           0.17405958087463577     
  0.83548598819825159           0.69623832349854298           0.34811916174927154     
  0.83548598819825159           0.69623832349854298           0.52217874262390729     
  0.83548598819825159           0.69623832349854298           0.69623832349854309     
  0.83548598819825159           0.69623832349854298           0.87029790437317889     
  0.83548598819825159           0.69623832349854298            1.0443574852478146     
  0.83548598819825159           0.69623832349854298            1.2184170661224505     
  0.83548598819825159           0.69623832349854298            1.3924766469970862     
  0.83548598819825159           0.69623832349854298            1.5665362278717216     
  0.83548598819825159           0.69623832349854298            1.7405958087463578     
  0.83548598819825159           0.69623832349854298            1.9146553896209932     
  0.83548598819825159           0.69623832349854298            2.0887149704956292     
  0.83548598819825159           0.69623832349854298            2.2627745513702648     
  0.83548598819825159           0.69623832349854298            2.4368341322449010     
  0.83548598819825159           0.69623832349854298            2.6108937131195367     
  0.83548598819825159           0.69623832349854298            2.7849532939941724     
  0.83548598819825159           0.69623832349854298            2.9590128748688080     
  0.83548598819825159           0.69623832349854298            3.1330724557434433     
  0.83548598819825159           0.83548598819825159            0.0000000000000000     
  0.83548598819825159           0.83548598819825159           0.17405958087463577     
  0.83548598819825159           0.83548598819825159           0.34811916174927154     
  0.83548598819825159           0.83548598819825159           0.52217874262390729     
  0.83548598819825159           0.83548598819825159           0.69623832349854309     
  0.83548598819825159           0.83548598819825159           0.87029790437317889     
  0.83548598819825159           0.83548598819825159            1.0443574852478146     
  0.83548598819825159           0.83548598819825159            1.2184170661224505     
  0.83548598819825159           0.83548598819825159            1.3924766469970862     
  0.83548598819825159           0.83548598819825159            1.5665362278717216     
  0.83548598819825159           0.83548598819825159            1.7405958087463578     
  0.83548598819825159           0.83548598819825159            1.9146553896209932     
  0.83548598819825159           0.83548598819825159            2.0887149704956292     
  0.83548598819825159           0.83548598819825159            2.2627745513702648     
  0.83548598819825159           0.83548598819825159            2.4368341322449010     
  0.83548598819825159           0.83548598819825159            2.6108937131195367     
  0.83548598819825159           0.83548598819825159            2.7849532939941724     
  0.83548598819825159           0.83548598819825159            2.9590128748688080     
  0.83548598819825159           0.83548598819825159            3.1330724557434433     
  0.83548598819825159           0.97473365289796032            0.0000000000000000     
  0.83548598819825159           0.97473365289796032           0.17405958087463577     
  0.83548598819825159           0.97473365289796032           0.34811916174927154     
  0.83548598819825159           0.97473365289796032           0.52217874262390729     
  0.83548598819825159           0.97473365289796032           0.69623832349854309     
  0.83548598819825159           0.97473365289796032           0.87029790437317889     
  0.83548598819825159           0.97473365289796032            1.0443574852478146     
  0.83548598819825159           0.97473365289796032            1.2184170661224505     
  0.83548598819825159           0.97473365289796032            1.3924766469970862     
  0.83548598819825159           0.97473365289796032            1.5665362278717216     
  0.83548598819825159           0.97473365289796032            1.7405958087463578     
  0.83548598819825159           0.97473365289796032            1.9146553896209932     
  0.83548598819825159           0.97473365289796032            2.0887149704956292     
  0.83548598819825159           0.97473365289796032            2.2627745513702648     
  0.83548598819825159           0.97473365289796032            2.4368341322449010     
  0.83548598819825159           0.97473365289796032            2.6108937131195367     
  0.83548598819825159           0.97473365289796032            2.7849532939941724     
  0.83548598819825159           0.97473365289796032            2.9590128748688080     
  0.83548598819825159           0.97473365289796032            3.1330724557434433     
  0.83548598819825159            1.1139813175976687            0.0000000000000000     
  0.83548598819825159            1.1139813175976687           0.17405958087463577     
  0.83548598819825159            1.1139813175976687           0.34811916174927154     
  0.83548598819825159            1.1139813175976687           0.52217874262390729     
  0.83548598819825159            1.1139813175976687           0.69623832349854309     
  0.83548598819825159            1.1139813175976687           0.87029790437317889     
  0.83548598819825159            1.1139813175976687            1.0443574852478146     
  0.83548598819825159            1.1139813175976687            1.2184170661224505     
  0.83548598819825159            1.1139813175976687            1.3924766469970862     
  0.83548598819825159            1.1139813175976687            1.5665362278717216     
  0.83548598819825159            1.1139813175976687            1.7405958087463578     
  0.83548598819825159            1.1139813175976687            1.9146553896209932     
  0.83548598819825159            1.1139813175976687            2.0887149704956292     
  0.83548598819825159            1.1139813175976687            2.2627745513702648     
  0.83548598819825159            1.1139813175976687            2.4368341322449010     
  0.83548598819825159            1.1139813175976687            2.6108937131195367     
  0.83548598819825159            1.1139813175976687            2.7849532939941724     
  0.83548598819825159            1.1139813175976687            2.9590128748688080     
  0.83548598819825159            1.1139813175976687            3.1330724557434433     
  0.83548598819825159            1.2532289822973772            0.0000000000000000     
  0.83548598819825159            1.2532289822973772           0.17405958087463577     
  0.83548598819825159            1.2532289822973772           0.34811916174927154     
  0.83548598819825159            1.2532289822973772           0.52217874262390729     
  0.83548598819825159            1.2532289822973772           0.69623832349854309     
  0.83548598819825159            1.2532289822973772           0.87029790437317889     
  0.83548598819825159            1.2532289822973772            1.0443574852478146     
  0.83548598819825159            1.2532289822973772            1.2184170661224505     
  0.83548598819825159            1.2532289822973772            1.3924766469970862     
  0.83548598819825159            1.2532289822973772            1.5665362278717216     
  0.83548598819825159            1.2532289822973772            1.7405958087463578     
  0.83548598819825159            1.2532289822973772            1.9146553896209932     
  0.83548598819825159            1.2532289822973772            2.0887149704956292     
  0.83548598819825159            1.2532289822973772            2.2627745513702648     
  0.83548598819825159            1.2532289822973772            2.4368341322449010     
  0.83548598819825159            1.2532289822973772            2.6108937131195367     
  0.83548598819825159            1.2532289822973772            2.7849532939941724     
  0.83548598819825159            1.2532289822973772            2.9590128748688080     
  0.83548598819825159            1.2532289822973772            3.1330724557434433     
  0.83548598819825159            1.3924766469970860            0.0000000000000000     
  0.83548598819825159            1.3924766469970860           0.17405958087463577     
  0.83548598819825159            1.3924766469970860           0.34811916174927154     
  0.83548598819825159            1.3924766469970860           0.52217874262390729     
  0.83548598819825159            1.3924766469970860           0.69623832349854309     
  0.83548598819825159            1.3924766469970860           0.87029790437317889     
  0.83548598819825159            1.3924766469970860            1.0443574852478146     
  0.83548598819825159            1.3924766469970860            1.2184170661224505     
  0.83548598819825159            1.3924766469970860            1.3924766469970862     
  0.83548598819825159            1.3924766469970860            1.5665362278717216     
  0.83548598819825159            1.3924766469970860            1.7405958087463578     
  0.83548598819825159            1.3924766469970860            1.9146553896209932     
  0.83548598819825159            1.3924766469970860            2.0887149704956292     
  0.83548598819825159            1.3924766469970860            2.2627745513702648     
  0.83548598819825159            1.3924766469970860            2.4368341322449010     
  0.83548598819825159            1.3924766469970860            2.6108937131195367     
  0.83548598819825159            1.3924766469970860            2.7849532939941724     
  0.83548598819825159            1.3924766469970860            2.9590128748688080     
  0.83548598819825159            1.3924766469970860            3.1330724557434433     
  0.83548598819825159            1.5317243116967947            0.0000000000000000     
  0.83548598819825159            1.5317243116967947           0.17405958087463577     
  0.83548598819825159            1.5317243116967947           0.34811916174927154     
  0.83548598819825159            1.5317243116967947           0.52217874262390729     
  0.83548598819825159            1.5317243116967947           0.69623832349854309     
  0.83548598819825159            1.5317243116967947           0.87029790437317889     
  0.83548598819825159            1.5317243116967947            1.0443574852478146     
  0.83548598819825159            1.5317243116967947            1.2184170661224505     
  0.83548598819825159            1.5317243116967947            1.3924766469970862     
  0.83548598819825159            1.5317243116967947            1.5665362278717216     
  0.83548598819825159            1.5317243116967947            1.7405958087463578     
  0.83548598819825159            1.5317243116967947            1.9146553896209932     
  0.83548598819825159            1.5317243116967947            2.0887149704956292     
  0.83548598819825159            1.5317243116967947            2.2627745513702648     
  0.83548598819825159            1.5317243116967947            2.4368341322449010     
  0.83548598819825159            1.5317243116967947            2.6108937131195367     
  0.83548598819825159            1.5317243116967947            2.7849532939941724     
  0.83548598819825159            1.5317243116967947            2.9590128748688080     
  0.83548598819825159            1.5317243116967947            3.1330724557434433     
  0.83548598819825159            1.6709719763965032            0.0000000000000000     
  0.83548598819825159            1.6709719763965032           0.17405958087463577     
  0.83548598819825159            1.6709719763965032           0.34811916174927154     
  0.83548598819825159            1.6709719763965032           0.52217874262390729     
  0.83548598819825159            1.6709719763965032           0.69623832349854309     
  0.83548598819825159            1.6709719763965032           0.87029790437317889     
  0.83548598819825159            1.6709719763965032            1.0443574852478146     
  0.83548598819825159            1.6709719763965032            1.2184170661224505     
  0.83548598819825159            1.6709719763965032            1.3924766469970862     
  0.83548598819825159            1.6709719763965032            1.5665362278717216     
  0.83548598819825159            1.6709719763965032            1.7405958087463578     
  0.83548598819825159            1.6709719763965032            1.9146553896209932     
  0.83548598819825159            1.6709719763965032            2.0887149704956292     
  0.83548598819825159            1.6709719763965032            2.2627745513702648     
  0.83548598819825159            1.6709719763965032            2.4368341322449010     
  0.83548598819825159            1.6709719763965032            2.6108937131195367     
  0.83548598819825159            1.6709719763965032            2.7849532939941724     
  0.83548598819825159            1.6709719763965032            2.9590128748688080     
  0.83548598819825159            1.6709719763965032            3.1330724557434433     
  0.83548598819825159            1.8102196410962119            0.0000000000000000     
  0.83548598819825159            1.8102196410962119           0.17405958087463577     
  0.83548598819825159            1.8102196410962119           0.34811916174927154     
  0.83548598819825159            1.8102196410962119           0.52217874262390729     
  0.83548598819825159            1.8102196410962119           0.69623832349854309     
  0.83548598819825159            1.8102196410962119           0.87029790437317889     
  0.83548598819825159            1.8102196410962119            1.0443574852478146     
  0.83548598819825159            1.8102196410962119            1.2184170661224505     
  0.83548598819825159            1.8102196410962119            1.3924766469970862     
  0.83548598819825159            1.8102196410962119            1.5665362278717216     
  0.83548598819825159            1.8102196410962119            1.7405958087463578     
  0.83548598819825159            1.8102196410962119            1.9146553896209932     
  0.83548598819825159            1.8102196410962119            2.0887149704956292     
  0.83548598819825159            1.8102196410962119            2.2627745513702648     
  0.83548598819825159            1.8102196410962119            2.4368341322449010     
  0.83548598819825159            1.8102196410962119            2.6108937131195367     
  0.83548598819825159            1.8102196410962119            2.7849532939941724     
  0.83548598819825159            1.8102196410962119            2.9590128748688080     
  0.83548598819825159            1.8102196410962119            3.1330724557434433     
  0.83548598819825159            1.9494673057959206            0.0000000000000000     
  0.83548598819825159            1.9494673057959206           0.17405958087463577     
  0.83548598819825159            1.9494673057959206           0.34811916174927154     
  0.83548598819825159            1.9494673057959206           0.52217874262390729     
  0.83548598819825159            1.9494673057959206           0.69623832349854309     
  0.83548598819825159            1.9494673057959206           0.87029790437317889     
  0.83548598819825159            1.9494673057959206            1.0443574852478146     
  0.83548598819825159            1.9494673057959206            1.2184170661224505     
  0.83548598819825159            1.9494673057959206            1.3924766469970862     
  0.83548598819825159            1.9494673057959206            1.5665362278717216     
  0.83548598819825159            1.9494673057959206            1.7405958087463578     
  0.83548598819825159            1.9494673057959206            1.9146553896209932     
  0.83548598819825159            1.9494673057959206            2.0887149704956292     
  0.83548598819825159            1.9494673057959206            2.2627745513702648     
  0.83548598819825159            1.9494673057959206            2.4368341322449010     
  0.83548598819825159            1.9494673057959206            2.6108937131195367     
  0.83548598819825159            1.9494673057959206            2.7849532939941724     
  0.83548598819825159            1.9494673057959206            2.9590128748688080     
  0.83548598819825159            1.9494673057959206            3.1330724557434433     
  0.83548598819825159            2.0887149704956292            0.0000000000000000     
  0.83548598819825159            2.0887149704956292           0.17405958087463577     
  0.83548598819825159            2.0887149704956292           0.34811916174927154     
  0.83548598819825159            2.0887149704956292           0.52217874262390729     
  0.83548598819825159            2.0887149704956292           0.69623832349854309     
  0.83548598819825159            2.0887149704956292           0.87029790437317889     
  0.83548598819825159            2.0887149704956292            1.0443574852478146     
  0.83548598819825159            2.0887149704956292            1.2184170661224505     
  0.83548598819825159            2.0887149704956292            1.3924766469970862     
  0.83548598819825159            2.0887149704956292            1.5665362278717216     
  0.83548598819825159            2.0887149704956292            1.7405958087463578     
  0.83548598819825159            2.0887149704956292            1.9146553896209932     
  0.83548598819825159            2.0887149704956292            2.0887149704956292     
  0.83548598819825159            2.0887149704956292            2.2627745513702648     
  0.83548598819825159            2.0887149704956292            2.4368341322449010     
  0.83548598819825159            2.0887149704956292            2.6108937131195367     
  0.83548598819825159            2.0887149704956292            2.7849532939941724     
  0.83548598819825159            2.0887149704956292            2.9590128748688080     
  0.83548598819825159            2.0887149704956292            3.1330724557434433     
  0.83548598819825159            2.2279626351953374            0.0000000000000000     
  0.83548598819825159            2.2279626351953374           0.17405958087463577     
  0.83548598819825159            2.2279626351953374           0.34811916174927154     
  0.83548598819825159            2.2279626351953374           0.52217874262390729     
  0.83548598819825159            2.2279626351953374           0.69623832349854309     
  0.83548598819825159            2.2279626351953374           0.87029790437317889     
  0.83548598819825159            2.2279626351953374            1.0443574852478146     
  0.83548598819825159            2.2279626351953374            1.2184170661224505     
  0.83548598819825159            2.2279626351953374            1.3924766469970862     
  0.83548598819825159            2.2279626351953374            1.5665362278717216     
  0.83548598819825159            2.2279626351953374            1.7405958087463578     
  0.83548598819825159            2.2279626351953374            1.9146553896209932     
  0.83548598819825159            2.2279626351953374            2.0887149704956292     
  0.83548598819825159            2.2279626351953374            2.2627745513702648     
  0.83548598819825159            2.2279626351953374            2.4368341322449010     
  0.83548598819825159            2.2279626351953374            2.6108937131195367     
  0.83548598819825159            2.2279626351953374            2.7849532939941724     
  0.83548598819825159            2.2279626351953374            2.9590128748688080     
  0.83548598819825159            2.2279626351953374            3.1330724557434433     
  0.83548598819825159            2.3672102998950462            0.0000000000000000     
  0.83548598819825159            2.3672102998950462           0.17405958087463577     
  0.83548598819825159            2.3672102998950462           0.34811916174927154     
  0.83548598819825159            2.3672102998950462           0.52217874262390729     
  0.83548598819825159            2.3672102998950462           0.69623832349854309     
  0.83548598819825159            2.3672102998950462           0.87029790437317889     
  0.83548598819825159            2.3672102998950462            1.0443574852478146     
  0.83548598819825159            2.3672102998950462            1.2184170661224505     
  0.83548598819825159            2.3672102998950462            1.3924766469970862     
  0.83548598819825159            2.3672102998950462            1.5665362278717216     
  0.83548598819825159            2.3672102998950462            1.7405958087463578     
  0.83548598819825159            2.3672102998950462            1.9146553896209932     
  0.83548598819825159            2.3672102998950462            2.0887149704956292     
  0.83548598819825159            2.3672102998950462            2.2627745513702648     
  0.83548598819825159            2.3672102998950462            2.4368341322449010     
  0.83548598819825159            2.3672102998950462            2.6108937131195367     
  0.83548598819825159            2.3672102998950462            2.7849532939941724     
  0.83548598819825159            2.3672102998950462            2.9590128748688080     
  0.83548598819825159            2.3672102998950462            3.1330724557434433     
  0.83548598819825159            2.5064579645947545            0.0000000000000000     
  0.83548598819825159            2.5064579645947545           0.17405958087463577     
  0.83548598819825159            2.5064579645947545           0.34811916174927154     
  0.83548598819825159            2.5064579645947545           0.52217874262390729     
  0.83548598819825159            2.5064579645947545           0.69623832349854309     
  0.83548598819825159            2.5064579645947545           0.87029790437317889     
  0.83548598819825159            2.5064579645947545            1.0443574852478146     
  0.83548598819825159            2.5064579645947545            1.2184170661224505     
  0.83548598819825159            2.5064579645947545            1.3924766469970862     
  0.83548598819825159            2.5064579645947545            1.5665362278717216     
  0.83548598819825159            2.5064579645947545            1.7405958087463578     
  0.83548598819825159            2.5064579645947545            1.9146553896209932     
  0.83548598819825159            2.5064579645947545            2.0887149704956292     
  0.83548598819825159            2.5064579645947545            2.2627745513702648     
  0.83548598819825159            2.5064579645947545            2.4368341322449010     
  0.83548598819825159            2.5064579645947545            2.6108937131195367     
  0.83548598819825159            2.5064579645947545            2.7849532939941724     
  0.83548598819825159            2.5064579645947545            2.9590128748688080     
  0.83548598819825159            2.5064579645947545            3.1330724557434433     
  0.97473365289796032            0.0000000000000000            0.0000000000000000     
  0.97473365289796032            0.0000000000000000           0.17405958087463577     
  0.97473365289796032            0.0000000000000000           0.34811916174927154     
  0.97473365289796032            0.0000000000000000           0.52217874262390729     
  0.97473365289796032            0.0000000000000000           0.69623832349854309     
  0.97473365289796032            0.0000000000000000           0.87029790437317889     
  0.97473365289796032            0.0000000000000000            1.0443574852478146     
  0.97473365289796032            0.0000000000000000            1.2184170661224505     
  0.97473365289796032            0.0000000000000000            1.3924766469970862     
  0.97473365289796032            0.0000000000000000            1.5665362278717216     
  0.97473365289796032            0.0000000000000000            1.7405958087463578     
  0.97473365289796032            0.0000000000000000            1.9146553896209932     
  0.97473365289796032            0.0000000000000000            2.0887149704956292     
  0.97473365289796032            0.0000000000000000            2.2627745513702648     
  0.97473365289796032            0.0000000000000000            2.4368341322449010     
  0.97473365289796032            0.0000000000000000            2.6108937131195367     
  0.97473365289796032            0.0000000000000000            2.7849532939941724     
  0.97473365289796032            0.0000000000000000            2.9590128748688080     
  0.97473365289796032            0.0000000000000000            3.1330724557434433     
  0.97473365289796032           0.13924766469970859            0.0000000000000000     
  0.97473365289796032           0.13924766469970859           0.17405958087463577     
  0.97473365289796032           0.13924766469970859           0.34811916174927154     
  0.97473365289796032           0.13924766469970859           0.52217874262390729     
  0.97473365289796032           0.13924766469970859           0.69623832349854309     
  0.97473365289796032           0.13924766469970859           0.87029790437317889     
  0.97473365289796032           0.13924766469970859            1.0443574852478146     
  0.97473365289796032           0.13924766469970859            1.2184170661224505     
  0.97473365289796032           0.13924766469970859            1.3924766469970862     
  0.97473365289796032           0.13924766469970859            1.5665362278717216     
  0.97473365289796032           0.13924766469970859            1.7405958087463578     
  0.97473365289796032           0.13924766469970859            1.9146553896209932     
  0.97473365289796032           0.13924766469970859            2.0887149704956292     
  0.97473365289796032           0.13924766469970859            2.2627745513702648     
  0.97473365289796032           0.13924766469970859            2.4368341322449010     
  0.97473365289796032           0.13924766469970859            2.6108937131195367     
  0.97473365289796032           0.13924766469970859            2.7849532939941724     
  0.97473365289796032           0.13924766469970859            2.9590128748688080     
  0.97473365289796032           0.13924766469970859            3.1330724557434433     
  0.97473365289796032           0.27849532939941718            0.0000000000000000     
  0.97473365289796032           0.27849532939941718           0.17405958087463577     
  0.97473365289796032           0.27849532939941718           0.34811916174927154     
  0.97473365289796032           0.27849532939941718           0.52217874262390729     
  0.97473365289796032           0.27849532939941718           0.69623832349854309     
  0.97473365289796032           0.27849532939941718           0.87029790437317889     
  0.97473365289796032           0.27849532939941718            1.0443574852478146     
  0.97473365289796032           0.27849532939941718            1.2184170661224505     
  0.97473365289796032           0.27849532939941718            1.3924766469970862     
  0.97473365289796032           0.27849532939941718            1.5665362278717216     
  0.97473365289796032           0.27849532939941718            1.7405958087463578     
  0.97473365289796032           0.27849532939941718            1.9146553896209932     
  0.97473365289796032           0.27849532939941718            2.0887149704956292     
  0.97473365289796032           0.27849532939941718            2.2627745513702648     
  0.97473365289796032           0.27849532939941718            2.4368341322449010     
  0.97473365289796032           0.27849532939941718            2.6108937131195367     
  0.97473365289796032           0.27849532939941718            2.7849532939941724     
  0.97473365289796032           0.27849532939941718            2.9590128748688080     
  0.97473365289796032           0.27849532939941718            3.1330724557434433     
  0.97473365289796032           0.41774299409912580            0.0000000000000000     
  0.97473365289796032           0.41774299409912580           0.17405958087463577     
  0.97473365289796032           0.41774299409912580           0.34811916174927154     
  0.97473365289796032           0.41774299409912580           0.52217874262390729     
  0.97473365289796032           0.41774299409912580           0.69623832349854309     
  0.97473365289796032           0.41774299409912580           0.87029790437317889     
  0.97473365289796032           0.41774299409912580            1.0443574852478146     
  0.97473365289796032           0.41774299409912580            1.2184170661224505     
  0.97473365289796032           0.41774299409912580            1.3924766469970862     
  0.97473365289796032           0.41774299409912580            1.5665362278717216     
  0.97473365289796032           0.41774299409912580            1.7405958087463578     
  0.97473365289796032           0.41774299409912580            1.9146553896209932     
  0.97473365289796032           0.41774299409912580            2.0887149704956292     
  0.97473365289796032           0.41774299409912580            2.2627745513702648     
  0.97473365289796032           0.41774299409912580            2.4368341322449010     
  0.97473365289796032           0.41774299409912580            2.6108937131195367     
  0.97473365289796032           0.41774299409912580            2.7849532939941724     
  0.97473365289796032           0.41774299409912580            2.9590128748688080     
  0.97473365289796032           0.41774299409912580            3.1330724557434433     
  0.97473365289796032           0.55699065879883436            0.0000000000000000     
  0.97473365289796032           0.55699065879883436           0.17405958087463577     
  0.97473365289796032           0.55699065879883436           0.34811916174927154     
  0.97473365289796032           0.55699065879883436           0.52217874262390729     
  0.97473365289796032           0.55699065879883436           0.69623832349854309     
  0.97473365289796032           0.55699065879883436           0.87029790437317889     
  0.97473365289796032           0.55699065879883436            1.0443574852478146     
  0.97473365289796032           0.55699065879883436            1.2184170661224505     
  0.97473365289796032           0.55699065879883436            1.3924766469970862     
  0.97473365289796032           0.55699065879883436            1.5665362278717216     
  0.97473365289796032           0.55699065879883436            1.7405958087463578     
  0.97473365289796032           0.55699065879883436            1.9146553896209932     
  0.97473365289796032           0.55699065879883436            2.0887149704956292     
  0.97473365289796032           0.55699065879883436            2.2627745513702648     
  0.97473365289796032           0.55699065879883436            2.4368341322449010     
  0.97473365289796032           0.55699065879883436            2.6108937131195367     
  0.97473365289796032           0.55699065879883436            2.7849532939941724     
  0.97473365289796032           0.55699065879883436            2.9590128748688080     
  0.97473365289796032           0.55699065879883436            3.1330724557434433     
  0.97473365289796032           0.69623832349854298            0.0000000000000000     
  0.97473365289796032           0.69623832349854298           0.17405958087463577     
  0.97473365289796032           0.69623832349854298           0.34811916174927154     
  0.97473365289796032           0.69623832349854298           0.52217874262390729     
  0.97473365289796032           0.69623832349854298           0.69623832349854309     
  0.97473365289796032           0.69623832349854298           0.87029790437317889     
  0.97473365289796032           0.69623832349854298            1.0443574852478146     
  0.97473365289796032           0.69623832349854298            1.2184170661224505     
  0.97473365289796032           0.69623832349854298            1.3924766469970862     
  0.97473365289796032           0.69623832349854298            1.5665362278717216     
  0.97473365289796032           0.69623832349854298            1.7405958087463578     
  0.97473365289796032           0.69623832349854298            1.9146553896209932     
  0.97473365289796032           0.69623832349854298            2.0887149704956292     
  0.97473365289796032           0.69623832349854298            2.2627745513702648     
  0.97473365289796032           0.69623832349854298            2.4368341322449010     
  0.97473365289796032           0.69623832349854298            2.6108937131195367     
  0.97473365289796032           0.69623832349854298            2.7849532939941724     
  0.97473365289796032           0.69623832349854298            2.9590128748688080     
  0.97473365289796032           0.69623832349854298            3.1330724557434433     
  0.97473365289796032           0.83548598819825159            0.0000000000000000     
  0.97473365289796032           0.83548598819825159           0.17405958087463577     
  0.97473365289796032           0.83548598819825159           0.34811916174927154     
  0.97473365289796032           0.83548598819825159           0.52217874262390729     
  0.97473365289796032           0.83548598819825159           0.69623832349854309     
  0.97473365289796032           0.83548598819825159           0.87029790437317889     
  0.97473365289796032           0.83548598819825159            1.0443574852478146     
  0.97473365289796032           0.83548598819825159            1.2184170661224505     
  0.97473365289796032           0.83548598819825159            1.3924766469970862     
  0.97473365289796032           0.83548598819825159            1.5665362278717216     
  0.97473365289796032           0.83548598819825159            1.7405958087463578     
  0.97473365289796032           0.83548598819825159            1.9146553896209932     
  0.97473365289796032           0.83548598819825159            2.0887149704956292     
  0.97473365289796032           0.83548598819825159            2.2627745513702648     
  0.97473365289796032           0.83548598819825159            2.4368341322449010     
  0.97473365289796032           0.83548598819825159            2.6108937131195367     
  0.97473365289796032           0.83548598819825159            2.7849532939941724     
  0.97473365289796032           0.83548598819825159            2.9590128748688080     
  0.97473365289796032           0.83548598819825159            3.1330724557434433     
  0.97473365289796032           0.97473365289796032            0.0000000000000000     
  0.97473365289796032           0.97473365289796032           0.17405958087463577     
  0.97473365289796032           0.97473365289796032           0.34811916174927154     
  0.97473365289796032           0.97473365289796032           0.52217874262390729     
  0.97473365289796032           0.97473365289796032           0.69623832349854309     
  0.97473365289796032           0.97473365289796032           0.87029790437317889     
  0.97473365289796032           0.97473365289796032            1.0443574852478146     
  0.97473365289796032           0.97473365289796032            1.2184170661224505     
  0.97473365289796032           0.97473365289796032            1.3924766469970862     
  0.97473365289796032           0.97473365289796032            1.5665362278717216     
  0.97473365289796032           0.97473365289796032            1.7405958087463578     
  0.97473365289796032           0.97473365289796032            1.9146553896209932     
  0.97473365289796032           0.97473365289796032            2.0887149704956292     
  0.97473365289796032           0.97473365289796032            2.2627745513702648     
  0.97473365289796032           0.97473365289796032            2.4368341322449010     
  0.97473365289796032           0.97473365289796032            2.6108937131195367     
  0.97473365289796032           0.97473365289796032            2.7849532939941724     
  0.97473365289796032           0.97473365289796032            2.9590128748688080     
  0.97473365289796032           0.97473365289796032            3.1330724557434433     
  0.97473365289796032            1.1139813175976687            0.0000000000000000     
  0.97473365289796032            1.1139813175976687           0.17405958087463577     
  0.97473365289796032            1.1139813175976687           0.34811916174927154     
  0.97473365289796032            1.1139813175976687           0.52217874262390729     
  0.97473365289796032            1.1139813175976687           0.69623832349854309     
  0.97473365289796032            1.1139813175976687           0.87029790437317889     
  0.97473365289796032            1.1139813175976687            1.0443574852478146     
  0.97473365289796032            1.1139813175976687            1.2184170661224505     
  0.97473365289796032            1.1139813175976687            1.3924766469970862     
  0.97473365289796032            1.1139813175976687            1.5665362278717216     
  0.97473365289796032            1.1139813175976687            1.7405958087463578     
  0.97473365289796032            1.1139813175976687            1.9146553896209932     
  0.97473365289796032            1.1139813175976687            2.0887149704956292     
  0.97473365289796032            1.1139813175976687            2.2627745513702648     
  0.97473365289796032            1.1139813175976687            2.4368341322449010     
  0.97473365289796032            1.1139813175976687            2.6108937131195367     
  0.97473365289796032            1.1139813175976687            2.7849532939941724     
  0.97473365289796032            1.1139813175976687            2.9590128748688080     
  0.97473365289796032            1.1139813175976687            3.1330724557434433     
  0.97473365289796032            1.2532289822973772            0.0000000000000000     
  0.97473365289796032            1.2532289822973772           0.17405958087463577     
  0.97473365289796032            1.2532289822973772           0.34811916174927154     
  0.97473365289796032            1.2532289822973772           0.52217874262390729     
  0.97473365289796032            1.2532289822973772           0.69623832349854309     
  0.97473365289796032            1.2532289822973772           0.87029790437317889     
  0.97473365289796032            1.2532289822973772            1.0443574852478146     
  0.97473365289796032            1.2532289822973772            1.2184170661224505     
  0.97473365289796032            1.2532289822973772            1.3924766469970862     
  0.97473365289796032            1.2532289822973772            1.5665362278717216     
  0.97473365289796032            1.2532289822973772            1.7405958087463578     
  0.97473365289796032            1.2532289822973772            1.9146553896209932     
  0.97473365289796032            1.2532289822973772            2.0887149704956292     
  0.97473365289796032            1.2532289822973772            2.2627745513702648     
  0.97473365289796032            1.2532289822973772            2.4368341322449010     
  0.97473365289796032            1.2532289822973772            2.6108937131195367     
  0.97473365289796032            1.2532289822973772            2.7849532939941724     
  0.97473365289796032            1.2532289822973772            2.9590128748688080     
  0.97473365289796032            1.2532289822973772            3.1330724557434433     
  0.97473365289796032            1.3924766469970860            0.0000000000000000     
  0.97473365289796032            1.3924766469970860           0.17405958087463577     
  0.97473365289796032            1.3924766469970860           0.34811916174927154     
  0.97473365289796032            1.3924766469970860           0.52217874262390729     
  0.97473365289796032            1.3924766469970860           0.69623832349854309     
  0.97473365289796032            1.3924766469970860           0.87029790437317889     
  0.97473365289796032            1.3924766469970860            1.0443574852478146     
  0.97473365289796032            1.3924766469970860            1.2184170661224505     
  0.97473365289796032            1.3924766469970860            1.3924766469970862     
  0.97473365289796032            1.3924766469970860            1.5665362278717216     
  0.97473365289796032            1.3924766469970860            1.7405958087463578     
  0.97473365289796032            1.3924766469970860            1.9146553896209932     
  0.97473365289796032            1.3924766469970860            2.0887149704956292     
  0.97473365289796032            1.3924766469970860            2.2627745513702648     
  0.97473365289796032            1.3924766469970860            2.4368341322449010     
  0.97473365289796032            1.3924766469970860            2.6108937131195367     
  0.97473365289796032            1.3924766469970860            2.7849532939941724     
  0.97473365289796032            1.3924766469970860            2.9590128748688080     
  0.97473365289796032            1.3924766469970860            3.1330724557434433     
  0.97473365289796032            1.5317243116967947            0.0000000000000000     
  0.97473365289796032            1.5317243116967947           0.17405958087463577     
  0.97473365289796032            1.5317243116967947           0.34811916174927154     
  0.97473365289796032            1.5317243116967947           0.52217874262390729     
  0.97473365289796032            1.5317243116967947           0.69623832349854309     
  0.97473365289796032            1.5317243116967947           0.87029790437317889     
  0.97473365289796032            1.5317243116967947            1.0443574852478146     
  0.97473365289796032            1.5317243116967947            1.2184170661224505     
  0.97473365289796032            1.5317243116967947            1.3924766469970862     
  0.97473365289796032            1.5317243116967947            1.5665362278717216     
  0.97473365289796032            1.5317243116967947            1.7405958087463578     
  0.97473365289796032            1.5317243116967947            1.9146553896209932     
  0.97473365289796032            1.5317243116967947            2.0887149704956292     
  0.97473365289796032            1.5317243116967947            2.2627745513702648     
  0.97473365289796032            1.5317243116967947            2.4368341322449010     
  0.97473365289796032            1.5317243116967947            2.6108937131195367     
  0.97473365289796032            1.5317243116967947            2.7849532939941724     
  0.97473365289796032            1.5317243116967947            2.9590128748688080     
  0.97473365289796032            1.5317243116967947            3.1330724557434433     
  0.97473365289796032            1.6709719763965032            0.0000000000000000     
  0.97473365289796032            1.6709719763965032           0.17405958087463577     
  0.97473365289796032            1.6709719763965032           0.34811916174927154     
  0.97473365289796032            1.6709719763965032           0.52217874262390729     
  0.97473365289796032            1.6709719763965032           0.69623832349854309     
  0.97473365289796032            1.6709719763965032           0.87029790437317889     
  0.97473365289796032            1.6709719763965032            1.0443574852478146     
  0.97473365289796032            1.6709719763965032            1.2184170661224505     
  0.97473365289796032            1.6709719763965032            1.3924766469970862     
  0.97473365289796032            1.6709719763965032            1.5665362278717216     
  0.97473365289796032            1.6709719763965032            1.7405958087463578     
  0.97473365289796032            1.6709719763965032            1.9146553896209932     
  0.97473365289796032            1.6709719763965032            2.0887149704956292     
  0.97473365289796032            1.6709719763965032            2.2627745513702648     
  0.97473365289796032            1.6709719763965032            2.4368341322449010     
  0.97473365289796032            1.6709719763965032            2.6108937131195367     
  0.97473365289796032            1.6709719763965032            2.7849532939941724     
  0.97473365289796032            1.6709719763965032            2.9590128748688080     
  0.97473365289796032            1.6709719763965032            3.1330724557434433     
  0.97473365289796032            1.8102196410962119            0.0000000000000000     
  0.97473365289796032            1.8102196410962119           0.17405958087463577     
  0.97473365289796032            1.8102196410962119           0.34811916174927154     
  0.97473365289796032            1.8102196410962119           0.52217874262390729     
  0.97473365289796032            1.8102196410962119           0.69623832349854309     
  0.97473365289796032            1.8102196410962119           0.87029790437317889     
  0.97473365289796032            1.8102196410962119            1.0443574852478146     
  0.97473365289796032            1.8102196410962119            1.2184170661224505     
  0.97473365289796032            1.8102196410962119            1.3924766469970862     
  0.97473365289796032            1.8102196410962119            1.5665362278717216     
  0.97473365289796032            1.8102196410962119            1.7405958087463578     
  0.97473365289796032            1.8102196410962119            1.9146553896209932     
  0.97473365289796032            1.8102196410962119            2.0887149704956292     
  0.97473365289796032            1.8102196410962119            2.2627745513702648     
  0.97473365289796032            1.8102196410962119            2.4368341322449010     
  0.97473365289796032            1.8102196410962119            2.6108937131195367     
  0.97473365289796032            1.8102196410962119            2.7849532939941724     
  0.97473365289796032            1.8102196410962119            2.9590128748688080     
  0.97473365289796032            1.8102196410962119            3.1330724557434433     
  0.97473365289796032            1.9494673057959206            0.0000000000000000     
  0.97473365289796032            1.9494673057959206           0.17405958087463577     
  0.97473365289796032            1.9494673057959206           0.34811916174927154     
  0.97473365289796032            1.9494673057959206           0.52217874262390729     
  0.97473365289796032            1.9494673057959206           0.69623832349854309     
  0.97473365289796032            1.9494673057959206           0.87029790437317889     
  0.97473365289796032            1.9494673057959206            1.0443574852478146     
  0.97473365289796032            1.9494673057959206            1.2184170661224505     
  0.97473365289796032            1.9494673057959206            1.3924766469970862     
  0.97473365289796032            1.9494673057959206            1.5665362278717216     
  0.97473365289796032            1.9494673057959206            1.7405958087463578     
  0.97473365289796032            1.9494673057959206            1.9146553896209932     
  0.97473365289796032            1.9494673057959206            2.0887149704956292     
  0.97473365289796032            1.9494673057959206            2.2627745513702648     
  0.97473365289796032            1.9494673057959206            2.4368341322449010     
  0.97473365289796032            1.9494673057959206            2.6108937131195367     
  0.97473365289796032            1.9494673057959206            2.7849532939941724     
  0.97473365289796032            1.9494673057959206            2.9590128748688080     
  0.97473365289796032            1.9494673057959206            3.1330724557434433     
  0.97473365289796032            2.0887149704956292            0.0000000000000000     
  0.97473365289796032            2.0887149704956292           0.17405958087463577     
  0.97473365289796032            2.0887149704956292           0.34811916174927154     
  0.97473365289796032            2.0887149704956292           0.52217874262390729     
  0.97473365289796032            2.0887149704956292           0.69623832349854309     
  0.97473365289796032            2.0887149704956292           0.87029790437317889     
  0.97473365289796032            2.0887149704956292            1.0443574852478146     
  0.97473365289796032            2.0887149704956292            1.2184170661224505     
  0.97473365289796032            2.0887149704956292            1.3924766469970862     
  0.97473365289796032            2.0887149704956292            1.5665362278717216     
  0.97473365289796032            2.0887149704956292            1.7405958087463578     
  0.97473365289796032            2.0887149704956292            1.9146553896209932     
  0.97473365289796032            2.0887149704956292            2.0887149704956292     
  0.97473365289796032            2.0887149704956292            2.2627745513702648     
  0.97473365289796032            2.0887149704956292            2.4368341322449010     
  0.97473365289796032            2.0887149704956292            2.6108937131195367     
  0.97473365289796032            2.0887149704956292            2.7849532939941724     
  0.97473365289796032            2.0887149704956292            2.9590128748688080     
  0.97473365289796032            2.0887149704956292            3.1330724557434433     
  0.97473365289796032            2.2279626351953374            0.0000000000000000     
  0.97473365289796032            2.2279626351953374           0.17405958087463577     
  0.97473365289796032            2.2279626351953374           0.34811916174927154     
  0.97473365289796032            2.2279626351953374           0.52217874262390729     
  0.97473365289796032            2.2279626351953374           0.69623832349854309     
  0.97473365289796032            2.2279626351953374           0.87029790437317889     
  0.97473365289796032            2.2279626351953374            1.0443574852478146     
  0.97473365289796032            2.2279626351953374            1.2184170661224505     
  0.97473365289796032            2.2279626351953374            1.3924766469970862     
  0.97473365289796032            2.2279626351953374            1.5665362278717216     
  0.97473365289796032            2.2279626351953374            1.7405958087463578     
  0.97473365289796032            2.2279626351953374            1.9146553896209932     
  0.97473365289796032            2.2279626351953374            2.0887149704956292     
  0.97473365289796032            2.2279626351953374            2.2627745513702648     
  0.97473365289796032            2.2279626351953374            2.4368341322449010     
  0.97473365289796032            2.2279626351953374            2.6108937131195367     
  0.97473365289796032            2.2279626351953374            2.7849532939941724     
  0.97473365289796032            2.2279626351953374            2.9590128748688080     
  0.97473365289796032            2.2279626351953374            3.1330724557434433     
  0.97473365289796032            2.3672102998950462            0.0000000000000000     
  0.97473365289796032            2.3672102998950462           0.17405958087463577     
  0.97473365289796032            2.3672102998950462           0.34811916174927154     
  0.97473365289796032            2.3672102998950462           0.52217874262390729     
  0.97473365289796032            2.3672102998950462           0.69623832349854309     
  0.97473365289796032            2.3672102998950462           0.87029790437317889     
  0.97473365289796032            2.3672102998950462            1.0443574852478146     
  0.97473365289796032            2.3672102998950462            1.2184170661224505     
  0.97473365289796032            2.3672102998950462            1.3924766469970862     
  0.97473365289796032            2.3672102998950462            1.5665362278717216     
  0.97473365289796032            2.3672102998950462            1.7405958087463578     
  0.97473365289796032            2.3672102998950462            1.9146553896209932     
  0.97473365289796032            2.3672102998950462            2.0887149704956292     
  0.97473365289796032            2.3672102998950462            2.2627745513702648     
  0.97473365289796032            2.3672102998950462            2.4368341322449010     
  0.97473365289796032            2.3672102998950462            2.6108937131195367     
  0.97473365289796032            2.3672102998950462            2.7849532939941724     
  0.97473365289796032            2.3672102998950462            2.9590128748688080     
  0.97473365289796032            2.3672102998950462            3.1330724557434433     
  0.97473365289796032            2.5064579645947545            0.0000000000000000     
  0.97473365289796032            2.5064579645947545           0.17405958087463577     
  0.97473365289796032            2.5064579645947545           0.34811916174927154     
  0.97473365289796032            2.5064579645947545           0.52217874262390729     
  0.97473365289796032            2.5064579645947545           0.69623832349854309     
  0.97473365289796032            2.5064579645947545           0.87029790437317889     
  0.97473365289796032            2.5064579645947545            1.0443574852478146     
  0.97473365289796032            2.5064579645947545            1.2184170661224505     
  0.97473365289796032            2.5064579645947545            1.3924766469970862     
  0.97473365289796032            2.5064579645947545            1.5665362278717216     
  0.97473365289796032            2.5064579645947545            1.7405958087463578     
  0.97473365289796032            2.5064579645947545            1.9146553896209932     
  0.97473365289796032            2.5064579645947545            2.0887149704956292     
  0.97473365289796032            2.5064579645947545            2.2627745513702648     
  0.97473365289796032            2.5064579645947545            2.4368341322449010     
  0.97473365289796032            2.5064579645947545            2.6108937131195367     
  0.97473365289796032            2.5064579645947545            2.7849532939941724     
  0.97473365289796032            2.5064579645947545            2.9590128748688080     
  0.97473365289796032            2.5064579645947545            3.1330724557434433     
   1.1139813175976687            0.0000000000000000            0.0000000000000000     
   1.1139813175976687            0.0000000000000000           0.17405958087463577     
   1.1139813175976687            0.0000000000000000           0.34811916174927154     
   1.1139813175976687            0.0000000000000000           0.52217874262390729     
   1.1139813175976687            0.0000000000000000           0.69623832349854309     
   1.1139813175976687            0.0000000000000000           0.87029790437317889     
   1.1139813175976687            0.0000000000000000            1.0443574852478146     
   1.1139813175976687            0.0000000000000000            1.2184170661224505     
   1.1139813175976687            0.0000000000000000            1.3924766469970862     
   1.1139813175976687            0.0000000000000000            1.5665362278717216     
   1.1139813175976687            0.0000000000000000            1.7405958087463578     
   1.1139813175976687            0.0000000000000000            1.9146553896209932     
   1.1139813175976687            0.0000000000000000            2.0887149704956292     
   1.1139813175976687            0.0000000000000000            2.2627745513702648     
   1.1139813175976687            0.0000000000000000            2.4368341322449010     
   1.1139813175976687            0.0000000000000000            2.6108937131195367     
   1.1139813175976687            0.0000000000000000            2.7849532939941724     
   1.1139813175976687            0.0000000000000000            2.9590128748688080     
   1.1139813175976687            0.0000000000000000            3.1330724557434433     
   1.1139813175976687           0.13924766469970859            0.0000000000000000     
   1.1139813175976687           0.13924766469970859           0.17405958087463577     
   1.1139813175976687           0.13924766469970859           0.34811916174927154     
   1.1139813175976687           0.13924766469970859           0.52217874262390729     
   1.1139813175976687           0.13924766469970859           0.69623832349854309     
   1.1139813175976687           0.13924766469970859           0.87029790437317889     
   1.1139813175976687           0.13924766469970859            1.0443574852478146     
   1.1139813175976687           0.13924766469970859            1.2184170661224505     
   1.1139813175976687           0.13924766469970859            1.3924766469970862     
   1.1139813175976687           0.13924766469970859            1.5665362278717216     
   1.1139813175976687           0.13924766469970859            1.7405958087463578     
   1.1139813175976687           0.13924766469970859            1.9146553896209932     
   1.1139813175976687           0.13924766469970859            2.0887149704956292     
   1.1139813175976687           0.13924766469970859            2.2627745513702648     
   1.1139813175976687           0.13924766469970859            2.4368341322449010     
   1.1139813175976687           0.13924766469970859            2.6108937131195367     
   1.1139813175976687           0.13924766469970859            2.7849532939941724     
   1.1139813175976687           0.13924766469970859            2.9590128748688080     
   1.1139813175976687           0.13924766469970859            3.1330724557434433     
   1.1139813175976687           0.27849532939941718            0.0000000000000000     
   1.1139813175976687           0.27849532939941718           0.17405958087463577     
   1.1139813175976687           0.27849532939941718           0.34811916174927154     
   1.1139813175976687           0.27849532939941718           0.52217874262390729     
   1.1139813175976687           0.27849532939941718           0.69623832349854309     
   1.1139813175976687           0.27849532939941718           0.87029790437317889     
   1.1139813175976687           0.27849532939941718            1.0443574852478146     
   1.1139813175976687           0.27849532939941718            1.2184170661224505     
   1.1139813175976687           0.27849532939941718            1.3924766469970862     
   1.1139813175976687           0.27849532939941718            1.5665362278717216     
   1.1139813175976687           0.27849532939941718            1.7405958087463578     
   1.1139813175976687           0.27849532939941718            1.9146553896209932     
   1.1139813175976687           0.27849532939941718            2.0887149704956292     
   1.1139813175976687           0.27849532939941718            2.2627745513702648     
   1.1139813175976687           0.27849532939941718            2.4368341322449010     
   1.1139813175976687           0.27849532939941718            2.6108937131195367     
   1.1139813175976687           0.27849532939941718            2.7849532939941724     
   1.1139813175976687           0.27849532939941718            2.9590128748688080     
   1.1139813175976687           0.27849532939941718            3.1330724557434433     
   1.1139813175976687           0.41774299409912580            0.0000000000000000     
   1.1139813175976687           0.41774299409912580           0.17405958087463577     
   1.1139813175976687           0.41774299409912580           0.34811916174927154     
   1.1139813175976687           0.41774299409912580           0.52217874262390729     
   1.1139813175976687           0.41774299409912580           0.69623832349854309     
   1.1139813175976687           0.41774299409912580           0.87029790437317889     
   1.1139813175976687           0.41774299409912580            1.0443574852478146     
   1.1139813175976687           0.41774299409912580            1.2184170661224505     
   1.1139813175976687           0.41774299409912580            1.3924766469970862     
   1.1139813175976687           0.41774299409912580            1.5665362278717216     
   1.1139813175976687           0.41774299409912580            1.7405958087463578     
   1.1139813175976687           0.41774299409912580            1.9146553896209932     
   1.1139813175976687           0.41774299409912580            2.0887149704956292     
   1.1139813175976687           0.41774299409912580            2.2627745513702648     
   1.1139813175976687           0.41774299409912580            2.4368341322449010     
   1.1139813175976687           0.41774299409912580            2.6108937131195367     
   1.1139813175976687           0.41774299409912580            2.7849532939941724     
   1.1139813175976687           0.41774299409912580            2.9590128748688080     
   1.1139813175976687           0.41774299409912580            3.1330724557434433     
   1.1139813175976687           0.55699065879883436            0.0000000000000000     
   1.1139813175976687           0.55699065879883436           0.17405958087463577     
   1.1139813175976687           0.55699065879883436           0.34811916174927154     
   1.1139813175976687           0.55699065879883436           0.52217874262390729     
   1.1139813175976687           0.55699065879883436           0.69623832349854309     
   1.1139813175976687           0.55699065879883436           0.87029790437317889     
   1.1139813175976687           0.55699065879883436            1.0443574852478146     
   1.1139813175976687           0.55699065879883436            1.2184170661224505     
   1.1139813175976687           0.55699065879883436            1.3924766469970862     
   1.1139813175976687           0.55699065879883436            1.5665362278717216     
   1.1139813175976687           0.55699065879883436            1.7405958087463578     
   1.1139813175976687           0.55699065879883436            1.9146553896209932     
   1.1139813175976687           0.55699065879883436            2.0887149704956292     
   1.1139813175976687           0.55699065879883436            2.2627745513702648     
   1.1139813175976687           0.55699065879883436            2.4368341322449010     
   1.1139813175976687           0.55699065879883436            2.6108937131195367     
   1.1139813175976687           0.55699065879883436            2.7849532939941724     
   1.1139813175976687           0.55699065879883436            2.9590128748688080     
   1.1139813175976687           0.55699065879883436            3.1330724557434433     
   1.1139813175976687           0.69623832349854298            0.0000000000000000     
   1.1139813175976687           0.69623832349854298           0.17405958087463577     
   1.1139813175976687           0.69623832349854298           0.34811916174927154     
   1.1139813175976687           0.69623832349854298           0.52217874262390729     
   1.1139813175976687           0.69623832349854298           0.69623832349854309     
   1.1139813175976687           0.69623832349854298           0.87029790437317889     
   1.1139813175976687           0.69623832349854298            1.0443574852478146     
   1.1139813175976687           0.69623832349854298            1.2184170661224505     
   1.1139813175976687           0.69623832349854298            1.3924766469970862     
   1.1139813175976687           0.69623832349854298            1.5665362278717216     
   1.1139813175976687           0.69623832349854298            1.7405958087463578     
   1.1139813175976687           0.69623832349854298            1.9146553896209932     
   1.1139813175976687           0.69623832349854298            2.0887149704956292     
   1.1139813175976687           0.69623832349854298            2.2627745513702648     
   1.1139813175976687           0.69623832349854298            2.4368341322449010     
   1.1139813175976687           0.69623832349854298            2.6108937131195367     
   1.1139813175976687           0.69623832349854298            2.7849532939941724     
   1.1139813175976687           0.69623832349854298            2.9590128748688080     
   1.1139813175976687           0.69623832349854298            3.1330724557434433     
   1.1139813175976687           0.83548598819825159            0.0000000000000000     
   1.1139813175976687           0.83548598819825159           0.17405958087463577     
   1.1139813175976687           0.83548598819825159           0.34811916174927154     
   1.1139813175976687           0.83548598819825159           0.52217874262390729     
   1.1139813175976687           0.83548598819825159           0.69623832349854309     
   1.1139813175976687           0.83548598819825159           0.87029790437317889     
   1.1139813175976687           0.83548598819825159            1.0443574852478146     
   1.1139813175976687           0.83548598819825159            1.2184170661224505     
   1.1139813175976687           0.83548598819825159            1.3924766469970862     
   1.1139813175976687           0.83548598819825159            1.5665362278717216     
   1.1139813175976687           0.83548598819825159            1.7405958087463578     
   1.1139813175976687           0.83548598819825159            1.9146553896209932     
   1.1139813175976687           0.83548598819825159            2.0887149704956292     
   1.1139813175976687           0.83548598819825159            2.2627745513702648     
   1.1139813175976687           0.83548598819825159            2.4368341322449010     
   1.1139813175976687           0.83548598819825159            2.6108937131195367     
   1.1139813175976687           0.83548598819825159            2.7849532939941724     
   1.1139813175976687           0.83548598819825159            2.9590128748688080     
   1.1139813175976687           0.83548598819825159            3.1330724557434433     
   1.1139813175976687           0.97473365289796032            0.0000000000000000     
   1.1139813175976687           0.97473365289796032           0.17405958087463577     
   1.1139813175976687           0.97473365289796032           0.34811916174927154     
   1.1139813175976687           0.97473365289796032           0.52217874262390729     
   1.1139813175976687           0.97473365289796032           0.69623832349854309     
   1.1139813175976687           0.97473365289796032           0.87029790437317889     
   1.1139813175976687           0.97473365289796032            1.0443574852478146     
   1.1139813175976687           0.97473365289796032            1.2184170661224505     
   1.1139813175976687           0.97473365289796032            1.3924766469970862     
   1.1139813175976687           0.97473365289796032            1.5665362278717216     
   1.1139813175976687           0.97473365289796032            1.7405958087463578     
   1.1139813175976687           0.97473365289796032            1.9146553896209932     
   1.1139813175976687           0.97473365289796032            2.0887149704956292     
   1.1139813175976687           0.97473365289796032            2.2627745513702648     
   1.1139813175976687           0.97473365289796032            2.4368341322449010     
   1.1139813175976687           0.97473365289796032            2.6108937131195367     
   1.1139813175976687           0.97473365289796032            2.7849532939941724     
   1.1139813175976687           0.97473365289796032            2.9590128748688080     
   1.1139813175976687           0.97473365289796032            3.1330724557434433     
   1.1139813175976687            1.1139813175976687            0.0000000000000000     
   1.1139813175976687            1.1139813175976687           0.17405958087463577     
   1.1139813175976687            1.1139813175976687           0.34811916174927154     
   1.1139813175976687            1.1139813175976687           0.52217874262390729     
   1.1139813175976687            1.1139813175976687           0.69623832349854309     
   1.1139813175976687            1.1139813175976687           0.87029790437317889     
   1.1139813175976687            1.1139813175976687            1.0443574852478146     
   1.1139813175976687            1.1139813175976687            1.2184170661224505     
   1.1139813175976687            1.1139813175976687            1.3924766469970862     
   1.1139813175976687            1.1139813175976687            1.5665362278717216     
   1.1139813175976687            1.1139813175976687            1.7405958087463578     
   1.1139813175976687            1.1139813175976687            1.9146553896209932     
   1.1139813175976687            1.1139813175976687            2.0887149704956292     
   1.1139813175976687            1.1139813175976687            2.2627745513702648     
   1.1139813175976687            1.1139813175976687            2.4368341322449010     
   1.1139813175976687            1.1139813175976687            2.6108937131195367     
   1.1139813175976687            1.1139813175976687            2.7849532939941724     
   1.1139813175976687            1.1139813175976687            2.9590128748688080     
   1.1139813175976687            1.1139813175976687            3.1330724557434433     
   1.1139813175976687            1.2532289822973772            0.0000000000000000     
   1.1139813175976687            1.2532289822973772           0.17405958087463577     
   1.1139813175976687            1.2532289822973772           0.34811916174927154     
   1.1139813175976687            1.2532289822973772           0.52217874262390729     
   1.1139813175976687            1.2532289822973772           0.69623832349854309     
   1.1139813175976687            1.2532289822973772           0.87029790437317889     
   1.1139813175976687            1.2532289822973772            1.0443574852478146     
   1.1139813175976687            1.2532289822973772            1.2184170661224505     
   1.1139813175976687            1.2532289822973772            1.3924766469970862     
   1.1139813175976687            1.2532289822973772            1.5665362278717216     
   1.1139813175976687            1.2532289822973772            1.7405958087463578     
   1.1139813175976687            1.2532289822973772            1.9146553896209932     
   1.1139813175976687            1.2532289822973772            2.0887149704956292     
   1.1139813175976687            1.2532289822973772            2.2627745513702648     
   1.1139813175976687            1.2532289822973772            2.4368341322449010     
   1.1139813175976687            1.2532289822973772            2.6108937131195367     
   1.1139813175976687            1.2532289822973772            2.7849532939941724     
   1.1139813175976687            1.2532289822973772            2.9590128748688080     
   1.1139813175976687            1.2532289822973772            3.1330724557434433     
   1.1139813175976687            1.3924766469970860            0.0000000000000000     
   1.1139813175976687            1.3924766469970860           0.17405958087463577     
   1.1139813175976687            1.3924766469970860           0.34811916174927154     
   1.1139813175976687            1.3924766469970860           0.52217874262390729     
   1.1139813175976687            1.3924766469970860           0.69623832349854309     
   1.1139813175976687            1.3924766469970860           0.87029790437317889     
   1.1139813175976687            1.3924766469970860            1.0443574852478146     
   1.1139813175976687            1.3924766469970860            1.2184170661224505     
   1.1139813175976687            1.3924766469970860            1.3924766469970862     
   1.1139813175976687            1.3924766469970860            1.5665362278717216     
   1.1139813175976687            1.3924766469970860            1.7405958087463578     
   1.1139813175976687            1.3924766469970860            1.9146553896209932     
   1.1139813175976687            1.3924766469970860            2.0887149704956292     
   1.1139813175976687            1.3924766469970860            2.2627745513702648     
   1.1139813175976687            1.3924766469970860            2.4368341322449010     
   1.1139813175976687            1.3924766469970860            2.6108937131195367     
   1.1139813175976687            1.3924766469970860            2.7849532939941724     
   1.1139813175976687            1.3924766469970860            2.9590128748688080     
   1.1139813175976687            1.3924766469970860            3.1330724557434433     
   1.1139813175976687            1.5317243116967947            0.0000000000000000     
   1.1139813175976687            1.5317243116967947           0.17405958087463577     
   1.1139813175976687            1.5317243116967947           0.34811916174927154     
   1.1139813175976687            1.5317243116967947           0.52217874262390729     
   1.1139813175976687            1.5317243116967947           0.69623832349854309     
   1.1139813175976687            1.5317243116967947           0.87029790437317889     
   1.1139813175976687            1.5317243116967947            1.0443574852478146     
   1.1139813175976687            1.5317243116967947            1.2184170661224505     
   1.1139813175976687            1.5317243116967947            1.3924766469970862     
   1.1139813175976687            1.5317243116967947            1.5665362278717216     
   1.1139813175976687            1.5317243116967947            1.7405958087463578     
   1.1139813175976687            1.5317243116967947            1.9146553896209932     
   1.1139813175976687            1.5317243116967947            2.0887149704956292     
   1.1139813175976687            1.5317243116967947            2.2627745513702648     
   1.1139813175976687            1.5317243116967947            2.4368341322449010     
   1.1139813175976687            1.5317243116967947            2.6108937131195367     
   1.1139813175976687            1.5317243116967947            2.7849532939941724     
   1.1139813175976687            1.5317243116967947            2.9590128748688080     
   1.1139813175976687            1.5317243116967947            3.1330724557434433     
   1.1139813175976687            1.6709719763965032            0.0000000000000000     
   1.1139813175976687            1.6709719763965032           0.17405958087463577     
   1.1139813175976687            1.6709719763965032           0.34811916174927154     
   1.1139813175976687            1.6709719763965032           0.52217874262390729     
   1.1139813175976687            1.6709719763965032           0.69623832349854309     
   1.1139813175976687            1.6709719763965032           0.87029790437317889     
   1.1139813175976687            1.6709719763965032            1.0443574852478146     
   1.1139813175976687            1.6709719763965032            1.2184170661224505     
   1.1139813175976687            1.6709719763965032            1.3924766469970862     
   1.1139813175976687            1.6709719763965032            1.5665362278717216     
   1.1139813175976687            1.6709719763965032            1.7405958087463578     
   1.1139813175976687            1.6709719763965032            1.9146553896209932     
   1.1139813175976687            1.6709719763965032            2.0887149704956292     
   1.1139813175976687            1.6709719763965032            2.2627745513702648     
   1.1139813175976687            1.6709719763965032            2.4368341322449010     
   1.1139813175976687            1.6709719763965032            2.6108937131195367     
   1.1139813175976687            1.6709719763965032            2.7849532939941724     
   1.1139813175976687            1.6709719763965032            2.9590128748688080     
   1.1139813175976687            1.6709719763965032            3.1330724557434433     
   1.1139813175976687            1.8102196410962119            0.0000000000000000     
   1.1139813175976687            1.8102196410962119           0.17405958087463577     
   1.1139813175976687            1.8102196410962119           0.34811916174927154     
   1.1139813175976687            1.8102196410962119           0.52217874262390729     
   1.1139813175976687            1.8102196410962119           0.69623832349854309     
   1.1139813175976687            1.8102196410962119           0.87029790437317889     
   1.1139813175976687            1.8102196410962119            1.0443574852478146     
   1.1139813175976687            1.8102196410962119            1.2184170661224505     
   1.1139813175976687            1.8102196410962119            1.3924766469970862     
   1.1139813175976687            1.8102196410962119            1.5665362278717216     
   1.1139813175976687            1.8102196410962119            1.7405958087463578     
   1.1139813175976687            1.8102196410962119            1.9146553896209932     
   1.1139813175976687            1.8102196410962119            2.0887149704956292     
   1.1139813175976687            1.8102196410962119            2.2627745513702648     
   1.1139813175976687            1.8102196410962119            2.4368341322449010     
   1.1139813175976687            1.8102196410962119            2.6108937131195367     
   1.1139813175976687            1.8102196410962119            2.7849532939941724     
   1.1139813175976687            1.8102196410962119            2.9590128748688080     
   1.1139813175976687            1.8102196410962119            3.1330724557434433     
   1.1139813175976687            1.9494673057959206            0.0000000000000000     
   1.1139813175976687            1.9494673057959206           0.17405958087463577     
   1.1139813175976687            1.9494673057959206           0.34811916174927154     
   1.1139813175976687            1.9494673057959206           0.52217874262390729     
   1.1139813175976687            1.9494673057959206           0.69623832349854309     
   1.1139813175976687            1.9494673057959206           0.87029790437317889     
   1.1139813175976687            1.9494673057959206            1.0443574852478146     
   1.1139813175976687            1.9494673057959206            1.2184170661224505     
   1.1139813175976687            1.9494673057959206            1.3924766469970862     
   1.1139813175976687            1.9494673057959206            1.5665362278717216     
   1.1139813175976687            1.9494673057959206            1.7405958087463578     
   1.1139813175976687            1.9494673057959206            1.9146553896209932     
   1.1139813175976687            1.9494673057959206            2.0887149704956292     
   1.1139813175976687            1.9494673057959206            2.2627745513702648     
   1.1139813175976687            1.9494673057959206            2.4368341322449010     
   1.1139813175976687            1.9494673057959206            2.6108937131195367     
   1.1139813175976687            1.9494673057959206            2.7849532939941724     
   1.1139813175976687            1.9494673057959206            2.9590128748688080     
   1.1139813175976687            1.9494673057959206            3.1330724557434433     
   1.1139813175976687            2.0887149704956292            0.0000000000000000     
   1.1139813175976687            2.0887149704956292           0.17405958087463577     
   1.1139813175976687            2.0887149704956292           0.34811916174927154     
   1.1139813175976687            2.0887149704956292           0.52217874262390729     
   1.1139813175976687            2.0887149704956292           0.69623832349854309     
   1.1139813175976687            2.0887149704956292           0.87029790437317889     
   1.1139813175976687            2.0887149704956292            1.0443574852478146     
   1.1139813175976687            2.0887149704956292            1.2184170661224505     
   1.1139813175976687            2.0887149704956292            1.3924766469970862     
   1.1139813175976687            2.0887149704956292            1.5665362278717216     
   1.1139813175976687            2.0887149704956292            1.7405958087463578     
   1.1139813175976687            2.0887149704956292            1.9146553896209932     
   1.1139813175976687            2.0887149704956292            2.0887149704956292     
   1.1139813175976687            2.0887149704956292            2.2627745513702648     
   1.1139813175976687            2.0887149704956292            2.4368341322449010     
   1.1139813175976687            2.0887149704956292            2.6108937131195367     
   1.1139813175976687            2.0887149704956292            2.7849532939941724     
   1.1139813175976687            2.0887149704956292            2.9590128748688080     
   1.1139813175976687            2.0887149704956292            3.1330724557434433     
   1.1139813175976687            2.2279626351953374            0.0000000000000000     
   1.1139813175976687            2.2279626351953374           0.17405958087463577     
   1.1139813175976687            2.2279626351953374           0.34811916174927154     
   1.1139813175976687            2.2279626351953374           0.52217874262390729     
   1.1139813175976687            2.2279626351953374           0.69623832349854309     
   1.1139813175976687            2.2279626351953374           0.87029790437317889     
   1.1139813175976687            2.2279626351953374            1.0443574852478146     
   1.1139813175976687            2.2279626351953374            1.2184170661224505     
   1.1139813175976687            2.2279626351953374            1.3924766469970862     
   1.1139813175976687            2.2279626351953374            1.5665362278717216     
   1.1139813175976687            2.2279626351953374            1.7405958087463578     
   1.1139813175976687            2.2279626351953374            1.9146553896209932     
   1.1139813175976687            2.2279626351953374            2.0887149704956292     
   1.1139813175976687            2.2279626351953374            2.2627745513702648     
   1.1139813175976687            2.2279626351953374            2.4368341322449010     
   1.1139813175976687            2.2279626351953374            2.6108937131195367     
   1.1139813175976687            2.2279626351953374            2.7849532939941724     
   1.1139813175976687            2.2279626351953374            2.9590128748688080     
   1.1139813175976687            2.2279626351953374            3.1330724557434433     
   1.1139813175976687            2.3672102998950462            0.0000000000000000     
   1.1139813175976687            2.3672102998950462           0.17405958087463577     
   1.1139813175976687            2.3672102998950462           0.34811916174927154     
   1.1139813175976687            2.3672102998950462           0.52217874262390729     
   1.1139813175976687            2.3672102998950462           0.69623832349854309     
   1.1139813175976687            2.3672102998950462           0.87029790437317889     
   1.1139813175976687            2.3672102998950462            1.0443574852478146     
   1.1139813175976687            2.3672102998950462            1.2184170661224505     
   1.1139813175976687            2.3672102998950462            1.3924766469970862     
   1.1139813175976687            2.3672102998950462            1.5665362278717216     
   1.1139813175976687            2.3672102998950462            1.7405958087463578     
   1.1139813175976687            2.3672102998950462            1.9146553896209932     
   1.1139813175976687            2.3672102998950462            2.0887149704956292     
   1.1139813175976687            2.3672102998950462            2.2627745513702648     
   1.1139813175976687            2.3672102998950462            2.4368341322449010     
   1.1139813175976687            2.3672102998950462            2.6108937131195367     
   1.1139813175976687            2.3672102998950462            2.7849532939941724     
   1.1139813175976687            2.3672102998950462            2.9590128748688080     
   1.1139813175976687            2.3672102998950462            3.1330724557434433     
   1.1139813175976687            2.5064579645947545            0.0000000000000000     
   1.1139813175976687            2.5064579645947545           0.17405958087463577     
   1.1139813175976687            2.5064579645947545           0.34811916174927154     
   1.1139813175976687            2.5064579645947545           0.52217874262390729     
   1.1139813175976687            2.5064579645947545           0.69623832349854309     
   1.1139813175976687            2.5064579645947545           0.87029790437317889     
   1.1139813175976687            2.5064579645947545            1.0443574852478146     
   1.1139813175976687            2.5064579645947545            1.2184170661224505     
   1.1139813175976687            2.5064579645947545            1.3924766469970862     
   1.1139813175976687            2.5064579645947545            1.5665362278717216     
   1.1139813175976687            2.5064579645947545            1.7405958087463578     
   1.1139813175976687            2.5064579645947545            1.9146553896209932     
   1.1139813175976687            2.5064579645947545            2.0887149704956292     
   1.1139813175976687            2.5064579645947545            2.2627745513702648     
   1.1139813175976687            2.5064579645947545            2.4368341322449010     
   1.1139813175976687            2.5064579645947545            2.6108937131195367     
   1.1139813175976687            2.5064579645947545            2.7849532939941724     
   1.1139813175976687            2.5064579645947545            2.9590128748688080     
   1.1139813175976687            2.5064579645947545            3.1330724557434433     
   1.2532289822973772            0.0000000000000000            0.0000000000000000     
   1.2532289822973772            0.0000000000000000           0.17405958087463577     
   1.2532289822973772            0.0000000000000000           0.34811916174927154     
   1.2532289822973772            0.0000000000000000           0.52217874262390729     
   1.2532289822973772            0.0000000000000000           0.69623832349854309     
   1.2532289822973772            0.0000000000000000           0.87029790437317889     
   1.2532289822973772            0.0000000000000000            1.0443574852478146     
   1.2532289822973772            0.0000000000000000            1.2184170661224505     
   1.2532289822973772            0.0000000000000000            1.3924766469970862     
   1.2532289822973772            0.0000000000000000            1.5665362278717216     
   1.2532289822973772            0.0000000000000000            1.7405958087463578     
   1.2532289822973772            0.0000000000000000            1.9146553896209932     
   1.2532289822973772            0.0000000000000000            2.0887149704956292     
   1.2532289822973772            0.0000000000000000            2.2627745513702648     
   1.2532289822973772            0.0000000000000000            2.4368341322449010     
   1.2532289822973772            0.0000000000000000            2.6108937131195367     
   1.2532289822973772            0.0000000000000000            2.7849532939941724     
   1.2532289822973772            0.0000000000000000            2.9590128748688080     
   1.2532289822973772            0.0000000000000000            3.1330724557434433     
   1.2532289822973772           0.13924766469970859            0.0000000000000000     
   1.2532289822973772           0.13924766469970859           0.17405958087463577     
   1.2532289822973772           0.13924766469970859           0.34811916174927154     
   1.2532289822973772           0.13924766469970859           0.52217874262390729     
   1.2532289822973772           0.13924766469970859           0.69623832349854309     
   1.2532289822973772           0.13924766469970859           0.87029790437317889     
   1.2532289822973772           0.13924766469970859            1.0443574852478146     
   1.2532289822973772           0.13924766469970859            1.2184170661224505     
   1.2532289822973772           0.13924766469970859            1.3924766469970862     
   1.2532289822973772           0.13924766469970859            1.5665362278717216     
   1.2532289822973772           0.13924766469970859            1.7405958087463578     
   1.2532289822973772           0.13924766469970859            1.9146553896209932     
   1.2532289822973772           0.13924766469970859            2.0887149704956292     
   1.2532289822973772           0.13924766469970859            2.2627745513702648     
   1.2532289822973772           0.13924766469970859            2.4368341322449010     
   1.2532289822973772           0.13924766469970859            2.6108937131195367     
   1.2532289822973772           0.13924766469970859            2.7849532939941724     
   1.2532289822973772           0.13924766469970859            2.9590128748688080     
   1.2532289822973772           0.13924766469970859            3.1330724557434433     
   1.2532289822973772           0.27849532939941718            0.0000000000000000     
   1.2532289822973772           0.27849532939941718           0.17405958087463577     
   1.2532289822973772           0.27849532939941718           0.34811916174927154     
   1.2532289822973772           0.27849532939941718           0.52217874262390729     
   1.2532289822973772           0.27849532939941718           0.69623832349854309     
   1.2532289822973772           0.27849532939941718           0.87029790437317889     
   1.2532289822973772           0.27849532939941718            1.0443574852478146     
   1.2532289822973772           0.27849532939941718            1.2184170661224505     
   1.2532289822973772           0.27849532939941718            1.3924766469970862     
   1.2532289822973772           0.27849532939941718            1.5665362278717216     
   1.2532289822973772           0.27849532939941718            1.7405958087463578     
   1.2532289822973772           0.27849532939941718            1.9146553896209932     
   1.2532289822973772           0.27849532939941718            2.0887149704956292     
   1.2532289822973772           0.27849532939941718            2.2627745513702648     
   1.2532289822973772           0.27849532939941718            2.4368341322449010     
   1.2532289822973772           0.27849532939941718            2.6108937131195367     
   1.2532289822973772           0.27849532939941718            2.7849532939941724     
   1.2532289822973772           0.27849532939941718            2.9590128748688080     
   1.2532289822973772           0.27849532939941718            3.1330724557434433     
   1.2532289822973772           0.41774299409912580            0.0000000000000000     
   1.2532289822973772           0.41774299409912580           0.17405958087463577     
   1.2532289822973772           0.41774299409912580           0.34811916174927154     
   1.2532289822973772           0.41774299409912580           0.52217874262390729     
   1.2532289822973772           0.41774299409912580           0.69623832349854309     
   1.2532289822973772           0.41774299409912580           0.87029790437317889     
   1.2532289822973772           0.41774299409912580            1.0443574852478146     
   1.2532289822973772           0.41774299409912580            1.2184170661224505     
   1.2532289822973772           0.41774299409912580            1.3924766469970862     
   1.2532289822973772           0.41774299409912580            1.5665362278717216     
   1.2532289822973772           0.41774299409912580            1.7405958087463578     
   1.2532289822973772           0.41774299409912580            1.9146553896209932     
   1.2532289822973772           0.41774299409912580            2.0887149704956292     
   1.2532289822973772           0.41774299409912580            2.2627745513702648     
   1.2532289822973772           0.41774299409912580            2.4368341322449010     
   1.2532289822973772           0.41774299409912580            2.6108937131195367     
   1.2532289822973772           0.41774299409912580            2.7849532939941724     
   1.2532289822973772           0.41774299409912580            2.9590128748688080     
   1.2532289822973772           0.41774299409912580            3.1330724557434433     
   1.2532289822973772           0.55699065879883436            0.0000000000000000     
   1.2532289822973772           0.55699065879883436           0.17405958087463577     
   1.2532289822973772           0.55699065879883436           0.34811916174927154     
   1.2532289822973772           0.55699065879883436           0.52217874262390729     
   1.2532289822973772           0.55699065879883436           0.69623832349854309     
   1.2532289822973772           0.55699065879883436           0.87029790437317889     
   1.2532289822973772           0.55699065879883436            1.0443574852478146     
   1.2532289822973772           0.55699065879883436            1.2184170661224505     
   1.2532289822973772           0.55699065879883436            1.3924766469970862     
   1.2532289822973772           0.55699065879883436            1.5665362278717216     
   1.2532289822973772           0.55699065879883436            1.7405958087463578     
   1.2532289822973772           0.55699065879883436            1.9146553896209932     
   1.2532289822973772           0.55699065879883436            2.0887149704956292     
   1.2532289822973772           0.55699065879883436            2.2627745513702648     
   1.2532289822973772           0.55699065879883436            2.4368341322449010     
   1.2532289822973772           0.55699065879883436            2.6108937131195367     
   1.2532289822973772           0.55699065879883436            2.7849532939941724     
   1.2532289822973772           0.55699065879883436            2.9590128748688080     
   1.2532289822973772           0.55699065879883436            3.1330724557434433     
   1.2532289822973772           0.69623832349854298            0.0000000000000000     
   1.2532289822973772           0.69623832349854298           0.17405958087463577     
   1.2532289822973772           0.69623832349854298           0.34811916174927154     
   1.2532289822973772           0.69623832349854298           0.52217874262390729     
   1.2532289822973772           0.69623832349854298           0.69623832349854309     
   1.2532289822973772           0.69623832349854298           0.87029790437317889     
   1.2532289822973772           0.69623832349854298            1.0443574852478146     
   1.2532289822973772           0.69623832349854298            1.2184170661224505     
   1.2532289822973772           0.69623832349854298            1.3924766469970862     
   1.2532289822973772           0.69623832349854298            1.5665362278717216     
   1.2532289822973772           0.69623832349854298            1.7405958087463578     
   1.2532289822973772           0.69623832349854298            1.9146553896209932     
   1.2532289822973772           0.69623832349854298            2.0887149704956292     
   1.2532289822973772           0.69623832349854298            2.2627745513702648     
   1.2532289822973772           0.69623832349854298            2.4368341322449010     
   1.2532289822973772           0.69623832349854298            2.6108937131195367     
   1.2532289822973772           0.69623832349854298            2.7849532939941724     
   1.2532289822973772           0.69623832349854298            2.9590128748688080     
   1.2532289822973772           0.69623832349854298            3.1330724557434433     
   1.2532289822973772           0.83548598819825159            0.0000000000000000     
   1.2532289822973772           0.83548598819825159           0.17405958087463577     
   1.2532289822973772           0.83548598819825159           0.34811916174927154     
   1.2532289822973772           0.83548598819825159           0.52217874262390729     
   1.2532289822973772           0.83548598819825159           0.69623832349854309     
   1.2532289822973772           0.83548598819825159           0.87029790437317889     
   1.2532289822973772           0.83548598819825159            1.0443574852478146     
   1.2532289822973772           0.83548598819825159            1.2184170661224505     
   1.2532289822973772           0.83548598819825159            1.3924766469970862     
   1.2532289822973772           0.83548598819825159            1.5665362278717216     
   1.2532289822973772           0.83548598819825159            1.7405958087463578     
   1.2532289822973772           0.83548598819825159            1.9146553896209932     
   1.2532289822973772           0.83548598819825159            2.0887149704956292     
   1.2532289822973772           0.83548598819825159            2.2627745513702648     
   1.2532289822973772           0.83548598819825159            2.4368341322449010     
   1.2532289822973772           0.83548598819825159            2.6108937131195367     
   1.2532289822973772           0.83548598819825159            2.7849532939941724     
   1.2532289822973772           0.83548598819825159            2.9590128748688080     
   1.2532289822973772           0.83548598819825159            3.1330724557434433     
   1.2532289822973772           0.97473365289796032            0.0000000000000000     
   1.2532289822973772           0.97473365289796032           0.17405958087463577     
   1.2532289822973772           0.97473365289796032           0.34811916174927154     
   1.2532289822973772           0.97473365289796032           0.52217874262390729     
   1.2532289822973772           0.97473365289796032           0.69623832349854309     
   1.2532289822973772           0.97473365289796032           0.87029790437317889     
   1.2532289822973772           0.97473365289796032            1.0443574852478146     
   1.2532289822973772           0.97473365289796032            1.2184170661224505     
   1.2532289822973772           0.97473365289796032            1.3924766469970862     
   1.2532289822973772           0.97473365289796032            1.5665362278717216     
   1.2532289822973772           0.97473365289796032            1.7405958087463578     
   1.2532289822973772           0.97473365289796032            1.9146553896209932     
   1.2532289822973772           0.97473365289796032            2.0887149704956292     
   1.2532289822973772           0.97473365289796032            2.2627745513702648     
   1.2532289822973772           0.97473365289796032            2.4368341322449010     
   1.2532289822973772           0.97473365289796032            2.6108937131195367     
   1.2532289822973772           0.97473365289796032            2.7849532939941724     
   1.2532289822973772           0.97473365289796032            2.9590128748688080     
   1.2532289822973772           0.97473365289796032            3.1330724557434433     
   1.2532289822973772            1.1139813175976687            0.0000000000000000     
   1.2532289822973772            1.1139813175976687           0.17405958087463577     
   1.2532289822973772            1.1139813175976687           0.34811916174927154     
   1.2532289822973772            1.1139813175976687           0.52217874262390729     
   1.2532289822973772            1.1139813175976687           0.69623832349854309     
   1.2532289822973772            1.1139813175976687           0.87029790437317889     
   1.2532289822973772            1.1139813175976687            1.0443574852478146     
   1.2532289822973772            1.1139813175976687            1.2184170661224505     
   1.2532289822973772            1.1139813175976687            1.3924766469970862     
   1.2532289822973772            1.1139813175976687            1.5665362278717216     
   1.2532289822973772            1.1139813175976687            1.7405958087463578     
   1.2532289822973772            1.1139813175976687            1.9146553896209932     
   1.2532289822973772            1.1139813175976687            2.0887149704956292     
   1.2532289822973772            1.1139813175976687            2.2627745513702648     
   1.2532289822973772            1.1139813175976687            2.4368341322449010     
   1.2532289822973772            1.1139813175976687            2.6108937131195367     
   1.2532289822973772            1.1139813175976687            2.7849532939941724     
   1.2532289822973772            1.1139813175976687            2.9590128748688080     
   1.2532289822973772            1.1139813175976687            3.1330724557434433     
   1.2532289822973772            1.2532289822973772            0.0000000000000000     
   1.2532289822973772            1.2532289822973772           0.17405958087463577     
   1.2532289822973772            1.2532289822973772           0.34811916174927154     
   1.2532289822973772            1.2532289822973772           0.52217874262390729     
   1.2532289822973772            1.2532289822973772           0.69623832349854309     
   1.2532289822973772            1.2532289822973772           0.87029790437317889     
   1.2532289822973772            1.2532289822973772            1.0443574852478146     
   1.2532289822973772            1.2532289822973772            1.2184170661224505     
   1.2532289822973772            1.2532289822973772            1.3924766469970862     
   1.2532289822973772            1.2532289822973772            1.5665362278717216     
   1.2532289822973772            1.2532289822973772            1.7405958087463578     
   1.2532289822973772            1.2532289822973772            1.9146553896209932     
   1.2532289822973772            1.2532289822973772            2.0887149704956292     
   1.2532289822973772            1.2532289822973772            2.2627745513702648     
   1.2532289822973772            1.2532289822973772            2.4368341322449010     
   1.2532289822973772            1.2532289822973772            2.6108937131195367     
   1.2532289822973772            1.2532289822973772            2.7849532939941724     
   1.2532289822973772            1.2532289822973772            2.9590128748688080     
   1.2532289822973772            1.2532289822973772            3.1330724557434433     
   1.2532289822973772            1.3924766469970860            0.0000000000000000     
   1.2532289822973772            1.3924766469970860           0.17405958087463577     
   1.2532289822973772            1.3924766469970860           0.34811916174927154     
   1.2532289822973772            1.3924766469970860           0.52217874262390729     
   1.2532289822973772            1.3924766469970860           0.69623832349854309     
   1.2532289822973772            1.3924766469970860           0.87029790437317889     
   1.2532289822973772            1.3924766469970860            1.0443574852478146     
   1.2532289822973772            1.3924766469970860            1.2184170661224505     
   1.2532289822973772            1.3924766469970860            1.3924766469970862     
   1.2532289822973772            1.3924766469970860            1.5665362278717216     
   1.2532289822973772            1.3924766469970860            1.7405958087463578     
   1.2532289822973772            1.3924766469970860            1.9146553896209932     
   1.2532289822973772            1.3924766469970860            2.0887149704956292     
   1.2532289822973772            1.3924766469970860            2.2627745513702648     
   1.2532289822973772            1.3924766469970860            2.4368341322449010     
   1.2532289822973772            1.3924766469970860            2.6108937131195367     
   1.2532289822973772            1.3924766469970860            2.7849532939941724     
   1.2532289822973772            1.3924766469970860            2.9590128748688080     
   1.2532289822973772            1.3924766469970860            3.1330724557434433     
   1.2532289822973772            1.5317243116967947            0.0000000000000000     
   1.2532289822973772            1.5317243116967947           0.17405958087463577     
   1.2532289822973772            1.5317243116967947           0.34811916174927154     
   1.2532289822973772            1.5317243116967947           0.52217874262390729     
   1.2532289822973772            1.5317243116967947           0.69623832349854309     
   1.2532289822973772            1.5317243116967947           0.87029790437317889     
   1.2532289822973772            1.5317243116967947            1.0443574852478146     
   1.2532289822973772            1.5317243116967947            1.2184170661224505     
   1.2532289822973772            1.5317243116967947            1.3924766469970862     
   1.2532289822973772            1.5317243116967947            1.5665362278717216     
   1.2532289822973772            1.5317243116967947            1.7405958087463578     
   1.2532289822973772            1.5317243116967947            1.9146553896209932     
   1.2532289822973772            1.5317243116967947            2.0887149704956292     
   1.2532289822973772            1.5317243116967947            2.2627745513702648     
   1.2532289822973772            1.5317243116967947            2.4368341322449010     
   1.2532289822973772            1.5317243116967947            2.6108937131195367     
   1.2532289822973772            1.5317243116967947            2.7849532939941724     
   1.2532289822973772            1.5317243116967947            2.9590128748688080     
   1.2532289822973772            1.5317243116967947            3.1330724557434433     
   1.2532289822973772            1.6709719763965032            0.0000000000000000     
   1.2532289822973772            1.6709719763965032           0.17405958087463577     
   1.2532289822973772            1.6709719763965032           0.34811916174927154     
   1.2532289822973772            1.6709719763965032           0.52217874262390729     
   1.2532289822973772            1.6709719763965032           0.69623832349854309     
   1.2532289822973772            1.6709719763965032           0.87029790437317889     
   1.2532289822973772            1.6709719763965032            1.0443574852478146     
   1.2532289822973772            1.6709719763965032            1.2184170661224505     
   1.2532289822973772            1.6709719763965032            1.3924766469970862     
   1.2532289822973772            1.6709719763965032            1.5665362278717216     
   1.2532289822973772            1.6709719763965032            1.7405958087463578     
   1.2532289822973772            1.6709719763965032            1.9146553896209932     
   1.2532289822973772            1.6709719763965032            2.0887149704956292     
   1.2532289822973772            1.6709719763965032            2.2627745513702648     
   1.2532289822973772            1.6709719763965032            2.4368341322449010     
   1.2532289822973772            1.6709719763965032            2.6108937131195367     
   1.2532289822973772            1.6709719763965032            2.7849532939941724     
   1.2532289822973772            1.6709719763965032            2.9590128748688080     
   1.2532289822973772            1.6709719763965032            3.1330724557434433     
   1.2532289822973772            1.8102196410962119            0.0000000000000000     
   1.2532289822973772            1.8102196410962119           0.17405958087463577     
   1.2532289822973772            1.8102196410962119           0.34811916174927154     
   1.2532289822973772            1.8102196410962119           0.52217874262390729     
   1.2532289822973772            1.8102196410962119           0.69623832349854309     
   1.2532289822973772            1.8102196410962119           0.87029790437317889     
   1.2532289822973772            1.8102196410962119            1.0443574852478146     
   1.2532289822973772            1.8102196410962119            1.2184170661224505     
   1.2532289822973772            1.8102196410962119            1.3924766469970862     
   1.2532289822973772            1.8102196410962119            1.5665362278717216     
   1.2532289822973772            1.8102196410962119            1.7405958087463578     
   1.2532289822973772            1.8102196410962119            1.9146553896209932     
   1.2532289822973772            1.8102196410962119            2.0887149704956292     
   1.2532289822973772            1.8102196410962119            2.2627745513702648     
   1.2532289822973772            1.8102196410962119            2.4368341322449010     
   1.2532289822973772            1.8102196410962119            2.6108937131195367     
   1.2532289822973772            1.8102196410962119            2.7849532939941724     
   1.2532289822973772            1.8102196410962119            2.9590128748688080     
   1.2532289822973772            1.8102196410962119            3.1330724557434433     
   1.2532289822973772            1.9494673057959206            0.0000000000000000     
   1.2532289822973772            1.9494673057959206           0.17405958087463577     
   1.2532289822973772            1.9494673057959206           0.34811916174927154     
   1.2532289822973772            1.9494673057959206           0.52217874262390729     
   1.2532289822973772            1.9494673057959206           0.69623832349854309     
   1.2532289822973772            1.9494673057959206           0.87029790437317889     
   1.2532289822973772            1.9494673057959206            1.0443574852478146     
   1.2532289822973772            1.9494673057959206            1.2184170661224505     
   1.2532289822973772            1.9494673057959206            1.3924766469970862     
   1.2532289822973772            1.9494673057959206            1.5665362278717216     
   1.2532289822973772            1.9494673057959206            1.7405958087463578     
   1.2532289822973772            1.9494673057959206            1.9146553896209932     
   1.2532289822973772            1.9494673057959206            2.0887149704956292     
   1.2532289822973772            1.9494673057959206            2.2627745513702648     
   1.2532289822973772            1.9494673057959206            2.4368341322449010     
   1.2532289822973772            1.9494673057959206            2.6108937131195367     
   1.2532289822973772            1.9494673057959206            2.7849532939941724     
   1.2532289822973772            1.9494673057959206            2.9590128748688080     
   1.2532289822973772            1.9494673057959206            3.1330724557434433     
   1.2532289822973772            2.0887149704956292            0.0000000000000000     
   1.2532289822973772            2.0887149704956292           0.17405958087463577     
   1.2532289822973772            2.0887149704956292           0.34811916174927154     
   1.2532289822973772            2.0887149704956292           0.52217874262390729     
   1.2532289822973772            2.0887149704956292           0.69623832349854309     
   1.2532289822973772            2.0887149704956292           0.87029790437317889     
   1.2532289822973772            2.0887149704956292            1.0443574852478146     
   1.2532289822973772            2.0887149704956292            1.2184170661224505     
   1.2532289822973772            2.0887149704956292            1.3924766469970862     
   1.2532289822973772            2.0887149704956292            1.5665362278717216     
   1.2532289822973772            2.0887149704956292            1.7405958087463578     
   1.2532289822973772            2.0887149704956292            1.9146553896209932     
   1.2532289822973772            2.0887149704956292            2.0887149704956292     
   1.2532289822973772            2.0887149704956292            2.2627745513702648     
   1.2532289822973772            2.0887149704956292            2.4368341322449010     
   1.2532289822973772            2.0887149704956292            2.6108937131195367     
   1.2532289822973772            2.0887149704956292            2.7849532939941724     
   1.2532289822973772            2.0887149704956292            2.9590128748688080     
   1.2532289822973772            2.0887149704956292            3.1330724557434433     
   1.2532289822973772            2.2279626351953374            0.0000000000000000     
   1.2532289822973772            2.2279626351953374           0.17405958087463577     
   1.2532289822973772            2.2279626351953374           0.34811916174927154     
   1.2532289822973772            2.2279626351953374           0.52217874262390729     
   1.2532289822973772            2.2279626351953374           0.69623832349854309     
   1.2532289822973772            2.2279626351953374           0.87029790437317889     
   1.2532289822973772            2.2279626351953374            1.0443574852478146     
   1.2532289822973772            2.2279626351953374            1.2184170661224505     
   1.2532289822973772            2.2279626351953374            1.3924766469970862     
   1.2532289822973772            2.2279626351953374            1.5665362278717216     
   1.2532289822973772            2.2279626351953374            1.7405958087463578     
   1.2532289822973772            2.2279626351953374            1.9146553896209932     
   1.2532289822973772            2.2279626351953374            2.0887149704956292     
   1.2532289822973772            2.2279626351953374            2.2627745513702648     
   1.2532289822973772            2.2279626351953374            2.4368341322449010     
   1.2532289822973772            2.2279626351953374            2.6108937131195367     
   1.2532289822973772            2.2279626351953374            2.7849532939941724     
   1.2532289822973772            2.2279626351953374            2.9590128748688080     
   1.2532289822973772            2.2279626351953374            3.1330724557434433     
   1.2532289822973772            2.3672102998950462            0.0000000000000000     
   1.2532289822973772            2.3672102998950462           0.17405958087463577     
   1.2532289822973772            2.3672102998950462           0.34811916174927154     
   1.2532289822973772            2.3672102998950462           0.52217874262390729     
   1.2532289822973772            2.3672102998950462           0.69623832349854309     
   1.2532289822973772            2.3672102998950462           0.87029790437317889     
   1.2532289822973772            2.3672102998950462            1.0443574852478146     
   1.2532289822973772            2.3672102998950462            1.2184170661224505     
   1.2532289822973772            2.3672102998950462            1.3924766469970862     
   1.2532289822973772            2.3672102998950462            1.5665362278717216     
   1.2532289822973772            2.3672102998950462            1.7405958087463578     
   1.2532289822973772            2.3672102998950462            1.9146553896209932     
   1.2532289822973772            2.3672102998950462            2.0887149704956292     
   1.2532289822973772            2.3672102998950462            2.2627745513702648     
   1.2532289822973772            2.3672102998950462            2.4368341322449010     
   1.2532289822973772            2.3672102998950462            2.6108937131195367     
   1.2532289822973772            2.3672102998950462            2.7849532939941724     
   1.2532289822973772            2.3672102998950462            2.9590128748688080     
   1.2532289822973772            2.3672102998950462            3.1330724557434433     
   1.2532289822973772            2.5064579645947545            0.0000000000000000     
   1.2532289822973772            2.5064579645947545           0.17405958087463577     
   1.2532289822973772            2.5064579645947545           0.34811916174927154     
   1.2532289822973772            2.5064579645947545           0.52217874262390729     
   1.2532289822973772            2.5064579645947545           0.69623832349854309     
   1.2532289822973772            2.5064579645947545           0.87029790437317889     
   1.2532289822973772            2.5064579645947545            1.0443574852478146     
   1.2532289822973772            2.5064579645947545            1.2184170661224505     
   1.2532289822973772            2.5064579645947545            1.3924766469970862     
   1.2532289822973772            2.5064579645947545            1.5665362278717216     
   1.2532289822973772            2.5064579645947545            1.7405958087463578     
   1.2532289822973772            2.5064579645947545            1.9146553896209932     
   1.2532289822973772            2.5064579645947545            2.0887149704956292     
   1.2532289822973772            2.5064579645947545            2.2627745513702648     
   1.2532289822973772            2.5064579645947545            2.4368341322449010     
   1.2532289822973772            2.5064579645947545            2.6108937131195367     
   1.2532289822973772            2.5064579645947545            2.7849532939941724     
   1.2532289822973772            2.5064579645947545            2.9590128748688080     
   1.2532289822973772            2.5064579645947545            3.1330724557434433     
   1.3924766469970860            0.0000000000000000            0.0000000000000000     
   1.3924766469970860            0.0000000000000000           0.17405958087463577     
   1.3924766469970860            0.0000000000000000           0.34811916174927154     
   1.3924766469970860            0.0000000000000000           0.52217874262390729     
   1.3924766469970860            0.0000000000000000           0.69623832349854309     
   1.3924766469970860            0.0000000000000000           0.87029790437317889     
   1.3924766469970860            0.0000000000000000            1.0443574852478146     
   1.3924766469970860            0.0000000000000000            1.2184170661224505     
   1.3924766469970860            0.0000000000000000            1.3924766469970862     
   1.3924766469970860            0.0000000000000000            1.5665362278717216     
   1.3924766469970860            0.0000000000000000            1.7405958087463578     
   1.3924766469970860            0.0000000000000000            1.9146553896209932     
   1.3924766469970860            0.0000000000000000            2.0887149704956292     
   1.3924766469970860            0.0000000000000000            2.2627745513702648     
   1.3924766469970860            0.0000000000000000            2.4368341322449010     
   1.3924766469970860            0.0000000000000000            2.6108937131195367     
   1.3924766469970860            0.0000000000000000            2.7849532939941724     
   1.3924766469970860            0.0000000000000000            2.9590128748688080     
   1.3924766469970860            0.0000000000000000            3.1330724557434433     
   1.3924766469970860           0.13924766469970859            0.0000000000000000     
   1.3924766469970860           0.13924766469970859           0.17405958087463577     
   1.3924766469970860           0.13924766469970859           0.34811916174927154     
   1.3924766469970860           0.13924766469970859           0.52217874262390729     
   1.3924766469970860           0.13924766469970859           0.69623832349854309     
   1.3924766469970860           0.13924766469970859           0.87029790437317889     
   1.3924766469970860           0.13924766469970859            1.0443574852478146     
   1.3924766469970860           0.13924766469970859            1.2184170661224505     
   1.3924766469970860           0.13924766469970859            1.3924766469970862     
   1.3924766469970860           0.13924766469970859            1.5665362278717216     
   1.3924766469970860           0.13924766469970859            1.7405958087463578     
   1.3924766469970860           0.13924766469970859            1.9146553896209932     
   1.3924766469970860           0.13924766469970859            2.0887149704956292     
   1.3924766469970860           0.13924766469970859            2.2627745513702648     
   1.3924766469970860           0.13924766469970859            2.4368341322449010     
   1.3924766469970860           0.13924766469970859            2.6108937131195367     
   1.3924766469970860           0.13924766469970859            2.7849532939941724     
   1.3924766469970860           0.13924766469970859            2.9590128748688080     
   1.3924766469970860           0.13924766469970859            3.1330724557434433     
   1.3924766469970860           0.27849532939941718            0.0000000000000000     
   1.3924766469970860           0.27849532939941718           0.17405958087463577     
   1.3924766469970860           0.27849532939941718           0.34811916174927154     
   1.3924766469970860           0.27849532939941718           0.52217874262390729     
   1.3924766469970860           0.27849532939941718           0.69623832349854309     
   1.3924766469970860           0.27849532939941718           0.87029790437317889     
   1.3924766469970860           0.27849532939941718            1.0443574852478146     
   1.3924766469970860           0.27849532939941718            1.2184170661224505     
   1.3924766469970860           0.27849532939941718            1.3924766469970862     
   1.3924766469970860           0.27849532939941718            1.5665362278717216     
   1.3924766469970860           0.27849532939941718            1.7405958087463578     
   1.3924766469970860           0.27849532939941718            1.9146553896209932     
   1.3924766469970860           0.27849532939941718            2.0887149704956292     
   1.3924766469970860           0.27849532939941718            2.2627745513702648     
   1.3924766469970860           0.27849532939941718            2.4368341322449010     
   1.3924766469970860           0.27849532939941718            2.6108937131195367     
   1.3924766469970860           0.27849532939941718            2.7849532939941724     
   1.3924766469970860           0.27849532939941718            2.9590128748688080     
   1.3924766469970860           0.27849532939941718            3.1330724557434433     
   1.3924766469970860           0.41774299409912580            0.0000000000000000     
   1.3924766469970860           0.41774299409912580           0.17405958087463577     
   1.3924766469970860           0.41774299409912580           0.34811916174927154     
   1.3924766469970860           0.41774299409912580           0.52217874262390729     
   1.3924766469970860           0.41774299409912580           0.69623832349854309     
   1.3924766469970860           0.41774299409912580           0.87029790437317889     
   1.3924766469970860           0.41774299409912580            1.0443574852478146     
   1.3924766469970860           0.41774299409912580            1.2184170661224505     
   1.3924766469970860           0.41774299409912580            1.3924766469970862     
   1.3924766469970860           0.41774299409912580            1.5665362278717216     
   1.3924766469970860           0.41774299409912580            1.7405958087463578     
   1.3924766469970860           0.41774299409912580            1.9146553896209932     
   1.3924766469970860           0.41774299409912580            2.0887149704956292     
   1.3924766469970860           0.41774299409912580            2.2627745513702648     
   1.3924766469970860           0.41774299409912580            2.4368341322449010     
   1.3924766469970860           0.41774299409912580            2.6108937131195367     
   1.3924766469970860           0.41774299409912580            2.7849532939941724     
   1.3924766469970860           0.41774299409912580            2.9590128748688080     
   1.3924766469970860           0.41774299409912580            3.1330724557434433     
   1.3924766469970860           0.55699065879883436            0.0000000000000000     
   1.3924766469970860           0.55699065879883436           0.17405958087463577     
   1.3924766469970860           0.55699065879883436           0.34811916174927154     
   1.3924766469970860           0.55699065879883436           0.52217874262390729     
   1.3924766469970860           0.55699065879883436           0.69623832349854309     
   1.3924766469970860           0.55699065879883436           0.87029790437317889     
   1.3924766469970860           0.55699065879883436            1.0443574852478146     
   1.3924766469970860           0.55699065879883436            1.2184170661224505     
   1.3924766469970860           0.55699065879883436            1.3924766469970862     
   1.3924766469970860           0.55699065879883436            1.5665362278717216     
   1.3924766469970860           0.55699065879883436            1.7405958087463578     
   1.3924766469970860           0.55699065879883436            1.9146553896209932     
   1.3924766469970860           0.55699065879883436            2.0887149704956292     
   1.3924766469970860           0.55699065879883436            2.2627745513702648     
   1.3924766469970860           0.55699065879883436            2.4368341322449010     
   1.3924766469970860           0.55699065879883436            2.6108937131195367     
   1.3924766469970860           0.55699065879883436            2.7849532939941724     
   1.3924766469970860           0.55699065879883436            2.9590128748688080     
   1.3924766469970860           0.55699065879883436            3.1330724557434433     
   1.3924766469970860           0.69623832349854298            0.0000000000000000     
   1.3924766469970860           0.69623832349854298           0.17405958087463577     
   1.3924766469970860           0.69623832349854298           0.34811916174927154     
   1.3924766469970860           0.69623832349854298           0.52217874262390729     
   1.3924766469970860           0.69623832349854298           0.69623832349854309     
   1.3924766469970860           0.69623832349854298           0.87029790437317889     
   1.3924766469970860           0.69623832349854298            1.0443574852478146     
   1.3924766469970860           0.69623832349854298            1.2184170661224505     
   1.3924766469970860           0.69623832349854298            1.3924766469970862     
   1.3924766469970860           0.69623832349854298            1.5665362278717216     
   1.3924766469970860           0.69623832349854298            1.7405958087463578     
   1.3924766469970860           0.69623832349854298            1.9146553896209932     
   1.3924766469970860           0.69623832349854298            2.0887149704956292     
   1.3924766469970860           0.69623832349854298            2.2627745513702648     
   1.3924766469970860           0.69623832349854298            2.4368341322449010     
   1.3924766469970860           0.69623832349854298            2.6108937131195367     
   1.3924766469970860           0.69623832349854298            2.7849532939941724     
   1.3924766469970860           0.69623832349854298            2.9590128748688080     
   1.3924766469970860           0.69623832349854298            3.1330724557434433     
   1.3924766469970860           0.83548598819825159            0.0000000000000000     
   1.3924766469970860           0.83548598819825159           0.17405958087463577     
   1.3924766469970860           0.83548598819825159           0.34811916174927154     
   1.3924766469970860           0.83548598819825159           0.52217874262390729     
   1.3924766469970860           0.83548598819825159           0.69623832349854309     
   1.3924766469970860           0.83548598819825159           0.87029790437317889     
   1.3924766469970860           0.83548598819825159            1.0443574852478146     
   1.3924766469970860           0.83548598819825159            1.2184170661224505     
   1.3924766469970860           0.83548598819825159            1.3924766469970862     
   1.3924766469970860           0.83548598819825159            1.5665362278717216     
   1.3924766469970860           0.83548598819825159            1.7405958087463578     
   1.3924766469970860           0.83548598819825159            1.9146553896209932     
   1.3924766469970860           0.83548598819825159            2.0887149704956292     
   1.3924766469970860           0.83548598819825159            2.2627745513702648     
   1.3924766469970860           0.83548598819825159            2.4368341322449010     
   1.3924766469970860           0.83548598819825159            2.6108937131195367     
   1.3924766469970860           0.83548598819825159            2.7849532939941724     
   1.3924766469970860           0.83548598819825159            2.9590128748688080     
   1.3924766469970860           0.83548598819825159            3.1330724557434433     
   1.3924766469970860           0.97473365289796032            0.0000000000000000     
   1.3924766469970860           0.97473365289796032           0.17405958087463577     
   1.3924766469970860           0.97473365289796032           0.34811916174927154     
   1.3924766469970860           0.97473365289796032           0.52217874262390729     
   1.3924766469970860           0.97473365289796032           0.69623832349854309     
   1.3924766469970860           0.97473365289796032           0.87029790437317889     
   1.3924766469970860           0.97473365289796032            1.0443574852478146     
   1.3924766469970860           0.97473365289796032            1.2184170661224505     
   1.3924766469970860           0.97473365289796032            1.3924766469970862     
   1.3924766469970860           0.97473365289796032            1.5665362278717216     
   1.3924766469970860           0.97473365289796032            1.7405958087463578     
   1.3924766469970860           0.97473365289796032            1.9146553896209932     
   1.3924766469970860           0.97473365289796032            2.0887149704956292     
   1.3924766469970860           0.97473365289796032            2.2627745513702648     
   1.3924766469970860           0.97473365289796032            2.4368341322449010     
   1.3924766469970860           0.97473365289796032            2.6108937131195367     
   1.3924766469970860           0.97473365289796032            2.7849532939941724     
   1.3924766469970860           0.97473365289796032            2.9590128748688080     
   1.3924766469970860           0.97473365289796032            3.1330724557434433     
   1.3924766469970860            1.1139813175976687            0.0000000000000000     
   1.3924766469970860            1.1139813175976687           0.17405958087463577     
   1.3924766469970860            1.1139813175976687           0.34811916174927154     
   1.3924766469970860            1.1139813175976687           0.52217874262390729     
   1.3924766469970860            1.1139813175976687           0.69623832349854309     
   1.3924766469970860            1.1139813175976687           0.87029790437317889     
   1.3924766469970860            1.1139813175976687            1.0443574852478146     
   1.3924766469970860            1.1139813175976687            1.2184170661224505     
   1.3924766469970860            1.1139813175976687            1.3924766469970862     
   1.3924766469970860            1.1139813175976687            1.5665362278717216     
   1.3924766469970860            1.1139813175976687            1.7405958087463578     
   1.3924766469970860            1.1139813175976687            1.9146553896209932     
   1.3924766469970860            1.1139813175976687            2.0887149704956292     
   1.3924766469970860            1.1139813175976687            2.2627745513702648     
   1.3924766469970860            1.1139813175976687            2.4368341322449010     
   1.3924766469970860            1.1139813175976687            2.6108937131195367     
   1.3924766469970860            1.1139813175976687            2.7849532939941724     
   1.3924766469970860            1.1139813175976687            2.9590128748688080     
   1.3924766469970860            1.1139813175976687            3.1330724557434433     
   1.3924766469970860            1.2532289822973772            0.0000000000000000     
   1.3924766469970860            1.2532289822973772           0.17405958087463577     
   1.3924766469970860            1.2532289822973772           0.34811916174927154     
   1.3924766469970860            1.2532289822973772           0.52217874262390729     
   1.3924766469970860            1.2532289822973772           0.69623832349854309     
   1.3924766469970860            1.2532289822973772           0.87029790437317889     
   1.3924766469970860            1.2532289822973772            1.0443574852478146     
   1.3924766469970860            1.2532289822973772            1.2184170661224505     
   1.3924766469970860            1.2532289822973772            1.3924766469970862     
   1.3924766469970860            1.2532289822973772            1.5665362278717216     
   1.3924766469970860            1.2532289822973772            1.7405958087463578     
   1.3924766469970860            1.2532289822973772            1.9146553896209932     
   1.3924766469970860            1.2532289822973772            2.0887149704956292     
   1.3924766469970860            1.2532289822973772            2.2627745513702648     
   1.3924766469970860            1.2532289822973772            2.4368341322449010     
   1.3924766469970860            1.2532289822973772            2.6108937131195367     
   1.3924766469970860            1.2532289822973772            2.7849532939941724     
   1.3924766469970860            1.2532289822973772            2.9590128748688080     
   1.3924766469970860            1.2532289822973772            3.1330724557434433     
   1.3924766469970860            1.3924766469970860            0.0000000000000000     
   1.3924766469970860            1.3924766469970860           0.17405958087463577     
   1.3924766469970860            1.3924766469970860           0.34811916174927154     
   1.3924766469970860            1.3924766469970860           0.52217874262390729     
   1.3924766469970860            1.3924766469970860           0.69623832349854309     
   1.3924766469970860            1.3924766469970860           0.87029790437317889     
   1.3924766469970860            1.3924766469970860            1.0443574852478146     
   1.3924766469970860            1.3924766469970860            1.2184170661224505     
   1.3924766469970860            1.3924766469970860            1.3924766469970862     
   1.3924766469970860            1.3924766469970860            1.5665362278717216     
   1.3924766469970860            1.3924766469970860            1.7405958087463578     
   1.3924766469970860            1.3924766469970860            1.9146553896209932     
   1.3924766469970860            1.3924766469970860            2.0887149704956292     
   1.3924766469970860            1.3924766469970860            2.2627745513702648     
   1.3924766469970860            1.3924766469970860            2.4368341322449010     
   1.3924766469970860            1.3924766469970860            2.6108937131195367     
   1.3924766469970860            1.3924766469970860            2.7849532939941724     
   1.3924766469970860            1.3924766469970860            2.9590128748688080     
   1.3924766469970860            1.3924766469970860            3.1330724557434433     
   1.3924766469970860            1.5317243116967947            0.0000000000000000     
   1.3924766469970860            1.5317243116967947           0.17405958087463577     
   1.3924766469970860            1.5317243116967947           0.34811916174927154     
   1.3924766469970860            1.5317243116967947           0.52217874262390729     
   1.3924766469970860            1.5317243116967947           0.69623832349854309     
   1.3924766469970860            1.5317243116967947           0.87029790437317889     
   1.3924766469970860            1.5317243116967947            1.0443574852478146     
   1.3924766469970860            1.5317243116967947            1.2184170661224505     
   1.3924766469970860            1.5317243116967947            1.3924766469970862     
   1.3924766469970860            1.5317243116967947            1.5665362278717216     
   1.3924766469970860            1.5317243116967947            1.7405958087463578     
   1.3924766469970860            1.5317243116967947            1.9146553896209932     
   1.3924766469970860            1.5317243116967947            2.0887149704956292     
   1.3924766469970860            1.5317243116967947            2.2627745513702648     
   1.3924766469970860            1.5317243116967947            2.4368341322449010     
   1.3924766469970860            1.5317243116967947            2.6108937131195367     
   1.3924766469970860            1.5317243116967947            2.7849532939941724     
   1.3924766469970860            1.5317243116967947            2.9590128748688080     
   1.3924766469970860            1.5317243116967947            3.1330724557434433     
   1.3924766469970860            1.6709719763965032            0.0000000000000000     
   1.3924766469970860            1.6709719763965032           0.17405958087463577     
   1.3924766469970860            1.6709719763965032           0.34811916174927154     
   1.3924766469970860            1.6709719763965032           0.52217874262390729     
   1.3924766469970860            1.6709719763965032           0.69623832349854309     
   1.3924766469970860            1.6709719763965032           0.87029790437317889     
   1.3924766469970860            1.6709719763965032            1.0443574852478146     
   1.3924766469970860            1.6709719763965032            1.2184170661224505     
   1.3924766469970860            1.6709719763965032            1.3924766469970862     
   1.3924766469970860            1.6709719763965032            1.5665362278717216     
   1.3924766469970860            1.6709719763965032            1.7405958087463578     
   1.3924766469970860            1.6709719763965032            1.9146553896209932     
   1.3924766469970860            1.6709719763965032            2.0887149704956292     
   1.3924766469970860            1.6709719763965032            2.2627745513702648     
   1.3924766469970860            1.6709719763965032            2.4368341322449010     
   1.3924766469970860            1.6709719763965032            2.6108937131195367     
   1.3924766469970860            1.6709719763965032            2.7849532939941724     
   1.3924766469970860            1.6709719763965032            2.9590128748688080     
   1.3924766469970860            1.6709719763965032            3.1330724557434433     
   1.3924766469970860            1.8102196410962119            0.0000000000000000     
   1.3924766469970860            1.8102196410962119           0.17405958087463577     
   1.3924766469970860            1.8102196410962119           0.34811916174927154     
   1.3924766469970860            1.8102196410962119           0.52217874262390729     
   1.3924766469970860            1.8102196410962119           0.69623832349854309     
   1.3924766469970860            1.8102196410962119           0.87029790437317889     
   1.3924766469970860            1.8102196410962119            1.0443574852478146     
   1.3924766469970860            1.8102196410962119            1.2184170661224505     
   1.3924766469970860            1.8102196410962119            1.3924766469970862     
   1.3924766469970860            1.8102196410962119            1.5665362278717216     
   1.3924766469970860            1.8102196410962119            1.7405958087463578     
   1.3924766469970860            1.8102196410962119            1.9146553896209932     
   1.3924766469970860            1.8102196410962119            2.0887149704956292     
   1.3924766469970860            1.8102196410962119            2.2627745513702648     
   1.3924766469970860            1.8102196410962119            2.4368341322449010     
   1.3924766469970860            1.8102196410962119            2.6108937131195367     
   1.3924766469970860            1.8102196410962119            2.7849532939941724     
   1.3924766469970860            1.8102196410962119            2.9590128748688080     
   1.3924766469970860            1.8102196410962119            3.1330724557434433     
   1.3924766469970860            1.9494673057959206            0.0000000000000000     
   1.3924766469970860            1.9494673057959206           0.17405958087463577     
   1.3924766469970860            1.9494673057959206           0.34811916174927154     
   1.3924766469970860            1.9494673057959206           0.52217874262390729     
   1.3924766469970860            1.9494673057959206           0.69623832349854309     
   1.3924766469970860            1.9494673057959206           0.87029790437317889     
   1.3924766469970860            1.9494673057959206            1.0443574852478146     
   1.3924766469970860            1.9494673057959206            1.2184170661224505     
   1.3924766469970860            1.9494673057959206            1.3924766469970862     
   1.3924766469970860            1.9494673057959206            1.5665362278717216     
   1.3924766469970860            1.9494673057959206            1.7405958087463578     
   1.3924766469970860            1.9494673057959206            1.9146553896209932     
   1.3924766469970860            1.9494673057959206            2.0887149704956292     
   1.3924766469970860            1.9494673057959206            2.2627745513702648     
   1.3924766469970860            1.9494673057959206            2.4368341322449010     
   1.3924766469970860            1.9494673057959206            2.6108937131195367     
   1.3924766469970860            1.9494673057959206            2.7849532939941724     
   1.3924766469970860            1.9494673057959206            2.9590128748688080     
   1.3924766469970860            1.9494673057959206            3.1330724557434433     
   1.3924766469970860            2.0887149704956292            0.0000000000000000     
   1.3924766469970860            2.0887149704956292           0.17405958087463577     
   1.3924766469970860            2.0887149704956292           0.34811916174927154     
   1.3924766469970860            2.0887149704956292           0.52217874262390729     
   1.3924766469970860            2.0887149704956292           0.69623832349854309     
   1.3924766469970860            2.0887149704956292           0.87029790437317889     
   1.3924766469970860            2.0887149704956292            1.0443574852478146     
   1.3924766469970860            2.0887149704956292            1.2184170661224505     
   1.3924766469970860            2.0887149704956292            1.3924766469970862     
   1.3924766469970860            2.0887149704956292            1.5665362278717216     
   1.3924766469970860            2.0887149704956292            1.7405958087463578     
   1.3924766469970860            2.0887149704956292            1.9146553896209932     
   1.3924766469970860            2.0887149704956292            2.0887149704956292     
   1.3924766469970860            2.0887149704956292            2.2627745513702648     
   1.3924766469970860            2.0887149704956292            2.4368341322449010     
   1.3924766469970860            2.0887149704956292            2.6108937131195367     
   1.3924766469970860            2.0887149704956292            2.7849532939941724     
   1.3924766469970860            2.0887149704956292            2.9590128748688080     
   1.3924766469970860            2.0887149704956292            3.1330724557434433     
   1.3924766469970860            2.2279626351953374            0.0000000000000000     
   1.3924766469970860            2.2279626351953374           0.17405958087463577     
   1.3924766469970860            2.2279626351953374           0.34811916174927154     
   1.3924766469970860            2.2279626351953374           0.52217874262390729     
   1.3924766469970860            2.2279626351953374           0.69623832349854309     
   1.3924766469970860            2.2279626351953374           0.87029790437317889     
   1.3924766469970860            2.2279626351953374            1.0443574852478146     
   1.3924766469970860            2.2279626351953374            1.2184170661224505     
   1.3924766469970860            2.2279626351953374            1.3924766469970862     
   1.3924766469970860            2.2279626351953374            1.5665362278717216     
   1.3924766469970860            2.2279626351953374            1.7405958087463578     
   1.3924766469970860            2.2279626351953374            1.9146553896209932     
   1.3924766469970860            2.2279626351953374            2.0887149704956292     
   1.3924766469970860            2.2279626351953374            2.2627745513702648     
   1.3924766469970860            2.2279626351953374            2.4368341322449010     
   1.3924766469970860            2.2279626351953374            2.6108937131195367     
   1.3924766469970860            2.2279626351953374            2.7849532939941724     
   1.3924766469970860            2.2279626351953374            2.9590128748688080     
   1.3924766469970860            2.2279626351953374            3.1330724557434433     
   1.3924766469970860            2.3672102998950462            0.0000000000000000     
   1.3924766469970860            2.3672102998950462           0.17405958087463577     
   1.3924766469970860            2.3672102998950462           0.34811916174927154     
   1.3924766469970860            2.3672102998950462           0.52217874262390729     
   1.3924766469970860            2.3672102998950462           0.69623832349854309     
   1.3924766469970860            2.3672102998950462           0.87029790437317889     
   1.3924766469970860            2.3672102998950462            1.0443574852478146     
   1.3924766469970860            2.3672102998950462            1.2184170661224505     
   1.3924766469970860            2.3672102998950462            1.3924766469970862     
   1.3924766469970860            2.3672102998950462            1.5665362278717216     
   1.3924766469970860            2.3672102998950462            1.7405958087463578     
   1.3924766469970860            2.3672102998950462            1.9146553896209932     
   1.3924766469970860            2.3672102998950462            2.0887149704956292     
   1.3924766469970860            2.3672102998950462            2.2627745513702648     
   1.3924766469970860            2.3672102998950462            2.4368341322449010     
   1.3924766469970860            2.3672102998950462            2.6108937131195367     
   1.3924766469970860            2.3672102998950462            2.7849532939941724     
   1.3924766469970860            2.3672102998950462            2.9590128748688080     
   1.3924766469970860            2.3672102998950462            3.1330724557434433     
   1.3924766469970860            2.5064579645947545            0.0000000000000000     
   1.3924766469970860            2.5064579645947545           0.17405958087463577     
   1.3924766469970860            2.5064579645947545           0.34811916174927154     
   1.3924766469970860            2.5064579645947545           0.52217874262390729     
   1.3924766469970860            2.5064579645947545           0.69623832349854309     
   1.3924766469970860            2.5064579645947545           0.87029790437317889     
   1.3924766469970860            2.5064579645947545            1.0443574852478146     
   1.3924766469970860            2.5064579645947545            1.2184170661224505     
   1.3924766469970860            2.5064579645947545            1.3924766469970862     
   1.3924766469970860            2.5064579645947545            1.5665362278717216     
   1.3924766469970860            2.5064579645947545            1.7405958087463578     
   1.3924766469970860            2.5064579645947545            1.9146553896209932     
   1.3924766469970860            2.5064579645947545            2.0887149704956292     
   1.3924766469970860            2.5064579645947545            2.2627745513702648     
   1.3924766469970860            2.5064579645947545            2.4368341322449010     
   1.3924766469970860            2.5064579645947545            2.6108937131195367     
   1.3924766469970860            2.5064579645947545            2.7849532939941724     
   1.3924766469970860            2.5064579645947545            2.9590128748688080     
   1.3924766469970860            2.5064579645947545            3.1330724557434433     
   1.5317243116967947            0.0000000000000000            0.0000000000000000     
   1.5317243116967947            0.0000000000000000           0.17405958087463577     
   1.5317243116967947            0.0000000000000000           0.34811916174927154     
   1.5317243116967947            0.0000000000000000           0.52217874262390729     
   1.5317243116967947            0.0000000000000000           0.69623832349854309     
   1.5317243116967947            0.0000000000000000           0.87029790437317889     
   1.5317243116967947            0.0000000000000000            1.0443574852478146     
   1.5317243116967947            0.0000000000000000            1.2184170661224505     
   1.5317243116967947            0.0000000000000000            1.3924766469970862     
   1.5317243116967947            0.0000000000000000            1.5665362278717216     
   1.5317243116967947            0.0000000000000000            1.7405958087463578     
   1.5317243116967947            0.0000000000000000            1.9146553896209932     
   1.5317243116967947            0.0000000000000000            2.0887149704956292     
   1.5317243116967947            0.0000000000000000            2.2627745513702648     
   1.5317243116967947            0.0000000000000000            2.4368341322449010     
   1.5317243116967947            0.0000000000000000            2.6108937131195367     
   1.5317243116967947            0.0000000000000000            2.7849532939941724     
   1.5317243116967947            0.0000000000000000            2.9590128748688080     
   1.5317243116967947            0.0000000000000000            3.1330724557434433     
   1.5317243116967947           0.13924766469970859            0.0000000000000000     
   1.5317243116967947           0.13924766469970859           0.17405958087463577     
   1.5317243116967947           0.13924766469970859           0.34811916174927154     
   1.5317243116967947           0.13924766469970859           0.52217874262390729     
   1.5317243116967947           0.13924766469970859           0.69623832349854309     
   1.5317243116967947           0.13924766469970859           0.87029790437317889     
   1.5317243116967947           0.13924766469970859            1.0443574852478146     
   1.5317243116967947           0.13924766469970859            1.2184170661224505     
   1.5317243116967947           0.13924766469970859            1.3924766469970862     
   1.5317243116967947           0.13924766469970859            1.5665362278717216     
   1.5317243116967947           0.13924766469970859            1.7405958087463578     
   1.5317243116967947           0.13924766469970859            1.9146553896209932     
   1.5317243116967947           0.13924766469970859            2.0887149704956292     
   1.5317243116967947           0.13924766469970859            2.2627745513702648     
   1.5317243116967947           0.13924766469970859            2.4368341322449010     
   1.5317243116967947           0.13924766469970859            2.6108937131195367     
   1.5317243116967947           0.13924766469970859            2.7849532939941724     
   1.5317243116967947           0.13924766469970859            2.9590128748688080     
   1.5317243116967947           0.13924766469970859            3.1330724557434433     
   1.5317243116967947           0.27849532939941718            0.0000000000000000     
   1.5317243116967947           0.27849532939941718           0.17405958087463577     
   1.5317243116967947           0.27849532939941718           0.34811916174927154     
   1.5317243116967947           0.27849532939941718           0.52217874262390729     
   1.5317243116967947           0.27849532939941718           0.69623832349854309     
   1.5317243116967947           0.27849532939941718           0.87029790437317889     
   1.5317243116967947           0.27849532939941718            1.0443574852478146     
   1.5317243116967947           0.27849532939941718            1.2184170661224505     
   1.5317243116967947           0.27849532939941718            1.3924766469970862     
   1.5317243116967947           0.27849532939941718            1.5665362278717216     
   1.5317243116967947           0.27849532939941718            1.7405958087463578     
   1.5317243116967947           0.27849532939941718            1.9146553896209932     
   1.5317243116967947           0.27849532939941718            2.0887149704956292     
   1.5317243116967947           0.27849532939941718            2.2627745513702648     
   1.5317243116967947           0.27849532939941718            2.4368341322449010     
   1.5317243116967947           0.27849532939941718            2.6108937131195367     
   1.5317243116967947           0.27849532939941718            2.7849532939941724     
   1.5317243116967947           0.27849532939941718            2.9590128748688080     
   1.5317243116967947           0.27849532939941718            3.1330724557434433     
   1.5317243116967947           0.41774299409912580            0.0000000000000000     
   1.5317243116967947           0.41774299409912580           0.17405958087463577     
   1.5317243116967947           0.41774299409912580           0.34811916174927154     
   1.5317243116967947           0.41774299409912580           0.52217874262390729     
   1.5317243116967947           0.41774299409912580           0.69623832349854309     
   1.5317243116967947           0.41774299409912580           0.87029790437317889     
   1.5317243116967947           0.41774299409912580            1.0443574852478146     
   1.5317243116967947           0.41774299409912580            1.2184170661224505     
   1.5317243116967947           0.41774299409912580            1.3924766469970862     
   1.5317243116967947           0.41774299409912580            1.5665362278717216     
   1.5317243116967947           0.41774299409912580            1.7405958087463578     
   1.5317243116967947           0.41774299409912580            1.9146553896209932     
   1.5317243116967947           0.41774299409912580            2.0887149704956292     
   1.5317243116967947           0.41774299409912580            2.2627745513702648     
   1.5317243116967947           0.41774299409912580            2.4368341322449010     
   1.5317243116967947           0.41774299409912580            2.6108937131195367     
   1.5317243116967947           0.41774299409912580            2.7849532939941724     
   1.5317243116967947           0.41774299409912580            2.9590128748688080     
   1.5317243116967947           0.41774299409912580            3.1330724557434433     
   1.5317243116967947           0.55699065879883436            0.0000000000000000     
   1.5317243116967947           0.55699065879883436           0.17405958087463577     
   1.5317243116967947           0.55699065879883436           0.34811916174927154     
   1.5317243116967947           0.55699065879883436           0.52217874262390729     
   1.5317243116967947           0.55699065879883436           0.69623832349854309     
   1.5317243116967947           0.55699065879883436           0.87029790437317889     
   1.5317243116967947           0.55699065879883436            1.0443574852478146     
   1.5317243116967947           0.55699065879883436            1.2184170661224505     
   1.5317243116967947           0.55699065879883436            1.3924766469970862     
   1.5317243116967947           0.55699065879883436            1.5665362278717216     
   1.5317243116967947           0.55699065879883436            1.7405958087463578     
   1.5317243116967947           0.55699065879883436            1.9146553896209932     
   1.5317243116967947           0.55699065879883436            2.0887149704956292     
   1.5317243116967947           0.55699065879883436            2.2627745513702648     
   1.5317243116967947           0.55699065879883436            2.4368341322449010     
   1.5317243116967947           0.55699065879883436            2.6108937131195367     
   1.5317243116967947           0.55699065879883436            2.7849532939941724     
   1.5317243116967947           0.55699065879883436            2.9590128748688080     
   1.5317243116967947           0.55699065879883436            3.1330724557434433     
   1.5317243116967947           0.69623832349854298            0.0000000000000000     
   1.5317243116967947           0.69623832349854298           0.17405958087463577     
   1.5317243116967947           0.69623832349854298           0.34811916174927154     
   1.5317243116967947           0.69623832349854298           0.52217874262390729     
   1.5317243116967947           0.69623832349854298           0.69623832349854309     
   1.5317243116967947           0.69623832349854298           0.87029790437317889     
   1.5317243116967947           0.69623832349854298            1.0443574852478146     
   1.5317243116967947           0.69623832349854298            1.2184170661224505     
   1.5317243116967947           0.69623832349854298            1.3924766469970862     
   1.5317243116967947           0.69623832349854298            1.5665362278717216     
   1.5317243116967947           0.69623832349854298            1.7405958087463578     
   1.5317243116967947           0.69623832349854298            1.9146553896209932     
   1.5317243116967947           0.69623832349854298            2.0887149704956292     
   1.5317243116967947           0.69623832349854298            2.2627745513702648     
   1.5317243116967947           0.69623832349854298            2.4368341322449010     
   1.5317243116967947           0.69623832349854298            2.6108937131195367     
   1.5317243116967947           0.69623832349854298            2.7849532939941724     
   1.5317243116967947           0.69623832349854298            2.9590128748688080     
   1.5317243116967947           0.69623832349854298            3.1330724557434433     
   1.5317243116967947           0.83548598819825159            0.0000000000000000     
   1.5317243116967947           0.83548598819825159           0.17405958087463577     
   1.5317243116967947           0.83548598819825159           0.34811916174927154     
   1.5317243116967947           0.83548598819825159           0.52217874262390729     
   1.5317243116967947           0.83548598819825159           0.69623832349854309     
   1.5317243116967947           0.83548598819825159           0.87029790437317889     
   1.5317243116967947           0.83548598819825159            1.0443574852478146     
   1.5317243116967947           0.83548598819825159            1.2184170661224505     
   1.5317243116967947           0.83548598819825159            1.3924766469970862     
   1.5317243116967947           0.83548598819825159            1.5665362278717216     
   1.5317243116967947           0.83548598819825159            1.7405958087463578     
   1.5317243116967947           0.83548598819825159            1.9146553896209932     
   1.5317243116967947           0.83548598819825159            2.0887149704956292     
   1.5317243116967947           0.83548598819825159            2.2627745513702648     
   1.5317243116967947           0.83548598819825159            2.4368341322449010     
   1.5317243116967947           0.83548598819825159            2.6108937131195367     
   1.5317243116967947           0.83548598819825159            2.7849532939941724     
   1.5317243116967947           0.83548598819825159            2.9590128748688080     
   1.5317243116967947           0.83548598819825159            3.1330724557434433     
   1.5317243116967947           0.97473365289796032            0.0000000000000000     
   1.5317243116967947           0.97473365289796032           0.17405958087463577     
   1.5317243116967947           0.97473365289796032           0.34811916174927154     
   1.5317243116967947           0.97473365289796032           0.52217874262390729     
   1.5317243116967947           0.97473365289796032           0.69623832349854309     
   1.5317243116967947           0.97473365289796032           0.87029790437317889     
   1.5317243116967947           0.97473365289796032            1.0443574852478146     
   1.5317243116967947           0.97473365289796032            1.2184170661224505     
   1.5317243116967947           0.97473365289796032            1.3924766469970862     
   1.5317243116967947           0.97473365289796032            1.5665362278717216     
   1.5317243116967947           0.97473365289796032            1.7405958087463578     
   1.5317243116967947           0.97473365289796032            1.9146553896209932     
   1.5317243116967947           0.97473365289796032            2.0887149704956292     
   1.5317243116967947           0.97473365289796032            2.2627745513702648     
   1.5317243116967947           0.97473365289796032            2.4368341322449010     
   1.5317243116967947           0.97473365289796032            2.6108937131195367     
   1.5317243116967947           0.97473365289796032            2.7849532939941724     
   1.5317243116967947           0.97473365289796032            2.9590128748688080     
   1.5317243116967947           0.97473365289796032            3.1330724557434433     
   1.5317243116967947            1.1139813175976687            0.0000000000000000     
   1.5317243116967947            1.1139813175976687           0.17405958087463577     
   1.5317243116967947            1.1139813175976687           0.34811916174927154     
   1.5317243116967947            1.1139813175976687           0.52217874262390729     
   1.5317243116967947            1.1139813175976687           0.69623832349854309     
   1.5317243116967947            1.1139813175976687           0.87029790437317889     
   1.5317243116967947            1.1139813175976687            1.0443574852478146     
   1.5317243116967947            1.1139813175976687            1.2184170661224505     
   1.5317243116967947            1.1139813175976687            1.3924766469970862     
   1.5317243116967947            1.1139813175976687            1.5665362278717216     
   1.5317243116967947            1.1139813175976687            1.7405958087463578     
   1.5317243116967947            1.1139813175976687            1.9146553896209932     
   1.5317243116967947            1.1139813175976687            2.0887149704956292     
   1.5317243116967947            1.1139813175976687            2.2627745513702648     
   1.5317243116967947            1.1139813175976687            2.4368341322449010     
   1.5317243116967947            1.1139813175976687            2.6108937131195367     
   1.5317243116967947            1.1139813175976687            2.7849532939941724     
   1.5317243116967947            1.1139813175976687            2.9590128748688080     
   1.5317243116967947            1.1139813175976687            3.1330724557434433     
   1.5317243116967947            1.2532289822973772            0.0000000000000000     
   1.5317243116967947            1.2532289822973772           0.17405958087463577     
   1.5317243116967947            1.2532289822973772           0.34811916174927154     
   1.5317243116967947            1.2532289822973772           0.52217874262390729     
   1.5317243116967947            1.2532289822973772           0.69623832349854309     
   1.5317243116967947            1.2532289822973772           0.87029790437317889     
   1.5317243116967947            1.2532289822973772            1.0443574852478146     
   1.5317243116967947            1.2532289822973772            1.2184170661224505     
   1.5317243116967947            1.2532289822973772            1.3924766469970862     
   1.5317243116967947            1.2532289822973772            1.5665362278717216     
   1.5317243116967947            1.2532289822973772            1.7405958087463578     
   1.5317243116967947            1.2532289822973772            1.9146553896209932     
   1.5317243116967947            1.2532289822973772            2.0887149704956292     
   1.5317243116967947            1.2532289822973772            2.2627745513702648     
   1.5317243116967947            1.2532289822973772            2.4368341322449010     
   1.5317243116967947            1.2532289822973772            2.6108937131195367     
   1.5317243116967947            1.2532289822973772            2.7849532939941724     
   1.5317243116967947            1.2532289822973772            2.9590128748688080     
   1.5317243116967947            1.2532289822973772            3.1330724557434433     
   1.5317243116967947            1.3924766469970860            0.0000000000000000     
   1.5317243116967947            1.3924766469970860           0.17405958087463577     
   1.5317243116967947            1.3924766469970860           0.34811916174927154     
   1.5317243116967947            1.3924766469970860           0.52217874262390729     
   1.5317243116967947            1.3924766469970860           0.69623832349854309     
   1.5317243116967947            1.3924766469970860           0.87029790437317889     
   1.5317243116967947            1.3924766469970860            1.0443574852478146     
   1.5317243116967947            1.3924766469970860            1.2184170661224505     
   1.5317243116967947            1.3924766469970860            1.3924766469970862     
   1.5317243116967947            1.3924766469970860            1.5665362278717216     
   1.5317243116967947            1.3924766469970860            1.7405958087463578     
   1.5317243116967947            1.3924766469970860            1.9146553896209932     
   1.5317243116967947            1.3924766469970860            2.0887149704956292     
   1.5317243116967947            1.3924766469970860            2.2627745513702648     
   1.5317243116967947            1.3924766469970860            2.4368341322449010     
   1.5317243116967947            1.3924766469970860            2.6108937131195367     
   1.5317243116967947            1.3924766469970860            2.7849532939941724     
   1.5317243116967947            1.3924766469970860            2.9590128748688080     
   1.5317243116967947            1.3924766469970860            3.1330724557434433     
   1.5317243116967947            1.5317243116967947            0.0000000000000000     
   1.5317243116967947            1.5317243116967947           0.17405958087463577     
   1.5317243116967947            1.5317243116967947           0.34811916174927154     
   1.5317243116967947            1.5317243116967947           0.52217874262390729     
   1.5317243116967947            1.5317243116967947           0.69623832349854309     
   1.5317243116967947            1.5317243116967947           0.87029790437317889     
   1.5317243116967947            1.5317243116967947            1.0443574852478146     
   1.5317243116967947            1.5317243116967947            1.2184170661224505     
   1.5317243116967947            1.5317243116967947            1.3924766469970862     
   1.5317243116967947            1.5317243116967947            1.5665362278717216     
   1.5317243116967947            1.5317243116967947            1.7405958087463578     
   1.5317243116967947            1.5317243116967947            1.9146553896209932     
   1.5317243116967947            1.5317243116967947            2.0887149704956292     
   1.5317243116967947            1.5317243116967947            2.2627745513702648     
   1.5317243116967947            1.5317243116967947            2.4368341322449010     
   1.5317243116967947            1.5317243116967947            2.6108937131195367     
   1.5317243116967947            1.5317243116967947            2.7849532939941724     
   1.5317243116967947            1.5317243116967947            2.9590128748688080     
   1.5317243116967947            1.5317243116967947            3.1330724557434433     
   1.5317243116967947            1.6709719763965032            0.0000000000000000     
   1.5317243116967947            1.6709719763965032           0.17405958087463577     
   1.5317243116967947            1.6709719763965032           0.34811916174927154     
   1.5317243116967947            1.6709719763965032           0.52217874262390729     
   1.5317243116967947            1.6709719763965032           0.69623832349854309     
   1.5317243116967947            1.6709719763965032           0.87029790437317889     
   1.5317243116967947            1.6709719763965032            1.0443574852478146     
   1.5317243116967947            1.6709719763965032            1.2184170661224505     
   1.5317243116967947            1.6709719763965032            1.3924766469970862     
   1.5317243116967947            1.6709719763965032            1.5665362278717216     
   1.5317243116967947            1.6709719763965032            1.7405958087463578     
   1.5317243116967947            1.6709719763965032            1.9146553896209932     
   1.5317243116967947            1.6709719763965032            2.0887149704956292     
   1.5317243116967947            1.6709719763965032            2.2627745513702648     
   1.5317243116967947            1.6709719763965032            2.4368341322449010     
   1.5317243116967947            1.6709719763965032            2.6108937131195367     
   1.5317243116967947            1.6709719763965032            2.7849532939941724     
   1.5317243116967947            1.6709719763965032            2.9590128748688080     
   1.5317243116967947            1.6709719763965032            3.1330724557434433     
   1.5317243116967947            1.8102196410962119            0.0000000000000000     
   1.5317243116967947            1.8102196410962119           0.17405958087463577     
   1.5317243116967947            1.8102196410962119           0.34811916174927154     
   1.5317243116967947            1.8102196410962119           0.52217874262390729     
   1.5317243116967947            1.8102196410962119           0.69623832349854309     
   1.5317243116967947            1.8102196410962119           0.87029790437317889     
   1.5317243116967947            1.8102196410962119            1.0443574852478146     
   1.5317243116967947            1.8102196410962119            1.2184170661224505     
   1.5317243116967947            1.8102196410962119            1.3924766469970862     
   1.5317243116967947            1.8102196410962119            1.5665362278717216     
   1.5317243116967947            1.8102196410962119            1.7405958087463578     
   1.5317243116967947            1.8102196410962119            1.9146553896209932     
   1.5317243116967947            1.8102196410962119            2.0887149704956292     
   1.5317243116967947            1.8102196410962119            2.2627745513702648     
   1.5317243116967947            1.8102196410962119            2.4368341322449010     
   1.5317243116967947            1.8102196410962119            2.6108937131195367     
   1.5317243116967947            1.8102196410962119            2.7849532939941724     
   1.5317243116967947            1.8102196410962119            2.9590128748688080     
   1.5317243116967947            1.8102196410962119            3.1330724557434433     
   1.5317243116967947            1.9494673057959206            0.0000000000000000     
   1.5317243116967947            1.9494673057959206           0.17405958087463577     
   1.5317243116967947            1.9494673057959206           0.34811916174927154     
   1.5317243116967947            1.9494673057959206           0.52217874262390729     
   1.5317243116967947            1.9494673057959206           0.69623832349854309     
   1.5317243116967947            1.9494673057959206           0.87029790437317889     
   1.5317243116967947            1.9494673057959206            1.0443574852478146     
   1.5317243116967947            1.9494673057959206            1.2184170661224505     
   1.5317243116967947            1.9494673057959206            1.3924766469970862     
   1.5317243116967947            1.9494673057959206            1.5665362278717216     
   1.5317243116967947            1.9494673057959206            1.7405958087463578     
   1.5317243116967947            1.9494673057959206            1.9146553896209932     
   1.5317243116967947            1.9494673057959206            2.0887149704956292     
   1.5317243116967947            1.9494673057959206            2.2627745513702648     
   1.5317243116967947            1.9494673057959206            2.4368341322449010     
   1.5317243116967947            1.9494673057959206            2.6108937131195367     
   1.5317243116967947            1.9494673057959206            2.7849532939941724     
   1.5317243116967947            1.9494673057959206            2.9590128748688080     
   1.5317243116967947            1.9494673057959206            3.1330724557434433     
   1.5317243116967947            2.0887149704956292            0.0000000000000000     
   1.5317243116967947            2.0887149704956292           0.17405958087463577     
   1.5317243116967947            2.0887149704956292           0.34811916174927154     
   1.5317243116967947            2.0887149704956292           0.52217874262390729     
   1.5317243116967947            2.0887149704956292           0.69623832349854309     
   1.5317243116967947            2.0887149704956292           0.87029790437317889     
   1.5317243116967947            2.0887149704956292            1.0443574852478146     
   1.5317243116967947            2.0887149704956292            1.2184170661224505     
   1.5317243116967947            2.0887149704956292            1.3924766469970862     
   1.5317243116967947            2.0887149704956292            1.5665362278717216     
   1.5317243116967947            2.0887149704956292            1.7405958087463578     
   1.5317243116967947            2.0887149704956292            1.9146553896209932     
   1.5317243116967947            2.0887149704956292            2.0887149704956292     
   1.5317243116967947            2.0887149704956292            2.2627745513702648     
   1.5317243116967947            2.0887149704956292            2.4368341322449010     
   1.5317243116967947            2.0887149704956292            2.6108937131195367     
   1.5317243116967947            2.0887149704956292            2.7849532939941724     
   1.5317243116967947            2.0887149704956292            2.9590128748688080     
   1.5317243116967947            2.0887149704956292            3.1330724557434433     
   1.5317243116967947            2.2279626351953374            0.0000000000000000     
   1.5317243116967947            2.2279626351953374           0.17405958087463577     
   1.5317243116967947            2.2279626351953374           0.34811916174927154     
   1.5317243116967947            2.2279626351953374           0.52217874262390729     
   1.5317243116967947            2.2279626351953374           0.69623832349854309     
   1.5317243116967947            2.2279626351953374           0.87029790437317889     
   1.5317243116967947            2.2279626351953374            1.0443574852478146     
   1.5317243116967947            2.2279626351953374            1.2184170661224505     
   1.5317243116967947            2.2279626351953374            1.3924766469970862     
   1.5317243116967947            2.2279626351953374            1.5665362278717216     
   1.5317243116967947            2.2279626351953374            1.7405958087463578     
   1.5317243116967947            2.2279626351953374            1.9146553896209932     
   1.5317243116967947            2.2279626351953374            2.0887149704956292     
   1.5317243116967947            2.2279626351953374            2.2627745513702648     
   1.5317243116967947            2.2279626351953374            2.4368341322449010     
   1.5317243116967947            2.2279626351953374            2.6108937131195367     
   1.5317243116967947            2.2279626351953374            2.7849532939941724     
   1.5317243116967947            2.2279626351953374            2.9590128748688080     
   1.5317243116967947            2.2279626351953374            3.1330724557434433     
   1.5317243116967947            2.3672102998950462            0.0000000000000000     
   1.5317243116967947            2.3672102998950462           0.17405958087463577     
   1.5317243116967947            2.3672102998950462           0.34811916174927154     
   1.5317243116967947            2.3672102998950462           0.52217874262390729     
   1.5317243116967947            2.3672102998950462           0.69623832349854309     
   1.5317243116967947            2.3672102998950462           0.87029790437317889     
   1.5317243116967947            2.3672102998950462            1.0443574852478146     
   1.5317243116967947            2.3672102998950462            1.2184170661224505     
   1.5317243116967947            2.3672102998950462            1.3924766469970862     
   1.5317243116967947            2.3672102998950462            1.5665362278717216     
   1.5317243116967947            2.3672102998950462            1.7405958087463578     
   1.5317243116967947            2.3672102998950462            1.9146553896209932     
   1.5317243116967947            2.3672102998950462            2.0887149704956292     
   1.5317243116967947            2.3672102998950462            2.2627745513702648     
   1.5317243116967947            2.3672102998950462            2.4368341322449010     
   1.5317243116967947            2.3672102998950462            2.6108937131195367     
   1.5317243116967947            2.3672102998950462            2.7849532939941724     
   1.5317243116967947            2.3672102998950462            2.9590128748688080     
   1.5317243116967947            2.3672102998950462            3.1330724557434433     
   1.5317243116967947            2.5064579645947545            0.0000000000000000     
   1.5317243116967947            2.5064579645947545           0.17405958087463577     
   1.5317243116967947            2.5064579645947545           0.34811916174927154     
   1.5317243116967947            2.5064579645947545           0.52217874262390729     
   1.5317243116967947            2.5064579645947545           0.69623832349854309     
   1.5317243116967947            2.5064579645947545           0.87029790437317889     
   1.5317243116967947            2.5064579645947545            1.0443574852478146     
   1.5317243116967947            2.5064579645947545            1.2184170661224505     
   1.5317243116967947            2.5064579645947545            1.3924766469970862     
   1.5317243116967947            2.5064579645947545            1.5665362278717216     
   1.5317243116967947            2.5064579645947545            1.7405958087463578     
   1.5317243116967947            2.5064579645947545            1.9146553896209932     
   1.5317243116967947            2.5064579645947545            2.0887149704956292     
   1.5317243116967947            2.5064579645947545            2.2627745513702648     
   1.5317243116967947            2.5064579645947545            2.4368341322449010     
   1.5317243116967947            2.5064579645947545            2.6108937131195367     
   1.5317243116967947            2.5064579645947545            2.7849532939941724     
   1.5317243116967947            2.5064579645947545            2.9590128748688080     
   1.5317243116967947            2.5064579645947545            3.1330724557434433     
   1.6709719763965032            0.0000000000000000            0.0000000000000000     
   1.6709719763965032            0.0000000000000000           0.17405958087463577     
   1.6709719763965032            0.0000000000000000           0.34811916174927154     
   1.6709719763965032            0.0000000000000000           0.52217874262390729     
   1.6709719763965032            0.0000000000000000           0.69623832349854309     
   1.6709719763965032            0.0000000000000000           0.87029790437317889     
   1.6709719763965032            0.0000000000000000            1.0443574852478146     
   1.6709719763965032            0.0000000000000000            1.2184170661224505     
   1.6709719763965032            0.0000000000000000            1.3924766469970862     
   1.6709719763965032            0.0000000000000000            1.5665362278717216     
   1.6709719763965032            0.0000000000000000            1.7405958087463578     
   1.6709719763965032            0.0000000000000000            1.9146553896209932     
   1.6709719763965032            0.0000000000000000            2.0887149704956292     
   1.6709719763965032            0.0000000000000000            2.2627745513702648     
   1.6709719763965032            0.0000000000000000            2.4368341322449010     
   1.6709719763965032            0.0000000000000000            2.6108937131195367     
   1.6709719763965032            0.0000000000000000            2.7849532939941724     
   1.6709719763965032            0.0000000000000000            2.9590128748688080     
   1.6709719763965032            0.0000000000000000            3.1330724557434433     
   1.6709719763965032           0.13924766469970859            0.0000000000000000     
   1.6709719763965032           0.13924766469970859           0.17405958087463577     
   1.6709719763965032           0.13924766469970859           0.34811916174927154     
   1.6709719763965032           0.13924766469970859           0.52217874262390729     
   1.6709719763965032           0.13924766469970859           0.69623832349854309     
   1.6709719763965032           0.13924766469970859           0.87029790437317889     
   1.6709719763965032           0.13924766469970859            1.0443574852478146     
   1.6709719763965032           0.13924766469970859            1.2184170661224505     
   1.6709719763965032           0.13924766469970859            1.3924766469970862     
   1.6709719763965032           0.13924766469970859            1.5665362278717216     
   1.6709719763965032           0.13924766469970859            1.7405958087463578     
   1.6709719763965032           0.13924766469970859            1.9146553896209932     
   1.6709719763965032           0.13924766469970859            2.0887149704956292     
   1.6709719763965032           0.13924766469970859            2.2627745513702648     
   1.6709719763965032           0.13924766469970859            2.4368341322449010     
   1.6709719763965032           0.13924766469970859            2.6108937131195367     
   1.6709719763965032           0.13924766469970859            2.7849532939941724     
   1.6709719763965032           0.13924766469970859            2.9590128748688080     
   1.6709719763965032           0.13924766469970859            3.1330724557434433     
   1.6709719763965032           0.27849532939941718            0.0000000000000000     
   1.6709719763965032           0.27849532939941718           0.17405958087463577     
   1.6709719763965032           0.27849532939941718           0.34811916174927154     
   1.6709719763965032           0.27849532939941718           0.52217874262390729     
   1.6709719763965032           0.27849532939941718           0.69623832349854309     
   1.6709719763965032           0.27849532939941718           0.87029790437317889     
   1.6709719763965032           0.27849532939941718            1.0443574852478146     
   1.6709719763965032           0.27849532939941718            1.2184170661224505     
   1.6709719763965032           0.27849532939941718            1.3924766469970862     
   1.6709719763965032           0.27849532939941718            1.5665362278717216     
   1.6709719763965032           0.27849532939941718            1.7405958087463578     
   1.6709719763965032           0.27849532939941718            1.9146553896209932     
   1.6709719763965032           0.27849532939941718            2.0887149704956292     
   1.6709719763965032           0.27849532939941718            2.2627745513702648     
   1.6709719763965032           0.27849532939941718            2.4368341322449010     
   1.6709719763965032           0.27849532939941718            2.6108937131195367     
   1.6709719763965032           0.27849532939941718            2.7849532939941724     
   1.6709719763965032           0.27849532939941718            2.9590128748688080     
   1.6709719763965032           0.27849532939941718            3.1330724557434433     
   1.6709719763965032           0.41774299409912580            0.0000000000000000     
   1.6709719763965032           0.41774299409912580           0.17405958087463577     
   1.6709719763965032           0.41774299409912580           0.34811916174927154     
   1.6709719763965032           0.41774299409912580           0.52217874262390729     
   1.6709719763965032           0.41774299409912580           0.69623832349854309     
   1.6709719763965032           0.41774299409912580           0.87029790437317889     
   1.6709719763965032           0.41774299409912580            1.0443574852478146     
   1.6709719763965032           0.41774299409912580            1.2184170661224505     
   1.6709719763965032           0.41774299409912580            1.3924766469970862     
   1.6709719763965032           0.41774299409912580            1.5665362278717216     
   1.6709719763965032           0.41774299409912580            1.7405958087463578     
   1.6709719763965032           0.41774299409912580            1.9146553896209932     
   1.6709719763965032           0.41774299409912580            2.0887149704956292     
   1.6709719763965032           0.41774299409912580            2.2627745513702648     
   1.6709719763965032           0.41774299409912580            2.4368341322449010     
   1.6709719763965032           0.41774299409912580            2.6108937131195367     
   1.6709719763965032           0.41774299409912580            2.7849532939941724     
   1.6709719763965032           0.41774299409912580            2.9590128748688080     
   1.6709719763965032           0.41774299409912580            3.1330724557434433     
   1.6709719763965032           0.55699065879883436            0.0000000000000000     
   1.6709719763965032           0.55699065879883436           0.17405958087463577     
   1.6709719763965032           0.55699065879883436           0.34811916174927154     
   1.6709719763965032           0.55699065879883436           0.52217874262390729     
   1.6709719763965032           0.55699065879883436           0.69623832349854309     
   1.6709719763965032           0.55699065879883436           0.87029790437317889     
   1.6709719763965032           0.55699065879883436            1.0443574852478146     
   1.6709719763965032           0.55699065879883436            1.2184170661224505     
   1.6709719763965032           0.55699065879883436            1.3924766469970862     
   1.6709719763965032           0.55699065879883436            1.5665362278717216     
   1.6709719763965032           0.55699065879883436            1.7405958087463578     
   1.6709719763965032           0.55699065879883436            1.9146553896209932     
   1.6709719763965032           0.55699065879883436            2.0887149704956292     
   1.6709719763965032           0.55699065879883436            2.2627745513702648     
   1.6709719763965032           0.55699065879883436            2.4368341322449010     
   1.6709719763965032           0.55699065879883436            2.6108937131195367     
   1.6709719763965032           0.55699065879883436            2.7849532939941724     
   1.6709719763965032           0.55699065879883436            2.9590128748688080     
   1.6709719763965032           0.55699065879883436            3.1330724557434433     
   1.6709719763965032           0.69623832349854298            0.0000000000000000     
   1.6709719763965032           0.69623832349854298           0.17405958087463577     
   1.6709719763965032           0.69623832349854298           0.34811916174927154     
   1.6709719763965032           0.69623832349854298           0.52217874262390729     
   1.6709719763965032           0.69623832349854298           0.69623832349854309     
   1.6709719763965032           0.69623832349854298           0.87029790437317889     
   1.6709719763965032           0.69623832349854298            1.0443574852478146     
   1.6709719763965032           0.69623832349854298            1.2184170661224505     
   1.6709719763965032           0.69623832349854298            1.3924766469970862     
   1.6709719763965032           0.69623832349854298            1.5665362278717216     
   1.6709719763965032           0.69623832349854298            1.7405958087463578     
   1.6709719763965032           0.69623832349854298            1.9146553896209932     
   1.6709719763965032           0.69623832349854298            2.0887149704956292     
   1.6709719763965032           0.69623832349854298            2.2627745513702648     
   1.6709719763965032           0.69623832349854298            2.4368341322449010     
   1.6709719763965032           0.69623832349854298            2.6108937131195367     
   1.6709719763965032           0.69623832349854298            2.7849532939941724     
   1.6709719763965032           0.69623832349854298            2.9590128748688080     
   1.6709719763965032           0.69623832349854298            3.1330724557434433     
   1.6709719763965032           0.83548598819825159            0.0000000000000000     
   1.6709719763965032           0.83548598819825159           0.17405958087463577     
   1.6709719763965032           0.83548598819825159           0.34811916174927154     
   1.6709719763965032           0.83548598819825159           0.52217874262390729     
   1.6709719763965032           0.83548598819825159           0.69623832349854309     
   1.6709719763965032           0.83548598819825159           0.87029790437317889     
   1.6709719763965032           0.83548598819825159            1.0443574852478146     
   1.6709719763965032           0.83548598819825159            1.2184170661224505     
   1.6709719763965032           0.83548598819825159            1.3924766469970862     
   1.6709719763965032           0.83548598819825159            1.5665362278717216     
   1.6709719763965032           0.83548598819825159            1.7405958087463578     
   1.6709719763965032           0.83548598819825159            1.9146553896209932     
   1.6709719763965032           0.83548598819825159            2.0887149704956292     
   1.6709719763965032           0.83548598819825159            2.2627745513702648     
   1.6709719763965032           0.83548598819825159            2.4368341322449010     
   1.6709719763965032           0.83548598819825159            2.6108937131195367     
   1.6709719763965032           0.83548598819825159            2.7849532939941724     
   1.6709719763965032           0.83548598819825159            2.9590128748688080     
   1.6709719763965032           0.83548598819825159            3.1330724557434433     
   1.6709719763965032           0.97473365289796032            0.0000000000000000     
   1.6709719763965032           0.97473365289796032           0.17405958087463577     
   1.6709719763965032           0.97473365289796032           0.34811916174927154     
   1.6709719763965032           0.97473365289796032           0.52217874262390729     
   1.6709719763965032           0.97473365289796032           0.69623832349854309     
   1.6709719763965032           0.97473365289796032           0.87029790437317889     
   1.6709719763965032           0.97473365289796032            1.0443574852478146     
   1.6709719763965032           0.97473365289796032            1.2184170661224505     
   1.6709719763965032           0.97473365289796032            1.3924766469970862     
   1.6709719763965032           0.97473365289796032            1.5665362278717216     
   1.6709719763965032           0.97473365289796032            1.7405958087463578     
   1.6709719763965032           0.97473365289796032            1.9146553896209932     
   1.6709719763965032           0.97473365289796032            2.0887149704956292     
   1.6709719763965032           0.97473365289796032            2.2627745513702648     
   1.6709719763965032           0.97473365289796032            2.4368341322449010     
   1.6709719763965032           0.97473365289796032            2.6108937131195367     
   1.6709719763965032           0.97473365289796032            2.7849532939941724     
   1.6709719763965032           0.97473365289796032            2.9590128748688080     
   1.6709719763965032           0.97473365289796032            3.1330724557434433     
   1.6709719763965032            1.1139813175976687            0.0000000000000000     
   1.6709719763965032            1.1139813175976687           0.17405958087463577     
   1.6709719763965032            1.1139813175976687           0.34811916174927154     
   1.6709719763965032            1.1139813175976687           0.52217874262390729     
   1.6709719763965032            1.1139813175976687           0.69623832349854309     
   1.6709719763965032            1.1139813175976687           0.87029790437317889     
   1.6709719763965032            1.1139813175976687            1.0443574852478146     
   1.6709719763965032            1.1139813175976687            1.2184170661224505     
   1.6709719763965032            1.1139813175976687            1.3924766469970862     
   1.6709719763965032            1.1139813175976687            1.5665362278717216     
   1.6709719763965032            1.1139813175976687            1.7405958087463578     
   1.6709719763965032            1.1139813175976687            1.9146553896209932     
   1.6709719763965032            1.1139813175976687            2.0887149704956292     
   1.6709719763965032            1.1139813175976687            2.2627745513702648     
   1.6709719763965032            1.1139813175976687            2.4368341322449010     
   1.6709719763965032            1.1139813175976687            2.6108937131195367     
   1.6709719763965032            1.1139813175976687            2.7849532939941724     
   1.6709719763965032            1.1139813175976687            2.9590128748688080     
   1.6709719763965032            1.1139813175976687            3.1330724557434433     
   1.6709719763965032            1.2532289822973772            0.0000000000000000     
   1.6709719763965032            1.2532289822973772           0.17405958087463577     
   1.6709719763965032            1.2532289822973772           0.34811916174927154     
   1.6709719763965032            1.2532289822973772           0.52217874262390729     
   1.6709719763965032            1.2532289822973772           0.69623832349854309     
   1.6709719763965032            1.2532289822973772           0.87029790437317889     
   1.6709719763965032            1.2532289822973772            1.0443574852478146     
   1.6709719763965032            1.2532289822973772            1.2184170661224505     
   1.6709719763965032            1.2532289822973772            1.3924766469970862     
   1.6709719763965032            1.2532289822973772            1.5665362278717216     
   1.6709719763965032            1.2532289822973772            1.7405958087463578     
   1.6709719763965032            1.2532289822973772            1.9146553896209932     
   1.6709719763965032            1.2532289822973772            2.0887149704956292     
   1.6709719763965032            1.2532289822973772            2.2627745513702648     
   1.6709719763965032            1.2532289822973772            2.4368341322449010     
   1.6709719763965032            1.2532289822973772            2.6108937131195367     
   1.6709719763965032            1.2532289822973772            2.7849532939941724     
   1.6709719763965032            1.2532289822973772            2.9590128748688080     
   1.6709719763965032            1.2532289822973772            3.1330724557434433     
   1.6709719763965032            1.3924766469970860            0.0000000000000000     
   1.6709719763965032            1.3924766469970860           0.17405958087463577     
   1.6709719763965032            1.3924766469970860           0.34811916174927154     
   1.6709719763965032            1.3924766469970860           0.52217874262390729     
   1.6709719763965032            1.3924766469970860           0.69623832349854309     
   1.6709719763965032            1.3924766469970860           0.87029790437317889     
   1.6709719763965032            1.3924766469970860            1.0443574852478146     
   1.6709719763965032            1.3924766469970860            1.2184170661224505     
   1.6709719763965032            1.3924766469970860            1.3924766469970862     
   1.6709719763965032            1.3924766469970860            1.5665362278717216     
   1.6709719763965032            1.3924766469970860            1.7405958087463578     
   1.6709719763965032            1.3924766469970860            1.9146553896209932     
   1.6709719763965032            1.3924766469970860            2.0887149704956292     
   1.6709719763965032            1.3924766469970860            2.2627745513702648     
   1.6709719763965032            1.3924766469970860            2.4368341322449010     
   1.6709719763965032            1.3924766469970860            2.6108937131195367     
   1.6709719763965032            1.3924766469970860            2.7849532939941724     
   1.6709719763965032            1.3924766469970860            2.9590128748688080     
   1.6709719763965032            1.3924766469970860            3.1330724557434433     
   1.6709719763965032            1.5317243116967947            0.0000000000000000     
   1.6709719763965032            1.5317243116967947           0.17405958087463577     
   1.6709719763965032            1.5317243116967947           0.34811916174927154     
   1.6709719763965032            1.5317243116967947           0.52217874262390729     
   1.6709719763965032            1.5317243116967947           0.69623832349854309     
   1.6709719763965032            1.5317243116967947           0.87029790437317889     
   1.6709719763965032            1.5317243116967947            1.0443574852478146     
   1.6709719763965032            1.5317243116967947            1.2184170661224505     
   1.6709719763965032            1.5317243116967947            1.3924766469970862     
   1.6709719763965032            1.5317243116967947            1.5665362278717216     
   1.6709719763965032            1.5317243116967947            1.7405958087463578     
   1.6709719763965032            1.5317243116967947            1.9146553896209932     
   1.6709719763965032            1.5317243116967947            2.0887149704956292     
   1.6709719763965032            1.5317243116967947            2.2627745513702648     
   1.6709719763965032            1.5317243116967947            2.4368341322449010     
   1.6709719763965032            1.5317243116967947            2.6108937131195367     
   1.6709719763965032            1.5317243116967947            2.7849532939941724     
   1.6709719763965032            1.5317243116967947            2.9590128748688080     
   1.6709719763965032            1.5317243116967947            3.1330724557434433     
   1.6709719763965032            1.6709719763965032            0.0000000000000000     
   1.6709719763965032            1.6709719763965032           0.17405958087463577     
   1.6709719763965032            1.6709719763965032           0.34811916174927154     
   1.6709719763965032            1.6709719763965032           0.52217874262390729     
   1.6709719763965032            1.6709719763965032           0.69623832349854309     
   1.6709719763965032            1.6709719763965032           0.87029790437317889     
   1.6709719763965032            1.6709719763965032            1.0443574852478146     
   1.6709719763965032            1.6709719763965032            1.2184170661224505     
   1.6709719763965032            1.6709719763965032            1.3924766469970862     
   1.6709719763965032            1.6709719763965032            1.5665362278717216     
   1.6709719763965032            1.6709719763965032            1.7405958087463578     
   1.6709719763965032            1.6709719763965032            1.9146553896209932     
   1.6709719763965032            1.6709719763965032            2.0887149704956292     
   1.6709719763965032            1.6709719763965032            2.2627745513702648     
   1.6709719763965032            1.6709719763965032            2.4368341322449010     
   1.6709719763965032            1.6709719763965032            2.6108937131195367     
   1.6709719763965032            1.6709719763965032            2.7849532939941724     
   1.6709719763965032            1.6709719763965032            2.9590128748688080     
   1.6709719763965032            1.6709719763965032            3.1330724557434433     
   1.6709719763965032            1.8102196410962119            0.0000000000000000     
   1.6709719763965032            1.8102196410962119           0.17405958087463577     
   1.6709719763965032            1.8102196410962119           0.34811916174927154     
   1.6709719763965032            1.8102196410962119           0.52217874262390729     
   1.6709719763965032            1.8102196410962119           0.69623832349854309     
   1.6709719763965032            1.8102196410962119           0.87029790437317889     
   1.6709719763965032            1.8102196410962119            1.0443574852478146     
   1.6709719763965032            1.8102196410962119            1.2184170661224505     
   1.6709719763965032            1.8102196410962119            1.3924766469970862     
   1.6709719763965032            1.8102196410962119            1.5665362278717216     
   1.6709719763965032            1.8102196410962119            1.7405958087463578     
   1.6709719763965032            1.8102196410962119            1.9146553896209932     
   1.6709719763965032            1.8102196410962119            2.0887149704956292     
   1.6709719763965032            1.8102196410962119            2.2627745513702648     
   1.6709719763965032            1.8102196410962119            2.4368341322449010     
   1.6709719763965032            1.8102196410962119            2.6108937131195367     
   1.6709719763965032            1.8102196410962119            2.7849532939941724     
   1.6709719763965032            1.8102196410962119            2.9590128748688080     
   1.6709719763965032            1.8102196410962119            3.1330724557434433     
   1.6709719763965032            1.9494673057959206            0.0000000000000000     
   1.6709719763965032            1.9494673057959206           0.17405958087463577     
   1.6709719763965032            1.9494673057959206           0.34811916174927154     
   1.6709719763965032            1.9494673057959206           0.52217874262390729     
   1.6709719763965032            1.9494673057959206           0.69623832349854309     
   1.6709719763965032            1.9494673057959206           0.87029790437317889     
   1.6709719763965032            1.9494673057959206            1.0443574852478146     
   1.6709719763965032            1.9494673057959206            1.2184170661224505     
   1.6709719763965032            1.9494673057959206            1.3924766469970862     
   1.6709719763965032            1.9494673057959206            1.5665362278717216     
   1.6709719763965032            1.9494673057959206            1.7405958087463578     
   1.6709719763965032            1.9494673057959206            1.9146553896209932     
   1.6709719763965032            1.9494673057959206            2.0887149704956292     
   1.6709719763965032            1.9494673057959206            2.2627745513702648     
   1.6709719763965032            1.9494673057959206            2.4368341322449010     
   1.6709719763965032            1.9494673057959206            2.6108937131195367     
   1.6709719763965032            1.9494673057959206            2.7849532939941724     
   1.6709719763965032            1.9494673057959206            2.9590128748688080     
   1.6709719763965032            1.9494673057959206            3.1330724557434433     
   1.6709719763965032            2.0887149704956292            0.0000000000000000     
   1.6709719763965032            2.0887149704956292           0.17405958087463577     
   1.6709719763965032            2.0887149704956292           0.34811916174927154     
   1.6709719763965032            2.0887149704956292           0.52217874262390729     
   1.6709719763965032            2.0887149704956292           0.69623832349854309     
   1.6709719763965032            2.0887149704956292           0.87029790437317889     
   1.6709719763965032            2.0887149704956292            1.0443574852478146     
   1.6709719763965032            2.0887149704956292            1.2184170661224505     
   1.6709719763965032            2.0887149704956292            1.3924766469970862     
   1.6709719763965032            2.0887149704956292            1.5665362278717216     
   1.6709719763965032            2.0887149704956292            1.7405958087463578     
   1.6709719763965032            2.0887149704956292            1.9146553896209932     
   1.6709719763965032            2.0887149704956292            2.0887149704956292     
   1.6709719763965032            2.0887149704956292            2.2627745513702648     
   1.6709719763965032            2.0887149704956292            2.4368341322449010     
   1.6709719763965032            2.0887149704956292            2.6108937131195367     
   1.6709719763965032            2.0887149704956292            2.7849532939941724     
   1.6709719763965032            2.0887149704956292            2.9590128748688080     
   1.6709719763965032            2.0887149704956292            3.1330724557434433     
   1.6709719763965032            2.2279626351953374            0.0000000000000000     
   1.6709719763965032            2.2279626351953374           0.17405958087463577     
   1.6709719763965032            2.2279626351953374           0.34811916174927154     
   1.6709719763965032            2.2279626351953374           0.52217874262390729     
   1.6709719763965032            2.2279626351953374           0.69623832349854309     
   1.6709719763965032            2.2279626351953374           0.87029790437317889     
   1.6709719763965032            2.2279626351953374            1.0443574852478146     
   1.6709719763965032            2.2279626351953374            1.2184170661224505     
   1.6709719763965032            2.2279626351953374            1.3924766469970862     
   1.6709719763965032            2.2279626351953374            1.5665362278717216     
   1.6709719763965032            2.2279626351953374            1.7405958087463578     
   1.6709719763965032            2.2279626351953374            1.9146553896209932     
   1.6709719763965032            2.2279626351953374            2.0887149704956292     
   1.6709719763965032            2.2279626351953374            2.2627745513702648     
   1.6709719763965032            2.2279626351953374            2.4368341322449010     
   1.6709719763965032            2.2279626351953374            2.6108937131195367     
   1.6709719763965032            2.2279626351953374            2.7849532939941724     
   1.6709719763965032            2.2279626351953374            2.9590128748688080     
   1.6709719763965032            2.2279626351953374            3.1330724557434433     
   1.6709719763965032            2.3672102998950462            0.0000000000000000     
   1.6709719763965032            2.3672102998950462           0.17405958087463577     
   1.6709719763965032            2.3672102998950462           0.34811916174927154     
   1.6709719763965032            2.3672102998950462           0.52217874262390729     
   1.6709719763965032            2.3672102998950462           0.69623832349854309     
   1.6709719763965032            2.3672102998950462           0.87029790437317889     
   1.6709719763965032            2.3672102998950462            1.0443574852478146     
   1.6709719763965032            2.3672102998950462            1.2184170661224505     
   1.6709719763965032            2.3672102998950462            1.3924766469970862     
   1.6709719763965032            2.3672102998950462            1.5665362278717216     
   1.6709719763965032            2.3672102998950462            1.7405958087463578     
   1.6709719763965032            2.3672102998950462            1.9146553896209932     
   1.6709719763965032            2.3672102998950462            2.0887149704956292     
   1.6709719763965032            2.3672102998950462            2.2627745513702648     
   1.6709719763965032            2.3672102998950462            2.4368341322449010     
   1.6709719763965032            2.3672102998950462            2.6108937131195367     
   1.6709719763965032            2.3672102998950462            2.7849532939941724     
   1.6709719763965032            2.3672102998950462            2.9590128748688080     
   1.6709719763965032            2.3672102998950462            3.1330724557434433     
   1.6709719763965032            2.5064579645947545            0.0000000000000000     
   1.6709719763965032            2.5064579645947545           0.17405958087463577     
   1.6709719763965032            2.5064579645947545           0.34811916174927154     
   1.6709719763965032            2.5064579645947545           0.52217874262390729     
   1.6709719763965032            2.5064579645947545           0.69623832349854309     
   1.6709719763965032            2.5064579645947545           0.87029790437317889     
   1.6709719763965032            2.5064579645947545            1.0443574852478146     
   1.6709719763965032            2.5064579645947545            1.2184170661224505     
   1.6709719763965032            2.5064579645947545            1.3924766469970862     
   1.6709719763965032            2.5064579645947545            1.5665362278717216     
   1.6709719763965032            2.5064579645947545            1.7405958087463578     
   1.6709719763965032            2.5064579645947545            1.9146553896209932     
   1.6709719763965032            2.5064579645947545            2.0887149704956292     
   1.6709719763965032            2.5064579645947545            2.2627745513702648     
   1.6709719763965032            2.5064579645947545            2.4368341322449010     
   1.6709719763965032            2.5064579645947545            2.6108937131195367     
   1.6709719763965032            2.5064579645947545            2.7849532939941724     
   1.6709719763965032            2.5064579645947545            2.9590128748688080     
   1.6709719763965032            2.5064579645947545            3.1330724557434433     
   1.8102196410962119            0.0000000000000000            0.0000000000000000     
   1.8102196410962119            0.0000000000000000           0.17405958087463577     
   1.8102196410962119            0.0000000000000000           0.34811916174927154     
   1.8102196410962119            0.0000000000000000           0.52217874262390729     
   1.8102196410962119            0.0000000000000000           0.69623832349854309     
   1.8102196410962119            0.0000000000000000           0.87029790437317889     
   1.8102196410962119            0.0000000000000000            1.0443574852478146     
   1.8102196410962119            0.0000000000000000            1.2184170661224505     
   1.8102196410962119            0.0000000000000000            1.3924766469970862     
   1.8102196410962119            0.0000000000000000            1.5665362278717216     
   1.8102196410962119            0.0000000000000000            1.7405958087463578     
   1.8102196410962119            0.0000000000000000            1.9146553896209932     
   1.8102196410962119            0.0000000000000000            2.0887149704956292     
   1.8102196410962119            0.0000000000000000            2.2627745513702648     
   1.8102196410962119            0.0000000000000000            2.4368341322449010     
   1.8102196410962119            0.0000000000000000            2.6108937131195367     
   1.8102196410962119            0.0000000000000000            2.7849532939941724     
   1.8102196410962119            0.0000000000000000            2.9590128748688080     
   1.8102196410962119            0.0000000000000000            3.1330724557434433     
   1.8102196410962119           0.13924766469970859            0.0000000000000000     
   1.8102196410962119           0.13924766469970859           0.17405958087463577     
   1.8102196410962119           0.13924766469970859           0.34811916174927154     
   1.8102196410962119           0.13924766469970859           0.52217874262390729     
   1.8102196410962119           0.13924766469970859           0.69623832349854309     
   1.8102196410962119           0.13924766469970859           0.87029790437317889     
   1.8102196410962119           0.13924766469970859            1.0443574852478146     
   1.8102196410962119           0.13924766469970859            1.2184170661224505     
   1.8102196410962119           0.13924766469970859            1.3924766469970862     
   1.8102196410962119           0.13924766469970859            1.5665362278717216     
   1.8102196410962119           0.13924766469970859            1.7405958087463578     
   1.8102196410962119           0.13924766469970859            1.9146553896209932     
   1.8102196410962119           0.13924766469970859            2.0887149704956292     
   1.8102196410962119           0.13924766469970859            2.2627745513702648     
   1.8102196410962119           0.13924766469970859            2.4368341322449010     
   1.8102196410962119           0.13924766469970859            2.6108937131195367     
   1.8102196410962119           0.13924766469970859            2.7849532939941724     
   1.8102196410962119           0.13924766469970859            2.9590128748688080     
   1.8102196410962119           0.13924766469970859            3.1330724557434433     
   1.8102196410962119           0.27849532939941718            0.0000000000000000     
   1.8102196410962119           0.27849532939941718           0.17405958087463577     
   1.8102196410962119           0.27849532939941718           0.34811916174927154     
   1.8102196410962119           0.27849532939941718           0.52217874262390729     
   1.8102196410962119           0.27849532939941718           0.69623832349854309     
   1.8102196410962119           0.27849532939941718           0.87029790437317889     
   1.8102196410962119           0.27849532939941718            1.0443574852478146     
   1.8102196410962119           0.27849532939941718            1.2184170661224505     
   1.8102196410962119           0.27849532939941718            1.3924766469970862     
   1.8102196410962119           0.27849532939941718            1.5665362278717216     
   1.8102196410962119           0.27849532939941718            1.7405958087463578     
   1.8102196410962119           0.27849532939941718            1.9146553896209932     
   1.8102196410962119           0.27849532939941718            2.0887149704956292     
   1.8102196410962119           0.27849532939941718            2.2627745513702648     
   1.8102196410962119           0.27849532939941718            2.4368341322449010     
   1.8102196410962119           0.27849532939941718            2.6108937131195367     
   1.8102196410962119           0.27849532939941718            2.7849532939941724     
   1.8102196410962119           0.27849532939941718            2.9590128748688080     
   1.8102196410962119           0.27849532939941718            3.1330724557434433     
   1.8102196410962119           0.41774299409912580            0.0000000000000000     
   1.8102196410962119           0.41774299409912580           0.17405958087463577     
   1.8102196410962119           0.41774299409912580           0.34811916174927154     
   1.8102196410962119           0.41774299409912580           0.52217874262390729     
   1.8102196410962119           0.41774299409912580           0.69623832349854309     
   1.8102196410962119           0.41774299409912580           0.87029790437317889     
   1.8102196410962119           0.41774299409912580            1.0443574852478146     
   1.8102196410962119           0.41774299409912580            1.2184170661224505     
   1.8102196410962119           0.41774299409912580            1.3924766469970862     
   1.8102196410962119           0.41774299409912580            1.5665362278717216     
   1.8102196410962119           0.41774299409912580            1.7405958087463578     
   1.8102196410962119           0.41774299409912580            1.9146553896209932     
   1.8102196410962119           0.41774299409912580            2.0887149704956292     
   1.8102196410962119           0.41774299409912580            2.2627745513702648     
   1.8102196410962119           0.41774299409912580            2.4368341322449010     
   1.8102196410962119           0.41774299409912580            2.6108937131195367     
   1.8102196410962119           0.41774299409912580            2.7849532939941724     
   1.8102196410962119           0.41774299409912580            2.9590128748688080     
   1.8102196410962119           0.41774299409912580            3.1330724557434433     
   1.8102196410962119           0.55699065879883436            0.0000000000000000     
   1.8102196410962119           0.55699065879883436           0.17405958087463577     
   1.8102196410962119           0.55699065879883436           0.34811916174927154     
   1.8102196410962119           0.55699065879883436           0.52217874262390729     
   1.8102196410962119           0.55699065879883436           0.69623832349854309     
   1.8102196410962119           0.55699065879883436           0.87029790437317889     
   1.8102196410962119           0.55699065879883436            1.0443574852478146     
   1.8102196410962119           0.55699065879883436            1.2184170661224505     
   1.8102196410962119           0.55699065879883436            1.3924766469970862     
   1.8102196410962119           0.55699065879883436            1.5665362278717216     
   1.8102196410962119           0.55699065879883436            1.7405958087463578     
   1.8102196410962119           0.55699065879883436            1.9146553896209932     
   1.8102196410962119           0.55699065879883436            2.0887149704956292     
   1.8102196410962119           0.55699065879883436            2.2627745513702648     
   1.8102196410962119           0.55699065879883436            2.4368341322449010     
   1.8102196410962119           0.55699065879883436            2.6108937131195367     
   1.8102196410962119           0.55699065879883436            2.7849532939941724     
   1.8102196410962119           0.55699065879883436            2.9590128748688080     
   1.8102196410962119           0.55699065879883436            3.1330724557434433     
   1.8102196410962119           0.69623832349854298            0.0000000000000000     
   1.8102196410962119           0.69623832349854298           0.17405958087463577     
   1.8102196410962119           0.69623832349854298           0.34811916174927154     
   1.8102196410962119           0.69623832349854298           0.52217874262390729     
   1.8102196410962119           0.69623832349854298           0.69623832349854309     
   1.8102196410962119           0.69623832349854298           0.87029790437317889     
   1.8102196410962119           0.69623832349854298            1.0443574852478146     
   1.8102196410962119           0.69623832349854298            1.2184170661224505     
   1.8102196410962119           0.69623832349854298            1.3924766469970862     
   1.8102196410962119           0.69623832349854298            1.5665362278717216     
   1.8102196410962119           0.69623832349854298            1.7405958087463578     
   1.8102196410962119           0.69623832349854298            1.9146553896209932     
   1.8102196410962119           0.69623832349854298            2.0887149704956292     
   1.8102196410962119           0.69623832349854298            2.2627745513702648     
   1.8102196410962119           0.69623832349854298            2.4368341322449010     
   1.8102196410962119           0.69623832349854298            2.6108937131195367     
   1.8102196410962119           0.69623832349854298            2.7849532939941724     
   1.8102196410962119           0.69623832349854298            2.9590128748688080     
   1.8102196410962119           0.69623832349854298            3.1330724557434433     
   1.8102196410962119           0.83548598819825159            0.0000000000000000     
   1.8102196410962119           0.83548598819825159           0.17405958087463577     
   1.8102196410962119           0.83548598819825159           0.34811916174927154     
   1.8102196410962119           0.83548598819825159           0.52217874262390729     
   1.8102196410962119           0.83548598819825159           0.69623832349854309     
   1.8102196410962119           0.83548598819825159           0.87029790437317889     
   1.8102196410962119           0.83548598819825159            1.0443574852478146     
   1.8102196410962119           0.83548598819825159            1.2184170661224505     
   1.8102196410962119           0.83548598819825159            1.3924766469970862     
   1.8102196410962119           0.83548598819825159            1.5665362278717216     
   1.8102196410962119           0.83548598819825159            1.7405958087463578     
   1.8102196410962119           0.83548598819825159            1.9146553896209932     
   1.8102196410962119           0.83548598819825159            2.0887149704956292     
   1.8102196410962119           0.83548598819825159            2.2627745513702648     
   1.8102196410962119           0.83548598819825159            2.4368341322449010     
   1.8102196410962119           0.83548598819825159            2.6108937131195367     
   1.8102196410962119           0.83548598819825159            2.7849532939941724     
   1.8102196410962119           0.83548598819825159            2.9590128748688080     
   1.8102196410962119           0.83548598819825159            3.1330724557434433     
   1.8102196410962119           0.97473365289796032            0.0000000000000000     
   1.8102196410962119           0.97473365289796032           0.17405958087463577     
   1.8102196410962119           0.97473365289796032           0.34811916174927154     
   1.8102196410962119           0.97473365289796032           0.52217874262390729     
   1.8102196410962119           0.97473365289796032           0.69623832349854309     
   1.8102196410962119           0.97473365289796032           0.87029790437317889     
   1.8102196410962119           0.97473365289796032            1.0443574852478146     
   1.8102196410962119           0.97473365289796032            1.2184170661224505     
   1.8102196410962119           0.97473365289796032            1.3924766469970862     
   1.8102196410962119           0.97473365289796032            1.5665362278717216     
   1.8102196410962119           0.97473365289796032            1.7405958087463578     
   1.8102196410962119           0.97473365289796032            1.9146553896209932     
   1.8102196410962119           0.97473365289796032            2.0887149704956292     
   1.8102196410962119           0.97473365289796032            2.2627745513702648     
   1.8102196410962119           0.97473365289796032            2.4368341322449010     
   1.8102196410962119           0.97473365289796032            2.6108937131195367     
   1.8102196410962119           0.97473365289796032            2.7849532939941724     
   1.8102196410962119           0.97473365289796032            2.9590128748688080     
   1.8102196410962119           0.97473365289796032            3.1330724557434433     
   1.8102196410962119            1.1139813175976687            0.0000000000000000     
   1.8102196410962119            1.1139813175976687           0.17405958087463577     
   1.8102196410962119            1.1139813175976687           0.34811916174927154     
   1.8102196410962119            1.1139813175976687           0.52217874262390729     
   1.8102196410962119            1.1139813175976687           0.69623832349854309     
   1.8102196410962119            1.1139813175976687           0.87029790437317889     
   1.8102196410962119            1.1139813175976687            1.0443574852478146     
   1.8102196410962119            1.1139813175976687            1.2184170661224505     
   1.8102196410962119            1.1139813175976687            1.3924766469970862     
   1.8102196410962119            1.1139813175976687            1.5665362278717216     
   1.8102196410962119            1.1139813175976687            1.7405958087463578     
   1.8102196410962119            1.1139813175976687            1.9146553896209932     
   1.8102196410962119            1.1139813175976687            2.0887149704956292     
   1.8102196410962119            1.1139813175976687            2.2627745513702648     
   1.8102196410962119            1.1139813175976687            2.4368341322449010     
   1.8102196410962119            1.1139813175976687            2.6108937131195367     
   1.8102196410962119            1.1139813175976687            2.7849532939941724     
   1.8102196410962119            1.1139813175976687            2.9590128748688080     
   1.8102196410962119            1.1139813175976687            3.1330724557434433     
   1.8102196410962119            1.2532289822973772            0.0000000000000000     
   1.8102196410962119            1.2532289822973772           0.17405958087463577     
   1.8102196410962119            1.2532289822973772           0.34811916174927154     
   1.8102196410962119            1.2532289822973772           0.52217874262390729     
   1.8102196410962119            1.2532289822973772           0.69623832349854309     
   1.8102196410962119            1.2532289822973772           0.87029790437317889     
   1.8102196410962119            1.2532289822973772            1.0443574852478146     
   1.8102196410962119            1.2532289822973772            1.2184170661224505     
   1.8102196410962119            1.2532289822973772            1.3924766469970862     
   1.8102196410962119            1.2532289822973772            1.5665362278717216     
   1.8102196410962119            1.2532289822973772            1.7405958087463578     
   1.8102196410962119            1.2532289822973772            1.9146553896209932     
   1.8102196410962119            1.2532289822973772            2.0887149704956292     
   1.8102196410962119            1.2532289822973772            2.2627745513702648     
   1.8102196410962119            1.2532289822973772            2.4368341322449010     
   1.8102196410962119            1.2532289822973772            2.6108937131195367     
   1.8102196410962119            1.2532289822973772            2.7849532939941724     
   1.8102196410962119            1.2532289822973772            2.9590128748688080     
   1.8102196410962119            1.2532289822973772            3.1330724557434433     
   1.8102196410962119            1.3924766469970860            0.0000000000000000     
   1.8102196410962119            1.3924766469970860           0.17405958087463577     
   1.8102196410962119            1.3924766469970860           0.34811916174927154     
   1.8102196410962119            1.3924766469970860           0.52217874262390729     
   1.8102196410962119            1.3924766469970860           0.69623832349854309     
   1.8102196410962119            1.3924766469970860           0.87029790437317889     
   1.8102196410962119            1.3924766469970860            1.0443574852478146     
   1.8102196410962119            1.3924766469970860            1.2184170661224505     
   1.8102196410962119            1.3924766469970860            1.3924766469970862     
   1.8102196410962119            1.3924766469970860            1.5665362278717216     
   1.8102196410962119            1.3924766469970860            1.7405958087463578     
   1.8102196410962119            1.3924766469970860            1.9146553896209932     
   1.8102196410962119            1.3924766469970860            2.0887149704956292     
   1.8102196410962119            1.3924766469970860            2.2627745513702648     
   1.8102196410962119            1.3924766469970860            2.4368341322449010     
   1.8102196410962119            1.3924766469970860            2.6108937131195367     
   1.8102196410962119            1.3924766469970860            2.7849532939941724     
   1.8102196410962119            1.3924766469970860            2.9590128748688080     
   1.8102196410962119            1.3924766469970860            3.1330724557434433     
   1.8102196410962119            1.5317243116967947            0.0000000000000000     
   1.8102196410962119            1.5317243116967947           0.17405958087463577     
   1.8102196410962119            1.5317243116967947           0.34811916174927154     
   1.8102196410962119            1.5317243116967947           0.52217874262390729     
   1.8102196410962119            1.5317243116967947           0.69623832349854309     
   1.8102196410962119            1.5317243116967947           0.87029790437317889     
   1.8102196410962119            1.5317243116967947            1.0443574852478146     
   1.8102196410962119            1.5317243116967947            1.2184170661224505     
   1.8102196410962119            1.5317243116967947            1.3924766469970862     
   1.8102196410962119            1.5317243116967947            1.5665362278717216     
   1.8102196410962119            1.5317243116967947            1.7405958087463578     
   1.8102196410962119            1.5317243116967947            1.9146553896209932     
   1.8102196410962119            1.5317243116967947            2.0887149704956292     
   1.8102196410962119            1.5317243116967947            2.2627745513702648     
   1.8102196410962119            1.5317243116967947            2.4368341322449010     
   1.8102196410962119            1.5317243116967947            2.6108937131195367     
   1.8102196410962119            1.5317243116967947            2.7849532939941724     
   1.8102196410962119            1.5317243116967947            2.9590128748688080     
   1.8102196410962119            1.5317243116967947            3.1330724557434433     
   1.8102196410962119            1.6709719763965032            0.0000000000000000     
   1.8102196410962119            1.6709719763965032           0.17405958087463577     
   1.8102196410962119            1.6709719763965032           0.34811916174927154     
   1.8102196410962119            1.6709719763965032           0.52217874262390729     
   1.8102196410962119            1.6709719763965032           0.69623832349854309     
   1.8102196410962119            1.6709719763965032           0.87029790437317889     
   1.8102196410962119            1.6709719763965032            1.0443574852478146     
   1.8102196410962119            1.6709719763965032            1.2184170661224505     
   1.8102196410962119            1.6709719763965032            1.3924766469970862     
   1.8102196410962119            1.6709719763965032            1.5665362278717216     
   1.8102196410962119            1.6709719763965032            1.7405958087463578     
   1.8102196410962119            1.6709719763965032            1.9146553896209932     
   1.8102196410962119            1.6709719763965032            2.0887149704956292     
   1.8102196410962119            1.6709719763965032            2.2627745513702648     
   1.8102196410962119            1.6709719763965032            2.4368341322449010     
   1.8102196410962119            1.6709719763965032            2.6108937131195367     
   1.8102196410962119            1.6709719763965032            2.7849532939941724     
   1.8102196410962119            1.6709719763965032            2.9590128748688080     
   1.8102196410962119            1.6709719763965032            3.1330724557434433     
   1.8102196410962119            1.8102196410962119            0.0000000000000000     
   1.8102196410962119            1.8102196410962119           0.17405958087463577     
   1.8102196410962119            1.8102196410962119           0.34811916174927154     
   1.8102196410962119            1.8102196410962119           0.52217874262390729     
   1.8102196410962119            1.8102196410962119           0.69623832349854309     
   1.8102196410962119            1.8102196410962119           0.87029790437317889     
   1.8102196410962119            1.8102196410962119            1.0443574852478146     
   1.8102196410962119            1.8102196410962119            1.2184170661224505     
   1.8102196410962119            1.8102196410962119            1.3924766469970862     
   1.8102196410962119            1.8102196410962119            1.5665362278717216     
   1.8102196410962119            1.8102196410962119            1.7405958087463578     
   1.8102196410962119            1.8102196410962119            1.9146553896209932     
   1.8102196410962119            1.8102196410962119            2.0887149704956292     
   1.8102196410962119            1.8102196410962119            2.2627745513702648     
   1.8102196410962119            1.8102196410962119            2.4368341322449010     
   1.8102196410962119            1.8102196410962119            2.6108937131195367     
   1.8102196410962119            1.8102196410962119            2.7849532939941724     
   1.8102196410962119            1.8102196410962119            2.9590128748688080     
   1.8102196410962119            1.8102196410962119            3.1330724557434433     
   1.8102196410962119            1.9494673057959206            0.0000000000000000     
   1.8102196410962119            1.9494673057959206           0.17405958087463577     
   1.8102196410962119            1.9494673057959206           0.34811916174927154     
   1.8102196410962119            1.9494673057959206           0.52217874262390729     
   1.8102196410962119            1.9494673057959206           0.69623832349854309     
   1.8102196410962119            1.9494673057959206           0.87029790437317889     
   1.8102196410962119            1.9494673057959206            1.0443574852478146     
   1.8102196410962119            1.9494673057959206            1.2184170661224505     
   1.8102196410962119            1.9494673057959206            1.3924766469970862     
   1.8102196410962119            1.9494673057959206            1.5665362278717216     
   1.8102196410962119            1.9494673057959206            1.7405958087463578     
   1.8102196410962119            1.9494673057959206            1.9146553896209932     
   1.8102196410962119            1.9494673057959206            2.0887149704956292     
   1.8102196410962119            1.9494673057959206            2.2627745513702648     
   1.8102196410962119            1.9494673057959206            2.4368341322449010     
   1.8102196410962119            1.9494673057959206            2.6108937131195367     
   1.8102196410962119            1.9494673057959206            2.7849532939941724     
   1.8102196410962119            1.9494673057959206            2.9590128748688080     
   1.8102196410962119            1.9494673057959206            3.1330724557434433     
   1.8102196410962119            2.0887149704956292            0.0000000000000000     
   1.8102196410962119            2.0887149704956292           0.17405958087463577     
   1.8102196410962119            2.0887149704956292           0.34811916174927154     
   1.8102196410962119            2.0887149704956292           0.52217874262390729     
   1.8102196410962119            2.0887149704956292           0.69623832349854309     
   1.8102196410962119            2.0887149704956292           0.87029790437317889     
   1.8102196410962119            2.0887149704956292            1.0443574852478146     
   1.8102196410962119            2.0887149704956292            1.2184170661224505     
   1.8102196410962119            2.0887149704956292            1.3924766469970862     
   1.8102196410962119            2.0887149704956292            1.5665362278717216     
   1.8102196410962119            2.0887149704956292            1.7405958087463578     
   1.8102196410962119            2.0887149704956292            1.9146553896209932     
   1.8102196410962119            2.0887149704956292            2.0887149704956292     
   1.8102196410962119            2.0887149704956292            2.2627745513702648     
   1.8102196410962119            2.0887149704956292            2.4368341322449010     
   1.8102196410962119            2.0887149704956292            2.6108937131195367     
   1.8102196410962119            2.0887149704956292            2.7849532939941724     
   1.8102196410962119            2.0887149704956292            2.9590128748688080     
   1.8102196410962119            2.0887149704956292            3.1330724557434433     
   1.8102196410962119            2.2279626351953374            0.0000000000000000     
   1.8102196410962119            2.2279626351953374           0.17405958087463577     
   1.8102196410962119            2.2279626351953374           0.34811916174927154     
   1.8102196410962119            2.2279626351953374           0.52217874262390729     
   1.8102196410962119            2.2279626351953374           0.69623832349854309     
   1.8102196410962119            2.2279626351953374           0.87029790437317889     
   1.8102196410962119            2.2279626351953374            1.0443574852478146     
   1.8102196410962119            2.2279626351953374            1.2184170661224505     
   1.8102196410962119            2.2279626351953374            1.3924766469970862     
   1.8102196410962119            2.2279626351953374            1.5665362278717216     
   1.8102196410962119            2.2279626351953374            1.7405958087463578     
   1.8102196410962119            2.2279626351953374            1.9146553896209932     
   1.8102196410962119            2.2279626351953374            2.0887149704956292     
   1.8102196410962119            2.2279626351953374            2.2627745513702648     
   1.8102196410962119            2.2279626351953374            2.4368341322449010     
   1.8102196410962119            2.2279626351953374            2.6108937131195367     
   1.8102196410962119            2.2279626351953374            2.7849532939941724     
   1.8102196410962119            2.2279626351953374            2.9590128748688080     
   1.8102196410962119            2.2279626351953374            3.1330724557434433     
   1.8102196410962119            2.3672102998950462            0.0000000000000000     
   1.8102196410962119            2.3672102998950462           0.17405958087463577     
   1.8102196410962119            2.3672102998950462           0.34811916174927154     
   1.8102196410962119            2.3672102998950462           0.52217874262390729     
   1.8102196410962119            2.3672102998950462           0.69623832349854309     
   1.8102196410962119            2.3672102998950462           0.87029790437317889     
   1.8102196410962119            2.3672102998950462            1.0443574852478146     
   1.8102196410962119            2.3672102998950462            1.2184170661224505     
   1.8102196410962119            2.3672102998950462            1.3924766469970862     
   1.8102196410962119            2.3672102998950462            1.5665362278717216     
   1.8102196410962119            2.3672102998950462            1.7405958087463578     
   1.8102196410962119            2.3672102998950462            1.9146553896209932     
   1.8102196410962119            2.3672102998950462            2.0887149704956292     
   1.8102196410962119            2.3672102998950462            2.2627745513702648     
   1.8102196410962119            2.3672102998950462            2.4368341322449010     
   1.8102196410962119            2.3672102998950462            2.6108937131195367     
   1.8102196410962119            2.3672102998950462            2.7849532939941724     
   1.8102196410962119            2.3672102998950462            2.9590128748688080     
   1.8102196410962119            2.3672102998950462            3.1330724557434433     
   1.8102196410962119            2.5064579645947545            0.0000000000000000     
   1.8102196410962119            2.5064579645947545           0.17405958087463577     
   1.8102196410962119            2.5064579645947545           0.34811916174927154     
   1.8102196410962119            2.5064579645947545           0.52217874262390729     
   1.8102196410962119            2.5064579645947545           0.69623832349854309     
   1.8102196410962119            2.5064579645947545           0.87029790437317889     
   1.8102196410962119            2.5064579645947545            1.0443574852478146     
   1.8102196410962119            2.5064579645947545            1.2184170661224505     
   1.8102196410962119            2.5064579645947545            1.3924766469970862     
   1.8102196410962119            2.5064579645947545            1.5665362278717216     
   1.8102196410962119            2.5064579645947545            1.7405958087463578     
   1.8102196410962119            2.5064579645947545            1.9146553896209932     
   1.8102196410962119            2.5064579645947545            2.0887149704956292     
   1.8102196410962119            2.5064579645947545            2.2627745513702648     
   1.8102196410962119            2.5064579645947545            2.4368341322449010     
   1.8102196410962119            2.5064579645947545            2.6108937131195367     
   1.8102196410962119            2.5064579645947545            2.7849532939941724     
   1.8102196410962119            2.5064579645947545            2.9590128748688080     
   1.8102196410962119            2.5064579645947545            3.1330724557434433     
   1.9494673057959206            0.0000000000000000            0.0000000000000000     
   1.9494673057959206            0.0000000000000000           0.17405958087463577     
   1.9494673057959206            0.0000000000000000           0.34811916174927154     
   1.9494673057959206            0.0000000000000000           0.52217874262390729     
   1.9494673057959206            0.0000000000000000           0.69623832349854309     
   1.9494673057959206            0.0000000000000000           0.87029790437317889     
   1.9494673057959206            0.0000000000000000            1.0443574852478146     
   1.9494673057959206            0.0000000000000000            1.2184170661224505     
   1.9494673057959206            0.0000000000000000            1.3924766469970862     
   1.9494673057959206            0.0000000000000000            1.5665362278717216     
   1.9494673057959206            0.0000000000000000            1.7405958087463578     
   1.9494673057959206            0.0000000000000000            1.9146553896209932     
   1.9494673057959206            0.0000000000000000            2.0887149704956292     
   1.9494673057959206            0.0000000000000000            2.2627745513702648     
   1.9494673057959206            0.0000000000000000            2.4368341322449010     
   1.9494673057959206            0.0000000000000000            2.6108937131195367     
   1.9494673057959206            0.0000000000000000            2.7849532939941724     
   1.9494673057959206            0.0000000000000000            2.9590128748688080     
   1.9494673057959206            0.0000000000000000            3.1330724557434433     
   1.9494673057959206           0.13924766469970859            0.0000000000000000     
   1.9494673057959206           0.13924766469970859           0.17405958087463577     
   1.9494673057959206           0.13924766469970859           0.34811916174927154     
   1.9494673057959206           0.13924766469970859           0.52217874262390729     
   1.9494673057959206           0.13924766469970859           0.69623832349854309     
   1.9494673057959206           0.13924766469970859           0.87029790437317889     
   1.9494673057959206           0.13924766469970859            1.0443574852478146     
   1.9494673057959206           0.13924766469970859            1.2184170661224505     
   1.9494673057959206           0.13924766469970859            1.3924766469970862     
   1.9494673057959206           0.13924766469970859            1.5665362278717216     
   1.9494673057959206           0.13924766469970859            1.7405958087463578     
   1.9494673057959206           0.13924766469970859            1.9146553896209932     
   1.9494673057959206           0.13924766469970859            2.0887149704956292     
   1.9494673057959206           0.13924766469970859            2.2627745513702648     
   1.9494673057959206           0.13924766469970859            2.4368341322449010     
   1.9494673057959206           0.13924766469970859            2.6108937131195367     
   1.9494673057959206           0.13924766469970859            2.7849532939941724     
   1.9494673057959206           0.13924766469970859            2.9590128748688080     
   1.9494673057959206           0.13924766469970859            3.1330724557434433     
   1.9494673057959206           0.27849532939941718            0.0000000000000000     
   1.9494673057959206           0.27849532939941718           0.17405958087463577     
   1.9494673057959206           0.27849532939941718           0.34811916174927154     
   1.9494673057959206           0.27849532939941718           0.52217874262390729     
   1.9494673057959206           0.27849532939941718           0.69623832349854309     
   1.9494673057959206           0.27849532939941718           0.87029790437317889     
   1.9494673057959206           0.27849532939941718            1.0443574852478146     
   1.9494673057959206           0.27849532939941718            1.2184170661224505     
   1.9494673057959206           0.27849532939941718            1.3924766469970862     
   1.9494673057959206           0.27849532939941718            1.5665362278717216     
   1.9494673057959206           0.27849532939941718            1.7405958087463578     
   1.9494673057959206           0.27849532939941718            1.9146553896209932     
   1.9494673057959206           0.27849532939941718            2.0887149704956292     
   1.9494673057959206           0.27849532939941718            2.2627745513702648     
   1.9494673057959206           0.27849532939941718            2.4368341322449010     
   1.9494673057959206           0.27849532939941718            2.6108937131195367     
   1.9494673057959206           0.27849532939941718            2.7849532939941724     
   1.9494673057959206           0.27849532939941718            2.9590128748688080     
   1.9494673057959206           0.27849532939941718            3.1330724557434433     
   1.9494673057959206           0.41774299409912580            0.0000000000000000     
   1.9494673057959206           0.41774299409912580           0.17405958087463577     
   1.9494673057959206           0.41774299409912580           0.34811916174927154     
   1.9494673057959206           0.41774299409912580           0.52217874262390729     
   1.9494673057959206           0.41774299409912580           0.69623832349854309     
   1.9494673057959206           0.41774299409912580           0.87029790437317889     
   1.9494673057959206           0.41774299409912580            1.0443574852478146     
   1.9494673057959206           0.41774299409912580            1.2184170661224505     
   1.9494673057959206           0.41774299409912580            1.3924766469970862     
   1.9494673057959206           0.41774299409912580            1.5665362278717216     
   1.9494673057959206           0.41774299409912580            1.7405958087463578     
   1.9494673057959206           0.41774299409912580            1.9146553896209932     
   1.9494673057959206           0.41774299409912580            2.0887149704956292     
   1.9494673057959206           0.41774299409912580            2.2627745513702648     
   1.9494673057959206           0.41774299409912580            2.4368341322449010     
   1.9494673057959206           0.41774299409912580            2.6108937131195367     
   1.9494673057959206           0.41774299409912580            2.7849532939941724     
   1.9494673057959206           0.41774299409912580            2.9590128748688080     
   1.9494673057959206           0.41774299409912580            3.1330724557434433     
   1.9494673057959206           0.55699065879883436            0.0000000000000000     
   1.9494673057959206           0.55699065879883436           0.17405958087463577     
   1.9494673057959206           0.55699065879883436           0.34811916174927154     
   1.9494673057959206           0.55699065879883436           0.52217874262390729     
   1.9494673057959206           0.55699065879883436           0.69623832349854309     
   1.9494673057959206           0.55699065879883436           0.87029790437317889     
   1.9494673057959206           0.55699065879883436            1.0443574852478146     
   1.9494673057959206           0.55699065879883436            1.2184170661224505     
   1.9494673057959206           0.55699065879883436            1.3924766469970862     
   1.9494673057959206           0.55699065879883436            1.5665362278717216     
   1.9494673057959206           0.55699065879883436            1.7405958087463578     
   1.9494673057959206           0.55699065879883436            1.9146553896209932     
   1.9494673057959206           0.55699065879883436            2.0887149704956292     
   1.9494673057959206           0.55699065879883436            2.2627745513702648     
   1.9494673057959206           0.55699065879883436            2.4368341322449010     
   1.9494673057959206           0.55699065879883436            2.6108937131195367     
   1.9494673057959206           0.55699065879883436            2.7849532939941724     
   1.9494673057959206           0.55699065879883436            2.9590128748688080     
   1.9494673057959206           0.55699065879883436            3.1330724557434433     
   1.9494673057959206           0.69623832349854298            0.0000000000000000     
   1.9494673057959206           0.69623832349854298           0.17405958087463577     
   1.9494673057959206           0.69623832349854298           0.34811916174927154     
   1.9494673057959206           0.69623832349854298           0.52217874262390729     
   1.9494673057959206           0.69623832349854298           0.69623832349854309     
   1.9494673057959206           0.69623832349854298           0.87029790437317889     
   1.9494673057959206           0.69623832349854298            1.0443574852478146     
   1.9494673057959206           0.69623832349854298            1.2184170661224505     
   1.9494673057959206           0.69623832349854298            1.3924766469970862     
   1.9494673057959206           0.69623832349854298            1.5665362278717216     
   1.9494673057959206           0.69623832349854298            1.7405958087463578     
   1.9494673057959206           0.69623832349854298            1.9146553896209932     
   1.9494673057959206           0.69623832349854298            2.0887149704956292     
   1.9494673057959206           0.69623832349854298            2.2627745513702648     
   1.9494673057959206           0.69623832349854298            2.4368341322449010     
   1.9494673057959206           0.69623832349854298            2.6108937131195367     
   1.9494673057959206           0.69623832349854298            2.7849532939941724     
   1.9494673057959206           0.69623832349854298            2.9590128748688080     
   1.9494673057959206           0.69623832349854298            3.1330724557434433     
   1.9494673057959206           0.83548598819825159            0.0000000000000000     
   1.9494673057959206           0.83548598819825159           0.17405958087463577     
   1.9494673057959206           0.83548598819825159           0.34811916174927154     
   1.9494673057959206           0.83548598819825159           0.52217874262390729     
   1.9494673057959206           0.83548598819825159           0.69623832349854309     
   1.9494673057959206           0.83548598819825159           0.87029790437317889     
   1.9494673057959206           0.83548598819825159            1.0443574852478146     
   1.9494673057959206           0.83548598819825159            1.2184170661224505     
   1.9494673057959206           0.83548598819825159            1.3924766469970862     
   1.9494673057959206           0.83548598819825159            1.5665362278717216     
   1.9494673057959206           0.83548598819825159            1.7405958087463578     
   1.9494673057959206           0.83548598819825159            1.9146553896209932     
   1.9494673057959206           0.83548598819825159            2.0887149704956292     
   1.9494673057959206           0.83548598819825159            2.2627745513702648     
   1.9494673057959206           0.83548598819825159            2.4368341322449010     
   1.9494673057959206           0.83548598819825159            2.6108937131195367     
   1.9494673057959206           0.83548598819825159            2.7849532939941724     
   1.9494673057959206           0.83548598819825159            2.9590128748688080     
   1.9494673057959206           0.83548598819825159            3.1330724557434433     
   1.9494673057959206           0.97473365289796032            0.0000000000000000     
   1.9494673057959206           0.97473365289796032           0.17405958087463577     
   1.9494673057959206           0.97473365289796032           0.34811916174927154     
   1.9494673057959206           0.97473365289796032           0.52217874262390729     
   1.9494673057959206           0.97473365289796032           0.69623832349854309     
   1.9494673057959206           0.97473365289796032           0.87029790437317889     
   1.9494673057959206           0.97473365289796032            1.0443574852478146     
   1.9494673057959206           0.97473365289796032            1.2184170661224505     
   1.9494673057959206           0.97473365289796032            1.3924766469970862     
   1.9494673057959206           0.97473365289796032            1.5665362278717216     
   1.9494673057959206           0.97473365289796032            1.7405958087463578     
   1.9494673057959206           0.97473365289796032            1.9146553896209932     
   1.9494673057959206           0.97473365289796032            2.0887149704956292     
   1.9494673057959206           0.97473365289796032            2.2627745513702648     
   1.9494673057959206           0.97473365289796032            2.4368341322449010     
   1.9494673057959206           0.97473365289796032            2.6108937131195367     
   1.9494673057959206           0.97473365289796032            2.7849532939941724     
   1.9494673057959206           0.97473365289796032            2.9590128748688080     
   1.9494673057959206           0.97473365289796032            3.1330724557434433     
   1.9494673057959206            1.1139813175976687            0.0000000000000000     
   1.9494673057959206            1.1139813175976687           0.17405958087463577     
   1.9494673057959206            1.1139813175976687           0.34811916174927154     
   1.9494673057959206            1.1139813175976687           0.52217874262390729     
   1.9494673057959206            1.1139813175976687           0.69623832349854309     
   1.9494673057959206            1.1139813175976687           0.87029790437317889     
   1.9494673057959206            1.1139813175976687            1.0443574852478146     
   1.9494673057959206            1.1139813175976687            1.2184170661224505     
   1.9494673057959206            1.1139813175976687            1.3924766469970862     
   1.9494673057959206            1.1139813175976687            1.5665362278717216     
   1.9494673057959206            1.1139813175976687            1.7405958087463578     
   1.9494673057959206            1.1139813175976687            1.9146553896209932     
   1.9494673057959206            1.1139813175976687            2.0887149704956292     
   1.9494673057959206            1.1139813175976687            2.2627745513702648     
   1.9494673057959206            1.1139813175976687            2.4368341322449010     
   1.9494673057959206            1.1139813175976687            2.6108937131195367     
   1.9494673057959206            1.1139813175976687            2.7849532939941724     
   1.9494673057959206            1.1139813175976687            2.9590128748688080     
   1.9494673057959206            1.1139813175976687            3.1330724557434433     
   1.9494673057959206            1.2532289822973772            0.0000000000000000     
   1.9494673057959206            1.2532289822973772           0.17405958087463577     
   1.9494673057959206            1.2532289822973772           0.34811916174927154     
   1.9494673057959206            1.2532289822973772           0.52217874262390729     
   1.9494673057959206            1.2532289822973772           0.69623832349854309     
   1.9494673057959206            1.2532289822973772           0.87029790437317889     
   1.9494673057959206            1.2532289822973772            1.0443574852478146     
   1.9494673057959206            1.2532289822973772            1.2184170661224505     
   1.9494673057959206            1.2532289822973772            1.3924766469970862     
   1.9494673057959206            1.2532289822973772            1.5665362278717216     
   1.9494673057959206            1.2532289822973772            1.7405958087463578     
   1.9494673057959206            1.2532289822973772            1.9146553896209932     
   1.9494673057959206            1.2532289822973772            2.0887149704956292     
   1.9494673057959206            1.2532289822973772            2.2627745513702648     
   1.9494673057959206            1.2532289822973772            2.4368341322449010     
   1.9494673057959206            1.2532289822973772            2.6108937131195367     
   1.9494673057959206            1.2532289822973772            2.7849532939941724     
   1.9494673057959206            1.2532289822973772            2.9590128748688080     
   1.9494673057959206            1.2532289822973772            3.1330724557434433     
   1.9494673057959206            1.3924766469970860            0.0000000000000000     
   1.9494673057959206            1.3924766469970860           0.17405958087463577     
   1.9494673057959206            1.3924766469970860           0.34811916174927154     
   1.9494673057959206            1.3924766469970860           0.52217874262390729     
   1.9494673057959206            1.3924766469970860           0.69623832349854309     
   1.9494673057959206            1.3924766469970860           0.87029790437317889     
   1.9494673057959206            1.3924766469970860            1.0443574852478146     
   1.9494673057959206            1.3924766469970860            1.2184170661224505     
   1.9494673057959206            1.3924766469970860            1.3924766469970862     
   1.9494673057959206            1.3924766469970860            1.5665362278717216     
   1.9494673057959206            1.3924766469970860            1.7405958087463578     
   1.9494673057959206            1.3924766469970860            1.9146553896209932     
   1.9494673057959206            1.3924766469970860            2.0887149704956292     
   1.9494673057959206            1.3924766469970860            2.2627745513702648     
   1.9494673057959206            1.3924766469970860            2.4368341322449010     
   1.9494673057959206            1.3924766469970860            2.6108937131195367     
   1.9494673057959206            1.3924766469970860            2.7849532939941724     
   1.9494673057959206            1.3924766469970860            2.9590128748688080     
   1.9494673057959206            1.3924766469970860            3.1330724557434433     
   1.9494673057959206            1.5317243116967947            0.0000000000000000     
   1.9494673057959206            1.5317243116967947           0.17405958087463577     
   1.9494673057959206            1.5317243116967947           0.34811916174927154     
   1.9494673057959206            1.5317243116967947           0.52217874262390729     
   1.9494673057959206            1.5317243116967947           0.69623832349854309     
   1.9494673057959206            1.5317243116967947           0.87029790437317889     
   1.9494673057959206            1.5317243116967947            1.0443574852478146     
   1.9494673057959206            1.5317243116967947            1.2184170661224505     
   1.9494673057959206            1.5317243116967947            1.3924766469970862     
   1.9494673057959206            1.5317243116967947            1.5665362278717216     
   1.9494673057959206            1.5317243116967947            1.7405958087463578     
   1.9494673057959206            1.5317243116967947            1.9146553896209932     
   1.9494673057959206            1.5317243116967947            2.0887149704956292     
   1.9494673057959206            1.5317243116967947            2.2627745513702648     
   1.9494673057959206            1.5317243116967947            2.4368341322449010     
   1.9494673057959206            1.5317243116967947            2.6108937131195367     
   1.9494673057959206            1.5317243116967947            2.7849532939941724     
   1.9494673057959206            1.5317243116967947            2.9590128748688080     
   1.9494673057959206            1.5317243116967947            3.1330724557434433     
   1.9494673057959206            1.6709719763965032            0.0000000000000000     
   1.9494673057959206            1.6709719763965032           0.17405958087463577     
   1.9494673057959206            1.6709719763965032           0.34811916174927154     
   1.9494673057959206            1.6709719763965032           0.52217874262390729     
   1.9494673057959206            1.6709719763965032           0.69623832349854309     
   1.9494673057959206            1.6709719763965032           0.87029790437317889     
   1.9494673057959206            1.6709719763965032            1.0443574852478146     
   1.9494673057959206            1.6709719763965032            1.2184170661224505     
   1.9494673057959206            1.6709719763965032            1.3924766469970862     
   1.9494673057959206            1.6709719763965032            1.5665362278717216     
   1.9494673057959206            1.6709719763965032            1.7405958087463578     
   1.9494673057959206            1.6709719763965032            1.9146553896209932     
   1.9494673057959206            1.6709719763965032            2.0887149704956292     
   1.9494673057959206            1.6709719763965032            2.2627745513702648     
   1.9494673057959206            1.6709719763965032            2.4368341322449010     
   1.9494673057959206            1.6709719763965032            2.6108937131195367     
   1.9494673057959206            1.6709719763965032            2.7849532939941724     
   1.9494673057959206            1.6709719763965032            2.9590128748688080     
   1.9494673057959206            1.6709719763965032            3.1330724557434433     
   1.9494673057959206            1.8102196410962119            0.0000000000000000     
   1.9494673057959206            1.8102196410962119           0.17405958087463577     
   1.9494673057959206            1.8102196410962119           0.34811916174927154     
   1.9494673057959206            1.8102196410962119           0.52217874262390729     
   1.9494673057959206            1.8102196410962119           0.69623832349854309     
   1.9494673057959206            1.8102196410962119           0.87029790437317889     
   1.9494673057959206            1.8102196410962119            1.0443574852478146     
   1.9494673057959206            1.8102196410962119            1.2184170661224505     
   1.9494673057959206            1.8102196410962119            1.3924766469970862     
   1.9494673057959206            1.8102196410962119            1.5665362278717216     
   1.9494673057959206            1.8102196410962119            1.7405958087463578     
   1.9494673057959206            1.8102196410962119            1.9146553896209932     
   1.9494673057959206            1.8102196410962119            2.0887149704956292     
   1.9494673057959206            1.8102196410962119            2.2627745513702648     
   1.9494673057959206            1.8102196410962119            2.4368341322449010     
   1.9494673057959206            1.8102196410962119            2.6108937131195367     
   1.9494673057959206            1.8102196410962119            2.7849532939941724     
   1.9494673057959206            1.8102196410962119            2.9590128748688080     
   1.9494673057959206            1.8102196410962119            3.1330724557434433     
   1.9494673057959206            1.9494673057959206            0.0000000000000000     
   1.9494673057959206            1.9494673057959206           0.17405958087463577     
   1.9494673057959206            1.9494673057959206           0.34811916174927154     
   1.9494673057959206            1.9494673057959206           0.52217874262390729     
   1.9494673057959206            1.9494673057959206           0.69623832349854309     
   1.9494673057959206            1.9494673057959206           0.87029790437317889     
   1.9494673057959206            1.9494673057959206            1.0443574852478146     
   1.9494673057959206            1.9494673057959206            1.2184170661224505     
   1.9494673057959206            1.9494673057959206            1.3924766469970862     
   1.9494673057959206            1.9494673057959206            1.5665362278717216     
   1.9494673057959206            1.9494673057959206            1.7405958087463578     
   1.9494673057959206            1.9494673057959206            1.9146553896209932     
   1.9494673057959206            1.9494673057959206            2.0887149704956292     
   1.9494673057959206            1.9494673057959206            2.2627745513702648     
   1.9494673057959206            1.9494673057959206            2.4368341322449010     
   1.9494673057959206            1.9494673057959206            2.6108937131195367     
   1.9494673057959206            1.9494673057959206            2.7849532939941724     
   1.9494673057959206            1.9494673057959206            2.9590128748688080     
   1.9494673057959206            1.9494673057959206            3.1330724557434433     
   1.9494673057959206            2.0887149704956292            0.0000000000000000     
   1.9494673057959206            2.0887149704956292           0.17405958087463577     
   1.9494673057959206            2.0887149704956292           0.34811916174927154     
   1.9494673057959206            2.0887149704956292           0.52217874262390729     
   1.9494673057959206            2.0887149704956292           0.69623832349854309     
   1.9494673057959206            2.0887149704956292           0.87029790437317889     
   1.9494673057959206            2.0887149704956292            1.0443574852478146     
   1.9494673057959206            2.0887149704956292            1.2184170661224505     
   1.9494673057959206            2.0887149704956292            1.3924766469970862     
   1.9494673057959206            2.0887149704956292            1.5665362278717216     
   1.9494673057959206            2.0887149704956292            1.7405958087463578     
   1.9494673057959206            2.0887149704956292            1.9146553896209932     
   1.9494673057959206            2.0887149704956292            2.0887149704956292     
   1.9494673057959206            2.0887149704956292            2.2627745513702648     
   1.9494673057959206            2.0887149704956292            2.4368341322449010     
   1.9494673057959206            2.0887149704956292            2.6108937131195367     
   1.9494673057959206            2.0887149704956292            2.7849532939941724     
   1.9494673057959206            2.0887149704956292            2.9590128748688080     
   1.9494673057959206            2.0887149704956292            3.1330724557434433     
   1.9494673057959206            2.2279626351953374            0.0000000000000000     
   1.9494673057959206            2.2279626351953374           0.17405958087463577     
   1.9494673057959206            2.2279626351953374           0.34811916174927154     
   1.9494673057959206            2.2279626351953374           0.52217874262390729     
   1.9494673057959206            2.2279626351953374           0.69623832349854309     
   1.9494673057959206            2.2279626351953374           0.87029790437317889     
   1.9494673057959206            2.2279626351953374            1.0443574852478146     
   1.9494673057959206            2.2279626351953374            1.2184170661224505     
   1.9494673057959206            2.2279626351953374            1.3924766469970862     
   1.9494673057959206            2.2279626351953374            1.5665362278717216     
   1.9494673057959206            2.2279626351953374            1.7405958087463578     
   1.9494673057959206            2.2279626351953374            1.9146553896209932     
   1.9494673057959206            2.2279626351953374            2.0887149704956292     
   1.9494673057959206            2.2279626351953374            2.2627745513702648     
   1.9494673057959206            2.2279626351953374            2.4368341322449010     
   1.9494673057959206            2.2279626351953374            2.6108937131195367     
   1.9494673057959206            2.2279626351953374            2.7849532939941724     
   1.9494673057959206            2.2279626351953374            2.9590128748688080     
   1.9494673057959206            2.2279626351953374            3.1330724557434433     
   1.9494673057959206            2.3672102998950462            0.0000000000000000     
   1.9494673057959206            2.3672102998950462           0.17405958087463577     
   1.9494673057959206            2.3672102998950462           0.34811916174927154     
   1.9494673057959206            2.3672102998950462           0.52217874262390729     
   1.9494673057959206            2.3672102998950462           0.69623832349854309     
   1.9494673057959206            2.3672102998950462           0.87029790437317889     
   1.9494673057959206            2.3672102998950462            1.0443574852478146     
   1.9494673057959206            2.3672102998950462            1.2184170661224505     
   1.9494673057959206            2.3672102998950462            1.3924766469970862     
   1.9494673057959206            2.3672102998950462            1.5665362278717216     
   1.9494673057959206            2.3672102998950462            1.7405958087463578     
   1.9494673057959206            2.3672102998950462            1.9146553896209932     
   1.9494673057959206            2.3672102998950462            2.0887149704956292     
   1.9494673057959206            2.3672102998950462            2.2627745513702648     
   1.9494673057959206            2.3672102998950462            2.4368341322449010     
   1.9494673057959206            2.3672102998950462            2.6108937131195367     
   1.9494673057959206            2.3672102998950462            2.7849532939941724     
   1.9494673057959206            2.3672102998950462            2.9590128748688080     
   1.9494673057959206            2.3672102998950462            3.1330724557434433     
   1.9494673057959206            2.5064579645947545            0.0000000000000000     
   1.9494673057959206            2.5064579645947545           0.17405958087463577     
   1.9494673057959206            2.5064579645947545           0.34811916174927154     
   1.9494673057959206            2.5064579645947545           0.52217874262390729     
   1.9494673057959206            2.5064579645947545           0.69623832349854309     
   1.9494673057959206            2.5064579645947545           0.87029790437317889     
   1.9494673057959206            2.5064579645947545            1.0443574852478146     
   1.9494673057959206            2.5064579645947545            1.2184170661224505     
   1.9494673057959206            2.5064579645947545            1.3924766469970862     
   1.9494673057959206            2.5064579645947545            1.5665362278717216     
   1.9494673057959206            2.5064579645947545            1.7405958087463578     
   1.9494673057959206            2.5064579645947545            1.9146553896209932     
   1.9494673057959206            2.5064579645947545            2.0887149704956292     
   1.9494673057959206            2.5064579645947545            2.2627745513702648     
   1.9494673057959206            2.5064579645947545            2.4368341322449010     
   1.9494673057959206            2.5064579645947545            2.6108937131195367     
   1.9494673057959206            2.5064579645947545            2.7849532939941724     
   1.9494673057959206            2.5064579645947545            2.9590128748688080     
   1.9494673057959206            2.5064579645947545            3.1330724557434433     
   2.0887149704956292            0.0000000000000000            0.0000000000000000     
   2.0887149704956292            0.0000000000000000           0.17405958087463577     
   2.0887149704956292            0.0000000000000000           0.34811916174927154     
   2.0887149704956292            0.0000000000000000           0.52217874262390729     
   2.0887149704956292            0.0000000000000000           0.69623832349854309     
   2.0887149704956292            0.0000000000000000           0.87029790437317889     
   2.0887149704956292            0.0000000000000000            1.0443574852478146     
   2.0887149704956292            0.0000000000000000            1.2184170661224505     
   2.0887149704956292            0.0000000000000000            1.3924766469970862     
   2.0887149704956292            0.0000000000000000            1.5665362278717216     
   2.0887149704956292            0.0000000000000000            1.7405958087463578     
   2.0887149704956292            0.0000000000000000            1.9146553896209932     
   2.0887149704956292            0.0000000000000000            2.0887149704956292     
   2.0887149704956292            0.0000000000000000            2.2627745513702648     
   2.0887149704956292            0.0000000000000000            2.4368341322449010     
   2.0887149704956292            0.0000000000000000            2.6108937131195367     
   2.0887149704956292            0.0000000000000000            2.7849532939941724     
   2.0887149704956292            0.0000000000000000            2.9590128748688080     
   2.0887149704956292            0.0000000000000000            3.1330724557434433     
   2.0887149704956292           0.13924766469970859            0.0000000000000000     
   2.0887149704956292           0.13924766469970859           0.17405958087463577     
   2.0887149704956292           0.13924766469970859           0.34811916174927154     
   2.0887149704956292           0.13924766469970859           0.52217874262390729     
   2.0887149704956292           0.13924766469970859           0.69623832349854309     
   2.0887149704956292           0.13924766469970859           0.87029790437317889     
   2.0887149704956292           0.13924766469970859            1.0443574852478146     
   2.0887149704956292           0.13924766469970859            1.2184170661224505     
   2.0887149704956292           0.13924766469970859            1.3924766469970862     
   2.0887149704956292           0.13924766469970859            1.5665362278717216     
   2.0887149704956292           0.13924766469970859            1.7405958087463578     
   2.0887149704956292           0.13924766469970859            1.9146553896209932     
   2.0887149704956292           0.13924766469970859            2.0887149704956292     
   2.0887149704956292           0.13924766469970859            2.2627745513702648     
   2.0887149704956292           0.13924766469970859            2.4368341322449010     
   2.0887149704956292           0.13924766469970859            2.6108937131195367     
   2.0887149704956292           0.13924766469970859            2.7849532939941724     
   2.0887149704956292           0.13924766469970859            2.9590128748688080     
   2.0887149704956292           0.13924766469970859            3.1330724557434433     
   2.0887149704956292           0.27849532939941718            0.0000000000000000     
   2.0887149704956292           0.27849532939941718           0.17405958087463577     
   2.0887149704956292           0.27849532939941718           0.34811916174927154     
   2.0887149704956292           0.27849532939941718           0.52217874262390729     
   2.0887149704956292           0.27849532939941718           0.69623832349854309     
   2.0887149704956292           0.27849532939941718           0.87029790437317889     
   2.0887149704956292           0.27849532939941718            1.0443574852478146     
   2.0887149704956292           0.27849532939941718            1.2184170661224505     
   2.0887149704956292           0.27849532939941718            1.3924766469970862     
   2.0887149704956292           0.27849532939941718            1.5665362278717216     
   2.0887149704956292           0.27849532939941718            1.7405958087463578     
   2.0887149704956292           0.27849532939941718            1.9146553896209932     
   2.0887149704956292           0.27849532939941718            2.0887149704956292     
   2.0887149704956292           0.27849532939941718            2.2627745513702648     
   2.0887149704956292           0.27849532939941718            2.4368341322449010     
   2.0887149704956292           0.27849532939941718            2.6108937131195367     
   2.0887149704956292           0.27849532939941718            2.7849532939941724     
   2.0887149704956292           0.27849532939941718            2.9590128748688080     
   2.0887149704956292           0.27849532939941718            3.1330724557434433     
   2.0887149704956292           0.41774299409912580            0.0000000000000000     
   2.0887149704956292           0.41774299409912580           0.17405958087463577     
   2.0887149704956292           0.41774299409912580           0.34811916174927154     
   2.0887149704956292           0.41774299409912580           0.52217874262390729     
   2.0887149704956292           0.41774299409912580           0.69623832349854309     
   2.0887149704956292           0.41774299409912580           0.87029790437317889     
   2.0887149704956292           0.41774299409912580            1.0443574852478146     
   2.0887149704956292           0.41774299409912580            1.2184170661224505     
   2.0887149704956292           0.41774299409912580            1.3924766469970862     
   2.0887149704956292           0.41774299409912580            1.5665362278717216     
   2.0887149704956292           0.41774299409912580            1.7405958087463578     
   2.0887149704956292           0.41774299409912580            1.9146553896209932     
   2.0887149704956292           0.41774299409912580            2.0887149704956292     
   2.0887149704956292           0.41774299409912580            2.2627745513702648     
   2.0887149704956292           0.41774299409912580            2.4368341322449010     
   2.0887149704956292           0.41774299409912580            2.6108937131195367     
   2.0887149704956292           0.41774299409912580            2.7849532939941724     
   2.0887149704956292           0.41774299409912580            2.9590128748688080     
   2.0887149704956292           0.41774299409912580            3.1330724557434433     
   2.0887149704956292           0.55699065879883436            0.0000000000000000     
   2.0887149704956292           0.55699065879883436           0.17405958087463577     
   2.0887149704956292           0.55699065879883436           0.34811916174927154     
   2.0887149704956292           0.55699065879883436           0.52217874262390729     
   2.0887149704956292           0.55699065879883436           0.69623832349854309     
   2.0887149704956292           0.55699065879883436           0.87029790437317889     
   2.0887149704956292           0.55699065879883436            1.0443574852478146     
   2.0887149704956292           0.55699065879883436            1.2184170661224505     
   2.0887149704956292           0.55699065879883436            1.3924766469970862     
   2.0887149704956292           0.55699065879883436            1.5665362278717216     
   2.0887149704956292           0.55699065879883436            1.7405958087463578     
   2.0887149704956292           0.55699065879883436            1.9146553896209932     
   2.0887149704956292           0.55699065879883436            2.0887149704956292     
   2.0887149704956292           0.55699065879883436            2.2627745513702648     
   2.0887149704956292           0.55699065879883436            2.4368341322449010     
   2.0887149704956292           0.55699065879883436            2.6108937131195367     
   2.0887149704956292           0.55699065879883436            2.7849532939941724     
   2.0887149704956292           0.55699065879883436            2.9590128748688080     
   2.0887149704956292           0.55699065879883436            3.1330724557434433     
   2.0887149704956292           0.69623832349854298            0.0000000000000000     
   2.0887149704956292           0.69623832349854298           0.17405958087463577     
   2.0887149704956292           0.69623832349854298           0.34811916174927154     
   2.0887149704956292           0.69623832349854298           0.52217874262390729     
   2.0887149704956292           0.69623832349854298           0.69623832349854309     
   2.0887149704956292           0.69623832349854298           0.87029790437317889     
   2.0887149704956292           0.69623832349854298            1.0443574852478146     
   2.0887149704956292           0.69623832349854298            1.2184170661224505     
   2.0887149704956292           0.69623832349854298            1.3924766469970862     
   2.0887149704956292           0.69623832349854298            1.5665362278717216     
   2.0887149704956292           0.69623832349854298            1.7405958087463578     
   2.0887149704956292           0.69623832349854298            1.9146553896209932     
   2.0887149704956292           0.69623832349854298            2.0887149704956292     
   2.0887149704956292           0.69623832349854298            2.2627745513702648     
   2.0887149704956292           0.69623832349854298            2.4368341322449010     
   2.0887149704956292           0.69623832349854298            2.6108937131195367     
   2.0887149704956292           0.69623832349854298            2.7849532939941724     
   2.0887149704956292           0.69623832349854298            2.9590128748688080     
   2.0887149704956292           0.69623832349854298            3.1330724557434433     
   2.0887149704956292           0.83548598819825159            0.0000000000000000     
   2.0887149704956292           0.83548598819825159           0.17405958087463577     
   2.0887149704956292           0.83548598819825159           0.34811916174927154     
   2.0887149704956292           0.83548598819825159           0.52217874262390729     
   2.0887149704956292           0.83548598819825159           0.69623832349854309     
   2.0887149704956292           0.83548598819825159           0.87029790437317889     
   2.0887149704956292           0.83548598819825159            1.0443574852478146     
   2.0887149704956292           0.83548598819825159            1.2184170661224505     
   2.0887149704956292           0.83548598819825159            1.3924766469970862     
   2.0887149704956292           0.83548598819825159            1.5665362278717216     
   2.0887149704956292           0.83548598819825159            1.7405958087463578     
   2.0887149704956292           0.83548598819825159            1.9146553896209932     
   2.0887149704956292           0.83548598819825159            2.0887149704956292     
   2.0887149704956292           0.83548598819825159            2.2627745513702648     
   2.0887149704956292           0.83548598819825159            2.4368341322449010     
   2.0887149704956292           0.83548598819825159            2.6108937131195367     
   2.0887149704956292           0.83548598819825159            2.7849532939941724     
   2.0887149704956292           0.83548598819825159            2.9590128748688080     
   2.0887149704956292           0.83548598819825159            3.1330724557434433     
   2.0887149704956292           0.97473365289796032            0.0000000000000000     
   2.0887149704956292           0.97473365289796032           0.17405958087463577     
   2.0887149704956292           0.97473365289796032           0.34811916174927154     
   2.0887149704956292           0.97473365289796032           0.52217874262390729     
   2.0887149704956292           0.97473365289796032           0.69623832349854309     
   2.0887149704956292           0.97473365289796032           0.87029790437317889     
   2.0887149704956292           0.97473365289796032            1.0443574852478146     
   2.0887149704956292           0.97473365289796032            1.2184170661224505     
   2.0887149704956292           0.97473365289796032            1.3924766469970862     
   2.0887149704956292           0.97473365289796032            1.5665362278717216     
   2.0887149704956292           0.97473365289796032            1.7405958087463578     
   2.0887149704956292           0.97473365289796032            1.9146553896209932     
   2.0887149704956292           0.97473365289796032            2.0887149704956292     
   2.0887149704956292           0.97473365289796032            2.2627745513702648     
   2.0887149704956292           0.97473365289796032            2.4368341322449010     
   2.0887149704956292           0.97473365289796032            2.6108937131195367     
   2.0887149704956292           0.97473365289796032            2.7849532939941724     
   2.0887149704956292           0.97473365289796032            2.9590128748688080     
   2.0887149704956292           0.97473365289796032            3.1330724557434433     
   2.0887149704956292            1.1139813175976687            0.0000000000000000     
   2.0887149704956292            1.1139813175976687           0.17405958087463577     
   2.0887149704956292            1.1139813175976687           0.34811916174927154     
   2.0887149704956292            1.1139813175976687           0.52217874262390729     
   2.0887149704956292            1.1139813175976687           0.69623832349854309     
   2.0887149704956292            1.1139813175976687           0.87029790437317889     
   2.0887149704956292            1.1139813175976687            1.0443574852478146     
   2.0887149704956292            1.1139813175976687            1.2184170661224505     
   2.0887149704956292            1.1139813175976687            1.3924766469970862     
   2.0887149704956292            1.1139813175976687            1.5665362278717216     
   2.0887149704956292            1.1139813175976687            1.7405958087463578     
   2.0887149704956292            1.1139813175976687            1.9146553896209932     
   2.0887149704956292            1.1139813175976687            2.0887149704956292     
   2.0887149704956292            1.1139813175976687            2.2627745513702648     
   2.0887149704956292            1.1139813175976687            2.4368341322449010     
   2.0887149704956292            1.1139813175976687            2.6108937131195367     
   2.0887149704956292            1.1139813175976687            2.7849532939941724     
   2.0887149704956292            1.1139813175976687            2.9590128748688080     
   2.0887149704956292            1.1139813175976687            3.1330724557434433     
   2.0887149704956292            1.2532289822973772            0.0000000000000000     
   2.0887149704956292            1.2532289822973772           0.17405958087463577     
   2.0887149704956292            1.2532289822973772           0.34811916174927154     
   2.0887149704956292            1.2532289822973772           0.52217874262390729     
   2.0887149704956292            1.2532289822973772           0.69623832349854309     
   2.0887149704956292            1.2532289822973772           0.87029790437317889     
   2.0887149704956292            1.2532289822973772            1.0443574852478146     
   2.0887149704956292            1.2532289822973772            1.2184170661224505     
   2.0887149704956292            1.2532289822973772            1.3924766469970862     
   2.0887149704956292            1.2532289822973772            1.5665362278717216     
   2.0887149704956292            1.2532289822973772            1.7405958087463578     
   2.0887149704956292            1.2532289822973772            1.9146553896209932     
   2.0887149704956292            1.2532289822973772            2.0887149704956292     
   2.0887149704956292            1.2532289822973772            2.2627745513702648     
   2.0887149704956292            1.2532289822973772            2.4368341322449010     
   2.0887149704956292            1.2532289822973772            2.6108937131195367     
   2.0887149704956292            1.2532289822973772            2.7849532939941724     
   2.0887149704956292            1.2532289822973772            2.9590128748688080     
   2.0887149704956292            1.2532289822973772            3.1330724557434433     
   2.0887149704956292            1.3924766469970860            0.0000000000000000     
   2.0887149704956292            1.3924766469970860           0.17405958087463577     
   2.0887149704956292            1.3924766469970860           0.34811916174927154     
   2.0887149704956292            1.3924766469970860           0.52217874262390729     
   2.0887149704956292            1.3924766469970860           0.69623832349854309     
   2.0887149704956292            1.3924766469970860           0.87029790437317889     
   2.0887149704956292            1.3924766469970860            1.0443574852478146     
   2.0887149704956292            1.3924766469970860            1.2184170661224505     
   2.0887149704956292            1.3924766469970860            1.3924766469970862     
   2.0887149704956292            1.3924766469970860            1.5665362278717216     
   2.0887149704956292            1.3924766469970860            1.7405958087463578     
   2.0887149704956292            1.3924766469970860            1.9146553896209932     
   2.0887149704956292            1.3924766469970860            2.0887149704956292     
   2.0887149704956292            1.3924766469970860            2.2627745513702648     
   2.0887149704956292            1.3924766469970860            2.4368341322449010     
   2.0887149704956292            1.3924766469970860            2.6108937131195367     
   2.0887149704956292            1.3924766469970860            2.7849532939941724     
   2.0887149704956292            1.3924766469970860            2.9590128748688080     
   2.0887149704956292            1.3924766469970860            3.1330724557434433     
   2.0887149704956292            1.5317243116967947            0.0000000000000000     
   2.0887149704956292            1.5317243116967947           0.17405958087463577     
   2.0887149704956292            1.5317243116967947           0.34811916174927154     
   2.0887149704956292            1.5317243116967947           0.52217874262390729     
   2.0887149704956292            1.5317243116967947           0.69623832349854309     
   2.0887149704956292            1.5317243116967947           0.87029790437317889     
   2.0887149704956292            1.5317243116967947            1.0443574852478146     
   2.0887149704956292            1.5317243116967947            1.2184170661224505     
   2.0887149704956292            1.5317243116967947            1.3924766469970862     
   2.0887149704956292            1.5317243116967947            1.5665362278717216     
   2.0887149704956292            1.5317243116967947            1.7405958087463578     
   2.0887149704956292            1.5317243116967947            1.9146553896209932     
   2.0887149704956292            1.5317243116967947            2.0887149704956292     
   2.0887149704956292            1.5317243116967947            2.2627745513702648     
   2.0887149704956292            1.5317243116967947            2.4368341322449010     
   2.0887149704956292            1.5317243116967947            2.6108937131195367     
   2.0887149704956292            1.5317243116967947            2.7849532939941724     
   2.0887149704956292            1.5317243116967947            2.9590128748688080     
   2.0887149704956292            1.5317243116967947            3.1330724557434433     
   2.0887149704956292            1.6709719763965032            0.0000000000000000     
   2.0887149704956292            1.6709719763965032           0.17405958087463577     
   2.0887149704956292            1.6709719763965032           0.34811916174927154     
   2.0887149704956292            1.6709719763965032           0.52217874262390729     
   2.0887149704956292            1.6709719763965032           0.69623832349854309     
   2.0887149704956292            1.6709719763965032           0.87029790437317889     
   2.0887149704956292            1.6709719763965032            1.0443574852478146     
   2.0887149704956292            1.6709719763965032            1.2184170661224505     
   2.0887149704956292            1.6709719763965032            1.3924766469970862     
   2.0887149704956292            1.6709719763965032            1.5665362278717216     
   2.0887149704956292            1.6709719763965032            1.7405958087463578     
   2.0887149704956292            1.6709719763965032            1.9146553896209932     
   2.0887149704956292            1.6709719763965032            2.0887149704956292     
   2.0887149704956292            1.6709719763965032            2.2627745513702648     
   2.0887149704956292            1.6709719763965032            2.4368341322449010     
   2.0887149704956292            1.6709719763965032            2.6108937131195367     
   2.0887149704956292            1.6709719763965032            2.7849532939941724     
   2.0887149704956292            1.6709719763965032            2.9590128748688080     
   2.0887149704956292            1.6709719763965032            3.1330724557434433     
   2.0887149704956292            1.8102196410962119            0.0000000000000000     
   2.0887149704956292            1.8102196410962119           0.17405958087463577     
   2.0887149704956292            1.8102196410962119           0.34811916174927154     
   2.0887149704956292            1.8102196410962119           0.52217874262390729     
   2.0887149704956292            1.8102196410962119           0.69623832349854309     
   2.0887149704956292            1.8102196410962119           0.87029790437317889     
   2.0887149704956292            1.8102196410962119            1.0443574852478146     
   2.0887149704956292            1.8102196410962119            1.2184170661224505     
   2.0887149704956292            1.8102196410962119            1.3924766469970862     
   2.0887149704956292            1.8102196410962119            1.5665362278717216     
   2.0887149704956292            1.8102196410962119            1.7405958087463578     
   2.0887149704956292            1.8102196410962119            1.9146553896209932     
   2.0887149704956292            1.8102196410962119            2.0887149704956292     
   2.0887149704956292            1.8102196410962119            2.2627745513702648     
   2.0887149704956292            1.8102196410962119            2.4368341322449010     
   2.0887149704956292            1.8102196410962119            2.6108937131195367     
   2.0887149704956292            1.8102196410962119            2.7849532939941724     
   2.0887149704956292            1.8102196410962119            2.9590128748688080     
   2.0887149704956292            1.8102196410962119            3.1330724557434433     
   2.0887149704956292            1.9494673057959206            0.0000000000000000     
   2.0887149704956292            1.9494673057959206           0.17405958087463577     
   2.0887149704956292            1.9494673057959206           0.34811916174927154     
   2.0887149704956292            1.9494673057959206           0.52217874262390729     
   2.0887149704956292            1.9494673057959206           0.69623832349854309     
   2.0887149704956292            1.9494673057959206           0.87029790437317889     
   2.0887149704956292            1.9494673057959206            1.0443574852478146     
   2.0887149704956292            1.9494673057959206            1.2184170661224505     
   2.0887149704956292            1.9494673057959206            1.3924766469970862     
   2.0887149704956292            1.9494673057959206            1.5665362278717216     
   2.0887149704956292            1.9494673057959206            1.7405958087463578     
   2.0887149704956292            1.9494673057959206            1.9146553896209932     
   2.0887149704956292            1.9494673057959206            2.0887149704956292     
   2.0887149704956292            1.9494673057959206            2.2627745513702648     
   2.0887149704956292            1.9494673057959206            2.4368341322449010     
   2.0887149704956292            1.9494673057959206            2.6108937131195367     
   2.0887149704956292            1.9494673057959206            2.7849532939941724     
   2.0887149704956292            1.9494673057959206            2.9590128748688080     
   2.0887149704956292            1.9494673057959206            3.1330724557434433     
   2.0887149704956292            2.0887149704956292            0.0000000000000000     
   2.0887149704956292            2.0887149704956292           0.17405958087463577     
   2.0887149704956292            2.0887149704956292           0.34811916174927154     
   2.0887149704956292            2.0887149704956292           0.52217874262390729     
   2.0887149704956292            2.0887149704956292           0.69623832349854309     
   2.0887149704956292            2.0887149704956292           0.87029790437317889     
   2.0887149704956292            2.0887149704956292            1.0443574852478146     
   2.0887149704956292            2.0887149704956292            1.2184170661224505     
   2.0887149704956292            2.0887149704956292            1.3924766469970862     
   2.0887149704956292            2.0887149704956292            1.5665362278717216     
   2.0887149704956292            2.0887149704956292            1.7405958087463578     
   2.0887149704956292            2.0887149704956292            1.9146553896209932     
   2.0887149704956292            2.0887149704956292            2.0887149704956292     
   2.0887149704956292            2.0887149704956292            2.2627745513702648     
   2.0887149704956292            2.0887149704956292            2.4368341322449010     
   2.0887149704956292            2.0887149704956292            2.6108937131195367     
   2.0887149704956292            2.0887149704956292            2.7849532939941724     
   2.0887149704956292            2.0887149704956292            2.9590128748688080     
   2.0887149704956292            2.0887149704956292            3.1330724557434433     
   2.0887149704956292            2.2279626351953374            0.0000000000000000     
   2.0887149704956292            2.2279626351953374           0.17405958087463577     
   2.0887149704956292            2.2279626351953374           0.34811916174927154     
   2.0887149704956292            2.2279626351953374           0.52217874262390729     
   2.0887149704956292            2.2279626351953374           0.69623832349854309     
   2.0887149704956292            2.2279626351953374           0.87029790437317889     
   2.0887149704956292            2.2279626351953374            1.0443574852478146     
   2.0887149704956292            2.2279626351953374            1.2184170661224505     
   2.0887149704956292            2.2279626351953374            1.3924766469970862     
   2.0887149704956292            2.2279626351953374            1.5665362278717216     
   2.0887149704956292            2.2279626351953374            1.7405958087463578     
   2.0887149704956292            2.2279626351953374            1.9146553896209932     
   2.0887149704956292            2.2279626351953374            2.0887149704956292     
   2.0887149704956292            2.2279626351953374            2.2627745513702648     
   2.0887149704956292            2.2279626351953374            2.4368341322449010     
   2.0887149704956292            2.2279626351953374            2.6108937131195367     
   2.0887149704956292            2.2279626351953374            2.7849532939941724     
   2.0887149704956292            2.2279626351953374            2.9590128748688080     
   2.0887149704956292            2.2279626351953374            3.1330724557434433     
   2.0887149704956292            2.3672102998950462            0.0000000000000000     
   2.0887149704956292            2.3672102998950462           0.17405958087463577     
   2.0887149704956292            2.3672102998950462           0.34811916174927154     
   2.0887149704956292            2.3672102998950462           0.52217874262390729     
   2.0887149704956292            2.3672102998950462           0.69623832349854309     
   2.0887149704956292            2.3672102998950462           0.87029790437317889     
   2.0887149704956292            2.3672102998950462            1.0443574852478146     
   2.0887149704956292            2.3672102998950462            1.2184170661224505     
   2.0887149704956292            2.3672102998950462            1.3924766469970862     
   2.0887149704956292            2.3672102998950462            1.5665362278717216     
   2.0887149704956292            2.3672102998950462            1.7405958087463578     
   2.0887149704956292            2.3672102998950462            1.9146553896209932     
   2.0887149704956292            2.3672102998950462            2.0887149704956292     
   2.0887149704956292            2.3672102998950462            2.2627745513702648     
   2.0887149704956292            2.3672102998950462            2.4368341322449010     
   2.0887149704956292            2.3672102998950462            2.6108937131195367     
   2.0887149704956292            2.3672102998950462            2.7849532939941724     
   2.0887149704956292            2.3672102998950462            2.9590128748688080     
   2.0887149704956292            2.3672102998950462            3.1330724557434433     
   2.0887149704956292            2.5064579645947545            0.0000000000000000     
   2.0887149704956292            2.5064579645947545           0.17405958087463577     
   2.0887149704956292            2.5064579645947545           0.34811916174927154     
   2.0887149704956292            2.5064579645947545           0.52217874262390729     
   2.0887149704956292            2.5064579645947545           0.69623832349854309     
   2.0887149704956292            2.5064579645947545           0.87029790437317889     
   2.0887149704956292            2.5064579645947545            1.0443574852478146     
   2.0887149704956292            2.5064579645947545            1.2184170661224505     
   2.0887149704956292            2.5064579645947545            1.3924766469970862     
   2.0887149704956292            2.5064579645947545            1.5665362278717216     
   2.0887149704956292            2.5064579645947545            1.7405958087463578     
   2.0887149704956292            2.5064579645947545            1.9146553896209932     
   2.0887149704956292            2.5064579645947545            2.0887149704956292     
   2.0887149704956292            2.5064579645947545            2.2627745513702648     
   2.0887149704956292            2.5064579645947545            2.4368341322449010     
   2.0887149704956292            2.5064579645947545            2.6108937131195367     
   2.0887149704956292            2.5064579645947545            2.7849532939941724     
   2.0887149704956292            2.5064579645947545            2.9590128748688080     
   2.0887149704956292            2.5064579645947545            3.1330724557434433     
   2.2279626351953374            0.0000000000000000            0.0000000000000000     
   2.2279626351953374            0.0000000000000000           0.17405958087463577     
   2.2279626351953374            0.0000000000000000           0.34811916174927154     
   2.2279626351953374            0.0000000000000000           0.52217874262390729     
   2.2279626351953374            0.0000000000000000           0.69623832349854309     
   2.2279626351953374            0.0000000000000000           0.87029790437317889     
   2.2279626351953374            0.0000000000000000            1.0443574852478146     
   2.2279626351953374            0.0000000000000000            1.2184170661224505     
   2.2279626351953374            0.0000000000000000            1.3924766469970862     
   2.2279626351953374            0.0000000000000000            1.5665362278717216     
   2.2279626351953374            0.0000000000000000            1.7405958087463578     
   2.2279626351953374            0.0000000000000000            1.9146553896209932     
   2.2279626351953374            0.0000000000000000            2.0887149704956292     
   2.2279626351953374            0.0000000000000000            2.2627745513702648     
   2.2279626351953374            0.0000000000000000            2.4368341322449010     
   2.2279626351953374            0.0000000000000000            2.6108937131195367     
   2.2279626351953374            0.0000000000000000            2.7849532939941724     
   2.2279626351953374            0.0000000000000000            2.9590128748688080     
   2.2279626351953374            0.0000000000000000            3.1330724557434433     
   2.2279626351953374           0.13924766469970859            0.0000000000000000     
   2.2279626351953374           0.13924766469970859           0.17405958087463577     
   2.2279626351953374           0.13924766469970859           0.34811916174927154     
   2.2279626351953374           0.13924766469970859           0.52217874262390729     
   2.2279626351953374           0.13924766469970859           0.69623832349854309     
   2.2279626351953374           0.13924766469970859           0.87029790437317889     
   2.2279626351953374           0.13924766469970859            1.0443574852478146     
   2.2279626351953374           0.13924766469970859            1.2184170661224505     
   2.2279626351953374           0.13924766469970859            1.3924766469970862     
   2.2279626351953374           0.13924766469970859            1.5665362278717216     
   2.2279626351953374           0.13924766469970859            1.7405958087463578     
   2.2279626351953374           0.13924766469970859            1.9146553896209932     
   2.2279626351953374           0.13924766469970859            2.0887149704956292     
   2.2279626351953374           0.13924766469970859            2.2627745513702648     
   2.2279626351953374           0.13924766469970859            2.4368341322449010     
   2.2279626351953374           0.13924766469970859            2.6108937131195367     
   2.2279626351953374           0.13924766469970859            2.7849532939941724     
   2.2279626351953374           0.13924766469970859            2.9590128748688080     
   2.2279626351953374           0.13924766469970859            3.1330724557434433     
   2.2279626351953374           0.27849532939941718            0.0000000000000000     
   2.2279626351953374           0.27849532939941718           0.17405958087463577     
   2.2279626351953374           0.27849532939941718           0.34811916174927154     
   2.2279626351953374           0.27849532939941718           0.52217874262390729     
   2.2279626351953374           0.27849532939941718           0.69623832349854309     
   2.2279626351953374           0.27849532939941718           0.87029790437317889     
   2.2279626351953374           0.27849532939941718            1.0443574852478146     
   2.2279626351953374           0.27849532939941718            1.2184170661224505     
   2.2279626351953374           0.27849532939941718            1.3924766469970862     
   2.2279626351953374           0.27849532939941718            1.5665362278717216     
   2.2279626351953374           0.27849532939941718            1.7405958087463578     
   2.2279626351953374           0.27849532939941718            1.9146553896209932     
   2.2279626351953374           0.27849532939941718            2.0887149704956292     
   2.2279626351953374           0.27849532939941718            2.2627745513702648     
   2.2279626351953374           0.27849532939941718            2.4368341322449010     
   2.2279626351953374           0.27849532939941718            2.6108937131195367     
   2.2279626351953374           0.27849532939941718            2.7849532939941724     
   2.2279626351953374           0.27849532939941718            2.9590128748688080     
   2.2279626351953374           0.27849532939941718            3.1330724557434433     
   2.2279626351953374           0.41774299409912580            0.0000000000000000     
   2.2279626351953374           0.41774299409912580           0.17405958087463577     
   2.2279626351953374           0.41774299409912580           0.34811916174927154     
   2.2279626351953374           0.41774299409912580           0.52217874262390729     
   2.2279626351953374           0.41774299409912580           0.69623832349854309     
   2.2279626351953374           0.41774299409912580           0.87029790437317889     
   2.2279626351953374           0.41774299409912580            1.0443574852478146     
   2.2279626351953374           0.41774299409912580            1.2184170661224505     
   2.2279626351953374           0.41774299409912580            1.3924766469970862     
   2.2279626351953374           0.41774299409912580            1.5665362278717216     
   2.2279626351953374           0.41774299409912580            1.7405958087463578     
   2.2279626351953374           0.41774299409912580            1.9146553896209932     
   2.2279626351953374           0.41774299409912580            2.0887149704956292     
   2.2279626351953374           0.41774299409912580            2.2627745513702648     
   2.2279626351953374           0.41774299409912580            2.4368341322449010     
   2.2279626351953374           0.41774299409912580            2.6108937131195367     
   2.2279626351953374           0.41774299409912580            2.7849532939941724     
   2.2279626351953374           0.41774299409912580            2.9590128748688080     
   2.2279626351953374           0.41774299409912580            3.1330724557434433     
   2.2279626351953374           0.55699065879883436            0.0000000000000000     
   2.2279626351953374           0.55699065879883436           0.17405958087463577     
   2.2279626351953374           0.55699065879883436           0.34811916174927154     
   2.2279626351953374           0.55699065879883436           0.52217874262390729     
   2.2279626351953374           0.55699065879883436           0.69623832349854309     
   2.2279626351953374           0.55699065879883436           0.87029790437317889     
   2.2279626351953374           0.55699065879883436            1.0443574852478146     
   2.2279626351953374           0.55699065879883436            1.2184170661224505     
   2.2279626351953374           0.55699065879883436            1.3924766469970862     
   2.2279626351953374           0.55699065879883436            1.5665362278717216     
   2.2279626351953374           0.55699065879883436            1.7405958087463578     
   2.2279626351953374           0.55699065879883436            1.9146553896209932     
   2.2279626351953374           0.55699065879883436            2.0887149704956292     
   2.2279626351953374           0.55699065879883436            2.2627745513702648     
   2.2279626351953374           0.55699065879883436            2.4368341322449010     
   2.2279626351953374           0.55699065879883436            2.6108937131195367     
   2.2279626351953374           0.55699065879883436            2.7849532939941724     
   2.2279626351953374           0.55699065879883436            2.9590128748688080     
   2.2279626351953374           0.55699065879883436            3.1330724557434433     
   2.2279626351953374           0.69623832349854298            0.0000000000000000     
   2.2279626351953374           0.69623832349854298           0.17405958087463577     
   2.2279626351953374           0.69623832349854298           0.34811916174927154     
   2.2279626351953374           0.69623832349854298           0.52217874262390729     
   2.2279626351953374           0.69623832349854298           0.69623832349854309     
   2.2279626351953374           0.69623832349854298           0.87029790437317889     
   2.2279626351953374           0.69623832349854298            1.0443574852478146     
   2.2279626351953374           0.69623832349854298            1.2184170661224505     
   2.2279626351953374           0.69623832349854298            1.3924766469970862     
   2.2279626351953374           0.69623832349854298            1.5665362278717216     
   2.2279626351953374           0.69623832349854298            1.7405958087463578     
   2.2279626351953374           0.69623832349854298            1.9146553896209932     
   2.2279626351953374           0.69623832349854298            2.0887149704956292     
   2.2279626351953374           0.69623832349854298            2.2627745513702648     
   2.2279626351953374           0.69623832349854298            2.4368341322449010     
   2.2279626351953374           0.69623832349854298            2.6108937131195367     
   2.2279626351953374           0.69623832349854298            2.7849532939941724     
   2.2279626351953374           0.69623832349854298            2.9590128748688080     
   2.2279626351953374           0.69623832349854298            3.1330724557434433     
   2.2279626351953374           0.83548598819825159            0.0000000000000000     
   2.2279626351953374           0.83548598819825159           0.17405958087463577     
   2.2279626351953374           0.83548598819825159           0.34811916174927154     
   2.2279626351953374           0.83548598819825159           0.52217874262390729     
   2.2279626351953374           0.83548598819825159           0.69623832349854309     
   2.2279626351953374           0.83548598819825159           0.87029790437317889     
   2.2279626351953374           0.83548598819825159            1.0443574852478146     
   2.2279626351953374           0.83548598819825159            1.2184170661224505     
   2.2279626351953374           0.83548598819825159            1.3924766469970862     
   2.2279626351953374           0.83548598819825159            1.5665362278717216     
   2.2279626351953374           0.83548598819825159            1.7405958087463578     
   2.2279626351953374           0.83548598819825159            1.9146553896209932     
   2.2279626351953374           0.83548598819825159            2.0887149704956292     
   2.2279626351953374           0.83548598819825159            2.2627745513702648     
   2.2279626351953374           0.83548598819825159            2.4368341322449010     
   2.2279626351953374           0.83548598819825159            2.6108937131195367     
   2.2279626351953374           0.83548598819825159            2.7849532939941724     
   2.2279626351953374           0.83548598819825159            2.9590128748688080     
   2.2279626351953374           0.83548598819825159            3.1330724557434433     
   2.2279626351953374           0.97473365289796032            0.0000000000000000     
   2.2279626351953374           0.97473365289796032           0.17405958087463577     
   2.2279626351953374           0.97473365289796032           0.34811916174927154     
   2.2279626351953374           0.97473365289796032           0.52217874262390729     
   2.2279626351953374           0.97473365289796032           0.69623832349854309     
   2.2279626351953374           0.97473365289796032           0.87029790437317889     
   2.2279626351953374           0.97473365289796032            1.0443574852478146     
   2.2279626351953374           0.97473365289796032            1.2184170661224505     
   2.2279626351953374           0.97473365289796032            1.3924766469970862     
   2.2279626351953374           0.97473365289796032            1.5665362278717216     
   2.2279626351953374           0.97473365289796032            1.7405958087463578     
   2.2279626351953374           0.97473365289796032            1.9146553896209932     
   2.2279626351953374           0.97473365289796032            2.0887149704956292     
   2.2279626351953374           0.97473365289796032            2.2627745513702648     
   2.2279626351953374           0.97473365289796032            2.4368341322449010     
   2.2279626351953374           0.97473365289796032            2.6108937131195367     
   2.2279626351953374           0.97473365289796032            2.7849532939941724     
   2.2279626351953374           0.97473365289796032            2.9590128748688080     
   2.2279626351953374           0.97473365289796032            3.1330724557434433     
   2.2279626351953374            1.1139813175976687            0.0000000000000000     
   2.2279626351953374            1.1139813175976687           0.17405958087463577     
   2.2279626351953374            1.1139813175976687           0.34811916174927154     
   2.2279626351953374            1.1139813175976687           0.52217874262390729     
   2.2279626351953374            1.1139813175976687           0.69623832349854309     
   2.2279626351953374            1.1139813175976687           0.87029790437317889     
   2.2279626351953374            1.1139813175976687            1.0443574852478146     
   2.2279626351953374            1.1139813175976687            1.2184170661224505     
   2.2279626351953374            1.1139813175976687            1.3924766469970862     
   2.2279626351953374            1.1139813175976687            1.5665362278717216     
   2.2279626351953374            1.1139813175976687            1.7405958087463578     
   2.2279626351953374            1.1139813175976687            1.9146553896209932     
   2.2279626351953374            1.1139813175976687            2.0887149704956292     
   2.2279626351953374            1.1139813175976687            2.2627745513702648     
   2.2279626351953374            1.1139813175976687            2.4368341322449010     
   2.2279626351953374            1.1139813175976687            2.6108937131195367     
   2.2279626351953374            1.1139813175976687            2.7849532939941724     
   2.2279626351953374            1.1139813175976687            2.9590128748688080     
   2.2279626351953374            1.1139813175976687            3.1330724557434433     
   2.2279626351953374            1.2532289822973772            0.0000000000000000     
   2.2279626351953374            1.2532289822973772           0.17405958087463577     
   2.2279626351953374            1.2532289822973772           0.34811916174927154     
   2.2279626351953374            1.2532289822973772           0.52217874262390729     
   2.2279626351953374            1.2532289822973772           0.69623832349854309     
   2.2279626351953374            1.2532289822973772           0.87029790437317889     
   2.2279626351953374            1.2532289822973772            1.0443574852478146     
   2.2279626351953374            1.2532289822973772            1.2184170661224505     
   2.2279626351953374            1.2532289822973772            1.3924766469970862     
   2.2279626351953374            1.2532289822973772            1.5665362278717216     
   2.2279626351953374            1.2532289822973772            1.7405958087463578     
   2.2279626351953374            1.2532289822973772            1.9146553896209932     
   2.2279626351953374            1.2532289822973772            2.0887149704956292     
   2.2279626351953374            1.2532289822973772            2.2627745513702648     
   2.2279626351953374            1.2532289822973772            2.4368341322449010     
   2.2279626351953374            1.2532289822973772            2.6108937131195367     
   2.2279626351953374            1.2532289822973772            2.7849532939941724     
   2.2279626351953374            1.2532289822973772            2.9590128748688080     
   2.2279626351953374            1.2532289822973772            3.1330724557434433     
   2.2279626351953374            1.3924766469970860            0.0000000000000000     
   2.2279626351953374            1.3924766469970860           0.17405958087463577     
   2.2279626351953374            1.3924766469970860           0.34811916174927154     
   2.2279626351953374            1.3924766469970860           0.52217874262390729     
   2.2279626351953374            1.3924766469970860           0.69623832349854309     
   2.2279626351953374            1.3924766469970860           0.87029790437317889     
   2.2279626351953374            1.3924766469970860            1.0443574852478146     
   2.2279626351953374            1.3924766469970860            1.2184170661224505     
   2.2279626351953374            1.3924766469970860            1.3924766469970862     
   2.2279626351953374            1.3924766469970860            1.5665362278717216     
   2.2279626351953374            1.3924766469970860            1.7405958087463578     
   2.2279626351953374            1.3924766469970860            1.9146553896209932     
   2.2279626351953374            1.3924766469970860            2.0887149704956292     
   2.2279626351953374            1.3924766469970860            2.2627745513702648     
   2.2279626351953374            1.3924766469970860            2.4368341322449010     
   2.2279626351953374            1.3924766469970860            2.6108937131195367     
   2.2279626351953374            1.3924766469970860            2.7849532939941724     
   2.2279626351953374            1.3924766469970860            2.9590128748688080     
   2.2279626351953374            1.3924766469970860            3.1330724557434433     
   2.2279626351953374            1.5317243116967947            0.0000000000000000     
   2.2279626351953374            1.5317243116967947           0.17405958087463577     
   2.2279626351953374            1.5317243116967947           0.34811916174927154     
   2.2279626351953374            1.5317243116967947           0.52217874262390729     
   2.2279626351953374            1.5317243116967947           0.69623832349854309     
   2.2279626351953374            1.5317243116967947           0.87029790437317889     
   2.2279626351953374            1.5317243116967947            1.0443574852478146     
   2.2279626351953374            1.5317243116967947            1.2184170661224505     
   2.2279626351953374            1.5317243116967947            1.3924766469970862     
   2.2279626351953374            1.5317243116967947            1.5665362278717216     
   2.2279626351953374            1.5317243116967947            1.7405958087463578     
   2.2279626351953374            1.5317243116967947            1.9146553896209932     
   2.2279626351953374            1.5317243116967947            2.0887149704956292     
   2.2279626351953374            1.5317243116967947            2.2627745513702648     
   2.2279626351953374            1.5317243116967947            2.4368341322449010     
   2.2279626351953374            1.5317243116967947            2.6108937131195367     
   2.2279626351953374            1.5317243116967947            2.7849532939941724     
   2.2279626351953374            1.5317243116967947            2.9590128748688080     
   2.2279626351953374            1.5317243116967947            3.1330724557434433     
   2.2279626351953374            1.6709719763965032            0.0000000000000000     
   2.2279626351953374            1.6709719763965032           0.17405958087463577     
   2.2279626351953374            1.6709719763965032           0.34811916174927154     
   2.2279626351953374            1.6709719763965032           0.52217874262390729     
   2.2279626351953374            1.6709719763965032           0.69623832349854309     
   2.2279626351953374            1.6709719763965032           0.87029790437317889     
   2.2279626351953374            1.6709719763965032            1.0443574852478146     
   2.2279626351953374            1.6709719763965032            1.2184170661224505     
   2.2279626351953374            1.6709719763965032            1.3924766469970862     
   2.2279626351953374            1.6709719763965032            1.5665362278717216     
   2.2279626351953374            1.6709719763965032            1.7405958087463578     
   2.2279626351953374            1.6709719763965032            1.9146553896209932     
   2.2279626351953374            1.6709719763965032            2.0887149704956292     
   2.2279626351953374            1.6709719763965032            2.2627745513702648     
   2.2279626351953374            1.6709719763965032            2.4368341322449010     
   2.2279626351953374            1.6709719763965032            2.6108937131195367     
   2.2279626351953374            1.6709719763965032            2.7849532939941724     
   2.2279626351953374            1.6709719763965032            2.9590128748688080     
   2.2279626351953374            1.6709719763965032            3.1330724557434433     
   2.2279626351953374            1.8102196410962119            0.0000000000000000     
   2.2279626351953374            1.8102196410962119           0.17405958087463577     
   2.2279626351953374            1.8102196410962119           0.34811916174927154     
   2.2279626351953374            1.8102196410962119           0.52217874262390729     
   2.2279626351953374            1.8102196410962119           0.69623832349854309     
   2.2279626351953374            1.8102196410962119           0.87029790437317889     
   2.2279626351953374            1.8102196410962119            1.0443574852478146     
   2.2279626351953374            1.8102196410962119            1.2184170661224505     
   2.2279626351953374            1.8102196410962119            1.3924766469970862     
   2.2279626351953374            1.8102196410962119            1.5665362278717216     
   2.2279626351953374            1.8102196410962119            1.7405958087463578     
   2.2279626351953374            1.8102196410962119            1.9146553896209932     
   2.2279626351953374            1.8102196410962119            2.0887149704956292     
   2.2279626351953374            1.8102196410962119            2.2627745513702648     
   2.2279626351953374            1.8102196410962119            2.4368341322449010     
   2.2279626351953374            1.8102196410962119            2.6108937131195367     
   2.2279626351953374            1.8102196410962119            2.7849532939941724     
   2.2279626351953374            1.8102196410962119            2.9590128748688080     
   2.2279626351953374            1.8102196410962119            3.1330724557434433     
   2.2279626351953374            1.9494673057959206            0.0000000000000000     
   2.2279626351953374            1.9494673057959206           0.17405958087463577     
   2.2279626351953374            1.9494673057959206           0.34811916174927154     
   2.2279626351953374            1.9494673057959206           0.52217874262390729     
   2.2279626351953374            1.9494673057959206           0.69623832349854309     
   2.2279626351953374            1.9494673057959206           0.87029790437317889     
   2.2279626351953374            1.9494673057959206            1.0443574852478146     
   2.2279626351953374            1.9494673057959206            1.2184170661224505     
   2.2279626351953374            1.9494673057959206            1.3924766469970862     
   2.2279626351953374            1.9494673057959206            1.5665362278717216     
   2.2279626351953374            1.9494673057959206            1.7405958087463578     
   2.2279626351953374            1.9494673057959206            1.9146553896209932     
   2.2279626351953374            1.9494673057959206            2.0887149704956292     
   2.2279626351953374            1.9494673057959206            2.2627745513702648     
   2.2279626351953374            1.9494673057959206            2.4368341322449010     
   2.2279626351953374            1.9494673057959206            2.6108937131195367     
   2.2279626351953374            1.9494673057959206            2.7849532939941724     
   2.2279626351953374            1.9494673057959206            2.9590128748688080     
   2.2279626351953374            1.9494673057959206            3.1330724557434433     
   2.2279626351953374            2.0887149704956292            0.0000000000000000     
   2.2279626351953374            2.0887149704956292           0.17405958087463577     
   2.2279626351953374            2.0887149704956292           0.34811916174927154     
   2.2279626351953374            2.0887149704956292           0.52217874262390729     
   2.2279626351953374            2.0887149704956292           0.69623832349854309     
   2.2279626351953374            2.0887149704956292           0.87029790437317889     
   2.2279626351953374            2.0887149704956292            1.0443574852478146     
   2.2279626351953374            2.0887149704956292            1.2184170661224505     
   2.2279626351953374            2.0887149704956292            1.3924766469970862     
   2.2279626351953374            2.0887149704956292            1.5665362278717216     
   2.2279626351953374            2.0887149704956292            1.7405958087463578     
   2.2279626351953374            2.0887149704956292            1.9146553896209932     
   2.2279626351953374            2.0887149704956292            2.0887149704956292     
   2.2279626351953374            2.0887149704956292            2.2627745513702648     
   2.2279626351953374            2.0887149704956292            2.4368341322449010     
   2.2279626351953374            2.0887149704956292            2.6108937131195367     
   2.2279626351953374            2.0887149704956292            2.7849532939941724     
   2.2279626351953374            2.0887149704956292            2.9590128748688080     
   2.2279626351953374            2.0887149704956292            3.1330724557434433     
   2.2279626351953374            2.2279626351953374            0.0000000000000000     
   2.2279626351953374            2.2279626351953374           0.17405958087463577     
   2.2279626351953374            2.2279626351953374           0.34811916174927154     
   2.2279626351953374            2.2279626351953374           0.52217874262390729     
   2.2279626351953374            2.2279626351953374           0.69623832349854309     
   2.2279626351953374            2.2279626351953374           0.87029790437317889     
   2.2279626351953374            2.2279626351953374            1.0443574852478146     
   2.2279626351953374            2.2279626351953374            1.2184170661224505     
   2.2279626351953374            2.2279626351953374            1.3924766469970862     
   2.2279626351953374            2.2279626351953374            1.5665362278717216     
   2.2279626351953374            2.2279626351953374            1.7405958087463578     
   2.2279626351953374            2.2279626351953374            1.9146553896209932     
   2.2279626351953374            2.2279626351953374            2.0887149704956292     
   2.2279626351953374            2.2279626351953374            2.2627745513702648     
   2.2279626351953374            2.2279626351953374            2.4368341322449010     
   2.2279626351953374            2.2279626351953374            2.6108937131195367     
   2.2279626351953374            2.2279626351953374            2.7849532939941724     
   2.2279626351953374            2.2279626351953374            2.9590128748688080     
   2.2279626351953374            2.2279626351953374            3.1330724557434433     
   2.2279626351953374            2.3672102998950462            0.0000000000000000     
   2.2279626351953374            2.3672102998950462           0.17405958087463577     
   2.2279626351953374            2.3672102998950462           0.34811916174927154     
   2.2279626351953374            2.3672102998950462           0.52217874262390729     
   2.2279626351953374            2.3672102998950462           0.69623832349854309     
   2.2279626351953374            2.3672102998950462           0.87029790437317889     
   2.2279626351953374            2.3672102998950462            1.0443574852478146     
   2.2279626351953374            2.3672102998950462            1.2184170661224505     
   2.2279626351953374            2.3672102998950462            1.3924766469970862     
   2.2279626351953374            2.3672102998950462            1.5665362278717216     
   2.2279626351953374            2.3672102998950462            1.7405958087463578     
   2.2279626351953374            2.3672102998950462            1.9146553896209932     
   2.2279626351953374            2.3672102998950462            2.0887149704956292     
   2.2279626351953374            2.3672102998950462            2.2627745513702648     
   2.2279626351953374            2.3672102998950462            2.4368341322449010     
   2.2279626351953374            2.3672102998950462            2.6108937131195367     
   2.2279626351953374            2.3672102998950462            2.7849532939941724     
   2.2279626351953374            2.3672102998950462            2.9590128748688080     
   2.2279626351953374            2.3672102998950462            3.1330724557434433     
   2.2279626351953374            2.5064579645947545            0.0000000000000000     
   2.2279626351953374            2.5064579645947545           0.17405958087463577     
   2.2279626351953374            2.5064579645947545           0.34811916174927154     
   2.2279626351953374            2.5064579645947545           0.52217874262390729     
   2.2279626351953374            2.5064579645947545           0.69623832349854309     
   2.2279626351953374            2.5064579645947545           0.87029790437317889     
   2.2279626351953374            2.5064579645947545            1.0443574852478146     
   2.2279626351953374            2.5064579645947545            1.2184170661224505     
   2.2279626351953374            2.5064579645947545            1.3924766469970862     
   2.2279626351953374            2.5064579645947545            1.5665362278717216     
   2.2279626351953374            2.5064579645947545            1.7405958087463578     
   2.2279626351953374            2.5064579645947545            1.9146553896209932     
   2.2279626351953374            2.5064579645947545            2.0887149704956292     
   2.2279626351953374            2.5064579645947545            2.2627745513702648     
   2.2279626351953374            2.5064579645947545            2.4368341322449010     
   2.2279626351953374            2.5064579645947545            2.6108937131195367     
   2.2279626351953374            2.5064579645947545            2.7849532939941724     
   2.2279626351953374            2.5064579645947545            2.9590128748688080     
   2.2279626351953374            2.5064579645947545            3.1330724557434433     
   2.3672102998950462            0.0000000000000000            0.0000000000000000     
   2.3672102998950462            0.0000000000000000           0.17405958087463577     
   2.3672102998950462            0.0000000000000000           0.34811916174927154     
   2.3672102998950462            0.0000000000000000           0.52217874262390729     
   2.3672102998950462            0.0000000000000000           0.69623832349854309     
   2.3672102998950462            0.0000000000000000           0.87029790437317889     
   2.3672102998950462            0.0000000000000000            1.0443574852478146     
   2.3672102998950462            0.0000000000000000            1.2184170661224505     
   2.3672102998950462            0.0000000000000000            1.3924766469970862     
   2.3672102998950462            0.0000000000000000            1.5665362278717216     
   2.3672102998950462            0.0000000000000000            1.7405958087463578     
   2.3672102998950462            0.0000000000000000            1.9146553896209932     
   2.3672102998950462            0.0000000000000000            2.0887149704956292     
   2.3672102998950462            0.0000000000000000            2.2627745513702648     
   2.3672102998950462            0.0000000000000000            2.4368341322449010     
   2.3672102998950462            0.0000000000000000            2.6108937131195367     
   2.3672102998950462            0.0000000000000000            2.7849532939941724     
   2.3672102998950462            0.0000000000000000            2.9590128748688080     
   2.3672102998950462            0.0000000000000000            3.1330724557434433     
   2.3672102998950462           0.13924766469970859            0.0000000000000000     
   2.3672102998950462           0.13924766469970859           0.17405958087463577     
   2.3672102998950462           0.13924766469970859           0.34811916174927154     
   2.3672102998950462           0.13924766469970859           0.52217874262390729     
   2.3672102998950462           0.13924766469970859           0.69623832349854309     
   2.3672102998950462           0.13924766469970859           0.87029790437317889     
   2.3672102998950462           0.13924766469970859            1.0443574852478146     
   2.3672102998950462           0.13924766469970859            1.2184170661224505     
   2.3672102998950462           0.13924766469970859            1.3924766469970862     
   2.3672102998950462           0.13924766469970859            1.5665362278717216     
   2.3672102998950462           0.13924766469970859            1.7405958087463578     
   2.3672102998950462           0.13924766469970859            1.9146553896209932     
   2.3672102998950462           0.13924766469970859            2.0887149704956292     
   2.3672102998950462           0.13924766469970859            2.2627745513702648     
   2.3672102998950462           0.13924766469970859            2.4368341322449010     
   2.3672102998950462           0.13924766469970859            2.6108937131195367     
   2.3672102998950462           0.13924766469970859            2.7849532939941724     
   2.3672102998950462           0.13924766469970859            2.9590128748688080     
   2.3672102998950462           0.13924766469970859            3.1330724557434433     
   2.3672102998950462           0.27849532939941718            0.0000000000000000     
   2.3672102998950462           0.27849532939941718           0.17405958087463577     
   2.3672102998950462           0.27849532939941718           0.34811916174927154     
   2.3672102998950462           0.27849532939941718           0.52217874262390729     
   2.3672102998950462           0.27849532939941718           0.69623832349854309     
   2.3672102998950462           0.27849532939941718           0.87029790437317889     
   2.3672102998950462           0.27849532939941718            1.0443574852478146     
   2.3672102998950462           0.27849532939941718            1.2184170661224505     
   2.3672102998950462           0.27849532939941718            1.3924766469970862     
   2.3672102998950462           0.27849532939941718            1.5665362278717216     
   2.3672102998950462           0.27849532939941718            1.7405958087463578     
   2.3672102998950462           0.27849532939941718            1.9146553896209932     
   2.3672102998950462           0.27849532939941718            2.0887149704956292     
   2.3672102998950462           0.27849532939941718            2.2627745513702648     
   2.3672102998950462           0.27849532939941718            2.4368341322449010     
   2.3672102998950462           0.27849532939941718            2.6108937131195367     
   2.3672102998950462           0.27849532939941718            2.7849532939941724     
   2.3672102998950462           0.27849532939941718            2.9590128748688080     
   2.3672102998950462           0.27849532939941718            3.1330724557434433     
   2.3672102998950462           0.41774299409912580            0.0000000000000000     
   2.3672102998950462           0.41774299409912580           0.17405958087463577     
   2.3672102998950462           0.41774299409912580           0.34811916174927154     
   2.3672102998950462           0.41774299409912580           0.52217874262390729     
   2.3672102998950462           0.41774299409912580           0.69623832349854309     
   2.3672102998950462           0.41774299409912580           0.87029790437317889     
   2.3672102998950462           0.41774299409912580            1.0443574852478146     
   2.3672102998950462           0.41774299409912580            1.2184170661224505     
   2.3672102998950462           0.41774299409912580            1.3924766469970862     
   2.3672102998950462           0.41774299409912580            1.5665362278717216     
   2.3672102998950462           0.41774299409912580            1.7405958087463578     
   2.3672102998950462           0.41774299409912580            1.9146553896209932     
   2.3672102998950462           0.41774299409912580            2.0887149704956292     
   2.3672102998950462           0.41774299409912580            2.2627745513702648     
   2.3672102998950462           0.41774299409912580            2.4368341322449010     
   2.3672102998950462           0.41774299409912580            2.6108937131195367     
   2.3672102998950462           0.41774299409912580            2.7849532939941724     
   2.3672102998950462           0.41774299409912580            2.9590128748688080     
   2.3672102998950462           0.41774299409912580            3.1330724557434433     
   2.3672102998950462           0.55699065879883436            0.0000000000000000     
   2.3672102998950462           0.55699065879883436           0.17405958087463577     
   2.3672102998950462           0.55699065879883436           0.34811916174927154     
   2.3672102998950462           0.55699065879883436           0.52217874262390729     
   2.3672102998950462           0.55699065879883436           0.69623832349854309     
   2.3672102998950462           0.55699065879883436           0.87029790437317889     
   2.3672102998950462           0.55699065879883436            1.0443574852478146     
   2.3672102998950462           0.55699065879883436            1.2184170661224505     
   2.3672102998950462           0.55699065879883436            1.3924766469970862     
   2.3672102998950462           0.55699065879883436            1.5665362278717216     
   2.3672102998950462           0.55699065879883436            1.7405958087463578     
   2.3672102998950462           0.55699065879883436            1.9146553896209932     
   2.3672102998950462           0.55699065879883436            2.0887149704956292     
   2.3672102998950462           0.55699065879883436            2.2627745513702648     
   2.3672102998950462           0.55699065879883436            2.4368341322449010     
   2.3672102998950462           0.55699065879883436            2.6108937131195367     
   2.3672102998950462           0.55699065879883436            2.7849532939941724     
   2.3672102998950462           0.55699065879883436            2.9590128748688080     
   2.3672102998950462           0.55699065879883436            3.1330724557434433     
   2.3672102998950462           0.69623832349854298            0.0000000000000000     
   2.3672102998950462           0.69623832349854298           0.17405958087463577     
   2.3672102998950462           0.69623832349854298           0.34811916174927154     
   2.3672102998950462           0.69623832349854298           0.52217874262390729     
   2.3672102998950462           0.69623832349854298           0.69623832349854309     
   2.3672102998950462           0.69623832349854298           0.87029790437317889     
   2.3672102998950462           0.69623832349854298            1.0443574852478146     
   2.3672102998950462           0.69623832349854298            1.2184170661224505     
   2.3672102998950462           0.69623832349854298            1.3924766469970862     
   2.3672102998950462           0.69623832349854298            1.5665362278717216     
   2.3672102998950462           0.69623832349854298            1.7405958087463578     
   2.3672102998950462           0.69623832349854298            1.9146553896209932     
   2.3672102998950462           0.69623832349854298            2.0887149704956292     
   2.3672102998950462           0.69623832349854298            2.2627745513702648     
   2.3672102998950462           0.69623832349854298            2.4368341322449010     
   2.3672102998950462           0.69623832349854298            2.6108937131195367     
   2.3672102998950462           0.69623832349854298            2.7849532939941724     
   2.3672102998950462           0.69623832349854298            2.9590128748688080     
   2.3672102998950462           0.69623832349854298            3.1330724557434433     
   2.3672102998950462           0.83548598819825159            0.0000000000000000     
   2.3672102998950462           0.83548598819825159           0.17405958087463577     
   2.3672102998950462           0.83548598819825159           0.34811916174927154     
   2.3672102998950462           0.83548598819825159           0.52217874262390729     
   2.3672102998950462           0.83548598819825159           0.69623832349854309     
   2.3672102998950462           0.83548598819825159           0.87029790437317889     
   2.3672102998950462           0.83548598819825159            1.0443574852478146     
   2.3672102998950462           0.83548598819825159            1.2184170661224505     
   2.3672102998950462           0.83548598819825159            1.3924766469970862     
   2.3672102998950462           0.83548598819825159            1.5665362278717216     
   2.3672102998950462           0.83548598819825159            1.7405958087463578     
   2.3672102998950462           0.83548598819825159            1.9146553896209932     
   2.3672102998950462           0.83548598819825159            2.0887149704956292     
   2.3672102998950462           0.83548598819825159            2.2627745513702648     
   2.3672102998950462           0.83548598819825159            2.4368341322449010     
   2.3672102998950462           0.83548598819825159            2.6108937131195367     
   2.3672102998950462           0.83548598819825159            2.7849532939941724     
   2.3672102998950462           0.83548598819825159            2.9590128748688080     
   2.3672102998950462           0.83548598819825159            3.1330724557434433     
   2.3672102998950462           0.97473365289796032            0.0000000000000000     
   2.3672102998950462           0.97473365289796032           0.17405958087463577     
   2.3672102998950462           0.97473365289796032           0.34811916174927154     
   2.3672102998950462           0.97473365289796032           0.52217874262390729     
   2.3672102998950462           0.97473365289796032           0.69623832349854309     
   2.3672102998950462           0.97473365289796032           0.87029790437317889     
   2.3672102998950462           0.97473365289796032            1.0443574852478146     
   2.3672102998950462           0.97473365289796032            1.2184170661224505     
   2.3672102998950462           0.97473365289796032            1.3924766469970862     
   2.3672102998950462           0.97473365289796032            1.5665362278717216     
   2.3672102998950462           0.97473365289796032            1.7405958087463578     
   2.3672102998950462           0.97473365289796032            1.9146553896209932     
   2.3672102998950462           0.97473365289796032            2.0887149704956292     
   2.3672102998950462           0.97473365289796032            2.2627745513702648     
   2.3672102998950462           0.97473365289796032            2.4368341322449010     
   2.3672102998950462           0.97473365289796032            2.6108937131195367     
   2.3672102998950462           0.97473365289796032            2.7849532939941724     
   2.3672102998950462           0.97473365289796032            2.9590128748688080     
   2.3672102998950462           0.97473365289796032            3.1330724557434433     
   2.3672102998950462            1.1139813175976687            0.0000000000000000     
   2.3672102998950462            1.1139813175976687           0.17405958087463577     
   2.3672102998950462            1.1139813175976687           0.34811916174927154     
   2.3672102998950462            1.1139813175976687           0.52217874262390729     
   2.3672102998950462            1.1139813175976687           0.69623832349854309     
   2.3672102998950462            1.1139813175976687           0.87029790437317889     
   2.3672102998950462            1.1139813175976687            1.0443574852478146     
   2.3672102998950462            1.1139813175976687            1.2184170661224505     
   2.3672102998950462            1.1139813175976687            1.3924766469970862     
   2.3672102998950462            1.1139813175976687            1.5665362278717216     
   2.3672102998950462            1.1139813175976687            1.7405958087463578     
   2.3672102998950462            1.1139813175976687            1.9146553896209932     
   2.3672102998950462            1.1139813175976687            2.0887149704956292     
   2.3672102998950462            1.1139813175976687            2.2627745513702648     
   2.3672102998950462            1.1139813175976687            2.4368341322449010     
   2.3672102998950462            1.1139813175976687            2.6108937131195367     
   2.3672102998950462            1.1139813175976687            2.7849532939941724     
   2.3672102998950462            1.1139813175976687            2.9590128748688080     
   2.3672102998950462            1.1139813175976687            3.1330724557434433     
   2.3672102998950462            1.2532289822973772            0.0000000000000000     
   2.3672102998950462            1.2532289822973772           0.17405958087463577     
   2.3672102998950462            1.2532289822973772           0.34811916174927154     
   2.3672102998950462            1.2532289822973772           0.52217874262390729     
   2.3672102998950462            1.2532289822973772           0.69623832349854309     
   2.3672102998950462            1.2532289822973772           0.87029790437317889     
   2.3672102998950462            1.2532289822973772            1.0443574852478146     
   2.3672102998950462            1.2532289822973772            1.2184170661224505     
   2.3672102998950462            1.2532289822973772            1.3924766469970862     
   2.3672102998950462            1.2532289822973772            1.5665362278717216     
   2.3672102998950462            1.2532289822973772            1.7405958087463578     
   2.3672102998950462            1.2532289822973772            1.9146553896209932     
   2.3672102998950462            1.2532289822973772            2.0887149704956292     
   2.3672102998950462            1.2532289822973772            2.2627745513702648     
   2.3672102998950462            1.2532289822973772            2.4368341322449010     
   2.3672102998950462            1.2532289822973772            2.6108937131195367     
   2.3672102998950462            1.2532289822973772            2.7849532939941724     
   2.3672102998950462            1.2532289822973772            2.9590128748688080     
   2.3672102998950462            1.2532289822973772            3.1330724557434433     
   2.3672102998950462            1.3924766469970860            0.0000000000000000     
   2.3672102998950462            1.3924766469970860           0.17405958087463577     
   2.3672102998950462            1.3924766469970860           0.34811916174927154     
   2.3672102998950462            1.3924766469970860           0.52217874262390729     
   2.3672102998950462            1.3924766469970860           0.69623832349854309     
   2.3672102998950462            1.3924766469970860           0.87029790437317889     
   2.3672102998950462            1.3924766469970860            1.0443574852478146     
   2.3672102998950462            1.3924766469970860            1.2184170661224505     
   2.3672102998950462            1.3924766469970860            1.3924766469970862     
   2.3672102998950462            1.3924766469970860            1.5665362278717216     
   2.3672102998950462            1.3924766469970860            1.7405958087463578     
   2.3672102998950462            1.3924766469970860            1.9146553896209932     
   2.3672102998950462            1.3924766469970860            2.0887149704956292     
   2.3672102998950462            1.3924766469970860            2.2627745513702648     
   2.3672102998950462            1.3924766469970860            2.4368341322449010     
   2.3672102998950462            1.3924766469970860            2.6108937131195367     
   2.3672102998950462            1.3924766469970860            2.7849532939941724     
   2.3672102998950462            1.3924766469970860            2.9590128748688080     
   2.3672102998950462            1.3924766469970860            3.1330724557434433     
   2.3672102998950462            1.5317243116967947            0.0000000000000000     
   2.3672102998950462            1.5317243116967947           0.17405958087463577     
   2.3672102998950462            1.5317243116967947           0.34811916174927154     
   2.3672102998950462            1.5317243116967947           0.52217874262390729     
   2.3672102998950462            1.5317243116967947           0.69623832349854309     
   2.3672102998950462            1.5317243116967947           0.87029790437317889     
   2.3672102998950462            1.5317243116967947            1.0443574852478146     
   2.3672102998950462            1.5317243116967947            1.2184170661224505     
   2.3672102998950462            1.5317243116967947            1.3924766469970862     
   2.3672102998950462            1.5317243116967947            1.5665362278717216     
   2.3672102998950462            1.5317243116967947            1.7405958087463578     
   2.3672102998950462            1.5317243116967947            1.9146553896209932     
   2.3672102998950462            1.5317243116967947            2.0887149704956292     
   2.3672102998950462            1.5317243116967947            2.2627745513702648     
   2.3672102998950462            1.5317243116967947            2.4368341322449010     
   2.3672102998950462            1.5317243116967947            2.6108937131195367     
   2.3672102998950462            1.5317243116967947            2.7849532939941724     
   2.3672102998950462            1.5317243116967947            2.9590128748688080     
   2.3672102998950462            1.5317243116967947            3.1330724557434433     
   2.3672102998950462            1.6709719763965032            0.0000000000000000     
   2.3672102998950462            1.6709719763965032           0.17405958087463577     
   2.3672102998950462            1.6709719763965032           0.34811916174927154     
   2.3672102998950462            1.6709719763965032           0.52217874262390729     
   2.3672102998950462            1.6709719763965032           0.69623832349854309     
   2.3672102998950462            1.6709719763965032           0.87029790437317889     
   2.3672102998950462            1.6709719763965032            1.0443574852478146     
   2.3672102998950462            1.6709719763965032            1.2184170661224505     
   2.3672102998950462            1.6709719763965032            1.3924766469970862     
   2.3672102998950462            1.6709719763965032            1.5665362278717216     
   2.3672102998950462            1.6709719763965032            1.7405958087463578     
   2.3672102998950462            1.6709719763965032            1.9146553896209932     
   2.3672102998950462            1.6709719763965032            2.0887149704956292     
   2.3672102998950462            1.6709719763965032            2.2627745513702648     
   2.3672102998950462            1.6709719763965032            2.4368341322449010     
   2.3672102998950462            1.6709719763965032            2.6108937131195367     
   2.3672102998950462            1.6709719763965032            2.7849532939941724     
   2.3672102998950462            1.6709719763965032            2.9590128748688080     
   2.3672102998950462            1.6709719763965032            3.1330724557434433     
   2.3672102998950462            1.8102196410962119            0.0000000000000000     
   2.3672102998950462            1.8102196410962119           0.17405958087463577     
   2.3672102998950462            1.8102196410962119           0.34811916174927154     
   2.3672102998950462            1.8102196410962119           0.52217874262390729     
   2.3672102998950462            1.8102196410962119           0.69623832349854309     
   2.3672102998950462            1.8102196410962119           0.87029790437317889     
   2.3672102998950462            1.8102196410962119            1.0443574852478146     
   2.3672102998950462            1.8102196410962119            1.2184170661224505     
   2.3672102998950462            1.8102196410962119            1.3924766469970862     
   2.3672102998950462            1.8102196410962119            1.5665362278717216     
   2.3672102998950462            1.8102196410962119            1.7405958087463578     
   2.3672102998950462            1.8102196410962119            1.9146553896209932     
   2.3672102998950462            1.8102196410962119            2.0887149704956292     
   2.3672102998950462            1.8102196410962119            2.2627745513702648     
   2.3672102998950462            1.8102196410962119            2.4368341322449010     
   2.3672102998950462            1.8102196410962119            2.6108937131195367     
   2.3672102998950462            1.8102196410962119            2.7849532939941724     
   2.3672102998950462            1.8102196410962119            2.9590128748688080     
   2.3672102998950462            1.8102196410962119            3.1330724557434433     
   2.3672102998950462            1.9494673057959206            0.0000000000000000     
   2.3672102998950462            1.9494673057959206           0.17405958087463577     
   2.3672102998950462            1.9494673057959206           0.34811916174927154     
   2.3672102998950462            1.9494673057959206           0.52217874262390729     
   2.3672102998950462            1.9494673057959206           0.69623832349854309     
   2.3672102998950462            1.9494673057959206           0.87029790437317889     
   2.3672102998950462            1.9494673057959206            1.0443574852478146     
   2.3672102998950462            1.9494673057959206            1.2184170661224505     
   2.3672102998950462            1.9494673057959206            1.3924766469970862     
   2.3672102998950462            1.9494673057959206            1.5665362278717216     
   2.3672102998950462            1.9494673057959206            1.7405958087463578     
   2.3672102998950462            1.9494673057959206            1.9146553896209932     
   2.3672102998950462            1.9494673057959206            2.0887149704956292     
   2.3672102998950462            1.9494673057959206            2.2627745513702648     
   2.3672102998950462            1.9494673057959206            2.4368341322449010     
   2.3672102998950462            1.9494673057959206            2.6108937131195367     
   2.3672102998950462            1.9494673057959206            2.7849532939941724     
   2.3672102998950462            1.9494673057959206            2.9590128748688080     
   2.3672102998950462            1.9494673057959206            3.1330724557434433     
   2.3672102998950462            2.0887149704956292            0.0000000000000000     
   2.3672102998950462            2.0887149704956292           0.17405958087463577     
   2.3672102998950462            2.0887149704956292           0.34811916174927154     
   2.3672102998950462            2.0887149704956292           0.52217874262390729     
   2.3672102998950462            2.0887149704956292           0.69623832349854309     
   2.3672102998950462            2.0887149704956292           0.87029790437317889     
   2.3672102998950462            2.0887149704956292            1.0443574852478146     
   2.3672102998950462            2.0887149704956292            1.2184170661224505     
   2.3672102998950462            2.0887149704956292            1.3924766469970862     
   2.3672102998950462            2.0887149704956292            1.5665362278717216     
   2.3672102998950462            2.0887149704956292            1.7405958087463578     
   2.3672102998950462            2.0887149704956292            1.9146553896209932     
   2.3672102998950462            2.0887149704956292            2.0887149704956292     
   2.3672102998950462            2.0887149704956292            2.2627745513702648     
   2.3672102998950462            2.0887149704956292            2.4368341322449010     
   2.3672102998950462            2.0887149704956292            2.6108937131195367     
   2.3672102998950462            2.0887149704956292            2.7849532939941724     
   2.3672102998950462            2.0887149704956292            2.9590128748688080     
   2.3672102998950462            2.0887149704956292            3.1330724557434433     
   2.3672102998950462            2.2279626351953374            0.0000000000000000     
   2.3672102998950462            2.2279626351953374           0.17405958087463577     
   2.3672102998950462            2.2279626351953374           0.34811916174927154     
   2.3672102998950462            2.2279626351953374           0.52217874262390729     
   2.3672102998950462            2.2279626351953374           0.69623832349854309     
   2.3672102998950462            2.2279626351953374           0.87029790437317889     
   2.3672102998950462            2.2279626351953374            1.0443574852478146     
   2.3672102998950462            2.2279626351953374            1.2184170661224505     
   2.3672102998950462            2.2279626351953374            1.3924766469970862     
   2.3672102998950462            2.2279626351953374            1.5665362278717216     
   2.3672102998950462            2.2279626351953374            1.7405958087463578     
   2.3672102998950462            2.2279626351953374            1.9146553896209932     
   2.3672102998950462            2.2279626351953374            2.0887149704956292     
   2.3672102998950462            2.2279626351953374            2.2627745513702648     
   2.3672102998950462            2.2279626351953374            2.4368341322449010     
   2.3672102998950462            2.2279626351953374            2.6108937131195367     
   2.3672102998950462            2.2279626351953374            2.7849532939941724     
   2.3672102998950462            2.2279626351953374            2.9590128748688080     
   2.3672102998950462            2.2279626351953374            3.1330724557434433     
   2.3672102998950462            2.3672102998950462            0.0000000000000000     
   2.3672102998950462            2.3672102998950462           0.17405958087463577     
   2.3672102998950462            2.3672102998950462           0.34811916174927154     
   2.3672102998950462            2.3672102998950462           0.52217874262390729     
   2.3672102998950462            2.3672102998950462           0.69623832349854309     
   2.3672102998950462            2.3672102998950462           0.87029790437317889     
   2.3672102998950462            2.3672102998950462            1.0443574852478146     
   2.3672102998950462            2.3672102998950462            1.2184170661224505     
   2.3672102998950462            2.3672102998950462            1.3924766469970862     
   2.3672102998950462            2.3672102998950462            1.5665362278717216     
   2.3672102998950462            2.3672102998950462            1.7405958087463578     
   2.3672102998950462            2.3672102998950462            1.9146553896209932     
   2.3672102998950462            2.3672102998950462            2.0887149704956292     
   2.3672102998950462            2.3672102998950462            2.2627745513702648     
   2.3672102998950462            2.3672102998950462            2.4368341322449010     
   2.3672102998950462            2.3672102998950462            2.6108937131195367     
   2.3672102998950462            2.3672102998950462            2.7849532939941724     
   2.3672102998950462            2.3672102998950462            2.9590128748688080     
   2.3672102998950462            2.3672102998950462            3.1330724557434433     
   2.3672102998950462            2.5064579645947545            0.0000000000000000     
   2.3672102998950462            2.5064579645947545           0.17405958087463577     
   2.3672102998950462            2.5064579645947545           0.34811916174927154     
   2.3672102998950462            2.5064579645947545           0.52217874262390729     
   2.3672102998950462            2.5064579645947545           0.69623832349854309     
   2.3672102998950462            2.5064579645947545           0.87029790437317889     
   2.3672102998950462            2.5064579645947545            1.0443574852478146     
   2.3672102998950462            2.5064579645947545            1.2184170661224505     
   2.3672102998950462            2.5064579645947545            1.3924766469970862     
   2.3672102998950462            2.5064579645947545            1.5665362278717216     
   2.3672102998950462            2.5064579645947545            1.7405958087463578     
   2.3672102998950462            2.5064579645947545            1.9146553896209932     
   2.3672102998950462            2.5064579645947545            2.0887149704956292     
   2.3672102998950462            2.5064579645947545            2.2627745513702648     
   2.3672102998950462            2.5064579645947545            2.4368341322449010     
   2.3672102998950462            2.5064579645947545            2.6108937131195367     
   2.3672102998950462            2.5064579645947545            2.7849532939941724     
   2.3672102998950462            2.5064579645947545            2.9590128748688080     
   2.3672102998950462            2.5064579645947545            3.1330724557434433     
   2.5064579645947545            0.0000000000000000            0.0000000000000000     
   2.5064579645947545            0.0000000000000000           0.17405958087463577     
   2.5064579645947545            0.0000000000000000           0.34811916174927154     
   2.5064579645947545            0.0000000000000000           0.52217874262390729     
   2.5064579645947545            0.0000000000000000           0.69623832349854309     
   2.5064579645947545            0.0000000000000000           0.87029790437317889     
   2.5064579645947545            0.0000000000000000            1.0443574852478146     
   2.5064579645947545            0.0000000000000000            1.2184170661224505     
   2.5064579645947545            0.0000000000000000            1.3924766469970862     
   2.5064579645947545            0.0000000000000000            1.5665362278717216     
   2.5064579645947545            0.0000000000000000            1.7405958087463578     
   2.5064579645947545            0.0000000000000000            1.9146553896209932     
   2.5064579645947545            0.0000000000000000            2.0887149704956292     
   2.5064579645947545            0.0000000000000000            2.2627745513702648     
   2.5064579645947545            0.0000000000000000            2.4368341322449010     
   2.5064579645947545            0.0000000000000000            2.6108937131195367     
   2.5064579645947545            0.0000000000000000            2.7849532939941724     
   2.5064579645947545            0.0000000000000000            2.9590128748688080     
   2.5064579645947545            0.0000000000000000            3.1330724557434433     
   2.5064579645947545           0.13924766469970859            0.0000000000000000     
   2.5064579645947545           0.13924766469970859           0.17405958087463577     
   2.5064579645947545           0.13924766469970859           0.34811916174927154     
   2.5064579645947545           0.13924766469970859           0.52217874262390729     
   2.5064579645947545           0.13924766469970859           0.69623832349854309     
   2.5064579645947545           0.13924766469970859           0.87029790437317889     
   2.5064579645947545           0.13924766469970859            1.0443574852478146     
   2.5064579645947545           0.13924766469970859            1.2184170661224505     
   2.5064579645947545           0.13924766469970859            1.3924766469970862     
   2.5064579645947545           0.13924766469970859            1.5665362278717216     
   2.5064579645947545           0.13924766469970859            1.7405958087463578     
   2.5064579645947545           0.13924766469970859            1.9146553896209932     
   2.5064579645947545           0.13924766469970859            2.0887149704956292     
   2.5064579645947545           0.13924766469970859            2.2627745513702648     
   2.5064579645947545           0.13924766469970859            2.4368341322449010     
   2.5064579645947545           0.13924766469970859            2.6108937131195367     
   2.5064579645947545           0.13924766469970859            2.7849532939941724     
   2.5064579645947545           0.13924766469970859            2.9590128748688080     
   2.5064579645947545           0.13924766469970859            3.1330724557434433     
   2.5064579645947545           0.27849532939941718            0.0000000000000000     
   2.5064579645947545           0.27849532939941718           0.17405958087463577     
   2.5064579645947545           0.27849532939941718           0.34811916174927154     
   2.5064579645947545           0.27849532939941718           0.52217874262390729     
   2.5064579645947545           0.27849532939941718           0.69623832349854309     
   2.5064579645947545           0.27849532939941718           0.87029790437317889     
   2.5064579645947545           0.27849532939941718            1.0443574852478146     
   2.5064579645947545           0.27849532939941718            1.2184170661224505     
   2.5064579645947545           0.27849532939941718            1.3924766469970862     
   2.5064579645947545           0.27849532939941718            1.5665362278717216     
   2.5064579645947545           0.27849532939941718            1.7405958087463578     
   2.5064579645947545           0.27849532939941718            1.9146553896209932     
   2.5064579645947545           0.27849532939941718            2.0887149704956292     
   2.5064579645947545           0.27849532939941718            2.2627745513702648     
   2.5064579645947545           0.27849532939941718            2.4368341322449010     
   2.5064579645947545           0.27849532939941718            2.6108937131195367     
   2.5064579645947545           0.27849532939941718            2.7849532939941724     
   2.5064579645947545           0.27849532939941718            2.9590128748688080     
   2.5064579645947545           0.27849532939941718            3.1330724557434433     
   2.5064579645947545           0.41774299409912580            0.0000000000000000     
   2.5064579645947545           0.41774299409912580           0.17405958087463577     
   2.5064579645947545           0.41774299409912580           0.34811916174927154     
   2.5064579645947545           0.41774299409912580           0.52217874262390729     
   2.5064579645947545           0.41774299409912580           0.69623832349854309     
   2.5064579645947545           0.41774299409912580           0.87029790437317889     
   2.5064579645947545           0.41774299409912580            1.0443574852478146     
   2.5064579645947545           0.41774299409912580            1.2184170661224505     
   2.5064579645947545           0.41774299409912580            1.3924766469970862     
   2.5064579645947545           0.41774299409912580            1.5665362278717216     
   2.5064579645947545           0.41774299409912580            1.7405958087463578     
   2.5064579645947545           0.41774299409912580            1.9146553896209932     
   2.5064579645947545           0.41774299409912580            2.0887149704956292     
   2.5064579645947545           0.41774299409912580            2.2627745513702648     
   2.5064579645947545           0.41774299409912580            2.4368341322449010     
   2.5064579645947545           0.41774299409912580            2.6108937131195367     
   2.5064579645947545           0.41774299409912580            2.7849532939941724     
   2.5064579645947545           0.41774299409912580            2.9590128748688080     
   2.5064579645947545           0.41774299409912580            3.1330724557434433     
   2.5064579645947545           0.55699065879883436            0.0000000000000000     
   2.5064579645947545           0.55699065879883436           0.17405958087463577     
   2.5064579645947545           0.55699065879883436           0.34811916174927154     
   2.5064579645947545           0.55699065879883436           0.52217874262390729     
   2.5064579645947545           0.55699065879883436           0.69623832349854309     
   2.5064579645947545           0.55699065879883436           0.87029790437317889     
   2.5064579645947545           0.55699065879883436            1.0443574852478146     
   2.5064579645947545           0.55699065879883436            1.2184170661224505     
   2.5064579645947545           0.55699065879883436            1.3924766469970862     
   2.5064579645947545           0.55699065879883436            1.5665362278717216     
   2.5064579645947545           0.55699065879883436            1.7405958087463578     
   2.5064579645947545           0.55699065879883436            1.9146553896209932     
   2.5064579645947545           0.55699065879883436            2.0887149704956292     
   2.5064579645947545           0.55699065879883436            2.2627745513702648     
   2.5064579645947545           0.55699065879883436            2.4368341322449010     
   2.5064579645947545           0.55699065879883436            2.6108937131195367     
   2.5064579645947545           0.55699065879883436            2.7849532939941724     
   2.5064579645947545           0.55699065879883436            2.9590128748688080     
   2.5064579645947545           0.55699065879883436            3.1330724557434433     
   2.5064579645947545           0.69623832349854298            0.0000000000000000     
   2.5064579645947545           0.69623832349854298           0.17405958087463577     
   2.5064579645947545           0.69623832349854298           0.34811916174927154     
   2.5064579645947545           0.69623832349854298           0.52217874262390729     
   2.5064579645947545           0.69623832349854298           0.69623832349854309     
   2.5064579645947545           0.69623832349854298           0.87029790437317889     
   2.5064579645947545           0.69623832349854298            1.0443574852478146     
   2.5064579645947545           0.69623832349854298            1.2184170661224505     
   2.5064579645947545           0.69623832349854298            1.3924766469970862     
   2.5064579645947545           0.69623832349854298            1.5665362278717216     
   2.5064579645947545           0.69623832349854298            1.7405958087463578     
   2.5064579645947545           0.69623832349854298            1.9146553896209932     
   2.5064579645947545           0.69623832349854298            2.0887149704956292     
   2.5064579645947545           0.69623832349854298            2.2627745513702648     
   2.5064579645947545           0.69623832349854298            2.4368341322449010     
   2.5064579645947545           0.69623832349854298            2.6108937131195367     
   2.5064579645947545           0.69623832349854298            2.7849532939941724     
   2.5064579645947545           0.69623832349854298            2.9590128748688080     
   2.5064579645947545           0.69623832349854298            3.1330724557434433     
   2.5064579645947545           0.83548598819825159            0.0000000000000000     
   2.5064579645947545           0.83548598819825159           0.17405958087463577     
   2.5064579645947545           0.83548598819825159           0.34811916174927154     
   2.5064579645947545           0.83548598819825159           0.52217874262390729     
   2.5064579645947545           0.83548598819825159           0.69623832349854309     
   2.5064579645947545           0.83548598819825159           0.87029790437317889     
   2.5064579645947545           0.83548598819825159            1.0443574852478146     
   2.5064579645947545           0.83548598819825159            1.2184170661224505     
   2.5064579645947545           0.83548598819825159            1.3924766469970862     
   2.5064579645947545           0.83548598819825159            1.5665362278717216     
   2.5064579645947545           0.83548598819825159            1.7405958087463578     
   2.5064579645947545           0.83548598819825159            1.9146553896209932     
   2.5064579645947545           0.83548598819825159            2.0887149704956292     
   2.5064579645947545           0.83548598819825159            2.2627745513702648     
   2.5064579645947545           0.83548598819825159            2.4368341322449010     
   2.5064579645947545           0.83548598819825159            2.6108937131195367     
   2.5064579645947545           0.83548598819825159            2.7849532939941724     
   2.5064579645947545           0.83548598819825159            2.9590128748688080     
   2.5064579645947545           0.83548598819825159            3.1330724557434433     
   2.5064579645947545           0.97473365289796032            0.0000000000000000     
   2.5064579645947545           0.97473365289796032           0.17405958087463577     
   2.5064579645947545           0.97473365289796032           0.34811916174927154     
   2.5064579645947545           0.97473365289796032           0.52217874262390729     
   2.5064579645947545           0.97473365289796032           0.69623832349854309     
   2.5064579645947545           0.97473365289796032           0.87029790437317889     
   2.5064579645947545           0.97473365289796032            1.0443574852478146     
   2.5064579645947545           0.97473365289796032            1.2184170661224505     
   2.5064579645947545           0.97473365289796032            1.3924766469970862     
   2.5064579645947545           0.97473365289796032            1.5665362278717216     
   2.5064579645947545           0.97473365289796032            1.7405958087463578     
   2.5064579645947545           0.97473365289796032            1.9146553896209932     
   2.5064579645947545           0.97473365289796032            2.0887149704956292     
   2.5064579645947545           0.97473365289796032            2.2627745513702648     
   2.5064579645947545           0.97473365289796032            2.4368341322449010     
   2.5064579645947545           0.97473365289796032            2.6108937131195367     
   2.5064579645947545           0.97473365289796032            2.7849532939941724     
   2.5064579645947545           0.97473365289796032            2.9590128748688080     
   2.5064579645947545           0.97473365289796032            3.1330724557434433     
   2.5064579645947545            1.1139813175976687            0.0000000000000000     
   2.5064579645947545            1.1139813175976687           0.17405958087463577     
   2.5064579645947545            1.1139813175976687           0.34811916174927154     
   2.5064579645947545            1.1139813175976687           0.52217874262390729     
   2.5064579645947545            1.1139813175976687           0.69623832349854309     
   2.5064579645947545            1.1139813175976687           0.87029790437317889     
   2.5064579645947545            1.1139813175976687            1.0443574852478146     
   2.5064579645947545            1.1139813175976687            1.2184170661224505     
   2.5064579645947545            1.1139813175976687            1.3924766469970862     
   2.5064579645947545            1.1139813175976687            1.5665362278717216     
   2.5064579645947545            1.1139813175976687            1.7405958087463578     
   2.5064579645947545            1.1139813175976687            1.9146553896209932     
   2.5064579645947545            1.1139813175976687            2.0887149704956292     
   2.5064579645947545            1.1139813175976687            2.2627745513702648     
   2.5064579645947545            1.1139813175976687            2.4368341322449010     
   2.5064579645947545            1.1139813175976687            2.6108937131195367     
   2.5064579645947545            1.1139813175976687            2.7849532939941724     
   2.5064579645947545            1.1139813175976687            2.9590128748688080     
   2.5064579645947545            1.1139813175976687            3.1330724557434433     
   2.5064579645947545            1.2532289822973772            0.0000000000000000     
   2.5064579645947545            1.2532289822973772           0.17405958087463577     
   2.5064579645947545            1.2532289822973772           0.34811916174927154     
   2.5064579645947545            1.2532289822973772           0.52217874262390729     
   2.5064579645947545            1.2532289822973772           0.69623832349854309     
   2.5064579645947545            1.2532289822973772           0.87029790437317889     
   2.5064579645947545            1.2532289822973772            1.0443574852478146     
   2.5064579645947545            1.2532289822973772            1.2184170661224505     
   2.5064579645947545            1.2532289822973772            1.3924766469970862     
   2.5064579645947545            1.2532289822973772            1.5665362278717216     
   2.5064579645947545            1.2532289822973772            1.7405958087463578     
   2.5064579645947545            1.2532289822973772            1.9146553896209932     
   2.5064579645947545            1.2532289822973772            2.0887149704956292     
   2.5064579645947545            1.2532289822973772            2.2627745513702648     
   2.5064579645947545            1.2532289822973772            2.4368341322449010     
   2.5064579645947545            1.2532289822973772            2.6108937131195367     
   2.5064579645947545            1.2532289822973772            2.7849532939941724     
   2.5064579645947545            1.2532289822973772            2.9590128748688080     
   2.5064579645947545            1.2532289822973772            3.1330724557434433     
   2.5064579645947545            1.3924766469970860            0.0000000000000000     
   2.5064579645947545            1.3924766469970860           0.17405958087463577     
   2.5064579645947545            1.3924766469970860           0.34811916174927154     
   2.5064579645947545            1.3924766469970860           0.52217874262390729     
   2.5064579645947545            1.3924766469970860           0.69623832349854309     
   2.5064579645947545            1.3924766469970860           0.87029790437317889     
   2.5064579645947545            1.3924766469970860            1.0443574852478146     
   2.5064579645947545            1.3924766469970860            1.2184170661224505     
   2.5064579645947545            1.3924766469970860            1.3924766469970862     
   2.5064579645947545            1.3924766469970860            1.5665362278717216     
   2.5064579645947545            1.3924766469970860            1.7405958087463578     
   2.5064579645947545            1.3924766469970860            1.9146553896209932     
   2.5064579645947545            1.3924766469970860            2.0887149704956292     
   2.5064579645947545            1.3924766469970860            2.2627745513702648     
   2.5064579645947545            1.3924766469970860            2.4368341322449010     
   2.5064579645947545            1.3924766469970860            2.6108937131195367     
   2.5064579645947545            1.3924766469970860            2.7849532939941724     
   2.5064579645947545            1.3924766469970860            2.9590128748688080     
   2.5064579645947545            1.3924766469970860            3.1330724557434433     
   2.5064579645947545            1.5317243116967947            0.0000000000000000     
   2.5064579645947545            1.5317243116967947           0.17405958087463577     
   2.5064579645947545            1.5317243116967947           0.34811916174927154     
   2.5064579645947545            1.5317243116967947           0.52217874262390729     
   2.5064579645947545            1.5317243116967947           0.69623832349854309     
   2.5064579645947545            1.5317243116967947           0.87029790437317889     
   2.5064579645947545            1.5317243116967947            1.0443574852478146     
   2.5064579645947545            1.5317243116967947            1.2184170661224505     
   2.5064579645947545            1.5317243116967947            1.3924766469970862     
   2.5064579645947545            1.5317243116967947            1.5665362278717216     
   2.5064579645947545            1.5317243116967947            1.7405958087463578     
   2.5064579645947545            1.5317243116967947            1.9146553896209932     
   2.5064579645947545            1.5317243116967947            2.0887149704956292     
   2.5064579645947545            1.5317243116967947            2.2627745513702648     
   2.5064579645947545            1.5317243116967947            2.4368341322449010     
   2.5064579645947545            1.5317243116967947            2.6108937131195367     
   2.5064579645947545            1.5317243116967947            2.7849532939941724     
   2.5064579645947545            1.5317243116967947            2.9590128748688080     
   2.5064579645947545            1.5317243116967947            3.1330724557434433     
   2.5064579645947545            1.6709719763965032            0.0000000000000000     
   2.5064579645947545            1.6709719763965032           0.17405958087463577     
   2.5064579645947545            1.6709719763965032           0.34811916174927154     
   2.5064579645947545            1.6709719763965032           0.52217874262390729     
   2.5064579645947545            1.6709719763965032           0.69623832349854309     
   2.5064579645947545            1.6709719763965032           0.87029790437317889     
   2.5064579645947545            1.6709719763965032            1.0443574852478146     
   2.5064579645947545            1.6709719763965032            1.2184170661224505     
   2.5064579645947545            1.6709719763965032            1.3924766469970862     
   2.5064579645947545            1.6709719763965032            1.5665362278717216     
   2.5064579645947545            1.6709719763965032            1.7405958087463578     
   2.5064579645947545            1.6709719763965032            1.9146553896209932     
   2.5064579645947545            1.6709719763965032            2.0887149704956292     
   2.5064579645947545            1.6709719763965032            2.2627745513702648     
   2.5064579645947545            1.6709719763965032            2.4368341322449010     
   2.5064579645947545            1.6709719763965032            2.6108937131195367     
   2.5064579645947545            1.6709719763965032            2.7849532939941724     
   2.5064579645947545            1.6709719763965032            2.9590128748688080     
   2.5064579645947545            1.6709719763965032            3.1330724557434433     
   2.5064579645947545            1.8102196410962119            0.0000000000000000     
   2.5064579645947545            1.8102196410962119           0.17405958087463577     
   2.5064579645947545            1.8102196410962119           0.34811916174927154     
   2.5064579645947545            1.8102196410962119           0.52217874262390729     
   2.5064579645947545            1.8102196410962119           0.69623832349854309     
   2.5064579645947545            1.8102196410962119           0.87029790437317889     
   2.5064579645947545            1.8102196410962119            1.0443574852478146     
   2.5064579645947545            1.8102196410962119            1.2184170661224505     
   2.5064579645947545            1.8102196410962119            1.3924766469970862     
   2.5064579645947545            1.8102196410962119            1.5665362278717216     
   2.5064579645947545            1.8102196410962119            1.7405958087463578     
   2.5064579645947545            1.8102196410962119            1.9146553896209932     
   2.5064579645947545            1.8102196410962119            2.0887149704956292     
   2.5064579645947545            1.8102196410962119            2.2627745513702648     
   2.5064579645947545            1.8102196410962119            2.4368341322449010     
   2.5064579645947545            1.8102196410962119            2.6108937131195367     
   2.5064579645947545            1.8102196410962119            2.7849532939941724     
   2.5064579645947545            1.8102196410962119            2.9590128748688080     
   2.5064579645947545            1.8102196410962119            3.1330724557434433     
   2.5064579645947545            1.9494673057959206            0.0000000000000000     
   2.5064579645947545            1.9494673057959206           0.17405958087463577     
   2.5064579645947545            1.9494673057959206           0.34811916174927154     
   2.5064579645947545            1.9494673057959206           0.52217874262390729     
   2.5064579645947545            1.9494673057959206           0.69623832349854309     
   2.5064579645947545            1.9494673057959206           0.87029790437317889     
   2.5064579645947545            1.9494673057959206            1.0443574852478146     
   2.5064579645947545            1.9494673057959206            1.2184170661224505     
   2.5064579645947545            1.9494673057959206            1.3924766469970862     
   2.5064579645947545            1.9494673057959206            1.5665362278717216     
   2.5064579645947545            1.9494673057959206            1.7405958087463578     
   2.5064579645947545            1.9494673057959206            1.9146553896209932     
   2.5064579645947545            1.9494673057959206            2.0887149704956292     
   2.5064579645947545            1.9494673057959206            2.2627745513702648     
   2.5064579645947545            1.9494673057959206            2.4368341322449010     
   2.5064579645947545            1.9494673057959206            2.6108937131195367     
   2.5064579645947545            1.9494673057959206            2.7849532939941724     
   2.5064579645947545            1.9494673057959206            2.9590128748688080     
   2.5064579645947545            1.9494673057959206            3.1330724557434433     
   2.5064579645947545            2.0887149704956292            0.0000000000000000     
   2.5064579645947545            2.0887149704956292           0.17405958087463577     
   2.5064579645947545            2.0887149704956292           0.34811916174927154     
   2.5064579645947545            2.0887149704956292           0.52217874262390729     
   2.5064579645947545            2.0887149704956292           0.69623832349854309     
   2.5064579645947545            2.0887149704956292           0.87029790437317889     
   2.5064579645947545            2.0887149704956292            1.0443574852478146     
   2.5064579645947545            2.0887149704956292            1.2184170661224505     
   2.5064579645947545            2.0887149704956292            1.3924766469970862     
   2.5064579645947545            2.0887149704956292            1.5665362278717216     
   2.5064579645947545            2.0887149704956292            1.7405958087463578     
   2.5064579645947545            2.0887149704956292            1.9146553896209932     
   2.5064579645947545            2.0887149704956292            2.0887149704956292     
   2.5064579645947545            2.0887149704956292            2.2627745513702648     
   2.5064579645947545            2.0887149704956292            2.4368341322449010     
   2.5064579645947545            2.0887149704956292            2.6108937131195367     
   2.5064579645947545            2.0887149704956292            2.7849532939941724     
   2.5064579645947545            2.0887149704956292            2.9590128748688080     
   2.5064579645947545            2.0887149704956292            3.1330724557434433     
   2.5064579645947545            2.2279626351953374            0.0000000000000000     
   2.5064579645947545            2.2279626351953374           0.17405958087463577     
   2.5064579645947545            2.2279626351953374           0.34811916174927154     
   2.5064579645947545            2.2279626351953374           0.52217874262390729     
   2.5064579645947545            2.2279626351953374           0.69623832349854309     
   2.5064579645947545            2.2279626351953374           0.87029790437317889     
   2.5064579645947545            2.2279626351953374            1.0443574852478146     
   2.5064579645947545            2.2279626351953374            1.2184170661224505     
   2.5064579645947545            2.2279626351953374            1.3924766469970862     
   2.5064579645947545            2.2279626351953374            1.5665362278717216     
   2.5064579645947545            2.2279626351953374            1.7405958087463578     
   2.5064579645947545            2.2279626351953374            1.9146553896209932     
   2.5064579645947545            2.2279626351953374            2.0887149704956292     
   2.5064579645947545            2.2279626351953374            2.2627745513702648     
   2.5064579645947545            2.2279626351953374            2.4368341322449010     
   2.5064579645947545            2.2279626351953374            2.6108937131195367     
   2.5064579645947545            2.2279626351953374            2.7849532939941724     
   2.5064579645947545            2.2279626351953374            2.9590128748688080     
   2.5064579645947545            2.2279626351953374            3.1330724557434433     
   2.5064579645947545            2.3672102998950462            0.0000000000000000     
   2.5064579645947545            2.3672102998950462           0.17405958087463577     
   2.5064579645947545            2.3672102998950462           0.34811916174927154     
   2.5064579645947545            2.3672102998950462           0.52217874262390729     
   2.5064579645947545            2.3672102998950462           0.69623832349854309     
   2.5064579645947545            2.3672102998950462           0.87029790437317889     
   2.5064579645947545            2.3672102998950462            1.0443574852478146     
   2.5064579645947545            2.3672102998950462            1.2184170661224505     
   2.5064579645947545            2.3672102998950462            1.3924766469970862     
   2.5064579645947545            2.3672102998950462            1.5665362278717216     
   2.5064579645947545            2.3672102998950462            1.7405958087463578     
   2.5064579645947545            2.3672102998950462            1.9146553896209932     
   2.5064579645947545            2.3672102998950462            2.0887149704956292     
   2.5064579645947545            2.3672102998950462            2.2627745513702648     
   2.5064579645947545            2.3672102998950462            2.4368341322449010     
   2.5064579645947545            2.3672102998950462            2.6108937131195367     
   2.5064579645947545            2.3672102998950462            2.7849532939941724     
   2.5064579645947545            2.3672102998950462            2.9590128748688080     
   2.5064579645947545            2.3672102998950462            3.1330724557434433     
   2.5064579645947545            2.5064579645947545            0.0000000000000000     
   2.5064579645947545            2.5064579645947545           0.17405958087463577     
   2.5064579645947545            2.5064579645947545           0.34811916174927154     
   2.5064579645947545            2.5064579645947545           0.52217874262390729     
   2.5064579645947545            2.5064579645947545           0.69623832349854309     
   2.5064579645947545            2.5064579645947545           0.87029790437317889     
   2.5064579645947545            2.5064579645947545            1.0443574852478146     
   2.5064579645947545            2.5064579645947545            1.2184170661224505     
   2.5064579645947545            2.5064579645947545            1.3924766469970862     
   2.5064579645947545            2.5064579645947545            1.5665362278717216     
   2.5064579645947545            2.5064579645947545            1.7405958087463578     
   2.5064579645947545            2.5064579645947545            1.9146553896209932     
   2.5064579645947545            2.5064579645947545            2.0887149704956292     
   2.5064579645947545            2.5064579645947545            2.2627745513702648     
   2.5064579645947545            2.5064579645947545            2.4368341322449010     
   2.5064579645947545            2.5064579645947545            2.6108937131195367     
   2.5064579645947545            2.5064579645947545            2.7849532939941724     
   2.5064579645947545            2.5064579645947545            2.9590128748688080     
   2.5064579645947545            2.5064579645947545            3.1330724557434433     
CELL_DATA     5832
SCALARS avp01 float 1
LOOKUP_TABLE default
   0.00000000    
   0.00000000    
   2.49822270E-02
  0.486260355    
  0.709251523    
  0.534481347    
  0.367673814    
  0.250298321    
  0.192552850    
  0.198896825    
  0.253842175    
  0.370083153    
  0.536207676    
  0.704932213    
  0.485382259    
   2.53606718E-02
   0.00000000    
   0.00000000    
   0.00000000    
   1.86490288E-05
  0.102052242    
  0.581611276    
  0.733062267    
  0.527066767    
  0.359436512    
  0.253884494    
  0.211458489    
  0.209013745    
  0.251547039    
  0.363376796    
  0.518135726    
  0.717670858    
  0.592493534    
  0.100757822    
   5.15793045E-06
   0.00000000    
   0.00000000    
   3.85194123E-02
  0.380878627    
  0.634560406    
  0.679413438    
  0.497282535    
  0.353860825    
  0.265292585    
  0.219080105    
  0.224523485    
  0.263569862    
  0.354725808    
  0.490278125    
  0.678774893    
  0.644649029    
  0.392120183    
   3.80566716E-02
   0.00000000    
  0.105758868    
  0.332928866    
  0.594887435    
  0.715008438    
  0.628275692    
  0.434613287    
  0.348143667    
  0.288593590    
  0.255430251    
  0.253588468    
  0.286922514    
  0.343544781    
  0.429683149    
  0.618681014    
  0.710537136    
  0.599728823    
  0.347943932    
  0.106220298    
  0.526503921    
  0.643794000    
  0.716696203    
  0.656637430    
  0.493758023    
  0.408076525    
  0.339889050    
  0.308740586    
  0.294525564    
  0.290099978    
  0.307590067    
  0.339122891    
  0.402427793    
  0.485621572    
  0.646263063    
  0.712529719    
  0.641184747    
  0.531256914    
  0.688083708    
  0.720593512    
  0.644353449    
  0.523004770    
  0.435197204    
  0.376266003    
  0.336294055    
  0.330340177    
  0.327114969    
  0.327711791    
  0.332056910    
  0.343514204    
  0.367751211    
  0.427741289    
  0.523700893    
  0.643611252    
  0.716887355    
  0.679686606    
  0.634587169    
  0.600565135    
  0.508626103    
  0.425619841    
  0.376259923    
  0.352964848    
  0.344088376    
  0.353662550    
  0.358218998    
  0.358349293    
  0.360309064    
  0.337779284    
  0.353902906    
  0.374811649    
  0.416806400    
  0.513803303    
  0.591186941    
  0.630589664    
  0.464786917    
  0.430258095    
  0.412662566    
  0.366446942    
  0.339987785    
  0.332724124    
  0.345702440    
  0.376889527    
  0.378204823    
  0.380052149    
  0.365256846    
  0.352339864    
  0.337096900    
  0.334241897    
  0.370719582    
  0.404971719    
  0.441264153    
  0.464258164    
  0.404252410    
  0.378902137    
  0.347346991    
  0.338355839    
  0.326181233    
  0.336536616    
  0.351046652    
  0.386598349    
  0.391399205    
  0.392402291    
  0.378950715    
  0.349903911    
  0.330764115    
  0.321029067    
  0.333487839    
  0.351089686    
  0.383880734    
  0.410600156    
  0.403027445    
  0.390100420    
  0.363613367    
  0.343059212    
  0.318766207    
  0.338245600    
  0.351332158    
  0.385645568    
  0.395682186    
  0.399679303    
  0.382917404    
  0.361296445    
  0.334691525    
  0.329527378    
  0.336045474    
  0.366671234    
  0.397996783    
  0.404454589    
  0.457001328    
  0.439391851    
  0.412133396    
  0.367549509    
  0.336641371    
  0.327987760    
  0.347582459    
  0.375096083    
  0.387820959    
  0.384245425    
  0.377078354    
  0.353716135    
  0.345367551    
  0.342232436    
  0.364669383    
  0.415105820    
  0.440257996    
  0.460078210    
  0.622516453    
  0.591546178    
  0.497414440    
  0.424221724    
  0.375702858    
  0.351645827    
  0.336069822    
  0.358783185    
  0.363690376    
  0.359101385    
  0.355856627    
  0.352572352    
  0.363908380    
  0.392432570    
  0.440638572    
  0.503592372    
  0.587567210    
  0.621952891    
  0.684768379    
  0.714525938    
  0.646106005    
  0.523663580    
  0.434083581    
  0.370757163    
  0.335517108    
  0.344448090    
  0.330252349    
  0.331744134    
  0.336188197    
  0.354121089    
  0.371693015    
  0.447722495    
  0.533264101    
  0.633559406    
  0.710569501    
  0.684390903    
  0.529941857    
  0.643010855    
  0.714029610    
  0.653011143    
  0.482835263    
  0.408038139    
  0.339673251    
  0.306736618    
  0.298605353    
  0.300636113    
  0.310707867    
  0.344854891    
  0.410021156    
  0.494024813    
  0.637133300    
  0.714564860    
  0.646161795    
  0.524025142    
  0.103591241    
  0.343081445    
  0.601746678    
  0.711989522    
  0.620383918    
  0.428104937    
  0.347401738    
  0.290027469    
  0.268972486    
  0.271158606    
  0.282985836    
  0.352585018    
  0.436240435    
  0.625122845    
  0.711132467    
  0.594798505    
  0.337884903    
  0.103991009    
   0.00000000    
   3.94224077E-02
  0.389726132    
  0.655215502    
  0.687119365    
  0.490174860    
  0.347349972    
  0.272964746    
  0.232916921    
  0.222992688    
  0.275563121    
  0.356815338    
  0.494217664    
  0.674123883    
  0.645209730    
  0.383300364    
   3.85102108E-02
   0.00000000    
   0.00000000    
   1.08556351E-05
  0.102877475    
  0.587574959    
  0.724617362    
  0.511884987    
  0.355999291    
  0.258154571    
  0.208781958    
  0.213099897    
  0.260001153    
  0.361477733    
  0.517506123    
  0.726513028    
  0.585253954    
  0.102844678    
   1.29299951E-05
   0.00000000    
   0.00000000    
   0.00000000    
   2.61754990E-02
  0.477253199    
  0.703540027    
  0.520908356    
  0.364703268    
  0.252386242    
  0.189576134    
  0.192609638    
  0.254435748    
  0.373151809    
  0.524787307    
  0.705097616    
  0.479277879    
   2.69459989E-02
   0.00000000    
   0.00000000    
   0.00000000    
   2.62452832E-05
   9.69571993E-02
  0.592529655    
  0.718899369    
  0.517099857    
  0.359427303    
  0.255743355    
  0.205322742    
  0.201549307    
  0.258669019    
  0.355554968    
  0.520813942    
  0.726112962    
  0.592873871    
  0.103748657    
   2.16283843E-05
   0.00000000    
   0.00000000    
   2.64334157E-02
  0.282088399    
  0.629365742    
  0.693827391    
  0.500669003    
  0.364644438    
  0.259355456    
  0.209977880    
  0.214632377    
  0.262167960    
  0.359022945    
  0.504334748    
  0.689320564    
  0.627491474    
  0.288885921    
   2.75077652E-02
   0.00000000    
   1.21047553E-02
  0.188310355    
  0.497297972    
  0.712735057    
  0.646822155    
  0.471007824    
  0.351797253    
  0.269380122    
  0.237957895    
  0.237342581    
  0.273669988    
  0.359735012    
  0.466244638    
  0.643005013    
  0.709152639    
  0.512176216    
  0.193133235    
   1.20843677E-02
  0.251337469    
  0.477134168    
  0.664091766    
  0.694297194    
  0.573792160    
  0.434302956    
  0.346257627    
  0.294817150    
  0.267767251    
  0.269742817    
  0.300949275    
  0.348560899    
  0.435603529    
  0.561670661    
  0.690253973    
  0.673650801    
  0.481331706    
  0.254521370    
  0.615020454    
  0.694447935    
  0.707182109    
  0.607333839    
  0.482228905    
  0.404914200    
  0.346531153    
  0.320900708    
  0.321003228    
  0.328798920    
  0.331095994    
  0.352861285    
  0.397800297    
  0.465374678    
  0.597330451    
  0.706298411    
  0.693323493    
  0.620275199    
  0.743408024    
  0.689349592    
  0.595610559    
  0.506347001    
  0.426029742    
  0.388472646    
  0.354310989    
  0.366248280    
  0.380071640    
  0.377407551    
  0.369719625    
  0.360709578    
  0.375836879    
  0.412563354    
  0.499561042    
  0.595291197    
  0.697963357    
  0.729617834    
  0.594378769    
  0.566131949    
  0.473860830    
  0.418439627    
  0.384592831    
  0.366988629    
  0.379508942    
  0.400632411    
  0.417566717    
  0.411882043    
  0.397980481    
  0.381699890    
  0.368094176    
  0.371950597    
  0.412679255    
  0.476078957    
  0.555392623    
  0.587176919    
  0.439866364    
  0.432750314    
  0.396244377    
  0.373207331    
  0.352808982    
  0.361686856    
  0.395972490    
  0.425012410    
  0.436937392    
  0.432974637    
  0.425990820    
  0.400459886    
  0.368087649    
  0.352323860    
  0.366101712    
  0.401790887    
  0.437355638    
  0.447500914    
  0.395307004    
  0.363733441    
  0.357801497    
  0.345840126    
  0.340642989    
  0.366513431    
  0.403178811    
  0.435268611    
  0.452590376    
  0.455288291    
  0.430537909    
  0.394978791    
  0.369478047    
  0.339365304    
  0.342865616    
  0.354995281    
  0.384681225    
  0.390519410    
  0.387316287    
  0.370549917    
  0.358413577    
  0.338086933    
  0.339845389    
  0.363129944    
  0.406600654    
  0.430522054    
  0.454799503    
  0.463108063    
  0.425140709    
  0.400755495    
  0.368963718    
  0.344231457    
  0.343420208    
  0.371044487    
  0.373121053    
  0.382303208    
  0.435917139    
  0.436665505    
  0.398327082    
  0.356973439    
  0.343325138    
  0.361355543    
  0.397319466    
  0.429752290    
  0.443276584    
  0.444580913    
  0.433111221    
  0.408641219    
  0.367259949    
  0.361908853    
  0.382465333    
  0.402416080    
  0.424205840    
  0.432270378    
  0.581387699    
  0.555086374    
  0.477187872    
  0.411364287    
  0.371881306    
  0.366217583    
  0.387095213    
  0.404436260    
  0.410928994    
  0.411051720    
  0.403927863    
  0.386712581    
  0.378779292    
  0.397896945    
  0.426486731    
  0.488100946    
  0.561030030    
  0.583069682    
  0.742970943    
  0.693149865    
  0.596380115    
  0.503924966    
  0.422824651    
  0.385624975    
  0.360085100    
  0.367400289    
  0.372845143    
  0.382757246    
  0.373207837    
  0.372166276    
  0.390744060    
  0.439505666    
  0.497683257    
  0.595663369    
  0.693836153    
  0.735997617    
  0.617012918    
  0.687159061    
  0.705903709    
  0.596165895    
  0.476188958    
  0.398091704    
  0.363849223    
  0.339583755    
  0.335185558    
  0.331403434    
  0.337278485    
  0.366610885    
  0.409731865    
  0.473082662    
  0.587652862    
  0.709736049    
  0.693598032    
  0.609886289    
  0.248020917    
  0.484786838    
  0.670948029    
  0.688803971    
  0.562173188    
  0.436590284    
  0.346794128    
  0.301905215    
  0.280753940    
  0.278936356    
  0.308941454    
  0.358621955    
  0.432256550    
  0.563707709    
  0.694782913    
  0.663998723    
  0.475489050    
  0.249909714    
   1.29442178E-02
  0.190001547    
  0.508703053    
  0.725514710    
  0.640175641    
  0.465755075    
  0.346077681    
  0.279085159    
  0.250530005    
  0.245470047    
  0.281642556    
  0.353353053    
  0.467020094    
  0.644473732    
  0.714188218    
  0.504081428    
  0.188009575    
   1.20714651E-02
   0.00000000    
   2.60951836E-02
  0.290047616    
  0.639567137    
  0.691077888    
  0.504530787    
  0.354651093    
  0.264092863    
  0.215497583    
  0.226335123    
  0.258133858    
  0.353169560    
  0.505246937    
  0.699037313    
  0.625911951    
  0.281261295    
   2.47220416E-02
   0.00000000    
   0.00000000    
   1.58914304E-06
  0.100288242    
  0.593616366    
  0.725149453    
  0.509407401    
  0.360542387    
  0.251524597    
  0.206809431    
  0.207226023    
  0.250575334    
  0.363523453    
  0.519331932    
  0.721737325    
  0.592525184    
  0.100663275    
   3.61266211E-05
   0.00000000    
   0.00000000    
   3.84319611E-02
  0.383593917    
  0.652137637    
  0.683671176    
  0.488744855    
  0.352136075    
  0.260757089    
  0.230116725    
  0.233454049    
  0.265469730    
  0.356272548    
  0.481214076    
  0.684568346    
  0.652817488    
  0.389027447    
   3.79424877E-02
   0.00000000    
   1.20896185E-02
  0.187483981    
  0.496125638    
  0.717018723    
  0.648786545    
  0.464007914    
  0.346561432    
  0.279833645    
  0.248020917    
  0.251586139    
  0.270174742    
  0.353591859    
  0.463736027    
  0.645736814    
  0.714699090    
  0.508682311    
  0.189200535    
   1.27739403E-02
  0.176341921    
  0.430028915    
  0.574148655    
  0.692753613    
  0.582010686    
  0.428525805    
  0.350013763    
  0.303475380    
  0.275646687    
  0.274433166    
  0.304475993    
  0.355269372    
  0.441464931    
  0.567396760    
  0.692877293    
  0.580079675    
  0.444880307    
  0.179613397    
  0.497249335    
  0.614585578    
  0.660779178    
  0.627043366    
  0.498949796    
  0.426308185    
  0.364254981    
  0.334544569    
  0.328224629    
  0.337170154    
  0.341614217    
  0.366953105    
  0.419084132    
  0.494605303    
  0.621584117    
  0.666093528    
  0.623469830    
  0.503111541    
  0.676771700    
  0.706900716    
  0.623429537    
  0.532684803    
  0.457947165    
  0.406223506    
  0.381340414    
  0.383250296    
  0.407304704    
  0.404675364    
  0.384850860    
  0.384744465    
  0.399274468    
  0.452788204    
  0.525321484    
  0.634589672    
  0.711493552    
  0.679973722    
  0.704743445    
  0.648292184    
  0.539872289    
  0.464943260    
  0.424271017    
  0.398561746    
  0.418815821    
  0.441938877    
  0.474507272    
  0.473471344    
  0.437575787    
  0.423923463    
  0.395997971    
  0.424562603    
  0.450985789    
  0.532890737    
  0.647984684    
  0.696292043    
  0.547075272    
  0.494441003    
  0.448629737    
  0.416924775    
  0.391814083    
  0.404676020    
  0.440365791    
  0.497425914    
  0.530537426    
  0.534868062    
  0.494581193    
  0.443064362    
  0.414899200    
  0.397343129    
  0.414504230    
  0.449611306    
  0.502136469    
  0.552228749    
  0.423229486    
  0.408663094    
  0.398719817    
  0.377067924    
  0.376263261    
  0.413434446    
  0.470089495    
  0.555292368    
  0.589374900    
  0.588456273    
  0.550336361    
  0.476664513    
  0.413472116    
  0.376795620    
  0.374688953    
  0.377618939    
  0.406100273    
  0.428381979    
  0.368896395    
  0.362612307    
  0.347890228    
  0.357857823    
  0.378705710    
  0.422944248    
  0.498249024    
  0.599256217    
  0.624304771    
  0.622570336    
  0.591308117    
  0.500582278    
  0.424679369    
  0.384057909    
  0.352854460    
  0.353263080    
  0.365183383    
  0.375907451    
  0.371205896    
  0.363382638    
  0.353426933    
  0.355087936    
  0.387635738    
  0.424526185    
  0.498315156    
  0.595583975    
  0.624650836    
  0.628814280    
  0.582265794    
  0.495211244    
  0.423762023    
  0.385271102    
  0.366266131    
  0.357409388    
  0.365769953    
  0.363020271    
  0.409868002    
  0.408985555    
  0.381610096    
  0.367979974    
  0.375532508    
  0.414203644    
  0.477316976    
  0.556681573    
  0.589838326    
  0.590803862    
  0.563332617    
  0.475456983    
  0.422942311    
  0.391317159    
  0.377361745    
  0.398389041    
  0.403984338    
  0.406591177    
  0.533012509    
  0.490336508    
  0.451471686    
  0.405945480    
  0.385666877    
  0.408152044    
  0.450442404    
  0.488038063    
  0.536073327    
  0.538169146    
  0.497810751    
  0.451139987    
  0.416523039    
  0.406978011    
  0.424217671    
  0.449373066    
  0.492763549    
  0.532437682    
  0.690417588    
  0.646394849    
  0.539626479    
  0.465847403    
  0.424796045    
  0.405777305    
  0.411536038    
  0.434307814    
  0.476932555    
  0.475290805    
  0.442097008    
  0.426544935    
  0.411928475    
  0.436742216    
  0.470124185    
  0.542409301    
  0.640623391    
  0.696499646    
  0.679851830    
  0.705257952    
  0.627060533    
  0.535497844    
  0.456945449    
  0.416198134    
  0.387571514    
  0.390681237    
  0.406831443    
  0.413958222    
  0.397663504    
  0.397293031    
  0.420303404    
  0.470294893    
  0.524563015    
  0.625062525    
  0.709615588    
  0.682002246    
  0.503258884    
  0.618802071    
  0.655825377    
  0.627654970    
  0.492420107    
  0.426435173    
  0.363436729    
  0.347571105    
  0.347298741    
  0.347582459    
  0.347536266    
  0.377465010    
  0.422589749    
  0.506688714    
  0.619170070    
  0.666161537    
  0.618272364    
  0.506752849    
  0.180704623    
  0.443834215    
  0.578322411    
  0.699285686    
  0.577386022    
  0.431173354    
  0.356845528    
  0.307416171    
  0.291246742    
  0.284749091    
  0.310863674    
  0.360166281    
  0.439985543    
  0.578562021    
  0.693672359    
  0.575114012    
  0.437895626    
  0.178332672    
   1.22319292E-02
  0.188084960    
  0.515733838    
  0.714576423    
  0.645128310    
  0.463011324    
  0.347201765    
  0.290418774    
  0.257780582    
  0.248805985    
  0.278051406    
  0.350810051    
  0.466602713    
  0.641829789    
  0.719060957    
  0.508533776    
  0.186454147    
   1.26609672E-02
   0.00000000    
   3.80090326E-02
  0.381557912    
  0.647844255    
  0.680359721    
  0.496968240    
  0.355790108    
  0.260177523    
  0.233328044    
  0.235007092    
  0.264793426    
  0.352802485    
  0.482010722    
  0.679477870    
  0.652568817    
  0.386606246    
   3.79374325E-02
   0.00000000    
  0.111021690    
  0.340625554    
  0.596361518    
  0.718539596    
  0.618941724    
  0.433091164    
  0.344418526    
  0.292427838    
  0.260857761    
  0.254683316    
  0.290475041    
  0.346668452    
  0.423047930    
  0.615954995    
  0.712154508    
  0.593171060    
  0.346745700    
  0.107201062    
  0.253818750    
  0.475793004    
  0.669419169    
  0.695647061    
  0.557230055    
  0.425974041    
  0.345118105    
  0.311093479    
  0.278723836    
  0.273881823    
  0.306875467    
  0.346186727    
  0.434782952    
  0.558898807    
  0.689037204    
  0.670598805    
  0.488438159    
  0.255592048    
  0.494256973    
  0.614003658    
  0.657864988    
  0.617738724    
  0.496070445    
  0.419919610    
  0.358334720    
  0.339604408    
  0.336211711    
  0.334948003    
  0.344634712    
  0.357329607    
  0.423450828    
  0.496560484    
  0.612929821    
  0.661511600    
  0.619965196    
  0.500725269    
  0.613008857    
  0.706564605    
  0.667185187    
  0.562036037    
  0.470143974    
  0.417598516    
  0.384585261    
  0.396718472    
  0.401811838    
  0.412388414    
  0.403704703    
  0.389443517    
  0.413282037    
  0.467048168    
  0.554207087    
  0.670199335    
  0.709960938    
  0.610825300    
  0.735190511    
  0.664850652    
  0.558790326    
  0.485015959    
  0.440619200    
  0.410015315    
  0.429371595    
  0.453743905    
  0.485614598    
  0.485381722    
  0.451583982    
  0.439566553    
  0.413790613    
  0.444884598    
  0.481456697    
  0.550178587    
  0.667657197    
  0.721822858    
  0.608177722    
  0.548370659    
  0.479906380    
  0.446692377    
  0.415053844    
  0.432807714    
  0.473664165    
  0.557173133    
  0.614038348    
  0.599160254    
  0.548545182    
  0.472496152    
  0.442275614    
  0.419067174    
  0.442403406    
  0.478957981    
  0.560871542    
  0.607766151    
  0.484919906    
  0.446518153    
  0.428595513    
  0.408451378    
  0.424120307    
  0.459904552    
  0.532223463    
  0.642971456    
  0.691167593    
  0.689341068    
  0.644704700    
  0.530907393    
  0.459737659    
  0.427755415    
  0.411723465    
  0.428978741    
  0.448405951    
  0.483958602    
  0.392966926    
  0.391683608    
  0.369093060    
  0.380524397    
  0.426361233    
  0.494509846    
  0.592975974    
  0.688934147    
  0.735809922    
  0.732512712    
  0.692647874    
  0.584997296    
  0.495786875    
  0.422990799    
  0.392877728    
  0.373174399    
  0.379285038    
  0.392060816    
  0.338001728    
  0.333057493    
  0.342527241    
  0.371934861    
  0.424248189    
  0.529431224    
  0.639226377    
  0.713479519    
  0.685890973    
  0.681460559    
  0.715124011    
  0.631394386    
  0.525929093    
  0.432840586    
  0.378403753    
  0.350318134    
  0.350472808    
  0.334200680    
  0.337826490    
  0.329389036    
  0.341558665    
  0.372856677    
  0.430399179    
  0.518856168    
  0.640754044    
  0.708493531    
  0.690177858    
  0.684267640    
  0.715102255    
  0.634598911    
  0.527455568    
  0.438438684    
  0.384136349    
  0.349275917    
  0.335799426    
  0.338930845    
  0.385962188    
  0.365841836    
  0.352616042    
  0.380441934    
  0.410246402    
  0.501440346    
  0.589912236    
  0.694782257    
  0.737134278    
  0.739426255    
  0.690337598    
  0.591080666    
  0.502784848    
  0.431464940    
  0.387726009    
  0.364372998    
  0.375455290    
  0.374934822    
  0.477829039    
  0.442381591    
  0.419991523    
  0.394642055    
  0.413481623    
  0.462152779    
  0.537137687    
  0.642067373    
  0.699635148    
  0.696532369    
  0.642112195    
  0.536096811    
  0.460526466    
  0.429285884    
  0.407453507    
  0.430421650    
  0.438373297    
  0.472620249    
  0.607532561    
  0.554936945    
  0.483066976    
  0.445527107    
  0.414513081    
  0.443647712    
  0.470823824    
  0.551341236    
  0.607016742    
  0.615802884    
  0.552600741    
  0.476816475    
  0.441747308    
  0.433921337    
  0.447372139    
  0.489188671    
  0.555406094    
  0.603807926    
  0.721222281    
  0.662702680    
  0.551137030    
  0.488548964    
  0.447563022    
  0.419298917    
  0.439238608    
  0.457461089    
  0.496485829    
  0.494009078    
  0.463317662    
  0.443075955    
  0.426849008    
  0.452596486    
  0.490171939    
  0.553512692    
  0.659692347    
  0.717693090    
  0.624614954    
  0.700783551    
  0.668554306    
  0.574873924    
  0.473373324    
  0.410888225    
  0.383166581    
  0.402220994    
  0.421388179    
  0.423442274    
  0.408431321    
  0.394995838    
  0.419810265    
  0.477884948    
  0.566420972    
  0.670166969    
  0.705910742    
  0.622445464    
  0.513160348    
  0.619790196    
  0.665833473    
  0.631487370    
  0.503906012    
  0.420790166    
  0.359316528    
  0.347943723    
  0.348933637    
  0.341193140    
  0.344881058    
  0.362102777    
  0.418097645    
  0.506249428    
  0.623096049    
  0.662784457    
  0.622616351    
  0.505105674    
  0.251517683    
  0.483346999    
  0.664855361    
  0.699379802    
  0.558781207    
  0.433007509    
  0.346441209    
  0.310827047    
  0.281106710    
  0.280868381    
  0.301755071    
  0.350905269    
  0.432152838    
  0.557408452    
  0.688290656    
  0.671355367    
  0.486627042    
  0.248939991    
  0.107615933    
  0.336973429    
  0.598293483    
  0.704227388    
  0.617220402    
  0.432378888    
  0.340818226    
  0.291133821    
  0.251303077    
  0.258576632    
  0.287804037    
  0.345059156    
  0.433409840    
  0.619257510    
  0.702975392    
  0.597212136    
  0.339839876    
  0.107896775    
  0.528184175    
  0.640025139    
  0.722690761    
  0.640296757    
  0.490704536    
  0.410599291    
  0.344340891    
  0.310396552    
  0.297530383    
  0.300805271    
  0.311198354    
  0.340046853    
  0.404967666    
  0.490490854    
  0.634911895    
  0.725934505    
  0.647382140    
  0.529035330    
  0.611731052    
  0.689232886    
  0.708704233    
  0.594193101    
  0.464853406    
  0.401832789    
  0.358738571    
  0.333426088    
  0.331482679    
  0.328016728    
  0.332430810    
  0.352979779    
  0.395430177    
  0.471000075    
  0.591054201    
  0.709477007    
  0.692563653    
  0.609507203    
  0.677992404    
  0.708480120    
  0.627924383    
  0.535257697    
  0.447863877    
  0.398202538    
  0.381876528    
  0.388048649    
  0.403494000    
  0.409962207    
  0.397193044    
  0.375125796    
  0.405852616    
  0.455312252    
  0.522044241    
  0.632309794    
  0.709296465    
  0.672791660    
  0.724033535    
  0.662543416    
  0.550621271    
  0.483843893    
  0.437355876    
  0.410825342    
  0.438180447    
  0.458667427    
  0.496129930    
  0.485882193    
  0.455547184    
  0.431572855    
  0.419065773    
  0.445649087    
  0.479034483    
  0.540571332    
  0.661019146    
  0.715389550    
  0.633214414    
  0.556218326    
  0.471458226    
  0.453657746    
  0.427309901    
  0.442763984    
  0.469961613    
  0.559296310    
  0.625664771    
  0.628821731    
  0.561139345    
  0.466738045    
  0.455686718    
  0.428770870    
  0.451791435    
  0.472540677    
  0.565414846    
  0.624446809    
  0.506544054    
  0.465822130    
  0.440319896    
  0.432087123    
  0.441261053    
  0.480616987    
  0.548736393    
  0.663259208    
  0.722383678    
  0.722911894    
  0.666775346    
  0.546705067    
  0.482572734    
  0.439651698    
  0.415431321    
  0.441584080    
  0.472046345    
  0.498348743    
  0.408707798    
  0.398111880    
  0.393271685    
  0.418140173    
  0.457970947    
  0.526059031    
  0.633590996    
  0.707011282    
  0.680759430    
  0.685100436    
  0.712928057    
  0.630306661    
  0.530637622    
  0.457023203    
  0.414672464    
  0.388718873    
  0.403744221    
  0.413995862    
  0.347832233    
  0.341409147    
  0.360575914    
  0.402558714    
  0.469862908    
  0.596581519    
  0.691980243    
  0.698608041    
  0.617099285    
  0.619507968    
  0.689276516    
  0.701649070    
  0.599493802    
  0.475364208    
  0.408957094    
  0.354110181    
  0.337820172    
  0.331827462    
  0.312879682    
  0.313742012    
  0.340662122    
  0.408443421    
  0.484419435    
  0.645643175    
  0.709029555    
  0.643975317    
  0.525818050    
  0.523084044    
  0.644554555    
  0.702906072    
  0.639036536    
  0.482663184    
  0.407580435    
  0.340696990    
  0.319577217    
  0.305529863    
  0.303365767    
  0.306700796    
  0.334315509    
  0.407265097    
  0.488399714    
  0.640710533    
  0.714664817    
  0.645031512    
  0.525476158    
  0.529686034    
  0.649641931    
  0.711716890    
  0.640609920    
  0.487962753    
  0.402797222    
  0.334720254    
  0.324789196    
  0.308619767    
  0.337742090    
  0.328692079    
  0.341308981    
  0.398434997    
  0.465994865    
  0.591518342    
  0.704007328    
  0.694753170    
  0.611492753    
  0.611166477    
  0.697984576    
  0.702670991    
  0.589415431    
  0.476205707    
  0.400306672    
  0.358009160    
  0.337873578    
  0.333974183    
  0.407860339    
  0.390132517    
  0.388768733    
  0.409140646    
  0.452656269    
  0.530155420    
  0.625408113    
  0.711538374    
  0.677730858    
  0.685389757    
  0.706581771    
  0.627474546    
  0.530218959    
  0.459909678    
  0.411381274    
  0.386055112    
  0.402939111    
  0.404088646    
  0.488902271    
  0.465326697    
  0.446730763    
  0.424644977    
  0.442333966    
  0.474780828    
  0.535578489    
  0.661914885    
  0.729730964    
  0.726206243    
  0.662716866    
  0.551418841    
  0.488200307    
  0.445578456    
  0.420856327    
  0.454338551    
  0.463375121    
  0.489876091    
  0.626593888    
  0.566304922    
  0.480317950    
  0.461403191    
  0.428929180    
  0.451341897    
  0.475626916    
  0.561351180    
  0.630718291    
  0.626330912    
  0.557301700    
  0.483584076    
  0.455098957    
  0.434900135    
  0.457811773    
  0.489951819    
  0.560840964    
  0.623608530    
  0.726666331    
  0.666920543    
  0.554978907    
  0.484336644    
  0.441421628    
  0.412243456    
  0.435035765    
  0.457606554    
  0.484762609    
  0.489687294    
  0.463846564    
  0.449810386    
  0.412296891    
  0.445213646    
  0.489449143    
  0.558888793    
  0.657503664    
  0.722155392    
  0.688772917    
  0.710498393    
  0.630800307    
  0.538490891    
  0.461116165    
  0.412912756    
  0.380409032    
  0.396895438    
  0.400580019    
  0.409119010    
  0.390436888    
  0.376372844    
  0.405272961    
  0.461228639    
  0.531019449    
  0.630897641    
  0.718943655    
  0.682391882    
  0.622513831    
  0.698737800    
  0.708036363    
  0.604005337    
  0.473743051    
  0.410682708    
  0.358494639    
  0.333280116    
  0.330933243    
  0.331550926    
  0.331365168    
  0.354525745    
  0.398846954    
  0.475619882    
  0.593057871    
  0.712492585    
  0.696064889    
  0.615613639    
  0.526095092    
  0.643139780    
  0.713036060    
  0.640137076    
  0.492423922    
  0.414642036    
  0.338056624    
  0.311764538    
  0.295991838    
  0.304558337    
  0.312540919    
  0.341841400    
  0.404516160    
  0.481765419    
  0.646703959    
  0.716260195    
  0.643303633    
  0.532850564    
  0.679161310    
  0.709831536    
  0.635348022    
  0.523022771    
  0.428194284    
  0.378425419    
  0.343317479    
  0.334757149    
  0.331520587    
  0.339338869    
  0.333298922    
  0.350284427    
  0.375261962    
  0.435119659    
  0.527538955    
  0.640609503    
  0.709431350    
  0.680399716    
  0.737282753    
  0.687541842    
  0.593916297    
  0.491236478    
  0.420192331    
  0.389611155    
  0.357647777    
  0.381678998    
  0.390340835    
  0.387498796    
  0.367902815    
  0.357306272    
  0.381924927    
  0.423023939    
  0.501233220    
  0.592507124    
  0.691217899    
  0.732178926    
  0.691077709    
  0.633246303    
  0.532763541    
  0.458246440    
  0.412822336    
  0.390656918    
  0.416098744    
  0.456359774    
  0.477049381    
  0.490403086    
  0.440922141    
  0.421651989    
  0.397331923    
  0.421256810    
  0.461026430    
  0.530503035    
  0.637722433    
  0.694200277    
  0.611178994    
  0.551833868    
  0.478492349    
  0.442156106    
  0.415548831    
  0.439000577    
  0.486809552    
  0.556380689    
  0.609034896    
  0.615624607    
  0.552244723    
  0.480593473    
  0.442308992    
  0.413881361    
  0.445757478    
  0.483967513    
  0.551944673    
  0.609405756    
  0.487914711    
  0.468848169    
  0.442048192    
  0.412024409    
  0.437517792    
  0.481180340    
  0.554767847    
  0.662864566    
  0.723276615    
  0.725219548    
  0.672903121    
  0.549920917    
  0.481634974    
  0.447082728    
  0.419755965    
  0.448217541    
  0.461656272    
  0.494036645    
  0.431440115    
  0.411541134    
  0.399973929    
  0.415112764    
  0.471398771    
  0.563179791    
  0.672875285    
  0.705916524    
  0.624183774    
  0.626664281    
  0.706656039    
  0.668654025    
  0.561800539    
  0.476959050    
  0.425380200    
  0.400636554    
  0.408419281    
  0.418159962    
  0.355682105    
  0.355111927    
  0.371166378    
  0.431510806    
  0.497363955    
  0.620686293    
  0.658411145    
  0.628244102    
  0.505640268    
  0.509514034    
  0.623274446    
  0.656741977    
  0.619757831    
  0.494840384    
  0.433583379    
  0.375640810    
  0.347268224    
  0.341889441    
  0.289197326    
  0.302946657    
  0.349294931    
  0.443046182    
  0.555163145    
  0.682624578    
  0.672741711    
  0.484510392    
  0.253293455    
  0.252205968    
  0.481491268    
  0.661493778    
  0.686158538    
  0.552547514    
  0.440711498    
  0.350926250    
  0.299526483    
  0.295591414    
  0.270751059    
  0.287687212    
  0.355888188    
  0.433030397    
  0.619678319    
  0.700721920    
  0.595014155    
  0.338511318    
  0.101157062    
  0.104955450    
  0.342438400    
  0.587767959    
  0.702887177    
  0.618080795    
  0.437076569    
  0.352111071    
  0.297895461    
  0.269972503    
  0.265752524    
  0.289379507    
  0.352015942    
  0.437091172    
  0.621345341    
  0.708371401    
  0.602494121    
  0.340211004    
  0.105217129    
  0.103069007    
  0.341196924    
  0.600066841    
  0.708746254    
  0.621523380    
  0.439545125    
  0.350625336    
  0.302642196    
  0.270287365    
  0.280818045    
  0.301125228    
  0.346186191    
  0.429555029    
  0.557804644    
  0.689113081    
  0.668818116    
  0.488077581    
  0.255214006    
  0.252813369    
  0.477548063    
  0.673899412    
  0.683622360    
  0.567310393    
  0.431547076    
  0.352159888    
  0.305324018    
  0.290059596    
  0.347864211    
  0.340491027    
  0.368789315    
  0.424797475    
  0.495972455    
  0.620781958    
  0.656164110    
  0.625125051    
  0.498997271    
  0.499870747    
  0.624801278    
  0.655877352    
  0.622310996    
  0.496523380    
  0.425579846    
  0.374490410    
  0.347841173    
  0.351917773    
  0.416377008    
  0.409515023    
  0.395819128    
  0.423785746    
  0.468077809    
  0.556417525    
  0.659246206    
  0.711295426    
  0.619889319    
  0.623624623    
  0.707871616    
  0.666712344    
  0.565476179    
  0.479303807    
  0.415191293    
  0.407219231    
  0.411311656    
  0.416887730    
  0.494430214    
  0.461342335    
  0.442218781    
  0.431240499    
  0.447057694    
  0.476970702    
  0.535915613    
  0.658623219    
  0.724027038    
  0.725014210    
  0.657826245    
  0.543692052    
  0.488765210    
  0.449481726    
  0.421280056    
  0.454251051    
  0.463238925    
  0.489585698    
  0.616725028    
  0.564887762    
  0.487756848    
  0.450303823    
  0.415798575    
  0.439514130    
  0.470229477    
  0.560621440    
  0.614096880    
  0.608035326    
  0.555226028    
  0.477633655    
  0.442533731    
  0.427631408    
  0.454903245    
  0.492982537    
  0.551776707    
  0.608421564    
  0.704107523    
  0.649411201    
  0.546403766    
  0.473815203    
  0.426704764    
  0.398849815    
  0.418509930    
  0.443829209    
  0.470499128    
  0.469769448    
  0.440105736    
  0.418177664    
  0.402927071    
  0.423902661    
  0.472826272    
  0.544278085    
  0.642490029    
  0.701283514    
  0.746463060    
  0.699015737    
  0.599831223    
  0.510152042    
  0.427108854    
  0.381375223    
  0.361484885    
  0.372498006    
  0.383201748    
  0.375716776    
  0.371143997    
  0.361887634    
  0.376367927    
  0.429031223    
  0.505484045    
  0.596606433    
  0.695513546    
  0.736271858    
  0.686360598    
  0.715081453    
  0.632834136    
  0.535975099    
  0.437317133    
  0.363238633    
  0.346261263    
  0.336418897    
  0.332038552    
  0.334180206    
  0.336781919    
  0.348385841    
  0.371846884    
  0.437764525    
  0.525142312    
  0.638723314    
  0.710461318    
  0.688415051    
  0.626405060    
  0.586076379    
  0.495502055    
  0.423864692    
  0.381564826    
  0.349524647    
  0.344505131    
  0.367687792    
  0.380005449    
  0.375998139    
  0.365367055    
  0.341708601    
  0.352496356    
  0.387362093    
  0.426922381    
  0.496347636    
  0.588484406    
  0.625320852    
  0.581175983    
  0.549606502    
  0.470015377    
  0.412316114    
  0.384236097    
  0.373439848    
  0.387208462    
  0.410639524    
  0.416954249    
  0.420188010    
  0.398512155    
  0.384031624    
  0.371406585    
  0.386311978    
  0.415934056    
  0.467765570    
  0.551069736    
  0.577009976    
  0.531237721    
  0.491535306    
  0.450938731    
  0.406874746    
  0.390405864    
  0.406309783    
  0.458870083    
  0.500236452    
  0.539167643    
  0.540910482    
  0.496693462    
  0.453253448    
  0.406646609    
  0.393633097    
  0.402341068    
  0.436348021    
  0.488308430    
  0.532121539    
  0.472911388    
  0.437153459    
  0.425990045    
  0.405036241    
  0.422116429    
  0.470130324    
  0.544013083    
  0.649658978    
  0.698332429    
  0.699118674    
  0.648556471    
  0.537629604    
  0.469874680    
  0.416791767    
  0.404456377    
  0.421197146    
  0.445516497    
  0.475114375    
  0.414124995    
  0.386762977    
  0.383857965    
  0.405758351    
  0.463007122    
  0.534131110    
  0.630768239    
  0.718006909    
  0.685513973    
  0.684882164    
  0.718439341    
  0.632436037    
  0.530342698    
  0.454337239    
  0.410895914    
  0.387633234    
  0.395760030    
  0.410501570    
  0.345720500    
  0.349526048    
  0.362445712    
  0.424328178    
  0.500228643    
  0.623623610    
  0.657080650    
  0.620827913    
  0.511927187    
  0.507389247    
  0.628195047    
  0.657463253    
  0.627314806    
  0.497368217    
  0.424646676    
  0.368349105    
  0.347590655    
  0.340633839    
  0.286861777    
  0.309350163    
  0.364179909    
  0.431106865    
  0.566114008    
  0.687283516    
  0.581711233    
  0.442460448    
  0.176493362    
  0.175539508    
  0.443547875    
  0.579012871    
  0.688590765    
  0.567193270    
  0.433687806    
  0.360452771    
  0.317525119    
  0.285909414    
  0.251466990    
  0.288454920    
  0.362638891    
  0.470646530    
  0.633379996    
  0.708367169    
  0.511013091    
  0.187850893    
   1.24625107E-02
   1.34353712E-02
  0.191747427    
  0.507058144    
  0.705686152    
  0.640961647    
  0.467110217    
  0.356087089    
  0.287796408    
  0.251356333    
  0.233783886    
  0.266495556    
  0.356766760    
  0.492119193    
  0.674007475    
  0.646511793    
  0.388590515    
   3.56177948E-02
   0.00000000    
   0.00000000    
   3.46842259E-02
  0.387432486    
  0.642731369    
  0.681763828    
  0.497252941    
  0.362406492    
  0.268889844    
  0.225624666    
  0.227966279    
  0.261177063    
  0.355720222    
  0.497312576    
  0.676503241    
  0.648537099    
  0.385539204    
   3.81405316E-02
   0.00000000    
   0.00000000    
   3.87593992E-02
  0.387346685    
  0.646167517    
  0.676905572    
  0.499386102    
  0.355162114    
  0.270942718    
  0.230170548    
  0.247092739    
  0.277083069    
  0.353906780    
  0.470095783    
  0.641134918    
  0.720022142    
  0.511045098    
  0.188359827    
   1.24815246E-02
   1.18093155E-02
  0.188042015    
  0.506986976    
  0.715906620    
  0.651250601    
  0.471552104    
  0.353184909    
  0.290803462    
  0.261344135    
  0.296684474    
  0.295585752    
  0.354681641    
  0.436563283    
  0.571664572    
  0.690739751    
  0.571693659    
  0.440134823    
  0.176682010    
  0.174558178    
  0.435893595    
  0.573356330    
  0.694519460    
  0.581220269    
  0.428260863    
  0.358144164    
  0.312612057    
  0.283251524    
  0.344521880    
  0.337867200    
  0.368061334    
  0.429805219    
  0.494025022    
  0.612303138    
  0.661097825    
  0.622081757    
  0.503496051    
  0.498306483    
  0.622988999    
  0.661191344    
  0.626262546    
  0.502874434    
  0.421052456    
  0.371849239    
  0.353255421    
  0.352711201    
  0.412718683    
  0.392078251    
  0.384427458    
  0.411522388    
  0.447049588    
  0.522740722    
  0.627960026    
  0.714959681    
  0.683441579    
  0.684975684    
  0.709911764    
  0.635546505    
  0.538525105    
  0.458151072    
  0.409769535    
  0.394122899    
  0.398021907    
  0.412719756    
  0.472279429    
  0.443959445    
  0.425903291    
  0.394393057    
  0.419786036    
  0.460520655    
  0.535081685    
  0.647897124    
  0.698396862    
  0.700122654    
  0.646077812    
  0.531924248    
  0.467417777    
  0.417609483    
  0.406038135    
  0.434312016    
  0.448562115    
  0.470964372    
  0.542533398    
  0.498780280    
  0.450567216    
  0.411515713    
  0.390621364    
  0.407931507    
  0.439266801    
  0.490980089    
  0.530394018    
  0.530503213    
  0.491120428    
  0.439576536    
  0.401239306    
  0.391124964    
  0.421020836    
  0.459092438    
  0.494829386    
  0.530489266    
  0.595487118    
  0.557984293    
  0.477183938    
  0.418498695    
  0.383958668    
  0.360270679    
  0.377114862    
  0.403614104    
  0.409401357    
  0.413740337    
  0.407910794    
  0.382039696    
  0.356046975    
  0.377627224    
  0.422918320    
  0.476690441    
  0.557694674    
  0.592622817    
  0.617753923    
  0.582650006    
  0.502086461    
  0.432655424    
  0.379655927    
  0.346255571    
  0.343252093    
  0.362516761    
  0.375006378    
  0.381666303    
  0.357424676    
  0.345337421    
  0.353966802    
  0.380198777    
  0.430558234    
  0.507183909    
  0.593425214    
  0.615378857    
  0.452804327    
  0.433477432    
  0.402888060    
  0.384270400    
  0.347269028    
  0.336403787    
  0.358748645    
  0.381614000    
  0.396737933    
  0.396151841    
  0.368646652    
  0.358599484    
  0.343239605    
  0.344128728    
  0.366464555    
  0.406504333    
  0.436640620    
  0.453100294    
  0.443889380    
  0.431073755    
  0.405650347    
  0.376714349    
  0.365205616    
  0.363994420    
  0.405478060    
  0.435372889    
  0.452934414    
  0.447864205    
  0.427913874    
  0.398641378    
  0.368557096    
  0.358384430    
  0.371450394    
  0.400696605    
  0.428220630    
  0.443419337    
  0.411290586    
  0.399864942    
  0.390950382    
  0.375750333    
  0.387581557    
  0.429042608    
  0.480422646    
  0.566614687    
  0.586349905    
  0.595231950    
  0.559385478    
  0.475282252    
  0.424493253    
  0.380764902    
  0.371367812    
  0.378146768    
  0.405226797    
  0.421840131    
  0.387087137    
  0.377632171    
  0.363395691    
  0.392540455    
  0.424057454    
  0.507109344    
  0.607540369    
  0.698629081    
  0.735710323    
  0.737862051    
  0.696929514    
  0.594023764    
  0.502939880    
  0.424254328    
  0.381711990    
  0.358580351    
  0.373981625    
  0.393799007    
  0.328840703    
  0.341568440    
  0.353791714    
  0.406696349    
  0.480651021    
  0.602850676    
  0.702821851    
  0.692560732    
  0.615663171    
  0.620972753    
  0.694820523    
  0.704175413    
  0.593351960    
  0.466291070    
  0.403908521    
  0.354859561    
  0.341507584    
  0.338063329    
  0.288380951    
  0.316619068    
  0.351872951    
  0.435407400    
  0.571389496    
  0.689432621    
  0.667453349    
  0.479048282    
  0.245518014    
  0.251446843    
  0.484051794    
  0.663017690    
  0.695056140    
  0.553772151    
  0.424842805    
  0.352563113    
  0.317858011    
  0.291702002    
  0.254794806    
  0.289941758    
  0.357661664    
  0.475291342    
  0.646458447    
  0.703982651    
  0.507725060    
  0.187739417    
   1.39694251E-02
   1.24701234E-02
  0.188320071    
  0.501483262    
  0.707430124    
  0.637980998    
  0.460518092    
  0.362149298    
  0.292441547    
  0.256049395    
  0.217025205    
  0.261930704    
  0.370284557    
  0.504131138    
  0.687726498    
  0.631537020    
  0.286250025    
   2.54775453E-02
   0.00000000    
   0.00000000    
   2.73287538E-02
  0.278846890    
  0.624590874    
  0.687813461    
  0.498937845    
  0.360919744    
  0.271480203    
  0.226755396    
  0.215467796    
  0.261285394    
  0.369954348    
  0.510233581    
  0.721352935    
  0.584585607    
  0.103450336    
   3.29985937E-06
   0.00000000    
   0.00000000    
   5.04556992E-05
  0.101130150    
  0.584204018    
  0.720105410    
  0.511852980    
  0.360357195    
  0.253680587    
  0.206577539    
  0.205680504    
  0.260990471    
  0.368857116    
  0.517351031    
  0.725679576    
  0.585693777    
  0.103357099    
   1.57107097E-05
   0.00000000    
   0.00000000    
   7.22778987E-06
   9.88950133E-02
  0.593903244    
  0.724815190    
  0.520254076    
  0.357925117    
  0.248464406    
  0.204938397    
  0.224144876    
  0.272231400    
  0.363779396    
  0.509981930    
  0.685910404    
  0.632468820    
  0.281618625    
   2.65737697E-02
   0.00000000    
   0.00000000    
   2.41151433E-02
  0.279620826    
  0.640259504    
  0.700449765    
  0.506912053    
  0.363125175    
  0.265104294    
  0.222417921    
  0.251535922    
  0.285901666    
  0.355035275    
  0.475326478    
  0.635511637    
  0.714611650    
  0.508641601    
  0.190741315    
   1.27811758E-02
   1.37353521E-02
  0.186943740    
  0.507591963    
  0.707254350    
  0.648358345    
  0.463787884    
  0.346161306    
  0.281120688    
  0.257929534    
  0.287822187    
  0.307430059    
  0.348933727    
  0.430290192    
  0.557463944    
  0.689709067    
  0.670784950    
  0.483347863    
  0.246990576    
  0.249294996    
  0.483197749    
  0.661797762    
  0.692266583    
  0.561115861    
  0.422180921    
  0.349822342    
  0.310454220    
  0.278265059    
  0.326750308    
  0.344276100    
  0.356397063    
  0.402809620    
  0.463372290    
  0.590692580    
  0.706994593    
  0.687476575    
  0.618632078    
  0.616154611    
  0.691336274    
  0.704149127    
  0.597290456    
  0.478315502    
  0.392528117    
  0.356559604    
  0.337509483    
  0.333143085    
  0.377730250    
  0.375147790    
  0.361156046    
  0.385584623    
  0.418493778    
  0.490725785    
  0.596542299    
  0.696499825    
  0.732001007    
  0.731749773    
  0.688849807    
  0.596732318    
  0.501216590    
  0.423360109    
  0.383258402    
  0.365901709    
  0.376688719    
  0.382436365    
  0.413859904    
  0.397682786    
  0.378284842    
  0.366627455    
  0.377927631    
  0.417420983    
  0.473046601    
  0.547784507    
  0.576408446    
  0.592322230    
  0.546966553    
  0.467615128    
  0.416954696    
  0.369056672    
  0.369191885    
  0.379950911    
  0.399791479    
  0.403902620    
  0.441133380    
  0.434033036    
  0.400435358    
  0.362938046    
  0.348318011    
  0.362329274    
  0.404035002    
  0.426943541    
  0.444203734    
  0.441457272    
  0.435186327    
  0.405805498    
  0.362097889    
  0.346976727    
  0.369820327    
  0.405656010    
  0.427410036    
  0.432267994    
  0.460311145    
  0.436202079    
  0.409070224    
  0.378653258    
  0.338506401    
  0.335889637    
  0.352737665    
  0.379198998    
  0.391493887    
  0.394445598    
  0.385005563    
  0.356533706    
  0.339602917    
  0.338408828    
  0.375589371    
  0.408435881    
  0.432638943    
  0.458192319    
  0.400170565    
  0.385871083    
  0.357917041    
  0.339936495    
  0.319879889    
  0.334834129    
  0.356478602    
  0.397523493    
  0.404711217    
  0.403644711    
  0.383460402    
  0.360255748    
  0.340153545    
  0.324133396    
  0.335059166    
  0.354517132    
  0.385338545    
  0.397586614    
  0.387199491    
  0.372948945    
  0.366439074    
  0.355512083    
  0.350700349    
  0.374049634    
  0.410942733    
  0.447228432    
  0.460868359    
  0.463519931    
  0.440309107    
  0.406178534    
  0.378077745    
  0.326398253    
  0.334160894    
  0.352627456    
  0.370759368    
  0.389997959    
  0.376132995    
  0.359912455    
  0.348568022    
  0.361368120    
  0.399519235    
  0.437387407    
  0.514148653    
  0.596019268    
  0.627312303    
  0.625037014    
  0.598415554    
  0.505598247    
  0.431700885    
  0.379666686    
  0.352936685    
  0.344069183    
  0.359672934    
  0.371847391    
  0.338857144    
  0.342244625    
  0.345861793    
  0.378507614    
  0.446583331    
  0.540469944    
  0.646128833    
  0.709383309    
  0.677980125    
  0.684518158    
  0.707811177    
  0.644399107    
  0.529478371    
  0.431069463    
  0.376095682    
  0.335918278    
  0.337025166    
  0.332906544    
  0.303369552    
  0.316332221    
  0.343917340    
  0.401131034    
  0.491017580    
  0.641542733    
  0.713065863    
  0.641565740    
  0.519352198    
  0.525405228    
  0.639332592    
  0.717204928    
  0.648183286    
  0.488910973    
  0.403987706    
  0.341713071    
  0.314565718    
  0.306859970    
  0.262570709    
  0.296724319    
  0.356211513    
  0.436630905    
  0.621566117    
  0.704095781    
  0.588198125    
  0.340215057    
  0.104653299    
  0.107226118    
  0.346692383    
  0.591323078    
  0.704988241    
  0.620676339    
  0.430894315    
  0.349970847    
  0.294420362    
  0.281490713    
  0.233788729    
  0.266111195    
  0.361450970    
  0.491526634    
  0.676866055    
  0.648382127    
  0.387511998    
   3.64204943E-02
   0.00000000    
   0.00000000    
   3.64626460E-02
  0.389723718    
  0.647014678    
  0.679714799    
  0.489431918    
  0.353207111    
  0.269753575    
  0.236161679    
  0.215756595    
  0.265337795    
  0.364055872    
  0.513502955    
  0.720778763    
  0.580184758    
  0.103618748    
   1.02412578E-05
   0.00000000    
   0.00000000    
   2.21409096E-06
  0.105002984    
  0.588712871    
  0.727747500    
  0.516971946    
  0.363465279    
  0.253433287    
  0.202630535    
  0.197688356    
  0.258126706    
  0.366297603    
  0.530367613    
  0.701961100    
  0.477094769    
   2.76174415E-02
   0.00000000    
   0.00000000    
   0.00000000    
   0.00000000    
   2.50972901E-02
  0.481237382    
  0.703521311    
  0.526191473    
  0.366147727    
  0.253186345    
  0.190515384    
  0.197087571    
  0.268302560    
  0.370719403    
  0.537482083    
  0.703108370    
  0.475662887    
   2.72383317E-02
   0.00000000    
   0.00000000    
   0.00000000    
   0.00000000    
   2.52925530E-02
  0.475340247    
  0.704307139    
  0.534135163    
  0.373108536    
  0.247212321    
  0.191600204    
  0.208843991    
  0.257794976    
  0.366905123    
  0.522904038    
  0.715610504    
  0.590270400    
  0.102755137    
   1.07202777E-05
   0.00000000    
   0.00000000    
   9.79129400E-05
   9.87976864E-02
  0.589562595    
  0.724413991    
  0.531039774    
  0.367586344    
  0.247655600    
  0.205104649    
  0.226466298    
  0.266757399    
  0.361423075    
  0.493014961    
  0.677491903    
  0.644519091    
  0.389720976    
   3.57375592E-02
   0.00000000    
   0.00000000    
   3.63848396E-02
  0.384659678    
  0.638406515    
  0.682897151    
  0.496519685    
  0.351300597    
  0.264424682    
  0.229497120    
  0.257537305    
  0.279951453    
  0.336106241    
  0.427818894    
  0.622380555    
  0.707993746    
  0.596434891    
  0.338448316    
  0.103907824    
  0.104908228    
  0.339447826    
  0.590663970    
  0.714453280    
  0.622628689    
  0.426608682    
  0.346038431    
  0.285208821    
  0.265222281    
  0.303392112    
  0.314230174    
  0.344884962    
  0.403129041    
  0.477600873    
  0.647176802    
  0.712381899    
  0.646313965    
  0.521037757    
  0.530763686    
  0.645551264    
  0.716590047    
  0.649913251    
  0.495341837    
  0.406945616    
  0.335497826    
  0.306258678    
  0.294869483    
  0.336884081    
  0.332965910    
  0.344272196    
  0.363365293    
  0.425905198    
  0.516750813    
  0.630944490    
  0.718198657    
  0.670067906    
  0.677390695    
  0.711272120    
  0.644107342    
  0.524125099    
  0.432915658    
  0.372633636    
  0.340870142    
  0.323822051    
  0.324829131    
  0.358946264    
  0.363242388    
  0.350313991    
  0.352753431    
  0.373118013    
  0.421510756    
  0.501807272    
  0.585899711    
  0.617387712    
  0.620977461    
  0.584564269    
  0.500276446    
  0.424445570    
  0.378797144    
  0.345512420    
  0.342349857    
  0.355603606    
  0.364106983    
  0.376569450    
  0.371026933    
  0.349718571    
  0.341100335    
  0.332587838    
  0.360102534    
  0.401300013    
  0.441485524    
  0.453249007    
  0.464646548    
  0.432639360    
  0.405714452    
  0.359590232    
  0.336214781    
  0.337940812    
  0.353014380    
  0.366009742    
  0.378007293    
  0.391989589    
  0.382642090    
  0.358395785    
  0.339560270    
  0.319000840    
  0.330265820    
  0.361588359    
  0.390771955    
  0.411805689    
  0.407059222    
  0.386761755    
  0.350749493    
  0.330033749    
  0.322581679    
  0.336192876    
  0.351694524    
  0.382049769    
  0.393050671    
  0.399785042    
  0.383012921    
  0.361343265    
  0.334760845    
  0.329093188    
  0.336141139    
  0.366673231    
  0.398098469    
  0.404473782    
  0.403143644    
  0.390112907    
  0.363676250    
  0.342898965    
  0.318749785    
  0.338469326    
  0.351522893    
  0.385268897    
  0.395607054    
  0.384398669    
  0.377197504    
  0.353617996    
  0.345433265    
  0.342417896    
  0.364758611    
  0.415053427    
  0.440178752    
  0.460106134    
  0.457080275    
  0.439231724    
  0.412372738    
  0.367642015    
  0.336383879    
  0.328533590    
  0.347577006    
  0.375257403    
  0.387874067    
  0.358988315    
  0.355820477    
  0.352625668    
  0.364279866    
  0.392380804    
  0.441003501    
  0.503131509    
  0.587659717    
  0.622166276    
  0.622444868    
  0.591359556    
  0.496940017    
  0.424217582    
  0.375897020    
  0.351179034    
  0.336130738    
  0.358784705    
  0.363554865    
  0.331918448    
  0.336341560    
  0.354155958    
  0.371931285    
  0.447581202    
  0.533429742    
  0.633666992    
  0.710556209    
  0.684451103    
  0.684829235    
  0.714883447    
  0.646634340    
  0.523838699    
  0.434152156    
  0.371059448    
  0.335895002    
  0.344447702    
  0.330095291    
  0.300633639    
  0.310363144    
  0.344958305    
  0.410404295    
  0.494014740    
  0.636999071    
  0.715113342    
  0.646129966    
  0.523938835    
  0.529921532    
  0.643340945    
  0.713689923    
  0.652948976    
  0.483030796    
  0.407932758    
  0.339140266    
  0.306598932    
  0.299141765    
  0.271079093    
  0.283063948    
  0.352395564    
  0.436299115    
  0.624431849    
  0.711359262    
  0.594909072    
  0.337845236    
  0.103984155    
  0.103508398    
  0.343168586    
  0.601634562    
  0.712116659    
  0.620147824    
  0.428400546    
  0.347674936    
  0.290123552    
  0.268924266    
  0.222938463    
  0.275434613    
  0.356568277    
  0.494300902    
  0.674009025    
  0.645514011    
  0.383151352    
   3.85825224E-02
   0.00000000    
   0.00000000    
   3.93300653E-02
  0.389505595    
  0.655387998    
  0.687195003    
  0.490256131    
  0.347378969    
  0.272879809    
  0.232843533    
  0.213316411    
  0.259973407    
  0.361565471    
  0.517563045    
  0.726620376    
  0.585433781    
  0.102728754    
   1.29147356E-05
   0.00000000    
   0.00000000    
   1.08380464E-05
  0.102918550    
  0.587828934    
  0.724491477    
  0.511822581    
  0.355789334    
  0.258251727    
  0.208649248    
  0.192559779    
  0.254427046    
  0.373135179    
  0.524894714    
  0.705071509    
  0.479114860    
   2.68688370E-02
   0.00000000    
   0.00000000    
   0.00000000    
   0.00000000    
   2.61371993E-02
  0.477340162    
  0.703606904    
  0.520828187    
  0.364625394    
  0.252539366    
  0.189650372    
  0.198869273    
  0.253842622    
  0.370040327    
  0.536080301    
  0.704829931    
  0.485426307    
   2.54338309E-02
   0.00000000    
   0.00000000    
   0.00000000    
   0.00000000    
   2.50628684E-02
  0.486147463    
  0.709345996    
  0.534503698    
  0.367730469    
  0.250289559    
  0.192628741    
  0.209255561    
  0.251626372    
  0.363101810    
  0.518009424    
  0.717513621    
  0.592605293    
  0.100627527    
   5.12362658E-06
   0.00000000    
   0.00000000    
   1.86429643E-05
  0.101924337    
  0.581567049    
  0.732960820    
  0.527271509    
  0.359809846    
  0.253691524    
  0.211679786    
  0.224494666    
  0.263390690    
  0.355037630    
  0.490379333    
  0.678834736    
  0.645076215    
  0.392092496    
   3.80136110E-02
   0.00000000    
   0.00000000    
   3.85141969E-02
  0.380645186    
  0.634678364    
  0.679223835    
  0.497509331    
  0.353855819    
  0.265181422    
  0.219046354    
  0.253326416    
  0.286802322    
  0.343328446    
  0.430261433    
  0.618285060    
  0.710845172    
  0.599766612    
  0.347648680    
  0.106262803    
  0.105706632    
  0.332794309    
  0.594968081    
  0.715149879    
  0.627969980    
  0.434347719    
  0.348175347    
  0.288615942    
  0.255239904    
  0.290060967    
  0.307409436    
  0.339961261    
  0.402219623    
  0.485710144    
  0.646269858    
  0.712940395    
  0.641291618    
  0.531226933    
  0.526529551    
  0.644077063    
  0.716782272    
  0.656656802    
  0.493946522    
  0.408309251    
  0.339877367    
  0.308579504    
  0.294996798    
  0.328174174    
  0.332453251    
  0.342708915    
  0.367996514    
  0.427462250    
  0.523706377    
  0.643433213    
  0.717001081    
  0.679818690    
  0.687824667    
  0.720998406    
  0.644053042    
  0.523044407    
  0.435215026    
  0.376362771    
  0.336134583    
  0.330405772    
  0.326825947    
  0.358118713    
  0.360403389    
  0.337793201    
  0.353942424    
  0.374787658    
  0.416516632    
  0.513789296    
  0.591171622    
  0.630713165    
  0.634771168    
  0.600400627    
  0.508584201    
  0.425593674    
  0.376384825    
  0.352935135    
  0.344291687    
  0.353667110    
  0.358057410    
  0.380064011    
  0.365358174    
  0.352300882    
  0.336920619    
  0.333984077    
  0.370761842    
  0.404841691    
  0.441287458    
  0.464117557    
  0.464365780    
  0.430005401    
  0.412645727    
  0.366302997    
  0.340103388    
  0.332489580    
  0.345334589    
  0.376954228    
  0.378286272    
  0.392312735    
  0.378548890    
  0.349732697    
  0.330624163    
  0.321014106    
  0.333752602    
  0.350976110    
  0.383692265    
  0.410753429    
  0.404273480    
  0.378907561    
  0.347302705    
  0.338395804    
  0.326189995    
  0.335966885    
  0.350934863    
  0.386606544    
  0.391466975    
  0.463471115    
  0.424951702    
  0.401061118    
  0.369062245    
  0.344439507    
  0.343226761    
  0.371376693    
  0.373022109    
  0.382302731    
  0.387298942    
  0.370510876    
  0.358532608    
  0.338065118    
  0.339708805    
  0.363592237    
  0.406416744    
  0.430834115    
  0.454632908    
  0.444128573    
  0.433000356    
  0.408578664    
  0.367130160    
  0.361872345    
  0.382253349    
  0.402396709    
  0.424147278    
  0.432219446    
  0.435874552    
  0.436553746    
  0.398219526    
  0.356879860    
  0.343496472    
  0.360638261    
  0.397313088    
  0.429310262    
  0.443389535    
  0.410965294    
  0.404099673    
  0.386574477    
  0.378448009    
  0.397789538    
  0.426724583    
  0.487990260    
  0.561131418    
  0.582853496    
  0.581425607    
  0.555429041    
  0.477497727    
  0.411504745    
  0.371818453    
  0.366361380    
  0.386942953    
  0.404617846    
  0.410751462    
  0.382727951    
  0.373163581    
  0.372293890    
  0.391236275    
  0.439649403    
  0.497663945    
  0.595726013    
  0.693489552    
  0.736039579    
  0.743067145    
  0.692726493    
  0.596165776    
  0.503552377    
  0.422717124    
  0.385662824    
  0.360238433    
  0.367373139    
  0.373186886    
  0.331356972    
  0.337601483    
  0.366753876    
  0.409611762    
  0.473054856    
  0.587557137    
  0.709334135    
  0.693997979    
  0.609595299    
  0.617019355    
  0.687029064    
  0.706129491    
  0.596180320    
  0.475859612    
  0.398074448    
  0.363820106    
  0.339761734    
  0.334848881    
  0.279004216    
  0.308925182    
  0.358696133    
  0.432170808    
  0.563882053    
  0.694482982    
  0.663645804    
  0.475218594    
  0.249972001    
  0.248132125    
  0.484817654    
  0.670674562    
  0.688499928    
  0.562025011    
  0.436417371    
  0.346832812    
  0.301889122    
  0.280645460    
  0.245398790    
  0.281628460    
  0.353387266    
  0.466978580    
  0.644366384    
  0.714204371    
  0.504134536    
  0.187878191    
   1.19720660E-02
   1.29452031E-02
  0.189943254    
  0.508393168    
  0.725473940    
  0.639974952    
  0.466019899    
  0.345933080    
  0.279032230    
  0.250581563    
  0.226292297    
  0.257916451    
  0.353586018    
  0.505246222    
  0.698964059    
  0.626007080    
  0.281502724    
   2.46643052E-02
   0.00000000    
   0.00000000    
   2.62377914E-02
  0.290025622    
  0.639501095    
  0.691269338    
  0.504427552    
  0.354693800    
  0.264261574    
  0.215703800    
  0.207417384    
  0.250743806    
  0.363442928    
  0.519431591    
  0.721679091    
  0.592577398    
  0.100743793    
   3.75654708E-05
   0.00000000    
   0.00000000    
   1.02348395E-05
  0.100241996    
  0.593570292    
  0.725399494    
  0.509270430    
  0.360763401    
  0.251476169    
  0.206770808    
  0.201224074    
  0.258608848    
  0.355494112    
  0.520881116    
  0.726310015    
  0.592956245    
  0.103835195    
   2.16271292E-05
   0.00000000    
   0.00000000    
   2.62411359E-05
   9.70266983E-02
  0.592610717    
  0.718592823    
  0.517104089    
  0.359660089    
  0.255408496    
  0.205398217    
  0.214200869    
  0.262350112    
  0.359073699    
  0.504378557    
  0.689404964    
  0.627432525    
  0.289234370    
   2.76043061E-02
   0.00000000    
   0.00000000    
   2.63754241E-02
  0.282156616    
  0.629467785    
  0.693866730    
  0.500715852    
  0.364131302    
  0.259471118    
  0.209790096    
  0.237362295    
  0.274045736    
  0.359665900    
  0.466327995    
  0.642748892    
  0.708960176    
  0.512001157    
  0.193067893    
   1.20851472E-02
   1.21419122E-02
  0.188412443    
  0.497229397    
  0.712799788    
  0.646689355    
  0.470650375    
  0.351970494    
  0.269572824    
  0.238234565    
  0.269976467    
  0.300948471    
  0.348541528    
  0.435554177    
  0.561420798    
  0.690313399    
  0.673420310    
  0.481316626    
  0.254452497    
  0.251417488    
  0.476855427    
  0.663756371    
  0.694118619    
  0.573637843    
  0.434836984    
  0.346314043    
  0.294940114    
  0.267750114    
  0.328667045    
  0.331075400    
  0.352861196    
  0.397910029    
  0.465760231    
  0.597118914    
  0.705961347    
  0.693173289    
  0.620057821    
  0.615127802    
  0.694282711    
  0.706967294    
  0.607121706    
  0.482229978    
  0.404855818    
  0.346366286    
  0.320961803    
  0.320913881    
  0.376953036    
  0.370177478    
  0.360881805    
  0.375832379    
  0.412434846    
  0.499417126    
  0.595190585    
  0.698104739    
  0.729519606    
  0.743506908    
  0.689097047    
  0.595694423    
  0.506559014    
  0.425950080    
  0.388111472    
  0.354592323    
  0.366092891    
  0.379957944    
  0.411846340    
  0.397691965    
  0.381610483    
  0.368066281    
  0.371959925    
  0.413044780    
  0.476063699    
  0.555298984    
  0.587040544    
  0.594706774    
  0.566138029    
  0.473370552    
  0.418444306    
  0.384522945    
  0.367005885    
  0.379201114    
  0.400654882    
  0.417597979    
  0.432813942    
  0.426239133    
  0.400664687    
  0.368342429    
  0.352184176    
  0.366183043    
  0.401880354    
  0.437396586    
  0.447385222    
  0.440009326    
  0.432869017    
  0.396216154    
  0.373244733    
  0.352726251    
  0.361754030    
  0.395876855    
  0.425192565    
  0.437076122    
  0.455315977    
  0.430690885    
  0.394958615    
  0.369383425    
  0.339497983    
  0.342668623    
  0.355053365    
  0.384820133    
  0.390352190    
  0.395254254    
  0.363721579    
  0.357823581    
  0.345801681    
  0.340815246    
  0.366746664    
  0.403642952    
  0.435220748    
  0.452767581    
  0.628758132    
  0.582417309    
  0.495433033    
  0.423951715    
  0.385287583    
  0.366072416    
  0.357370079    
  0.365882099    
  0.362760782    
  0.371204317    
  0.363426298    
  0.353584856    
  0.355090499    
  0.387499958    
  0.424485713    
  0.498698741    
  0.595703304    
  0.624491811    
  0.590919197    
  0.563186586    
  0.475436479    
  0.422894716    
  0.391427070    
  0.377540797    
  0.398277491    
  0.404042989    
  0.406588674    
  0.409767807    
  0.409378290    
  0.381388158    
  0.367837429    
  0.375584185    
  0.414404809    
  0.477189004    
  0.556561172    
  0.589745343    
  0.538227499    
  0.497738242    
  0.451090991    
  0.416622072    
  0.407125860    
  0.424018383    
  0.449496269    
  0.492622524    
  0.532263935    
  0.533177793    
  0.490196675    
  0.451311886    
  0.405991375    
  0.385646254    
  0.407918602    
  0.450805873    
  0.488081306    
  0.536252975    
  0.475064665    
  0.442017764    
  0.426733673    
  0.411705256    
  0.436548442    
  0.470102698    
  0.542271972    
  0.641016603    
  0.696625352    
  0.690306783    
  0.646599948    
  0.539529443    
  0.466077775    
  0.424486428    
  0.406258643    
  0.411141932    
  0.434400618    
  0.476844907    
  0.414102763    
  0.397700489    
  0.397258610    
  0.420938700    
  0.470183700    
  0.524737120    
  0.625037551    
  0.709758937    
  0.682173789    
  0.679702103    
  0.705316842    
  0.626903236    
  0.535453916    
  0.457224935    
  0.416278839    
  0.387578011    
  0.390460074    
  0.407298595    
  0.347533911    
  0.347656459    
  0.377690732    
  0.421984106    
  0.506541431    
  0.619132817    
  0.666337550    
  0.618362129    
  0.506589949    
  0.503253043    
  0.618835449    
  0.656111658    
  0.627664804    
  0.492364287    
  0.426246315    
  0.363227457    
  0.347443193    
  0.346652418    
  0.284665197    
  0.310774535    
  0.360081106    
  0.439983308    
  0.578821480    
  0.693577886    
  0.575197279    
  0.438075304    
  0.178591788    
  0.180846751    
  0.443955183    
  0.578424931    
  0.699210882    
  0.577479780    
  0.431196421    
  0.357113570    
  0.307515889    
  0.291284353    
  0.248895571    
  0.277857333    
  0.350739032    
  0.466228992    
  0.641869247    
  0.718847394    
  0.508664787    
  0.186564848    
   1.27725638E-02
   1.22276442E-02
  0.188046992    
  0.515636623    
  0.714472830    
  0.645358622    
  0.462956548    
  0.347208291    
  0.290339619    
  0.257776558    
  0.234999642    
  0.265070230    
  0.352970451    
  0.481946737    
  0.679202199    
  0.652127445    
  0.386591256    
   3.78948562E-02
   0.00000000    
   0.00000000    
   3.79490741E-02
  0.381607711    
  0.647583604    
  0.679912448    
  0.497058034    
  0.355707139    
  0.260265976    
  0.233272314    
  0.233718872    
  0.265221715    
  0.356129229    
  0.481181413    
  0.684786856    
  0.653364539    
  0.388886213    
   3.79290096E-02
   0.00000000    
   0.00000000    
   3.84822972E-02
  0.383383155    
  0.652348936    
  0.684155166    
  0.488898039    
  0.352052033    
  0.260359734    
  0.230017558    
  0.251598358    
  0.270190567    
  0.353588730    
  0.463846952    
  0.645726621    
  0.714728832    
  0.508434415    
  0.189250335    
   1.27836429E-02
   1.21046901E-02
  0.187499955    
  0.496170193    
  0.717169762    
  0.648581326    
  0.463965744    
  0.346669316    
  0.279905021    
  0.248115361    
  0.274620235    
  0.304154605    
  0.355266273    
  0.441239595    
  0.567479134    
  0.692945123    
  0.580215812    
  0.444941014    
  0.179515094    
  0.176337615    
  0.429964572    
  0.573972881    
  0.693312645    
  0.582122684    
  0.428311527    
  0.349915951    
  0.303566992    
  0.275946885    
  0.337029845    
  0.341642529    
  0.367114514    
  0.418970793    
  0.494568348    
  0.621530592    
  0.666361272    
  0.623721719    
  0.502984285    
  0.497292429    
  0.614745200    
  0.661077440    
  0.626623273    
  0.498966128    
  0.426333338    
  0.364090174    
  0.334530950    
  0.327748448    
  0.404415846    
  0.385275334    
  0.384441823    
  0.398993671    
  0.452774793    
  0.525352657    
  0.634669602    
  0.711676419    
  0.680027008    
  0.676788092    
  0.706809163    
  0.623548210    
  0.532717764    
  0.458275199    
  0.406206459    
  0.381211340    
  0.383155137    
  0.407328188    
  0.473313302    
  0.437495887    
  0.424020708    
  0.396024823    
  0.424496382    
  0.450889349    
  0.532780468    
  0.648062825    
  0.696344674    
  0.704470336    
  0.648199379    
  0.539831460    
  0.464748979    
  0.423882544    
  0.398893356    
  0.418717027    
  0.441698074    
  0.474626362    
  0.534976840    
  0.494442344    
  0.443444580    
  0.414834559    
  0.397371531    
  0.414313853    
  0.449654937    
  0.502347112    
  0.552285314    
  0.547021210    
  0.494321138    
  0.448851258    
  0.416776389    
  0.391929150    
  0.404806137    
  0.440550447    
  0.497527391    
  0.530426741    
  0.588507116    
  0.550311208    
  0.476427704    
  0.413392067    
  0.376651555    
  0.374253333    
  0.377619296    
  0.406293362    
  0.428317130    
  0.423188180    
  0.408843249    
  0.398686409    
  0.377220541    
  0.375297666    
  0.413605362    
  0.470161796    
  0.555198312    
  0.589440823    
  0.622508407    
  0.591106415    
  0.500554383    
  0.424598396    
  0.383935511    
  0.353521019    
  0.353039026    
  0.365171701    
  0.376193643    
  0.368850589    
  0.362483710    
  0.347832114    
  0.357872874    
  0.379445195    
  0.423048377    
  0.497648358    
  0.599147320    
  0.624422908    
  0.684391797    
  0.714850545    
  0.634639502    
  0.527174413    
  0.438445419    
  0.384229064    
  0.349175632    
  0.335808516    
  0.338749170    
  0.337960273    
  0.329529077    
  0.341340482    
  0.372847974    
  0.430714697    
  0.518596113    
  0.640671790    
  0.708354473    
  0.690306365    
  0.739424050    
  0.690548539    
  0.591352284    
  0.502809942    
  0.431115478    
  0.387584031    
  0.364421129    
  0.375401437    
  0.374946684    
  0.385825962    
  0.365414202    
  0.352780312    
  0.380455822    
  0.410158068    
  0.501528442    
  0.589856863    
  0.694952071    
  0.737115204    
  0.696401000    
  0.642042279    
  0.535797000    
  0.460549057    
  0.429688543    
  0.407555133    
  0.430323035    
  0.438553780    
  0.472805142    
  0.477731317    
  0.442522854    
  0.420220375    
  0.394437611    
  0.413680464    
  0.462586492    
  0.537167072    
  0.641724467    
  0.699620247    
  0.615792513    
  0.552838922    
  0.476375103    
  0.442234904    
  0.433764040    
  0.447299123    
  0.489300787    
  0.555288970    
  0.603803992    
  0.607658088    
  0.554944932    
  0.483109027    
  0.445677668    
  0.414596230    
  0.443327069    
  0.470998585    
  0.551183879    
  0.607093215    
  0.494193286    
  0.463175982    
  0.443172783    
  0.426840931    
  0.452638745    
  0.490053177    
  0.553661823    
  0.659480631    
  0.717675447    
  0.721360862    
  0.662707090    
  0.551032424    
  0.488661945    
  0.447402239    
  0.419104040    
  0.439253539    
  0.457675725    
  0.496284783    
  0.423642516    
  0.408173472    
  0.394910336    
  0.419654816    
  0.478172839    
  0.566567063    
  0.670063019    
  0.705982327    
  0.622574031    
  0.624484897    
  0.700654626    
  0.668542862    
  0.574777484    
  0.473221689    
  0.411041558    
  0.383155435    
  0.402534664    
  0.421465248    
  0.341161519    
  0.344939053    
  0.362116039    
  0.418179572    
  0.506090283    
  0.622942388    
  0.662803590    
  0.622598886    
  0.505282104    
  0.512948811    
  0.619867146    
  0.665823042    
  0.631566644    
  0.503873229    
  0.420640111    
  0.359044582    
  0.348025233    
  0.348894447    
  0.280797452    
  0.302142233    
  0.350912124    
  0.432340086    
  0.557359397    
  0.688777924    
  0.671559036    
  0.486161798    
  0.248961285    
  0.251814276    
  0.483411640    
  0.664754033    
  0.699802935    
  0.558662415    
  0.433075488    
  0.346486568    
  0.310784161    
  0.280592889    
  0.258454919    
  0.287575662    
  0.345074028    
  0.433244437    
  0.619654179    
  0.702470839    
  0.596814454    
  0.340187639    
  0.107829697    
  0.107539386    
  0.337093234    
  0.598397255    
  0.704062521    
  0.617030919    
  0.432471097    
  0.340694189    
  0.291237146    
  0.251785249    
  0.254740685    
  0.290525913    
  0.346632302    
  0.423338860    
  0.615833104    
  0.712536991    
  0.593543649    
  0.346564353    
  0.107151270    
  0.111068025    
  0.340563148    
  0.596871614    
  0.718506098    
  0.619370520    
  0.432945430    
  0.344461590    
  0.292863905    
  0.260823190    
  0.273880303    
  0.306774229    
  0.346059054    
  0.434670061    
  0.558717728    
  0.688983679    
  0.670494497    
  0.488268405    
  0.255623370    
  0.253745735    
  0.475600511    
  0.668966234    
  0.695326746    
  0.557273388    
  0.425645977    
  0.345292628    
  0.310808986    
  0.278733760    
  0.335014462    
  0.344748944    
  0.357363820    
  0.423681766    
  0.496819675    
  0.612701595    
  0.661516845    
  0.620160520    
  0.500736296    
  0.494068652    
  0.614188373    
  0.658377945    
  0.617539465    
  0.496114135    
  0.420247972    
  0.358186245    
  0.339492410    
  0.336225331    
  0.412359327    
  0.403558165    
  0.389608622    
  0.413173765    
  0.466939420    
  0.554048002    
  0.670288324    
  0.709807277    
  0.610784054    
  0.612982154    
  0.706437647    
  0.667354584    
  0.562092900    
  0.469891071    
  0.417234153    
  0.384728491    
  0.396678209    
  0.401815921    
  0.485403925    
  0.451567620    
  0.439627409    
  0.413992822    
  0.444503635    
  0.481734127    
  0.550333142    
  0.667635679    
  0.721942961    
  0.735295773    
  0.665068626    
  0.558608592    
  0.485175490    
  0.440680325    
  0.409907788    
  0.429394662    
  0.453733116    
  0.485625803    
  0.598704159    
  0.548570812    
  0.472368866    
  0.442039311    
  0.419378817    
  0.442308277    
  0.479166478    
  0.560428917    
  0.607753694    
  0.608263314    
  0.548545122    
  0.479787022    
  0.446766406    
  0.414896637    
  0.432550430    
  0.473729968    
  0.557380795    
  0.613857687    
  0.689680159    
  0.644804537    
  0.530911386    
  0.459997475    
  0.427730948    
  0.411635220    
  0.428920418    
  0.448736340    
  0.483868927    
  0.484837860    
  0.446566910    
  0.428613603    
  0.408508688    
  0.424036413    
  0.459619492    
  0.532273829    
  0.643324733    
  0.691040099    
  0.732536733    
  0.692628443    
  0.584967792    
  0.495663732    
  0.422926068    
  0.392946720    
  0.372993797    
  0.379115671    
  0.391904652    
  0.393022925    
  0.391711175    
  0.368879050    
  0.380542040    
  0.426610172    
  0.494342834    
  0.592929244    
  0.689167142    
  0.735795856    
  0.681322813    
  0.715078652    
  0.630888104    
  0.526037276    
  0.432883918    
  0.378309578    
  0.350544065    
  0.350406826    
  0.334158093    
  0.338122129    
  0.332916141    
  0.342525333    
  0.371839911    
  0.423890322    
  0.529419661    
  0.639244497    
  0.713295579    
  0.685868144    
  0.529799581    
  0.649523199    
  0.711586118    
  0.640672743    
  0.488132149    
  0.402669460    
  0.334728867    
  0.324929148    
  0.308838069    
  0.303364128    
  0.306882620    
  0.334346145    
  0.407625526    
  0.488474637    
  0.640776336    
  0.714633167    
  0.645063996    
  0.525453269    
  0.611029923    
  0.698125064    
  0.702762425    
  0.589279890    
  0.476188242    
  0.400369287    
  0.357794821    
  0.337812841    
  0.334161043    
  0.337852627    
  0.328879386    
  0.340982378    
  0.398179054    
  0.465874970    
  0.591625512    
  0.703999043    
  0.694834709    
  0.611413240    
  0.685399532    
  0.706412971    
  0.627432287    
  0.530297756    
  0.459548026    
  0.411565900    
  0.386422724    
  0.402948827    
  0.403893232    
  0.407995582    
  0.390063614    
  0.388957590    
  0.409038812    
  0.452726990    
  0.530074298    
  0.625260174    
  0.711621821    
  0.677854836    
  0.726251483    
  0.662619233    
  0.551589131    
  0.487952560    
  0.445861518    
  0.420698822    
  0.454239905    
  0.463375896    
  0.489860952    
  0.488756180    
  0.465392858    
  0.446769208    
  0.424588144    
  0.442333192    
  0.474760294    
  0.535667300    
  0.661695242    
  0.729661226    
  0.626296401    
  0.557241797    
  0.483615816    
  0.455076247    
  0.435128212    
  0.457846463    
  0.489988476    
  0.560704470    
  0.623535395    
  0.626661062    
  0.566301107    
  0.480316758    
  0.461126059    
  0.429076642    
  0.451464355    
  0.475538343    
  0.561398923    
  0.630963504    
  0.489597797    
  0.464531481    
  0.449790478    
  0.412261516    
  0.445252001    
  0.489567965    
  0.558902144    
  0.657553732    
  0.722143114    
  0.726772726    
  0.667112291    
  0.555045485    
  0.484473467    
  0.441599727    
  0.412219554    
  0.435558438    
  0.457601935    
  0.484994501    
  0.409160912    
  0.390506297    
  0.376298606    
  0.405215055    
  0.460995972    
  0.531063020    
  0.631018519    
  0.718911946    
  0.682233930    
  0.688984156    
  0.710266829    
  0.630867362    
  0.538493276    
  0.460931122    
  0.413195014    
  0.380441666    
  0.396676660    
  0.400665373    
  0.331797898    
  0.331293315    
  0.354593277    
  0.398972809    
  0.475576550    
  0.592928052    
  0.712957859    
  0.695837319    
  0.615577459    
  0.622464895    
  0.698865116    
  0.708200336    
  0.603972852    
  0.473741889    
  0.410656095    
  0.358558714    
  0.333431691    
  0.330853701    
  0.304560363    
  0.312560350    
  0.341965377    
  0.404690862    
  0.481919497    
  0.646942198    
  0.715740502    
  0.643462837    
  0.532605410    
  0.526071966    
  0.643320441    
  0.713183403    
  0.640176296    
  0.491997302    
  0.414760619    
  0.337979078    
  0.311670035    
  0.296115249    
  0.300516754    
  0.310994297    
  0.340240955    
  0.404879034    
  0.490401268    
  0.634786665    
  0.725826383    
  0.647331476    
  0.529313028    
  0.528079689    
  0.640074313    
  0.722752035    
  0.640132248    
  0.491046309    
  0.410428941    
  0.344264627    
  0.310587704    
  0.297587067    
  0.328219026    
  0.332646161    
  0.352975309    
  0.395233095    
  0.470843881    
  0.590715289    
  0.709764600    
  0.692568541    
  0.609674513    
  0.611839890    
  0.689082563    
  0.708635747    
  0.594517946    
  0.464848220    
  0.401957661    
  0.358370245    
  0.333371699    
  0.331721127    
  0.409913778    
  0.397177160    
  0.374987453    
  0.405905485    
  0.455194205    
  0.522518218    
  0.631967008    
  0.709212184    
  0.672753870    
  0.678182960    
  0.708608925    
  0.628082991    
  0.534975588    
  0.447627246    
  0.398049623    
  0.381948948    
  0.388298243    
  0.403441399    
  0.485809922    
  0.455720037    
  0.431343257    
  0.419062585    
  0.445703655    
  0.478891283    
  0.540750921    
  0.660951078    
  0.715392113    
  0.723962963    
  0.662419975    
  0.550727367    
  0.483742833    
  0.437669665    
  0.410893381    
  0.438381732    
  0.458565921    
  0.496241063    
  0.628733397    
  0.561330199    
  0.466898650    
  0.455862820    
  0.429046243    
  0.451792747    
  0.472351223    
  0.565391362    
  0.624505162    
  0.633198380    
  0.556264102    
  0.471530139    
  0.453625947    
  0.427281737    
  0.442646235    
  0.470413238    
  0.559317946    
  0.625862062    
  0.722898245    
  0.666656852    
  0.546707928    
  0.482677728    
  0.439622432    
  0.415627003    
  0.441830009    
  0.471999556    
  0.498482764    
  0.506598890    
  0.465882540    
  0.440147698    
  0.432127088    
  0.441458046    
  0.480851471    
  0.548736155    
  0.663359344    
  0.722416818    
  0.685154259    
  0.713096201    
  0.630235136    
  0.530544221    
  0.457174420    
  0.414309591    
  0.388541043    
  0.403633505    
  0.414167076    
  0.408613116    
  0.398046136    
  0.393294752    
  0.418137223    
  0.457824290    
  0.525976717    
  0.633304358    
  0.706987858    
  0.680830121    
  0.619444191    
  0.689321458    
  0.701644778    
  0.599262059    
  0.474961132    
  0.409039348    
  0.354434341    
  0.337949872    
  0.332135856    
  0.347555518    
  0.341140658    
  0.360814422    
  0.402343243    
  0.469812334    
  0.596730828    
  0.691810846    
  0.698608041    
  0.616796553    
  0.523115158    
  0.644758701    
  0.703182042    
  0.639455795    
  0.482699752    
  0.407778323    
  0.340691984    
  0.319349498    
  0.305584133    
  0.312883109    
  0.313830256    
  0.340761900    
  0.408521593    
  0.484561741    
  0.645491660    
  0.709418237    
  0.643959165    
  0.525812626    
  0.103133082    
  0.341187626    
  0.599590600    
  0.708513498    
  0.621003091    
  0.439702660    
  0.350857049    
  0.302479833    
  0.270212173    
  0.266019702    
  0.289102614    
  0.352073729    
  0.436905384    
  0.621516943    
  0.708048224    
  0.602265060    
  0.340056449    
  0.105213724    
  0.252812445    
  0.477588952    
  0.674301863    
  0.683908522    
  0.567401350    
  0.431291908    
  0.352043301    
  0.305588216    
  0.290291399    
  0.280603707    
  0.301135719    
  0.346310735    
  0.429827392    
  0.558021009    
  0.689346135    
  0.668995976    
  0.488042146    
  0.255146682    
  0.499705791    
  0.624821663    
  0.655561566    
  0.622270644    
  0.496634215    
  0.425543487    
  0.374284506    
  0.347535849    
  0.351937801    
  0.347713977    
  0.340653360    
  0.368568122    
  0.424918920    
  0.495554984    
  0.620603800    
  0.656329393    
  0.625235081    
  0.498903275    
  0.623747349    
  0.707942545    
  0.666913211    
  0.565497458    
  0.479483783    
  0.415162951    
  0.407116741    
  0.411241978    
  0.417321563    
  0.416333258    
  0.409291118    
  0.395850569    
  0.423865348    
  0.468160331    
  0.556866229    
  0.658964753    
  0.711503446    
  0.620025277    
  0.724826753    
  0.657932401    
  0.543688536    
  0.488644838    
  0.449211597    
  0.421370059    
  0.454145461    
  0.463221282    
  0.489522934    
  0.494475186    
  0.461135477    
  0.442045212    
  0.431386143    
  0.446963191    
  0.476593584    
  0.535907567    
  0.658576846    
  0.723931968    
  0.608047485    
  0.554772556    
  0.477571070    
  0.442552239    
  0.427697718    
  0.454679430    
  0.493096948    
  0.551820636    
  0.608139992    
  0.616750240    
  0.564996779    
  0.487738431    
  0.450234264    
  0.415847391    
  0.439420551    
  0.469563454    
  0.560571671    
  0.614003301    
  0.469756544    
  0.440125465    
  0.418264866    
  0.402849942    
  0.424183488    
  0.472948730    
  0.544189930    
  0.642444134    
  0.701679349    
  0.703974068    
  0.649313092    
  0.546405494    
  0.474006414    
  0.426595658    
  0.398860484    
  0.418861270    
  0.443610251    
  0.470398784    
  0.375699133    
  0.370930791    
  0.361866236    
  0.376389235    
  0.428939581    
  0.505267084    
  0.596743166    
  0.695345700    
  0.736081600    
  0.746560574    
  0.698882282    
  0.599502623    
  0.510469079    
  0.427115113    
  0.381434172    
  0.361376345    
  0.372619092    
  0.383239448    
  0.334002405    
  0.336884409    
  0.347996235    
  0.372132480    
  0.437625259    
  0.525641501    
  0.638625562    
  0.710533142    
  0.688686609    
  0.686372995    
  0.715073705    
  0.633143067    
  0.535985410    
  0.437427968    
  0.363174886    
  0.346302480    
  0.336457878    
  0.332036912    
  0.339723259    
  0.333237439    
  0.350421399    
  0.375168413    
  0.434977710    
  0.527359605    
  0.640650213    
  0.709479809    
  0.680385053    
  0.679113507    
  0.709889293    
  0.635250330    
  0.522906601    
  0.428125679    
  0.378692627    
  0.343125731    
  0.334725380    
  0.331350297    
  0.387483239    
  0.368033826    
  0.357240140    
  0.381902725    
  0.422995239    
  0.501241386    
  0.592523456    
  0.691322207    
  0.731996953    
  0.737304091    
  0.687676489    
  0.594059467    
  0.491246551    
  0.420363456    
  0.389413685    
  0.358086795    
  0.381584883    
  0.390049845    
  0.490281641    
  0.440943658    
  0.421696633    
  0.397366792    
  0.421499401    
  0.460712701    
  0.530690134    
  0.637675524    
  0.694105625    
  0.691122234    
  0.633255720    
  0.532484591    
  0.458201706    
  0.412632585    
  0.390703201    
  0.415713161    
  0.456216842    
  0.477160215    
  0.615617633    
  0.552254736    
  0.480589867    
  0.442040324    
  0.413892508    
  0.445753038    
  0.483798534    
  0.552187443    
  0.609456718    
  0.611212790    
  0.551958203    
  0.478349149    
  0.442475826    
  0.415530652    
  0.438818872    
  0.487072378    
  0.556687295    
  0.608927429    
  0.725305498    
  0.672636986    
  0.549957097    
  0.481469363    
  0.447125733    
  0.419634819    
  0.448445022    
  0.461346656    
  0.494198650    
  0.487852812    
  0.468862712    
  0.441826284    
  0.411976337    
  0.437419266    
  0.481297731    
  0.554338396    
  0.662988544    
  0.723291337    
  0.626563430    
  0.706698298    
  0.668282330    
  0.561875165    
  0.477016628    
  0.425433069    
  0.400262982    
  0.408172190    
  0.417826474    
  0.431923270    
  0.411182523    
  0.400037616    
  0.415178984    
  0.471205682    
  0.562991977    
  0.672770441    
  0.706026435    
  0.624235809    
  0.509760380    
  0.623255253    
  0.656932056    
  0.620024741    
  0.494776756    
  0.433684617    
  0.375631362    
  0.347213000    
  0.342127651    
  0.355670273    
  0.355093271    
  0.371184826    
  0.431717306    
  0.497686863    
  0.620792449    
  0.658704996    
  0.628298879    
  0.505650043    
  0.252455592    
  0.481657594    
  0.661574721    
  0.685769141    
  0.552555323    
  0.440493852    
  0.350641310    
  0.299566269    
  0.295650870    
  0.289490342    
  0.302964747    
  0.349369943    
  0.443039566    
  0.555133343    
  0.682554007    
  0.672284007    
  0.484428555    
  0.253439963    
  0.104880355    
  0.342142880    
  0.587661505    
  0.703011632    
  0.618315518    
  0.436993390    
  0.352121353    
  0.297989130    
  0.269740641    
  0.270419687    
  0.287761956    
  0.355962932    
  0.432964593    
  0.619167805    
  0.700850606    
  0.595219731    
  0.338654518    
  0.101176091    
   0.00000000    
   3.88170592E-02
  0.387063086    
  0.645642102    
  0.676357329    
  0.499181449    
  0.355246931    
  0.270687342    
  0.230171934    
  0.227808401    
  0.261419117    
  0.355844378    
  0.497390926    
  0.676034868    
  0.648148954    
  0.385816365    
   3.81018259E-02
   0.00000000    
   1.17724510E-02
  0.188158542    
  0.507124603    
  0.716261089    
  0.651331663    
  0.471662760    
  0.353198588    
  0.290683895    
  0.261295706    
  0.247114822    
  0.277033895    
  0.353871316    
  0.470073640    
  0.641339779    
  0.719931602    
  0.511030555    
  0.188421205    
   1.24771446E-02
  0.174562946    
  0.436010003    
  0.573477626    
  0.694778919    
  0.581281185    
  0.428564668    
  0.358124435    
  0.312657297    
  0.283225417    
  0.296661794    
  0.295583129    
  0.354932427    
  0.436410248    
  0.571720183    
  0.690715432    
  0.571790278    
  0.440201193    
  0.176595181    
  0.498358816    
  0.623049557    
  0.661304295    
  0.625849307    
  0.502723336    
  0.421081662    
  0.371861219    
  0.353408724    
  0.352251023    
  0.344525278    
  0.337897480    
  0.367896438    
  0.429754198    
  0.494149387    
  0.612303138    
  0.661487520    
  0.621705711    
  0.503558576    
  0.685176492    
  0.709786594    
  0.635421753    
  0.538594842    
  0.458130628    
  0.409750789    
  0.394074082    
  0.398146898    
  0.412623763    
  0.412622988    
  0.392521769    
  0.384252399    
  0.411507696    
  0.447066844    
  0.522828400    
  0.627817810    
  0.714962840    
  0.683396459    
  0.700230181    
  0.645997405    
  0.531816661    
  0.467355579    
  0.417575091    
  0.406144351    
  0.434025168    
  0.448657423    
  0.471026570    
  0.472487748    
  0.443795413    
  0.426051974    
  0.394438058    
  0.419884443    
  0.460543782    
  0.535176337    
  0.648011804    
  0.698194385    
  0.530595958    
  0.491195917    
  0.439674884    
  0.401069969    
  0.391185433    
  0.420928687    
  0.459026694    
  0.494583070    
  0.530496657    
  0.542456388    
  0.498844206    
  0.450544506    
  0.411385894    
  0.390581489    
  0.407582998    
  0.439370453    
  0.491201222    
  0.530575037    
  0.413580298    
  0.407972932    
  0.382041633    
  0.355992049    
  0.377619177    
  0.422832698    
  0.476724356    
  0.557619750    
  0.592514157    
  0.595266342    
  0.557917237    
  0.477129698    
  0.418321043    
  0.383885294    
  0.360128284    
  0.377210051    
  0.403460354    
  0.409448564    
  0.381874084    
  0.357417226    
  0.345266104    
  0.354197174    
  0.379971534    
  0.430529535    
  0.507337093    
  0.593513429    
  0.615411818    
  0.617717862    
  0.582649887    
  0.502122760    
  0.432581484    
  0.379824102    
  0.346233130    
  0.343200803    
  0.362252772    
  0.374845743    
  0.375709623    
  0.365356952    
  0.341726094    
  0.352803022    
  0.387641013    
  0.426834613    
  0.496390432    
  0.588359356    
  0.625174284    
  0.626751900    
  0.585821331    
  0.495568633    
  0.423740506    
  0.381784052    
  0.349225163    
  0.344668120    
  0.367720544    
  0.380560786    
  0.420019865    
  0.398554891    
  0.384160042    
  0.371283650    
  0.386203676    
  0.416108817    
  0.467595845    
  0.551050246    
  0.577111363    
  0.581063926    
  0.549692750    
  0.469950140    
  0.412427366    
  0.384022325    
  0.373551458    
  0.387187928    
  0.410596192    
  0.416834950    
  0.541009068    
  0.496855080    
  0.453125209    
  0.406498998    
  0.393525749    
  0.402523011    
  0.436163962    
  0.488273591    
  0.532126904    
  0.531270385    
  0.491474509    
  0.450812340    
  0.406628370    
  0.390574813    
  0.406095594    
  0.458907127    
  0.500086486    
  0.539010286    
  0.698951364    
  0.648548663    
  0.537717938    
  0.469982058    
  0.416981101    
  0.404039502    
  0.421287477    
  0.445514888    
  0.475074947    
  0.472936004    
  0.437158257    
  0.426007003    
  0.405050457    
  0.422174245    
  0.470208615    
  0.544455588    
  0.649412036    
  0.698430359    
  0.684815705    
  0.718489647    
  0.632333219    
  0.530618370    
  0.454066366    
  0.410982877    
  0.387615860    
  0.395855963    
  0.410574377    
  0.414016724    
  0.386914760    
  0.383910805    
  0.405853331    
  0.463016868    
  0.534328341    
  0.630617499    
  0.718005657    
  0.685512483    
  0.507502854    
  0.628077090    
  0.657964170    
  0.627180994    
  0.497072548    
  0.424839437    
  0.368485898    
  0.347680598    
  0.340626538    
  0.345605046    
  0.349653661    
  0.362546623    
  0.424211204    
  0.500241935    
  0.623587191    
  0.657563508    
  0.620947063    
  0.511857152    
  0.175467730    
  0.443519533    
  0.579039752    
  0.688575327    
  0.567281187    
  0.433678836    
  0.360163122    
  0.317449868    
  0.285745353    
  0.286792845    
  0.309260458    
  0.364007652    
  0.431016356    
  0.566301763    
  0.686972141    
  0.581727862    
  0.442381948    
  0.176568642    
   1.34276040E-02
  0.191595718    
  0.507095337    
  0.705665052    
  0.640880644    
  0.467033356    
  0.356328279    
  0.287753731    
  0.251535803    
  0.251459450    
  0.288441092    
  0.362541914    
  0.470398307    
  0.633120358    
  0.708324075    
  0.511012733    
  0.187861785    
   1.24355787E-02
   0.00000000    
   3.47293727E-02
  0.387453496    
  0.642928958    
  0.682160199    
  0.497397989    
  0.362274647    
  0.268928826    
  0.225599974    
  0.233726948    
  0.266404986    
  0.356720299    
  0.492021203    
  0.674481452    
  0.646807194    
  0.388603806    
   3.56228054E-02
   0.00000000    
   0.00000000    
   7.25274822E-06
   9.89046693E-02
  0.594702780    
  0.724720120    
  0.520479679    
  0.358215839    
  0.248790488    
  0.205256030    
  0.205685481    
  0.261072606    
  0.368681490    
  0.517225921    
  0.725556195    
  0.586421728    
  0.103206806    
   1.57961294E-05
   0.00000000    
   0.00000000    
   2.41291802E-02
  0.279742599    
  0.639743924    
  0.700476408    
  0.507191062    
  0.362875521    
  0.265171170    
  0.222376630    
  0.224240333    
  0.272127301    
  0.363964975    
  0.510126770    
  0.686064065    
  0.632664442    
  0.281437010    
   2.65088882E-02
   0.00000000    
   1.37455482E-02
  0.186988965    
  0.507560909    
  0.707410336    
  0.648844779    
  0.463696986    
  0.346255898    
  0.281327367    
  0.257925361    
  0.251179188    
  0.286322594    
  0.354958296    
  0.475412101    
  0.635074377    
  0.714934647    
  0.508817732    
  0.190857619    
   1.27755580E-02
  0.249507666    
  0.483235508    
  0.661468029    
  0.691980302    
  0.560616076    
  0.422064155    
  0.349746853    
  0.310306460    
  0.278242409    
  0.287936211    
  0.307264924    
  0.349148452    
  0.430379003    
  0.557563126    
  0.689658701    
  0.670348167    
  0.483096480    
  0.246781200    
  0.615878761    
  0.691616356    
  0.704315364    
  0.597447455    
  0.478424817    
  0.392495871    
  0.356503606    
  0.337586880    
  0.333366305    
  0.327320427    
  0.343714535    
  0.356391996    
  0.402742535    
  0.463303536    
  0.590551734    
  0.707174718    
  0.687533557    
  0.618744791    
  0.731741607    
  0.688682437    
  0.597003877    
  0.501119196    
  0.423528403    
  0.383046478    
  0.366129965    
  0.376643836    
  0.382386565    
  0.377531528    
  0.375246584    
  0.360881090    
  0.385804117    
  0.418496281    
  0.490724534    
  0.596741319    
  0.696429014    
  0.732149303    
  0.592308164    
  0.547377467    
  0.467692614    
  0.416996628    
  0.368852884    
  0.369613916    
  0.380147427    
  0.399724782    
  0.404020369    
  0.413681984    
  0.397947729    
  0.378403395    
  0.366647542    
  0.378333986    
  0.417572469    
  0.472914010    
  0.547997415    
  0.576338589    
  0.441783845    
  0.435061723    
  0.406226605    
  0.361874551    
  0.347719461    
  0.369978100    
  0.405592114    
  0.427476645    
  0.432252735    
  0.441350013    
  0.433655739    
  0.400389582    
  0.363024086    
  0.348163694    
  0.362862229    
  0.403931499    
  0.427148461    
  0.444119990    
  0.394562334    
  0.385251552    
  0.356318206    
  0.339357615    
  0.337884754    
  0.375446916    
  0.408646375    
  0.433002561    
  0.458004147    
  0.460391939    
  0.436449260    
  0.409038991    
  0.378545672    
  0.338553190    
  0.335549802    
  0.352881432    
  0.379298806    
  0.391473323    
  0.396184593    
  0.368520498    
  0.358616352    
  0.342871100    
  0.343937695    
  0.366687089    
  0.406464875    
  0.436598748    
  0.453171283    
  0.452561766    
  0.433493346    
  0.403097034    
  0.384247333    
  0.347382188    
  0.336252630    
  0.358681589    
  0.381517589    
  0.396489769    
  0.447849810    
  0.428209186    
  0.398759186    
  0.368358046    
  0.358888656    
  0.371209532    
  0.400675178    
  0.428226829    
  0.443682164    
  0.443919420    
  0.430992365    
  0.405416489    
  0.376881480    
  0.365237653    
  0.363958418    
  0.405458391    
  0.435766608    
  0.452957511    
  0.595523953    
  0.559332073    
  0.475398719    
  0.424707413    
  0.380702049    
  0.371435970    
  0.377964228    
  0.405287087    
  0.421632946    
  0.411316544    
  0.400165558    
  0.390731245    
  0.375592917    
  0.387718409    
  0.429408103    
  0.480264544    
  0.566605628    
  0.586568534    
  0.737957299    
  0.697002411    
  0.593886316    
  0.502756238    
  0.424303472    
  0.381748378    
  0.358666033    
  0.373987287    
  0.393829495    
  0.387190521    
  0.377663732    
  0.363641471    
  0.392704099    
  0.423951685    
  0.506952286    
  0.607255578    
  0.698709369    
  0.735817432    
  0.620864213    
  0.694878459    
  0.704375505    
  0.593630672    
  0.466285318    
  0.403980047    
  0.354987323    
  0.341314495    
  0.338124663    
  0.328722298    
  0.341091067    
  0.353990167    
  0.406837225    
  0.480767399    
  0.603050172    
  0.702846587    
  0.692582011    
  0.615583301    
  0.251594037    
  0.484146178    
  0.662624657    
  0.694774687    
  0.553658664    
  0.424703658    
  0.352918357    
  0.317808568    
  0.291721791    
  0.288243979    
  0.316910088    
  0.351953179    
  0.435421556    
  0.571263433    
  0.689437389    
  0.667116880    
  0.479120135    
  0.245384306    
   1.24292979E-02
  0.188501462    
  0.501491070    
  0.707752943    
  0.638047278    
  0.460570544    
  0.361967385    
  0.292555988    
  0.256055534    
  0.254872143    
  0.289953113    
  0.357497841    
  0.475138694    
  0.646130919    
  0.704318941    
  0.507783175    
  0.187901586    
   1.40184769E-02
   0.00000000    
   2.73246840E-02
  0.278894395    
  0.624480367    
  0.688220799    
  0.499192655    
  0.360610545    
  0.271582097    
  0.226969481    
  0.216968074    
  0.262093723    
  0.370281070    
  0.504046738    
  0.687832415    
  0.632038295    
  0.286102444    
   2.54698079E-02
   0.00000000    
   0.00000000    
   5.03720221E-05
  0.101049006    
  0.584179282    
  0.720244169    
  0.511461139    
  0.360562414    
  0.253640234    
  0.205974445    
  0.215486586    
  0.261014521    
  0.370097727    
  0.510586321    
  0.721667469    
  0.584288716    
  0.103449844    
   3.29374166E-06
   0.00000000    
   0.00000000    
   0.00000000    
   2.53089909E-02
  0.474969596    
  0.704376876    
  0.534014165    
  0.373206168    
  0.247136205    
  0.191437289    
  0.196988419    
  0.268187225    
  0.370872378    
  0.537571669    
  0.703135312    
  0.475219458    
   2.73193941E-02
   0.00000000    
   0.00000000    
   0.00000000    
   9.79113756E-05
   9.87482220E-02
  0.589528739    
  0.724279225    
  0.531103134    
  0.367788166    
  0.247524709    
  0.205438793    
  0.208548978    
  0.257918507    
  0.366717160    
  0.522658646    
  0.715409994    
  0.590061903    
  0.102717377    
   1.06703565E-05
   0.00000000    
   0.00000000    
   3.64060923E-02
  0.384618014    
  0.638659298    
  0.682597339    
  0.496518105    
  0.351321161    
  0.264335930    
  0.229565322    
  0.226366639    
  0.266587764    
  0.361271054    
  0.493214935    
  0.677644312    
  0.644328415    
  0.389661878    
   3.56396586E-02
   0.00000000    
  0.104684152    
  0.339568287    
  0.590700567    
  0.714692891    
  0.622145891    
  0.426690072    
  0.346014947    
  0.285105884    
  0.264969140    
  0.257254511    
  0.280086309    
  0.336186856    
  0.428146422    
  0.621783435    
  0.708464384    
  0.596264005    
  0.338530660    
  0.104036517    
  0.531013072    
  0.645834267    
  0.716551960    
  0.649724185    
  0.495563120    
  0.407014489    
  0.335607708    
  0.306150228    
  0.295046508    
  0.303330898    
  0.314397782    
  0.345036685    
  0.403274626    
  0.478110105    
  0.647064030    
  0.712504447    
  0.646294653    
  0.520844936    
  0.677102566    
  0.711410940    
  0.643686116    
  0.524289489    
  0.432740808    
  0.372469991    
  0.340893716    
  0.323929429    
  0.324536592    
  0.337551534    
  0.333179295    
  0.344478190    
  0.363342047    
  0.425551832    
  0.516635180    
  0.630543530    
  0.718811929    
  0.670171320    
  0.621266603    
  0.583857000    
  0.500221550    
  0.424524993    
  0.379044861    
  0.345648646    
  0.342510134    
  0.355496407    
  0.364307433    
  0.358286977    
  0.363405168    
  0.350084782    
  0.352794647    
  0.372685730    
  0.421673238    
  0.501763046    
  0.585370779    
  0.617268443    
  0.464325398    
  0.432637095    
  0.405357957    
  0.359845042    
  0.336296499    
  0.337611318    
  0.352647394    
  0.366015762    
  0.377989829    
  0.376496017    
  0.371217459    
  0.349896103    
  0.341126204    
  0.332654685    
  0.360243976    
  0.401344597    
  0.441369832    
  0.453251600    
  0.407036036    
  0.386569262    
  0.350855529    
  0.329753280    
  0.322408497    
  0.336008072    
  0.351357549    
  0.382071972    
  0.393004626    
  0.391786426    
  0.381920815    
  0.358345270    
  0.339526743    
  0.319039077    
  0.329725564    
  0.361435056    
  0.390577108    
  0.411889642    
  0.403689772    
  0.383402169    
  0.360357642    
  0.340451568    
  0.324155122    
  0.334918439    
  0.354803413    
  0.385336369    
  0.397716284    
  0.400041074    
  0.386065602    
  0.357972920    
  0.339875817    
  0.319659114    
  0.335277736    
  0.356474608    
  0.397580177    
  0.404488772    
  0.463700145    
  0.439947367    
  0.406068206    
  0.378247678    
  0.326299906    
  0.334647506    
  0.352682143    
  0.370696187    
  0.390126020    
  0.387674659    
  0.373263925    
  0.366441578    
  0.355774134    
  0.350555867    
  0.374069005    
  0.411157280    
  0.446950883    
  0.460927069    
  0.624905705    
  0.598359764    
  0.505401433    
  0.431751579    
  0.379383743    
  0.352526218    
  0.344169736    
  0.359799474    
  0.371139675    
  0.376106650    
  0.359810591    
  0.348440588    
  0.361633956    
  0.399133205    
  0.437575042    
  0.513668060    
  0.596234083    
  0.627493441    
  0.684588373    
  0.708149195    
  0.644173384    
  0.529732049    
  0.431155354    
  0.376500249    
  0.335936129    
  0.336728871    
  0.333411008    
  0.338791907    
  0.342171758    
  0.345848471    
  0.378682762    
  0.446952522    
  0.540564537    
  0.646352112    
  0.709321260    
  0.678133607    
  0.525448859    
  0.639382243    
  0.717146993    
  0.647459626    
  0.488783985    
  0.403747559    
  0.341571480    
  0.314782858    
  0.307057709    
  0.303390563    
  0.316476434    
  0.343843549    
  0.401296407    
  0.490725577    
  0.641042769    
  0.713128448    
  0.641602159    
  0.519219220    
  0.107189097    
  0.346725732    
  0.590989590    
  0.705348253    
  0.620549858    
  0.431060553    
  0.349928528    
  0.294634253    
  0.281278014    
  0.262728542    
  0.296645910    
  0.356086195    
  0.436738729    
  0.621289194    
  0.704161167    
  0.588465154    
  0.340153486    
  0.104804508    
   0.00000000    
   3.63689922E-02
  0.389686763    
  0.647238612    
  0.679618716    
  0.489268839    
  0.353309900    
  0.269602925    
  0.236256182    
  0.233567044    
  0.266109884    
  0.361395478    
  0.491640389    
  0.676890910    
  0.648598552    
  0.387307942    
   3.64771299E-02
   0.00000000    
   0.00000000    
   2.20919196E-06
  0.104985476    
  0.588636458    
  0.727320552    
  0.516938686    
  0.363265008    
  0.253263563    
  0.202682033    
  0.215679362    
  0.265135199    
  0.364227682    
  0.513469338    
  0.720809340    
  0.579856217    
  0.103738897    
   1.09093971E-05
   0.00000000    
   0.00000000    
   0.00000000    
   2.51606442E-02
  0.481308192    
  0.703538656    
  0.526264846    
  0.366163582    
  0.253449440    
  0.190530002    
  0.197691888    
  0.258382827    
  0.366216630    
  0.530341685    
  0.701734781    
  0.477356195    
   2.76098028E-02
   0.00000000    
   0.00000000    
