# vtk DataFile Version 2.0
avpol
ASCII
DATASET STRUCTURED_GRID 
DIMENSIONS   19    19    19
POINTS     6859 float
   0.0000000000000000            0.0000000000000000            0.0000000000000000     
   0.0000000000000000            0.0000000000000000           0.17405958087463577     
   0.0000000000000000            0.0000000000000000           0.34811916174927154     
   0.0000000000000000            0.0000000000000000           0.52217874262390729     
   0.0000000000000000            0.0000000000000000           0.69623832349854309     
   0.0000000000000000            0.0000000000000000           0.87029790437317889     
   0.0000000000000000            0.0000000000000000            1.0443574852478146     
   0.0000000000000000            0.0000000000000000            1.2184170661224505     
   0.0000000000000000            0.0000000000000000            1.3924766469970862     
   0.0000000000000000            0.0000000000000000            1.5665362278717216     
   0.0000000000000000            0.0000000000000000            1.7405958087463578     
   0.0000000000000000            0.0000000000000000            1.9146553896209932     
   0.0000000000000000            0.0000000000000000            2.0887149704956292     
   0.0000000000000000            0.0000000000000000            2.2627745513702648     
   0.0000000000000000            0.0000000000000000            2.4368341322449010     
   0.0000000000000000            0.0000000000000000            2.6108937131195367     
   0.0000000000000000            0.0000000000000000            2.7849532939941724     
   0.0000000000000000            0.0000000000000000            2.9590128748688080     
   0.0000000000000000            0.0000000000000000            3.1330724557434433     
   0.0000000000000000           0.13924766469970859            0.0000000000000000     
   0.0000000000000000           0.13924766469970859           0.17405958087463577     
   0.0000000000000000           0.13924766469970859           0.34811916174927154     
   0.0000000000000000           0.13924766469970859           0.52217874262390729     
   0.0000000000000000           0.13924766469970859           0.69623832349854309     
   0.0000000000000000           0.13924766469970859           0.87029790437317889     
   0.0000000000000000           0.13924766469970859            1.0443574852478146     
   0.0000000000000000           0.13924766469970859            1.2184170661224505     
   0.0000000000000000           0.13924766469970859            1.3924766469970862     
   0.0000000000000000           0.13924766469970859            1.5665362278717216     
   0.0000000000000000           0.13924766469970859            1.7405958087463578     
   0.0000000000000000           0.13924766469970859            1.9146553896209932     
   0.0000000000000000           0.13924766469970859            2.0887149704956292     
   0.0000000000000000           0.13924766469970859            2.2627745513702648     
   0.0000000000000000           0.13924766469970859            2.4368341322449010     
   0.0000000000000000           0.13924766469970859            2.6108937131195367     
   0.0000000000000000           0.13924766469970859            2.7849532939941724     
   0.0000000000000000           0.13924766469970859            2.9590128748688080     
   0.0000000000000000           0.13924766469970859            3.1330724557434433     
   0.0000000000000000           0.27849532939941718            0.0000000000000000     
   0.0000000000000000           0.27849532939941718           0.17405958087463577     
   0.0000000000000000           0.27849532939941718           0.34811916174927154     
   0.0000000000000000           0.27849532939941718           0.52217874262390729     
   0.0000000000000000           0.27849532939941718           0.69623832349854309     
   0.0000000000000000           0.27849532939941718           0.87029790437317889     
   0.0000000000000000           0.27849532939941718            1.0443574852478146     
   0.0000000000000000           0.27849532939941718            1.2184170661224505     
   0.0000000000000000           0.27849532939941718            1.3924766469970862     
   0.0000000000000000           0.27849532939941718            1.5665362278717216     
   0.0000000000000000           0.27849532939941718            1.7405958087463578     
   0.0000000000000000           0.27849532939941718            1.9146553896209932     
   0.0000000000000000           0.27849532939941718            2.0887149704956292     
   0.0000000000000000           0.27849532939941718            2.2627745513702648     
   0.0000000000000000           0.27849532939941718            2.4368341322449010     
   0.0000000000000000           0.27849532939941718            2.6108937131195367     
   0.0000000000000000           0.27849532939941718            2.7849532939941724     
   0.0000000000000000           0.27849532939941718            2.9590128748688080     
   0.0000000000000000           0.27849532939941718            3.1330724557434433     
   0.0000000000000000           0.41774299409912580            0.0000000000000000     
   0.0000000000000000           0.41774299409912580           0.17405958087463577     
   0.0000000000000000           0.41774299409912580           0.34811916174927154     
   0.0000000000000000           0.41774299409912580           0.52217874262390729     
   0.0000000000000000           0.41774299409912580           0.69623832349854309     
   0.0000000000000000           0.41774299409912580           0.87029790437317889     
   0.0000000000000000           0.41774299409912580            1.0443574852478146     
   0.0000000000000000           0.41774299409912580            1.2184170661224505     
   0.0000000000000000           0.41774299409912580            1.3924766469970862     
   0.0000000000000000           0.41774299409912580            1.5665362278717216     
   0.0000000000000000           0.41774299409912580            1.7405958087463578     
   0.0000000000000000           0.41774299409912580            1.9146553896209932     
   0.0000000000000000           0.41774299409912580            2.0887149704956292     
   0.0000000000000000           0.41774299409912580            2.2627745513702648     
   0.0000000000000000           0.41774299409912580            2.4368341322449010     
   0.0000000000000000           0.41774299409912580            2.6108937131195367     
   0.0000000000000000           0.41774299409912580            2.7849532939941724     
   0.0000000000000000           0.41774299409912580            2.9590128748688080     
   0.0000000000000000           0.41774299409912580            3.1330724557434433     
   0.0000000000000000           0.55699065879883436            0.0000000000000000     
   0.0000000000000000           0.55699065879883436           0.17405958087463577     
   0.0000000000000000           0.55699065879883436           0.34811916174927154     
   0.0000000000000000           0.55699065879883436           0.52217874262390729     
   0.0000000000000000           0.55699065879883436           0.69623832349854309     
   0.0000000000000000           0.55699065879883436           0.87029790437317889     
   0.0000000000000000           0.55699065879883436            1.0443574852478146     
   0.0000000000000000           0.55699065879883436            1.2184170661224505     
   0.0000000000000000           0.55699065879883436            1.3924766469970862     
   0.0000000000000000           0.55699065879883436            1.5665362278717216     
   0.0000000000000000           0.55699065879883436            1.7405958087463578     
   0.0000000000000000           0.55699065879883436            1.9146553896209932     
   0.0000000000000000           0.55699065879883436            2.0887149704956292     
   0.0000000000000000           0.55699065879883436            2.2627745513702648     
   0.0000000000000000           0.55699065879883436            2.4368341322449010     
   0.0000000000000000           0.55699065879883436            2.6108937131195367     
   0.0000000000000000           0.55699065879883436            2.7849532939941724     
   0.0000000000000000           0.55699065879883436            2.9590128748688080     
   0.0000000000000000           0.55699065879883436            3.1330724557434433     
   0.0000000000000000           0.69623832349854298            0.0000000000000000     
   0.0000000000000000           0.69623832349854298           0.17405958087463577     
   0.0000000000000000           0.69623832349854298           0.34811916174927154     
   0.0000000000000000           0.69623832349854298           0.52217874262390729     
   0.0000000000000000           0.69623832349854298           0.69623832349854309     
   0.0000000000000000           0.69623832349854298           0.87029790437317889     
   0.0000000000000000           0.69623832349854298            1.0443574852478146     
   0.0000000000000000           0.69623832349854298            1.2184170661224505     
   0.0000000000000000           0.69623832349854298            1.3924766469970862     
   0.0000000000000000           0.69623832349854298            1.5665362278717216     
   0.0000000000000000           0.69623832349854298            1.7405958087463578     
   0.0000000000000000           0.69623832349854298            1.9146553896209932     
   0.0000000000000000           0.69623832349854298            2.0887149704956292     
   0.0000000000000000           0.69623832349854298            2.2627745513702648     
   0.0000000000000000           0.69623832349854298            2.4368341322449010     
   0.0000000000000000           0.69623832349854298            2.6108937131195367     
   0.0000000000000000           0.69623832349854298            2.7849532939941724     
   0.0000000000000000           0.69623832349854298            2.9590128748688080     
   0.0000000000000000           0.69623832349854298            3.1330724557434433     
   0.0000000000000000           0.83548598819825159            0.0000000000000000     
   0.0000000000000000           0.83548598819825159           0.17405958087463577     
   0.0000000000000000           0.83548598819825159           0.34811916174927154     
   0.0000000000000000           0.83548598819825159           0.52217874262390729     
   0.0000000000000000           0.83548598819825159           0.69623832349854309     
   0.0000000000000000           0.83548598819825159           0.87029790437317889     
   0.0000000000000000           0.83548598819825159            1.0443574852478146     
   0.0000000000000000           0.83548598819825159            1.2184170661224505     
   0.0000000000000000           0.83548598819825159            1.3924766469970862     
   0.0000000000000000           0.83548598819825159            1.5665362278717216     
   0.0000000000000000           0.83548598819825159            1.7405958087463578     
   0.0000000000000000           0.83548598819825159            1.9146553896209932     
   0.0000000000000000           0.83548598819825159            2.0887149704956292     
   0.0000000000000000           0.83548598819825159            2.2627745513702648     
   0.0000000000000000           0.83548598819825159            2.4368341322449010     
   0.0000000000000000           0.83548598819825159            2.6108937131195367     
   0.0000000000000000           0.83548598819825159            2.7849532939941724     
   0.0000000000000000           0.83548598819825159            2.9590128748688080     
   0.0000000000000000           0.83548598819825159            3.1330724557434433     
   0.0000000000000000           0.97473365289796032            0.0000000000000000     
   0.0000000000000000           0.97473365289796032           0.17405958087463577     
   0.0000000000000000           0.97473365289796032           0.34811916174927154     
   0.0000000000000000           0.97473365289796032           0.52217874262390729     
   0.0000000000000000           0.97473365289796032           0.69623832349854309     
   0.0000000000000000           0.97473365289796032           0.87029790437317889     
   0.0000000000000000           0.97473365289796032            1.0443574852478146     
   0.0000000000000000           0.97473365289796032            1.2184170661224505     
   0.0000000000000000           0.97473365289796032            1.3924766469970862     
   0.0000000000000000           0.97473365289796032            1.5665362278717216     
   0.0000000000000000           0.97473365289796032            1.7405958087463578     
   0.0000000000000000           0.97473365289796032            1.9146553896209932     
   0.0000000000000000           0.97473365289796032            2.0887149704956292     
   0.0000000000000000           0.97473365289796032            2.2627745513702648     
   0.0000000000000000           0.97473365289796032            2.4368341322449010     
   0.0000000000000000           0.97473365289796032            2.6108937131195367     
   0.0000000000000000           0.97473365289796032            2.7849532939941724     
   0.0000000000000000           0.97473365289796032            2.9590128748688080     
   0.0000000000000000           0.97473365289796032            3.1330724557434433     
   0.0000000000000000            1.1139813175976687            0.0000000000000000     
   0.0000000000000000            1.1139813175976687           0.17405958087463577     
   0.0000000000000000            1.1139813175976687           0.34811916174927154     
   0.0000000000000000            1.1139813175976687           0.52217874262390729     
   0.0000000000000000            1.1139813175976687           0.69623832349854309     
   0.0000000000000000            1.1139813175976687           0.87029790437317889     
   0.0000000000000000            1.1139813175976687            1.0443574852478146     
   0.0000000000000000            1.1139813175976687            1.2184170661224505     
   0.0000000000000000            1.1139813175976687            1.3924766469970862     
   0.0000000000000000            1.1139813175976687            1.5665362278717216     
   0.0000000000000000            1.1139813175976687            1.7405958087463578     
   0.0000000000000000            1.1139813175976687            1.9146553896209932     
   0.0000000000000000            1.1139813175976687            2.0887149704956292     
   0.0000000000000000            1.1139813175976687            2.2627745513702648     
   0.0000000000000000            1.1139813175976687            2.4368341322449010     
   0.0000000000000000            1.1139813175976687            2.6108937131195367     
   0.0000000000000000            1.1139813175976687            2.7849532939941724     
   0.0000000000000000            1.1139813175976687            2.9590128748688080     
   0.0000000000000000            1.1139813175976687            3.1330724557434433     
   0.0000000000000000            1.2532289822973772            0.0000000000000000     
   0.0000000000000000            1.2532289822973772           0.17405958087463577     
   0.0000000000000000            1.2532289822973772           0.34811916174927154     
   0.0000000000000000            1.2532289822973772           0.52217874262390729     
   0.0000000000000000            1.2532289822973772           0.69623832349854309     
   0.0000000000000000            1.2532289822973772           0.87029790437317889     
   0.0000000000000000            1.2532289822973772            1.0443574852478146     
   0.0000000000000000            1.2532289822973772            1.2184170661224505     
   0.0000000000000000            1.2532289822973772            1.3924766469970862     
   0.0000000000000000            1.2532289822973772            1.5665362278717216     
   0.0000000000000000            1.2532289822973772            1.7405958087463578     
   0.0000000000000000            1.2532289822973772            1.9146553896209932     
   0.0000000000000000            1.2532289822973772            2.0887149704956292     
   0.0000000000000000            1.2532289822973772            2.2627745513702648     
   0.0000000000000000            1.2532289822973772            2.4368341322449010     
   0.0000000000000000            1.2532289822973772            2.6108937131195367     
   0.0000000000000000            1.2532289822973772            2.7849532939941724     
   0.0000000000000000            1.2532289822973772            2.9590128748688080     
   0.0000000000000000            1.2532289822973772            3.1330724557434433     
   0.0000000000000000            1.3924766469970860            0.0000000000000000     
   0.0000000000000000            1.3924766469970860           0.17405958087463577     
   0.0000000000000000            1.3924766469970860           0.34811916174927154     
   0.0000000000000000            1.3924766469970860           0.52217874262390729     
   0.0000000000000000            1.3924766469970860           0.69623832349854309     
   0.0000000000000000            1.3924766469970860           0.87029790437317889     
   0.0000000000000000            1.3924766469970860            1.0443574852478146     
   0.0000000000000000            1.3924766469970860            1.2184170661224505     
   0.0000000000000000            1.3924766469970860            1.3924766469970862     
   0.0000000000000000            1.3924766469970860            1.5665362278717216     
   0.0000000000000000            1.3924766469970860            1.7405958087463578     
   0.0000000000000000            1.3924766469970860            1.9146553896209932     
   0.0000000000000000            1.3924766469970860            2.0887149704956292     
   0.0000000000000000            1.3924766469970860            2.2627745513702648     
   0.0000000000000000            1.3924766469970860            2.4368341322449010     
   0.0000000000000000            1.3924766469970860            2.6108937131195367     
   0.0000000000000000            1.3924766469970860            2.7849532939941724     
   0.0000000000000000            1.3924766469970860            2.9590128748688080     
   0.0000000000000000            1.3924766469970860            3.1330724557434433     
   0.0000000000000000            1.5317243116967947            0.0000000000000000     
   0.0000000000000000            1.5317243116967947           0.17405958087463577     
   0.0000000000000000            1.5317243116967947           0.34811916174927154     
   0.0000000000000000            1.5317243116967947           0.52217874262390729     
   0.0000000000000000            1.5317243116967947           0.69623832349854309     
   0.0000000000000000            1.5317243116967947           0.87029790437317889     
   0.0000000000000000            1.5317243116967947            1.0443574852478146     
   0.0000000000000000            1.5317243116967947            1.2184170661224505     
   0.0000000000000000            1.5317243116967947            1.3924766469970862     
   0.0000000000000000            1.5317243116967947            1.5665362278717216     
   0.0000000000000000            1.5317243116967947            1.7405958087463578     
   0.0000000000000000            1.5317243116967947            1.9146553896209932     
   0.0000000000000000            1.5317243116967947            2.0887149704956292     
   0.0000000000000000            1.5317243116967947            2.2627745513702648     
   0.0000000000000000            1.5317243116967947            2.4368341322449010     
   0.0000000000000000            1.5317243116967947            2.6108937131195367     
   0.0000000000000000            1.5317243116967947            2.7849532939941724     
   0.0000000000000000            1.5317243116967947            2.9590128748688080     
   0.0000000000000000            1.5317243116967947            3.1330724557434433     
   0.0000000000000000            1.6709719763965032            0.0000000000000000     
   0.0000000000000000            1.6709719763965032           0.17405958087463577     
   0.0000000000000000            1.6709719763965032           0.34811916174927154     
   0.0000000000000000            1.6709719763965032           0.52217874262390729     
   0.0000000000000000            1.6709719763965032           0.69623832349854309     
   0.0000000000000000            1.6709719763965032           0.87029790437317889     
   0.0000000000000000            1.6709719763965032            1.0443574852478146     
   0.0000000000000000            1.6709719763965032            1.2184170661224505     
   0.0000000000000000            1.6709719763965032            1.3924766469970862     
   0.0000000000000000            1.6709719763965032            1.5665362278717216     
   0.0000000000000000            1.6709719763965032            1.7405958087463578     
   0.0000000000000000            1.6709719763965032            1.9146553896209932     
   0.0000000000000000            1.6709719763965032            2.0887149704956292     
   0.0000000000000000            1.6709719763965032            2.2627745513702648     
   0.0000000000000000            1.6709719763965032            2.4368341322449010     
   0.0000000000000000            1.6709719763965032            2.6108937131195367     
   0.0000000000000000            1.6709719763965032            2.7849532939941724     
   0.0000000000000000            1.6709719763965032            2.9590128748688080     
   0.0000000000000000            1.6709719763965032            3.1330724557434433     
   0.0000000000000000            1.8102196410962119            0.0000000000000000     
   0.0000000000000000            1.8102196410962119           0.17405958087463577     
   0.0000000000000000            1.8102196410962119           0.34811916174927154     
   0.0000000000000000            1.8102196410962119           0.52217874262390729     
   0.0000000000000000            1.8102196410962119           0.69623832349854309     
   0.0000000000000000            1.8102196410962119           0.87029790437317889     
   0.0000000000000000            1.8102196410962119            1.0443574852478146     
   0.0000000000000000            1.8102196410962119            1.2184170661224505     
   0.0000000000000000            1.8102196410962119            1.3924766469970862     
   0.0000000000000000            1.8102196410962119            1.5665362278717216     
   0.0000000000000000            1.8102196410962119            1.7405958087463578     
   0.0000000000000000            1.8102196410962119            1.9146553896209932     
   0.0000000000000000            1.8102196410962119            2.0887149704956292     
   0.0000000000000000            1.8102196410962119            2.2627745513702648     
   0.0000000000000000            1.8102196410962119            2.4368341322449010     
   0.0000000000000000            1.8102196410962119            2.6108937131195367     
   0.0000000000000000            1.8102196410962119            2.7849532939941724     
   0.0000000000000000            1.8102196410962119            2.9590128748688080     
   0.0000000000000000            1.8102196410962119            3.1330724557434433     
   0.0000000000000000            1.9494673057959206            0.0000000000000000     
   0.0000000000000000            1.9494673057959206           0.17405958087463577     
   0.0000000000000000            1.9494673057959206           0.34811916174927154     
   0.0000000000000000            1.9494673057959206           0.52217874262390729     
   0.0000000000000000            1.9494673057959206           0.69623832349854309     
   0.0000000000000000            1.9494673057959206           0.87029790437317889     
   0.0000000000000000            1.9494673057959206            1.0443574852478146     
   0.0000000000000000            1.9494673057959206            1.2184170661224505     
   0.0000000000000000            1.9494673057959206            1.3924766469970862     
   0.0000000000000000            1.9494673057959206            1.5665362278717216     
   0.0000000000000000            1.9494673057959206            1.7405958087463578     
   0.0000000000000000            1.9494673057959206            1.9146553896209932     
   0.0000000000000000            1.9494673057959206            2.0887149704956292     
   0.0000000000000000            1.9494673057959206            2.2627745513702648     
   0.0000000000000000            1.9494673057959206            2.4368341322449010     
   0.0000000000000000            1.9494673057959206            2.6108937131195367     
   0.0000000000000000            1.9494673057959206            2.7849532939941724     
   0.0000000000000000            1.9494673057959206            2.9590128748688080     
   0.0000000000000000            1.9494673057959206            3.1330724557434433     
   0.0000000000000000            2.0887149704956292            0.0000000000000000     
   0.0000000000000000            2.0887149704956292           0.17405958087463577     
   0.0000000000000000            2.0887149704956292           0.34811916174927154     
   0.0000000000000000            2.0887149704956292           0.52217874262390729     
   0.0000000000000000            2.0887149704956292           0.69623832349854309     
   0.0000000000000000            2.0887149704956292           0.87029790437317889     
   0.0000000000000000            2.0887149704956292            1.0443574852478146     
   0.0000000000000000            2.0887149704956292            1.2184170661224505     
   0.0000000000000000            2.0887149704956292            1.3924766469970862     
   0.0000000000000000            2.0887149704956292            1.5665362278717216     
   0.0000000000000000            2.0887149704956292            1.7405958087463578     
   0.0000000000000000            2.0887149704956292            1.9146553896209932     
   0.0000000000000000            2.0887149704956292            2.0887149704956292     
   0.0000000000000000            2.0887149704956292            2.2627745513702648     
   0.0000000000000000            2.0887149704956292            2.4368341322449010     
   0.0000000000000000            2.0887149704956292            2.6108937131195367     
   0.0000000000000000            2.0887149704956292            2.7849532939941724     
   0.0000000000000000            2.0887149704956292            2.9590128748688080     
   0.0000000000000000            2.0887149704956292            3.1330724557434433     
   0.0000000000000000            2.2279626351953374            0.0000000000000000     
   0.0000000000000000            2.2279626351953374           0.17405958087463577     
   0.0000000000000000            2.2279626351953374           0.34811916174927154     
   0.0000000000000000            2.2279626351953374           0.52217874262390729     
   0.0000000000000000            2.2279626351953374           0.69623832349854309     
   0.0000000000000000            2.2279626351953374           0.87029790437317889     
   0.0000000000000000            2.2279626351953374            1.0443574852478146     
   0.0000000000000000            2.2279626351953374            1.2184170661224505     
   0.0000000000000000            2.2279626351953374            1.3924766469970862     
   0.0000000000000000            2.2279626351953374            1.5665362278717216     
   0.0000000000000000            2.2279626351953374            1.7405958087463578     
   0.0000000000000000            2.2279626351953374            1.9146553896209932     
   0.0000000000000000            2.2279626351953374            2.0887149704956292     
   0.0000000000000000            2.2279626351953374            2.2627745513702648     
   0.0000000000000000            2.2279626351953374            2.4368341322449010     
   0.0000000000000000            2.2279626351953374            2.6108937131195367     
   0.0000000000000000            2.2279626351953374            2.7849532939941724     
   0.0000000000000000            2.2279626351953374            2.9590128748688080     
   0.0000000000000000            2.2279626351953374            3.1330724557434433     
   0.0000000000000000            2.3672102998950462            0.0000000000000000     
   0.0000000000000000            2.3672102998950462           0.17405958087463577     
   0.0000000000000000            2.3672102998950462           0.34811916174927154     
   0.0000000000000000            2.3672102998950462           0.52217874262390729     
   0.0000000000000000            2.3672102998950462           0.69623832349854309     
   0.0000000000000000            2.3672102998950462           0.87029790437317889     
   0.0000000000000000            2.3672102998950462            1.0443574852478146     
   0.0000000000000000            2.3672102998950462            1.2184170661224505     
   0.0000000000000000            2.3672102998950462            1.3924766469970862     
   0.0000000000000000            2.3672102998950462            1.5665362278717216     
   0.0000000000000000            2.3672102998950462            1.7405958087463578     
   0.0000000000000000            2.3672102998950462            1.9146553896209932     
   0.0000000000000000            2.3672102998950462            2.0887149704956292     
   0.0000000000000000            2.3672102998950462            2.2627745513702648     
   0.0000000000000000            2.3672102998950462            2.4368341322449010     
   0.0000000000000000            2.3672102998950462            2.6108937131195367     
   0.0000000000000000            2.3672102998950462            2.7849532939941724     
   0.0000000000000000            2.3672102998950462            2.9590128748688080     
   0.0000000000000000            2.3672102998950462            3.1330724557434433     
   0.0000000000000000            2.5064579645947545            0.0000000000000000     
   0.0000000000000000            2.5064579645947545           0.17405958087463577     
   0.0000000000000000            2.5064579645947545           0.34811916174927154     
   0.0000000000000000            2.5064579645947545           0.52217874262390729     
   0.0000000000000000            2.5064579645947545           0.69623832349854309     
   0.0000000000000000            2.5064579645947545           0.87029790437317889     
   0.0000000000000000            2.5064579645947545            1.0443574852478146     
   0.0000000000000000            2.5064579645947545            1.2184170661224505     
   0.0000000000000000            2.5064579645947545            1.3924766469970862     
   0.0000000000000000            2.5064579645947545            1.5665362278717216     
   0.0000000000000000            2.5064579645947545            1.7405958087463578     
   0.0000000000000000            2.5064579645947545            1.9146553896209932     
   0.0000000000000000            2.5064579645947545            2.0887149704956292     
   0.0000000000000000            2.5064579645947545            2.2627745513702648     
   0.0000000000000000            2.5064579645947545            2.4368341322449010     
   0.0000000000000000            2.5064579645947545            2.6108937131195367     
   0.0000000000000000            2.5064579645947545            2.7849532939941724     
   0.0000000000000000            2.5064579645947545            2.9590128748688080     
   0.0000000000000000            2.5064579645947545            3.1330724557434433     
  0.13924766469970859            0.0000000000000000            0.0000000000000000     
  0.13924766469970859            0.0000000000000000           0.17405958087463577     
  0.13924766469970859            0.0000000000000000           0.34811916174927154     
  0.13924766469970859            0.0000000000000000           0.52217874262390729     
  0.13924766469970859            0.0000000000000000           0.69623832349854309     
  0.13924766469970859            0.0000000000000000           0.87029790437317889     
  0.13924766469970859            0.0000000000000000            1.0443574852478146     
  0.13924766469970859            0.0000000000000000            1.2184170661224505     
  0.13924766469970859            0.0000000000000000            1.3924766469970862     
  0.13924766469970859            0.0000000000000000            1.5665362278717216     
  0.13924766469970859            0.0000000000000000            1.7405958087463578     
  0.13924766469970859            0.0000000000000000            1.9146553896209932     
  0.13924766469970859            0.0000000000000000            2.0887149704956292     
  0.13924766469970859            0.0000000000000000            2.2627745513702648     
  0.13924766469970859            0.0000000000000000            2.4368341322449010     
  0.13924766469970859            0.0000000000000000            2.6108937131195367     
  0.13924766469970859            0.0000000000000000            2.7849532939941724     
  0.13924766469970859            0.0000000000000000            2.9590128748688080     
  0.13924766469970859            0.0000000000000000            3.1330724557434433     
  0.13924766469970859           0.13924766469970859            0.0000000000000000     
  0.13924766469970859           0.13924766469970859           0.17405958087463577     
  0.13924766469970859           0.13924766469970859           0.34811916174927154     
  0.13924766469970859           0.13924766469970859           0.52217874262390729     
  0.13924766469970859           0.13924766469970859           0.69623832349854309     
  0.13924766469970859           0.13924766469970859           0.87029790437317889     
  0.13924766469970859           0.13924766469970859            1.0443574852478146     
  0.13924766469970859           0.13924766469970859            1.2184170661224505     
  0.13924766469970859           0.13924766469970859            1.3924766469970862     
  0.13924766469970859           0.13924766469970859            1.5665362278717216     
  0.13924766469970859           0.13924766469970859            1.7405958087463578     
  0.13924766469970859           0.13924766469970859            1.9146553896209932     
  0.13924766469970859           0.13924766469970859            2.0887149704956292     
  0.13924766469970859           0.13924766469970859            2.2627745513702648     
  0.13924766469970859           0.13924766469970859            2.4368341322449010     
  0.13924766469970859           0.13924766469970859            2.6108937131195367     
  0.13924766469970859           0.13924766469970859            2.7849532939941724     
  0.13924766469970859           0.13924766469970859            2.9590128748688080     
  0.13924766469970859           0.13924766469970859            3.1330724557434433     
  0.13924766469970859           0.27849532939941718            0.0000000000000000     
  0.13924766469970859           0.27849532939941718           0.17405958087463577     
  0.13924766469970859           0.27849532939941718           0.34811916174927154     
  0.13924766469970859           0.27849532939941718           0.52217874262390729     
  0.13924766469970859           0.27849532939941718           0.69623832349854309     
  0.13924766469970859           0.27849532939941718           0.87029790437317889     
  0.13924766469970859           0.27849532939941718            1.0443574852478146     
  0.13924766469970859           0.27849532939941718            1.2184170661224505     
  0.13924766469970859           0.27849532939941718            1.3924766469970862     
  0.13924766469970859           0.27849532939941718            1.5665362278717216     
  0.13924766469970859           0.27849532939941718            1.7405958087463578     
  0.13924766469970859           0.27849532939941718            1.9146553896209932     
  0.13924766469970859           0.27849532939941718            2.0887149704956292     
  0.13924766469970859           0.27849532939941718            2.2627745513702648     
  0.13924766469970859           0.27849532939941718            2.4368341322449010     
  0.13924766469970859           0.27849532939941718            2.6108937131195367     
  0.13924766469970859           0.27849532939941718            2.7849532939941724     
  0.13924766469970859           0.27849532939941718            2.9590128748688080     
  0.13924766469970859           0.27849532939941718            3.1330724557434433     
  0.13924766469970859           0.41774299409912580            0.0000000000000000     
  0.13924766469970859           0.41774299409912580           0.17405958087463577     
  0.13924766469970859           0.41774299409912580           0.34811916174927154     
  0.13924766469970859           0.41774299409912580           0.52217874262390729     
  0.13924766469970859           0.41774299409912580           0.69623832349854309     
  0.13924766469970859           0.41774299409912580           0.87029790437317889     
  0.13924766469970859           0.41774299409912580            1.0443574852478146     
  0.13924766469970859           0.41774299409912580            1.2184170661224505     
  0.13924766469970859           0.41774299409912580            1.3924766469970862     
  0.13924766469970859           0.41774299409912580            1.5665362278717216     
  0.13924766469970859           0.41774299409912580            1.7405958087463578     
  0.13924766469970859           0.41774299409912580            1.9146553896209932     
  0.13924766469970859           0.41774299409912580            2.0887149704956292     
  0.13924766469970859           0.41774299409912580            2.2627745513702648     
  0.13924766469970859           0.41774299409912580            2.4368341322449010     
  0.13924766469970859           0.41774299409912580            2.6108937131195367     
  0.13924766469970859           0.41774299409912580            2.7849532939941724     
  0.13924766469970859           0.41774299409912580            2.9590128748688080     
  0.13924766469970859           0.41774299409912580            3.1330724557434433     
  0.13924766469970859           0.55699065879883436            0.0000000000000000     
  0.13924766469970859           0.55699065879883436           0.17405958087463577     
  0.13924766469970859           0.55699065879883436           0.34811916174927154     
  0.13924766469970859           0.55699065879883436           0.52217874262390729     
  0.13924766469970859           0.55699065879883436           0.69623832349854309     
  0.13924766469970859           0.55699065879883436           0.87029790437317889     
  0.13924766469970859           0.55699065879883436            1.0443574852478146     
  0.13924766469970859           0.55699065879883436            1.2184170661224505     
  0.13924766469970859           0.55699065879883436            1.3924766469970862     
  0.13924766469970859           0.55699065879883436            1.5665362278717216     
  0.13924766469970859           0.55699065879883436            1.7405958087463578     
  0.13924766469970859           0.55699065879883436            1.9146553896209932     
  0.13924766469970859           0.55699065879883436            2.0887149704956292     
  0.13924766469970859           0.55699065879883436            2.2627745513702648     
  0.13924766469970859           0.55699065879883436            2.4368341322449010     
  0.13924766469970859           0.55699065879883436            2.6108937131195367     
  0.13924766469970859           0.55699065879883436            2.7849532939941724     
  0.13924766469970859           0.55699065879883436            2.9590128748688080     
  0.13924766469970859           0.55699065879883436            3.1330724557434433     
  0.13924766469970859           0.69623832349854298            0.0000000000000000     
  0.13924766469970859           0.69623832349854298           0.17405958087463577     
  0.13924766469970859           0.69623832349854298           0.34811916174927154     
  0.13924766469970859           0.69623832349854298           0.52217874262390729     
  0.13924766469970859           0.69623832349854298           0.69623832349854309     
  0.13924766469970859           0.69623832349854298           0.87029790437317889     
  0.13924766469970859           0.69623832349854298            1.0443574852478146     
  0.13924766469970859           0.69623832349854298            1.2184170661224505     
  0.13924766469970859           0.69623832349854298            1.3924766469970862     
  0.13924766469970859           0.69623832349854298            1.5665362278717216     
  0.13924766469970859           0.69623832349854298            1.7405958087463578     
  0.13924766469970859           0.69623832349854298            1.9146553896209932     
  0.13924766469970859           0.69623832349854298            2.0887149704956292     
  0.13924766469970859           0.69623832349854298            2.2627745513702648     
  0.13924766469970859           0.69623832349854298            2.4368341322449010     
  0.13924766469970859           0.69623832349854298            2.6108937131195367     
  0.13924766469970859           0.69623832349854298            2.7849532939941724     
  0.13924766469970859           0.69623832349854298            2.9590128748688080     
  0.13924766469970859           0.69623832349854298            3.1330724557434433     
  0.13924766469970859           0.83548598819825159            0.0000000000000000     
  0.13924766469970859           0.83548598819825159           0.17405958087463577     
  0.13924766469970859           0.83548598819825159           0.34811916174927154     
  0.13924766469970859           0.83548598819825159           0.52217874262390729     
  0.13924766469970859           0.83548598819825159           0.69623832349854309     
  0.13924766469970859           0.83548598819825159           0.87029790437317889     
  0.13924766469970859           0.83548598819825159            1.0443574852478146     
  0.13924766469970859           0.83548598819825159            1.2184170661224505     
  0.13924766469970859           0.83548598819825159            1.3924766469970862     
  0.13924766469970859           0.83548598819825159            1.5665362278717216     
  0.13924766469970859           0.83548598819825159            1.7405958087463578     
  0.13924766469970859           0.83548598819825159            1.9146553896209932     
  0.13924766469970859           0.83548598819825159            2.0887149704956292     
  0.13924766469970859           0.83548598819825159            2.2627745513702648     
  0.13924766469970859           0.83548598819825159            2.4368341322449010     
  0.13924766469970859           0.83548598819825159            2.6108937131195367     
  0.13924766469970859           0.83548598819825159            2.7849532939941724     
  0.13924766469970859           0.83548598819825159            2.9590128748688080     
  0.13924766469970859           0.83548598819825159            3.1330724557434433     
  0.13924766469970859           0.97473365289796032            0.0000000000000000     
  0.13924766469970859           0.97473365289796032           0.17405958087463577     
  0.13924766469970859           0.97473365289796032           0.34811916174927154     
  0.13924766469970859           0.97473365289796032           0.52217874262390729     
  0.13924766469970859           0.97473365289796032           0.69623832349854309     
  0.13924766469970859           0.97473365289796032           0.87029790437317889     
  0.13924766469970859           0.97473365289796032            1.0443574852478146     
  0.13924766469970859           0.97473365289796032            1.2184170661224505     
  0.13924766469970859           0.97473365289796032            1.3924766469970862     
  0.13924766469970859           0.97473365289796032            1.5665362278717216     
  0.13924766469970859           0.97473365289796032            1.7405958087463578     
  0.13924766469970859           0.97473365289796032            1.9146553896209932     
  0.13924766469970859           0.97473365289796032            2.0887149704956292     
  0.13924766469970859           0.97473365289796032            2.2627745513702648     
  0.13924766469970859           0.97473365289796032            2.4368341322449010     
  0.13924766469970859           0.97473365289796032            2.6108937131195367     
  0.13924766469970859           0.97473365289796032            2.7849532939941724     
  0.13924766469970859           0.97473365289796032            2.9590128748688080     
  0.13924766469970859           0.97473365289796032            3.1330724557434433     
  0.13924766469970859            1.1139813175976687            0.0000000000000000     
  0.13924766469970859            1.1139813175976687           0.17405958087463577     
  0.13924766469970859            1.1139813175976687           0.34811916174927154     
  0.13924766469970859            1.1139813175976687           0.52217874262390729     
  0.13924766469970859            1.1139813175976687           0.69623832349854309     
  0.13924766469970859            1.1139813175976687           0.87029790437317889     
  0.13924766469970859            1.1139813175976687            1.0443574852478146     
  0.13924766469970859            1.1139813175976687            1.2184170661224505     
  0.13924766469970859            1.1139813175976687            1.3924766469970862     
  0.13924766469970859            1.1139813175976687            1.5665362278717216     
  0.13924766469970859            1.1139813175976687            1.7405958087463578     
  0.13924766469970859            1.1139813175976687            1.9146553896209932     
  0.13924766469970859            1.1139813175976687            2.0887149704956292     
  0.13924766469970859            1.1139813175976687            2.2627745513702648     
  0.13924766469970859            1.1139813175976687            2.4368341322449010     
  0.13924766469970859            1.1139813175976687            2.6108937131195367     
  0.13924766469970859            1.1139813175976687            2.7849532939941724     
  0.13924766469970859            1.1139813175976687            2.9590128748688080     
  0.13924766469970859            1.1139813175976687            3.1330724557434433     
  0.13924766469970859            1.2532289822973772            0.0000000000000000     
  0.13924766469970859            1.2532289822973772           0.17405958087463577     
  0.13924766469970859            1.2532289822973772           0.34811916174927154     
  0.13924766469970859            1.2532289822973772           0.52217874262390729     
  0.13924766469970859            1.2532289822973772           0.69623832349854309     
  0.13924766469970859            1.2532289822973772           0.87029790437317889     
  0.13924766469970859            1.2532289822973772            1.0443574852478146     
  0.13924766469970859            1.2532289822973772            1.2184170661224505     
  0.13924766469970859            1.2532289822973772            1.3924766469970862     
  0.13924766469970859            1.2532289822973772            1.5665362278717216     
  0.13924766469970859            1.2532289822973772            1.7405958087463578     
  0.13924766469970859            1.2532289822973772            1.9146553896209932     
  0.13924766469970859            1.2532289822973772            2.0887149704956292     
  0.13924766469970859            1.2532289822973772            2.2627745513702648     
  0.13924766469970859            1.2532289822973772            2.4368341322449010     
  0.13924766469970859            1.2532289822973772            2.6108937131195367     
  0.13924766469970859            1.2532289822973772            2.7849532939941724     
  0.13924766469970859            1.2532289822973772            2.9590128748688080     
  0.13924766469970859            1.2532289822973772            3.1330724557434433     
  0.13924766469970859            1.3924766469970860            0.0000000000000000     
  0.13924766469970859            1.3924766469970860           0.17405958087463577     
  0.13924766469970859            1.3924766469970860           0.34811916174927154     
  0.13924766469970859            1.3924766469970860           0.52217874262390729     
  0.13924766469970859            1.3924766469970860           0.69623832349854309     
  0.13924766469970859            1.3924766469970860           0.87029790437317889     
  0.13924766469970859            1.3924766469970860            1.0443574852478146     
  0.13924766469970859            1.3924766469970860            1.2184170661224505     
  0.13924766469970859            1.3924766469970860            1.3924766469970862     
  0.13924766469970859            1.3924766469970860            1.5665362278717216     
  0.13924766469970859            1.3924766469970860            1.7405958087463578     
  0.13924766469970859            1.3924766469970860            1.9146553896209932     
  0.13924766469970859            1.3924766469970860            2.0887149704956292     
  0.13924766469970859            1.3924766469970860            2.2627745513702648     
  0.13924766469970859            1.3924766469970860            2.4368341322449010     
  0.13924766469970859            1.3924766469970860            2.6108937131195367     
  0.13924766469970859            1.3924766469970860            2.7849532939941724     
  0.13924766469970859            1.3924766469970860            2.9590128748688080     
  0.13924766469970859            1.3924766469970860            3.1330724557434433     
  0.13924766469970859            1.5317243116967947            0.0000000000000000     
  0.13924766469970859            1.5317243116967947           0.17405958087463577     
  0.13924766469970859            1.5317243116967947           0.34811916174927154     
  0.13924766469970859            1.5317243116967947           0.52217874262390729     
  0.13924766469970859            1.5317243116967947           0.69623832349854309     
  0.13924766469970859            1.5317243116967947           0.87029790437317889     
  0.13924766469970859            1.5317243116967947            1.0443574852478146     
  0.13924766469970859            1.5317243116967947            1.2184170661224505     
  0.13924766469970859            1.5317243116967947            1.3924766469970862     
  0.13924766469970859            1.5317243116967947            1.5665362278717216     
  0.13924766469970859            1.5317243116967947            1.7405958087463578     
  0.13924766469970859            1.5317243116967947            1.9146553896209932     
  0.13924766469970859            1.5317243116967947            2.0887149704956292     
  0.13924766469970859            1.5317243116967947            2.2627745513702648     
  0.13924766469970859            1.5317243116967947            2.4368341322449010     
  0.13924766469970859            1.5317243116967947            2.6108937131195367     
  0.13924766469970859            1.5317243116967947            2.7849532939941724     
  0.13924766469970859            1.5317243116967947            2.9590128748688080     
  0.13924766469970859            1.5317243116967947            3.1330724557434433     
  0.13924766469970859            1.6709719763965032            0.0000000000000000     
  0.13924766469970859            1.6709719763965032           0.17405958087463577     
  0.13924766469970859            1.6709719763965032           0.34811916174927154     
  0.13924766469970859            1.6709719763965032           0.52217874262390729     
  0.13924766469970859            1.6709719763965032           0.69623832349854309     
  0.13924766469970859            1.6709719763965032           0.87029790437317889     
  0.13924766469970859            1.6709719763965032            1.0443574852478146     
  0.13924766469970859            1.6709719763965032            1.2184170661224505     
  0.13924766469970859            1.6709719763965032            1.3924766469970862     
  0.13924766469970859            1.6709719763965032            1.5665362278717216     
  0.13924766469970859            1.6709719763965032            1.7405958087463578     
  0.13924766469970859            1.6709719763965032            1.9146553896209932     
  0.13924766469970859            1.6709719763965032            2.0887149704956292     
  0.13924766469970859            1.6709719763965032            2.2627745513702648     
  0.13924766469970859            1.6709719763965032            2.4368341322449010     
  0.13924766469970859            1.6709719763965032            2.6108937131195367     
  0.13924766469970859            1.6709719763965032            2.7849532939941724     
  0.13924766469970859            1.6709719763965032            2.9590128748688080     
  0.13924766469970859            1.6709719763965032            3.1330724557434433     
  0.13924766469970859            1.8102196410962119            0.0000000000000000     
  0.13924766469970859            1.8102196410962119           0.17405958087463577     
  0.13924766469970859            1.8102196410962119           0.34811916174927154     
  0.13924766469970859            1.8102196410962119           0.52217874262390729     
  0.13924766469970859            1.8102196410962119           0.69623832349854309     
  0.13924766469970859            1.8102196410962119           0.87029790437317889     
  0.13924766469970859            1.8102196410962119            1.0443574852478146     
  0.13924766469970859            1.8102196410962119            1.2184170661224505     
  0.13924766469970859            1.8102196410962119            1.3924766469970862     
  0.13924766469970859            1.8102196410962119            1.5665362278717216     
  0.13924766469970859            1.8102196410962119            1.7405958087463578     
  0.13924766469970859            1.8102196410962119            1.9146553896209932     
  0.13924766469970859            1.8102196410962119            2.0887149704956292     
  0.13924766469970859            1.8102196410962119            2.2627745513702648     
  0.13924766469970859            1.8102196410962119            2.4368341322449010     
  0.13924766469970859            1.8102196410962119            2.6108937131195367     
  0.13924766469970859            1.8102196410962119            2.7849532939941724     
  0.13924766469970859            1.8102196410962119            2.9590128748688080     
  0.13924766469970859            1.8102196410962119            3.1330724557434433     
  0.13924766469970859            1.9494673057959206            0.0000000000000000     
  0.13924766469970859            1.9494673057959206           0.17405958087463577     
  0.13924766469970859            1.9494673057959206           0.34811916174927154     
  0.13924766469970859            1.9494673057959206           0.52217874262390729     
  0.13924766469970859            1.9494673057959206           0.69623832349854309     
  0.13924766469970859            1.9494673057959206           0.87029790437317889     
  0.13924766469970859            1.9494673057959206            1.0443574852478146     
  0.13924766469970859            1.9494673057959206            1.2184170661224505     
  0.13924766469970859            1.9494673057959206            1.3924766469970862     
  0.13924766469970859            1.9494673057959206            1.5665362278717216     
  0.13924766469970859            1.9494673057959206            1.7405958087463578     
  0.13924766469970859            1.9494673057959206            1.9146553896209932     
  0.13924766469970859            1.9494673057959206            2.0887149704956292     
  0.13924766469970859            1.9494673057959206            2.2627745513702648     
  0.13924766469970859            1.9494673057959206            2.4368341322449010     
  0.13924766469970859            1.9494673057959206            2.6108937131195367     
  0.13924766469970859            1.9494673057959206            2.7849532939941724     
  0.13924766469970859            1.9494673057959206            2.9590128748688080     
  0.13924766469970859            1.9494673057959206            3.1330724557434433     
  0.13924766469970859            2.0887149704956292            0.0000000000000000     
  0.13924766469970859            2.0887149704956292           0.17405958087463577     
  0.13924766469970859            2.0887149704956292           0.34811916174927154     
  0.13924766469970859            2.0887149704956292           0.52217874262390729     
  0.13924766469970859            2.0887149704956292           0.69623832349854309     
  0.13924766469970859            2.0887149704956292           0.87029790437317889     
  0.13924766469970859            2.0887149704956292            1.0443574852478146     
  0.13924766469970859            2.0887149704956292            1.2184170661224505     
  0.13924766469970859            2.0887149704956292            1.3924766469970862     
  0.13924766469970859            2.0887149704956292            1.5665362278717216     
  0.13924766469970859            2.0887149704956292            1.7405958087463578     
  0.13924766469970859            2.0887149704956292            1.9146553896209932     
  0.13924766469970859            2.0887149704956292            2.0887149704956292     
  0.13924766469970859            2.0887149704956292            2.2627745513702648     
  0.13924766469970859            2.0887149704956292            2.4368341322449010     
  0.13924766469970859            2.0887149704956292            2.6108937131195367     
  0.13924766469970859            2.0887149704956292            2.7849532939941724     
  0.13924766469970859            2.0887149704956292            2.9590128748688080     
  0.13924766469970859            2.0887149704956292            3.1330724557434433     
  0.13924766469970859            2.2279626351953374            0.0000000000000000     
  0.13924766469970859            2.2279626351953374           0.17405958087463577     
  0.13924766469970859            2.2279626351953374           0.34811916174927154     
  0.13924766469970859            2.2279626351953374           0.52217874262390729     
  0.13924766469970859            2.2279626351953374           0.69623832349854309     
  0.13924766469970859            2.2279626351953374           0.87029790437317889     
  0.13924766469970859            2.2279626351953374            1.0443574852478146     
  0.13924766469970859            2.2279626351953374            1.2184170661224505     
  0.13924766469970859            2.2279626351953374            1.3924766469970862     
  0.13924766469970859            2.2279626351953374            1.5665362278717216     
  0.13924766469970859            2.2279626351953374            1.7405958087463578     
  0.13924766469970859            2.2279626351953374            1.9146553896209932     
  0.13924766469970859            2.2279626351953374            2.0887149704956292     
  0.13924766469970859            2.2279626351953374            2.2627745513702648     
  0.13924766469970859            2.2279626351953374            2.4368341322449010     
  0.13924766469970859            2.2279626351953374            2.6108937131195367     
  0.13924766469970859            2.2279626351953374            2.7849532939941724     
  0.13924766469970859            2.2279626351953374            2.9590128748688080     
  0.13924766469970859            2.2279626351953374            3.1330724557434433     
  0.13924766469970859            2.3672102998950462            0.0000000000000000     
  0.13924766469970859            2.3672102998950462           0.17405958087463577     
  0.13924766469970859            2.3672102998950462           0.34811916174927154     
  0.13924766469970859            2.3672102998950462           0.52217874262390729     
  0.13924766469970859            2.3672102998950462           0.69623832349854309     
  0.13924766469970859            2.3672102998950462           0.87029790437317889     
  0.13924766469970859            2.3672102998950462            1.0443574852478146     
  0.13924766469970859            2.3672102998950462            1.2184170661224505     
  0.13924766469970859            2.3672102998950462            1.3924766469970862     
  0.13924766469970859            2.3672102998950462            1.5665362278717216     
  0.13924766469970859            2.3672102998950462            1.7405958087463578     
  0.13924766469970859            2.3672102998950462            1.9146553896209932     
  0.13924766469970859            2.3672102998950462            2.0887149704956292     
  0.13924766469970859            2.3672102998950462            2.2627745513702648     
  0.13924766469970859            2.3672102998950462            2.4368341322449010     
  0.13924766469970859            2.3672102998950462            2.6108937131195367     
  0.13924766469970859            2.3672102998950462            2.7849532939941724     
  0.13924766469970859            2.3672102998950462            2.9590128748688080     
  0.13924766469970859            2.3672102998950462            3.1330724557434433     
  0.13924766469970859            2.5064579645947545            0.0000000000000000     
  0.13924766469970859            2.5064579645947545           0.17405958087463577     
  0.13924766469970859            2.5064579645947545           0.34811916174927154     
  0.13924766469970859            2.5064579645947545           0.52217874262390729     
  0.13924766469970859            2.5064579645947545           0.69623832349854309     
  0.13924766469970859            2.5064579645947545           0.87029790437317889     
  0.13924766469970859            2.5064579645947545            1.0443574852478146     
  0.13924766469970859            2.5064579645947545            1.2184170661224505     
  0.13924766469970859            2.5064579645947545            1.3924766469970862     
  0.13924766469970859            2.5064579645947545            1.5665362278717216     
  0.13924766469970859            2.5064579645947545            1.7405958087463578     
  0.13924766469970859            2.5064579645947545            1.9146553896209932     
  0.13924766469970859            2.5064579645947545            2.0887149704956292     
  0.13924766469970859            2.5064579645947545            2.2627745513702648     
  0.13924766469970859            2.5064579645947545            2.4368341322449010     
  0.13924766469970859            2.5064579645947545            2.6108937131195367     
  0.13924766469970859            2.5064579645947545            2.7849532939941724     
  0.13924766469970859            2.5064579645947545            2.9590128748688080     
  0.13924766469970859            2.5064579645947545            3.1330724557434433     
  0.27849532939941718            0.0000000000000000            0.0000000000000000     
  0.27849532939941718            0.0000000000000000           0.17405958087463577     
  0.27849532939941718            0.0000000000000000           0.34811916174927154     
  0.27849532939941718            0.0000000000000000           0.52217874262390729     
  0.27849532939941718            0.0000000000000000           0.69623832349854309     
  0.27849532939941718            0.0000000000000000           0.87029790437317889     
  0.27849532939941718            0.0000000000000000            1.0443574852478146     
  0.27849532939941718            0.0000000000000000            1.2184170661224505     
  0.27849532939941718            0.0000000000000000            1.3924766469970862     
  0.27849532939941718            0.0000000000000000            1.5665362278717216     
  0.27849532939941718            0.0000000000000000            1.7405958087463578     
  0.27849532939941718            0.0000000000000000            1.9146553896209932     
  0.27849532939941718            0.0000000000000000            2.0887149704956292     
  0.27849532939941718            0.0000000000000000            2.2627745513702648     
  0.27849532939941718            0.0000000000000000            2.4368341322449010     
  0.27849532939941718            0.0000000000000000            2.6108937131195367     
  0.27849532939941718            0.0000000000000000            2.7849532939941724     
  0.27849532939941718            0.0000000000000000            2.9590128748688080     
  0.27849532939941718            0.0000000000000000            3.1330724557434433     
  0.27849532939941718           0.13924766469970859            0.0000000000000000     
  0.27849532939941718           0.13924766469970859           0.17405958087463577     
  0.27849532939941718           0.13924766469970859           0.34811916174927154     
  0.27849532939941718           0.13924766469970859           0.52217874262390729     
  0.27849532939941718           0.13924766469970859           0.69623832349854309     
  0.27849532939941718           0.13924766469970859           0.87029790437317889     
  0.27849532939941718           0.13924766469970859            1.0443574852478146     
  0.27849532939941718           0.13924766469970859            1.2184170661224505     
  0.27849532939941718           0.13924766469970859            1.3924766469970862     
  0.27849532939941718           0.13924766469970859            1.5665362278717216     
  0.27849532939941718           0.13924766469970859            1.7405958087463578     
  0.27849532939941718           0.13924766469970859            1.9146553896209932     
  0.27849532939941718           0.13924766469970859            2.0887149704956292     
  0.27849532939941718           0.13924766469970859            2.2627745513702648     
  0.27849532939941718           0.13924766469970859            2.4368341322449010     
  0.27849532939941718           0.13924766469970859            2.6108937131195367     
  0.27849532939941718           0.13924766469970859            2.7849532939941724     
  0.27849532939941718           0.13924766469970859            2.9590128748688080     
  0.27849532939941718           0.13924766469970859            3.1330724557434433     
  0.27849532939941718           0.27849532939941718            0.0000000000000000     
  0.27849532939941718           0.27849532939941718           0.17405958087463577     
  0.27849532939941718           0.27849532939941718           0.34811916174927154     
  0.27849532939941718           0.27849532939941718           0.52217874262390729     
  0.27849532939941718           0.27849532939941718           0.69623832349854309     
  0.27849532939941718           0.27849532939941718           0.87029790437317889     
  0.27849532939941718           0.27849532939941718            1.0443574852478146     
  0.27849532939941718           0.27849532939941718            1.2184170661224505     
  0.27849532939941718           0.27849532939941718            1.3924766469970862     
  0.27849532939941718           0.27849532939941718            1.5665362278717216     
  0.27849532939941718           0.27849532939941718            1.7405958087463578     
  0.27849532939941718           0.27849532939941718            1.9146553896209932     
  0.27849532939941718           0.27849532939941718            2.0887149704956292     
  0.27849532939941718           0.27849532939941718            2.2627745513702648     
  0.27849532939941718           0.27849532939941718            2.4368341322449010     
  0.27849532939941718           0.27849532939941718            2.6108937131195367     
  0.27849532939941718           0.27849532939941718            2.7849532939941724     
  0.27849532939941718           0.27849532939941718            2.9590128748688080     
  0.27849532939941718           0.27849532939941718            3.1330724557434433     
  0.27849532939941718           0.41774299409912580            0.0000000000000000     
  0.27849532939941718           0.41774299409912580           0.17405958087463577     
  0.27849532939941718           0.41774299409912580           0.34811916174927154     
  0.27849532939941718           0.41774299409912580           0.52217874262390729     
  0.27849532939941718           0.41774299409912580           0.69623832349854309     
  0.27849532939941718           0.41774299409912580           0.87029790437317889     
  0.27849532939941718           0.41774299409912580            1.0443574852478146     
  0.27849532939941718           0.41774299409912580            1.2184170661224505     
  0.27849532939941718           0.41774299409912580            1.3924766469970862     
  0.27849532939941718           0.41774299409912580            1.5665362278717216     
  0.27849532939941718           0.41774299409912580            1.7405958087463578     
  0.27849532939941718           0.41774299409912580            1.9146553896209932     
  0.27849532939941718           0.41774299409912580            2.0887149704956292     
  0.27849532939941718           0.41774299409912580            2.2627745513702648     
  0.27849532939941718           0.41774299409912580            2.4368341322449010     
  0.27849532939941718           0.41774299409912580            2.6108937131195367     
  0.27849532939941718           0.41774299409912580            2.7849532939941724     
  0.27849532939941718           0.41774299409912580            2.9590128748688080     
  0.27849532939941718           0.41774299409912580            3.1330724557434433     
  0.27849532939941718           0.55699065879883436            0.0000000000000000     
  0.27849532939941718           0.55699065879883436           0.17405958087463577     
  0.27849532939941718           0.55699065879883436           0.34811916174927154     
  0.27849532939941718           0.55699065879883436           0.52217874262390729     
  0.27849532939941718           0.55699065879883436           0.69623832349854309     
  0.27849532939941718           0.55699065879883436           0.87029790437317889     
  0.27849532939941718           0.55699065879883436            1.0443574852478146     
  0.27849532939941718           0.55699065879883436            1.2184170661224505     
  0.27849532939941718           0.55699065879883436            1.3924766469970862     
  0.27849532939941718           0.55699065879883436            1.5665362278717216     
  0.27849532939941718           0.55699065879883436            1.7405958087463578     
  0.27849532939941718           0.55699065879883436            1.9146553896209932     
  0.27849532939941718           0.55699065879883436            2.0887149704956292     
  0.27849532939941718           0.55699065879883436            2.2627745513702648     
  0.27849532939941718           0.55699065879883436            2.4368341322449010     
  0.27849532939941718           0.55699065879883436            2.6108937131195367     
  0.27849532939941718           0.55699065879883436            2.7849532939941724     
  0.27849532939941718           0.55699065879883436            2.9590128748688080     
  0.27849532939941718           0.55699065879883436            3.1330724557434433     
  0.27849532939941718           0.69623832349854298            0.0000000000000000     
  0.27849532939941718           0.69623832349854298           0.17405958087463577     
  0.27849532939941718           0.69623832349854298           0.34811916174927154     
  0.27849532939941718           0.69623832349854298           0.52217874262390729     
  0.27849532939941718           0.69623832349854298           0.69623832349854309     
  0.27849532939941718           0.69623832349854298           0.87029790437317889     
  0.27849532939941718           0.69623832349854298            1.0443574852478146     
  0.27849532939941718           0.69623832349854298            1.2184170661224505     
  0.27849532939941718           0.69623832349854298            1.3924766469970862     
  0.27849532939941718           0.69623832349854298            1.5665362278717216     
  0.27849532939941718           0.69623832349854298            1.7405958087463578     
  0.27849532939941718           0.69623832349854298            1.9146553896209932     
  0.27849532939941718           0.69623832349854298            2.0887149704956292     
  0.27849532939941718           0.69623832349854298            2.2627745513702648     
  0.27849532939941718           0.69623832349854298            2.4368341322449010     
  0.27849532939941718           0.69623832349854298            2.6108937131195367     
  0.27849532939941718           0.69623832349854298            2.7849532939941724     
  0.27849532939941718           0.69623832349854298            2.9590128748688080     
  0.27849532939941718           0.69623832349854298            3.1330724557434433     
  0.27849532939941718           0.83548598819825159            0.0000000000000000     
  0.27849532939941718           0.83548598819825159           0.17405958087463577     
  0.27849532939941718           0.83548598819825159           0.34811916174927154     
  0.27849532939941718           0.83548598819825159           0.52217874262390729     
  0.27849532939941718           0.83548598819825159           0.69623832349854309     
  0.27849532939941718           0.83548598819825159           0.87029790437317889     
  0.27849532939941718           0.83548598819825159            1.0443574852478146     
  0.27849532939941718           0.83548598819825159            1.2184170661224505     
  0.27849532939941718           0.83548598819825159            1.3924766469970862     
  0.27849532939941718           0.83548598819825159            1.5665362278717216     
  0.27849532939941718           0.83548598819825159            1.7405958087463578     
  0.27849532939941718           0.83548598819825159            1.9146553896209932     
  0.27849532939941718           0.83548598819825159            2.0887149704956292     
  0.27849532939941718           0.83548598819825159            2.2627745513702648     
  0.27849532939941718           0.83548598819825159            2.4368341322449010     
  0.27849532939941718           0.83548598819825159            2.6108937131195367     
  0.27849532939941718           0.83548598819825159            2.7849532939941724     
  0.27849532939941718           0.83548598819825159            2.9590128748688080     
  0.27849532939941718           0.83548598819825159            3.1330724557434433     
  0.27849532939941718           0.97473365289796032            0.0000000000000000     
  0.27849532939941718           0.97473365289796032           0.17405958087463577     
  0.27849532939941718           0.97473365289796032           0.34811916174927154     
  0.27849532939941718           0.97473365289796032           0.52217874262390729     
  0.27849532939941718           0.97473365289796032           0.69623832349854309     
  0.27849532939941718           0.97473365289796032           0.87029790437317889     
  0.27849532939941718           0.97473365289796032            1.0443574852478146     
  0.27849532939941718           0.97473365289796032            1.2184170661224505     
  0.27849532939941718           0.97473365289796032            1.3924766469970862     
  0.27849532939941718           0.97473365289796032            1.5665362278717216     
  0.27849532939941718           0.97473365289796032            1.7405958087463578     
  0.27849532939941718           0.97473365289796032            1.9146553896209932     
  0.27849532939941718           0.97473365289796032            2.0887149704956292     
  0.27849532939941718           0.97473365289796032            2.2627745513702648     
  0.27849532939941718           0.97473365289796032            2.4368341322449010     
  0.27849532939941718           0.97473365289796032            2.6108937131195367     
  0.27849532939941718           0.97473365289796032            2.7849532939941724     
  0.27849532939941718           0.97473365289796032            2.9590128748688080     
  0.27849532939941718           0.97473365289796032            3.1330724557434433     
  0.27849532939941718            1.1139813175976687            0.0000000000000000     
  0.27849532939941718            1.1139813175976687           0.17405958087463577     
  0.27849532939941718            1.1139813175976687           0.34811916174927154     
  0.27849532939941718            1.1139813175976687           0.52217874262390729     
  0.27849532939941718            1.1139813175976687           0.69623832349854309     
  0.27849532939941718            1.1139813175976687           0.87029790437317889     
  0.27849532939941718            1.1139813175976687            1.0443574852478146     
  0.27849532939941718            1.1139813175976687            1.2184170661224505     
  0.27849532939941718            1.1139813175976687            1.3924766469970862     
  0.27849532939941718            1.1139813175976687            1.5665362278717216     
  0.27849532939941718            1.1139813175976687            1.7405958087463578     
  0.27849532939941718            1.1139813175976687            1.9146553896209932     
  0.27849532939941718            1.1139813175976687            2.0887149704956292     
  0.27849532939941718            1.1139813175976687            2.2627745513702648     
  0.27849532939941718            1.1139813175976687            2.4368341322449010     
  0.27849532939941718            1.1139813175976687            2.6108937131195367     
  0.27849532939941718            1.1139813175976687            2.7849532939941724     
  0.27849532939941718            1.1139813175976687            2.9590128748688080     
  0.27849532939941718            1.1139813175976687            3.1330724557434433     
  0.27849532939941718            1.2532289822973772            0.0000000000000000     
  0.27849532939941718            1.2532289822973772           0.17405958087463577     
  0.27849532939941718            1.2532289822973772           0.34811916174927154     
  0.27849532939941718            1.2532289822973772           0.52217874262390729     
  0.27849532939941718            1.2532289822973772           0.69623832349854309     
  0.27849532939941718            1.2532289822973772           0.87029790437317889     
  0.27849532939941718            1.2532289822973772            1.0443574852478146     
  0.27849532939941718            1.2532289822973772            1.2184170661224505     
  0.27849532939941718            1.2532289822973772            1.3924766469970862     
  0.27849532939941718            1.2532289822973772            1.5665362278717216     
  0.27849532939941718            1.2532289822973772            1.7405958087463578     
  0.27849532939941718            1.2532289822973772            1.9146553896209932     
  0.27849532939941718            1.2532289822973772            2.0887149704956292     
  0.27849532939941718            1.2532289822973772            2.2627745513702648     
  0.27849532939941718            1.2532289822973772            2.4368341322449010     
  0.27849532939941718            1.2532289822973772            2.6108937131195367     
  0.27849532939941718            1.2532289822973772            2.7849532939941724     
  0.27849532939941718            1.2532289822973772            2.9590128748688080     
  0.27849532939941718            1.2532289822973772            3.1330724557434433     
  0.27849532939941718            1.3924766469970860            0.0000000000000000     
  0.27849532939941718            1.3924766469970860           0.17405958087463577     
  0.27849532939941718            1.3924766469970860           0.34811916174927154     
  0.27849532939941718            1.3924766469970860           0.52217874262390729     
  0.27849532939941718            1.3924766469970860           0.69623832349854309     
  0.27849532939941718            1.3924766469970860           0.87029790437317889     
  0.27849532939941718            1.3924766469970860            1.0443574852478146     
  0.27849532939941718            1.3924766469970860            1.2184170661224505     
  0.27849532939941718            1.3924766469970860            1.3924766469970862     
  0.27849532939941718            1.3924766469970860            1.5665362278717216     
  0.27849532939941718            1.3924766469970860            1.7405958087463578     
  0.27849532939941718            1.3924766469970860            1.9146553896209932     
  0.27849532939941718            1.3924766469970860            2.0887149704956292     
  0.27849532939941718            1.3924766469970860            2.2627745513702648     
  0.27849532939941718            1.3924766469970860            2.4368341322449010     
  0.27849532939941718            1.3924766469970860            2.6108937131195367     
  0.27849532939941718            1.3924766469970860            2.7849532939941724     
  0.27849532939941718            1.3924766469970860            2.9590128748688080     
  0.27849532939941718            1.3924766469970860            3.1330724557434433     
  0.27849532939941718            1.5317243116967947            0.0000000000000000     
  0.27849532939941718            1.5317243116967947           0.17405958087463577     
  0.27849532939941718            1.5317243116967947           0.34811916174927154     
  0.27849532939941718            1.5317243116967947           0.52217874262390729     
  0.27849532939941718            1.5317243116967947           0.69623832349854309     
  0.27849532939941718            1.5317243116967947           0.87029790437317889     
  0.27849532939941718            1.5317243116967947            1.0443574852478146     
  0.27849532939941718            1.5317243116967947            1.2184170661224505     
  0.27849532939941718            1.5317243116967947            1.3924766469970862     
  0.27849532939941718            1.5317243116967947            1.5665362278717216     
  0.27849532939941718            1.5317243116967947            1.7405958087463578     
  0.27849532939941718            1.5317243116967947            1.9146553896209932     
  0.27849532939941718            1.5317243116967947            2.0887149704956292     
  0.27849532939941718            1.5317243116967947            2.2627745513702648     
  0.27849532939941718            1.5317243116967947            2.4368341322449010     
  0.27849532939941718            1.5317243116967947            2.6108937131195367     
  0.27849532939941718            1.5317243116967947            2.7849532939941724     
  0.27849532939941718            1.5317243116967947            2.9590128748688080     
  0.27849532939941718            1.5317243116967947            3.1330724557434433     
  0.27849532939941718            1.6709719763965032            0.0000000000000000     
  0.27849532939941718            1.6709719763965032           0.17405958087463577     
  0.27849532939941718            1.6709719763965032           0.34811916174927154     
  0.27849532939941718            1.6709719763965032           0.52217874262390729     
  0.27849532939941718            1.6709719763965032           0.69623832349854309     
  0.27849532939941718            1.6709719763965032           0.87029790437317889     
  0.27849532939941718            1.6709719763965032            1.0443574852478146     
  0.27849532939941718            1.6709719763965032            1.2184170661224505     
  0.27849532939941718            1.6709719763965032            1.3924766469970862     
  0.27849532939941718            1.6709719763965032            1.5665362278717216     
  0.27849532939941718            1.6709719763965032            1.7405958087463578     
  0.27849532939941718            1.6709719763965032            1.9146553896209932     
  0.27849532939941718            1.6709719763965032            2.0887149704956292     
  0.27849532939941718            1.6709719763965032            2.2627745513702648     
  0.27849532939941718            1.6709719763965032            2.4368341322449010     
  0.27849532939941718            1.6709719763965032            2.6108937131195367     
  0.27849532939941718            1.6709719763965032            2.7849532939941724     
  0.27849532939941718            1.6709719763965032            2.9590128748688080     
  0.27849532939941718            1.6709719763965032            3.1330724557434433     
  0.27849532939941718            1.8102196410962119            0.0000000000000000     
  0.27849532939941718            1.8102196410962119           0.17405958087463577     
  0.27849532939941718            1.8102196410962119           0.34811916174927154     
  0.27849532939941718            1.8102196410962119           0.52217874262390729     
  0.27849532939941718            1.8102196410962119           0.69623832349854309     
  0.27849532939941718            1.8102196410962119           0.87029790437317889     
  0.27849532939941718            1.8102196410962119            1.0443574852478146     
  0.27849532939941718            1.8102196410962119            1.2184170661224505     
  0.27849532939941718            1.8102196410962119            1.3924766469970862     
  0.27849532939941718            1.8102196410962119            1.5665362278717216     
  0.27849532939941718            1.8102196410962119            1.7405958087463578     
  0.27849532939941718            1.8102196410962119            1.9146553896209932     
  0.27849532939941718            1.8102196410962119            2.0887149704956292     
  0.27849532939941718            1.8102196410962119            2.2627745513702648     
  0.27849532939941718            1.8102196410962119            2.4368341322449010     
  0.27849532939941718            1.8102196410962119            2.6108937131195367     
  0.27849532939941718            1.8102196410962119            2.7849532939941724     
  0.27849532939941718            1.8102196410962119            2.9590128748688080     
  0.27849532939941718            1.8102196410962119            3.1330724557434433     
  0.27849532939941718            1.9494673057959206            0.0000000000000000     
  0.27849532939941718            1.9494673057959206           0.17405958087463577     
  0.27849532939941718            1.9494673057959206           0.34811916174927154     
  0.27849532939941718            1.9494673057959206           0.52217874262390729     
  0.27849532939941718            1.9494673057959206           0.69623832349854309     
  0.27849532939941718            1.9494673057959206           0.87029790437317889     
  0.27849532939941718            1.9494673057959206            1.0443574852478146     
  0.27849532939941718            1.9494673057959206            1.2184170661224505     
  0.27849532939941718            1.9494673057959206            1.3924766469970862     
  0.27849532939941718            1.9494673057959206            1.5665362278717216     
  0.27849532939941718            1.9494673057959206            1.7405958087463578     
  0.27849532939941718            1.9494673057959206            1.9146553896209932     
  0.27849532939941718            1.9494673057959206            2.0887149704956292     
  0.27849532939941718            1.9494673057959206            2.2627745513702648     
  0.27849532939941718            1.9494673057959206            2.4368341322449010     
  0.27849532939941718            1.9494673057959206            2.6108937131195367     
  0.27849532939941718            1.9494673057959206            2.7849532939941724     
  0.27849532939941718            1.9494673057959206            2.9590128748688080     
  0.27849532939941718            1.9494673057959206            3.1330724557434433     
  0.27849532939941718            2.0887149704956292            0.0000000000000000     
  0.27849532939941718            2.0887149704956292           0.17405958087463577     
  0.27849532939941718            2.0887149704956292           0.34811916174927154     
  0.27849532939941718            2.0887149704956292           0.52217874262390729     
  0.27849532939941718            2.0887149704956292           0.69623832349854309     
  0.27849532939941718            2.0887149704956292           0.87029790437317889     
  0.27849532939941718            2.0887149704956292            1.0443574852478146     
  0.27849532939941718            2.0887149704956292            1.2184170661224505     
  0.27849532939941718            2.0887149704956292            1.3924766469970862     
  0.27849532939941718            2.0887149704956292            1.5665362278717216     
  0.27849532939941718            2.0887149704956292            1.7405958087463578     
  0.27849532939941718            2.0887149704956292            1.9146553896209932     
  0.27849532939941718            2.0887149704956292            2.0887149704956292     
  0.27849532939941718            2.0887149704956292            2.2627745513702648     
  0.27849532939941718            2.0887149704956292            2.4368341322449010     
  0.27849532939941718            2.0887149704956292            2.6108937131195367     
  0.27849532939941718            2.0887149704956292            2.7849532939941724     
  0.27849532939941718            2.0887149704956292            2.9590128748688080     
  0.27849532939941718            2.0887149704956292            3.1330724557434433     
  0.27849532939941718            2.2279626351953374            0.0000000000000000     
  0.27849532939941718            2.2279626351953374           0.17405958087463577     
  0.27849532939941718            2.2279626351953374           0.34811916174927154     
  0.27849532939941718            2.2279626351953374           0.52217874262390729     
  0.27849532939941718            2.2279626351953374           0.69623832349854309     
  0.27849532939941718            2.2279626351953374           0.87029790437317889     
  0.27849532939941718            2.2279626351953374            1.0443574852478146     
  0.27849532939941718            2.2279626351953374            1.2184170661224505     
  0.27849532939941718            2.2279626351953374            1.3924766469970862     
  0.27849532939941718            2.2279626351953374            1.5665362278717216     
  0.27849532939941718            2.2279626351953374            1.7405958087463578     
  0.27849532939941718            2.2279626351953374            1.9146553896209932     
  0.27849532939941718            2.2279626351953374            2.0887149704956292     
  0.27849532939941718            2.2279626351953374            2.2627745513702648     
  0.27849532939941718            2.2279626351953374            2.4368341322449010     
  0.27849532939941718            2.2279626351953374            2.6108937131195367     
  0.27849532939941718            2.2279626351953374            2.7849532939941724     
  0.27849532939941718            2.2279626351953374            2.9590128748688080     
  0.27849532939941718            2.2279626351953374            3.1330724557434433     
  0.27849532939941718            2.3672102998950462            0.0000000000000000     
  0.27849532939941718            2.3672102998950462           0.17405958087463577     
  0.27849532939941718            2.3672102998950462           0.34811916174927154     
  0.27849532939941718            2.3672102998950462           0.52217874262390729     
  0.27849532939941718            2.3672102998950462           0.69623832349854309     
  0.27849532939941718            2.3672102998950462           0.87029790437317889     
  0.27849532939941718            2.3672102998950462            1.0443574852478146     
  0.27849532939941718            2.3672102998950462            1.2184170661224505     
  0.27849532939941718            2.3672102998950462            1.3924766469970862     
  0.27849532939941718            2.3672102998950462            1.5665362278717216     
  0.27849532939941718            2.3672102998950462            1.7405958087463578     
  0.27849532939941718            2.3672102998950462            1.9146553896209932     
  0.27849532939941718            2.3672102998950462            2.0887149704956292     
  0.27849532939941718            2.3672102998950462            2.2627745513702648     
  0.27849532939941718            2.3672102998950462            2.4368341322449010     
  0.27849532939941718            2.3672102998950462            2.6108937131195367     
  0.27849532939941718            2.3672102998950462            2.7849532939941724     
  0.27849532939941718            2.3672102998950462            2.9590128748688080     
  0.27849532939941718            2.3672102998950462            3.1330724557434433     
  0.27849532939941718            2.5064579645947545            0.0000000000000000     
  0.27849532939941718            2.5064579645947545           0.17405958087463577     
  0.27849532939941718            2.5064579645947545           0.34811916174927154     
  0.27849532939941718            2.5064579645947545           0.52217874262390729     
  0.27849532939941718            2.5064579645947545           0.69623832349854309     
  0.27849532939941718            2.5064579645947545           0.87029790437317889     
  0.27849532939941718            2.5064579645947545            1.0443574852478146     
  0.27849532939941718            2.5064579645947545            1.2184170661224505     
  0.27849532939941718            2.5064579645947545            1.3924766469970862     
  0.27849532939941718            2.5064579645947545            1.5665362278717216     
  0.27849532939941718            2.5064579645947545            1.7405958087463578     
  0.27849532939941718            2.5064579645947545            1.9146553896209932     
  0.27849532939941718            2.5064579645947545            2.0887149704956292     
  0.27849532939941718            2.5064579645947545            2.2627745513702648     
  0.27849532939941718            2.5064579645947545            2.4368341322449010     
  0.27849532939941718            2.5064579645947545            2.6108937131195367     
  0.27849532939941718            2.5064579645947545            2.7849532939941724     
  0.27849532939941718            2.5064579645947545            2.9590128748688080     
  0.27849532939941718            2.5064579645947545            3.1330724557434433     
  0.41774299409912580            0.0000000000000000            0.0000000000000000     
  0.41774299409912580            0.0000000000000000           0.17405958087463577     
  0.41774299409912580            0.0000000000000000           0.34811916174927154     
  0.41774299409912580            0.0000000000000000           0.52217874262390729     
  0.41774299409912580            0.0000000000000000           0.69623832349854309     
  0.41774299409912580            0.0000000000000000           0.87029790437317889     
  0.41774299409912580            0.0000000000000000            1.0443574852478146     
  0.41774299409912580            0.0000000000000000            1.2184170661224505     
  0.41774299409912580            0.0000000000000000            1.3924766469970862     
  0.41774299409912580            0.0000000000000000            1.5665362278717216     
  0.41774299409912580            0.0000000000000000            1.7405958087463578     
  0.41774299409912580            0.0000000000000000            1.9146553896209932     
  0.41774299409912580            0.0000000000000000            2.0887149704956292     
  0.41774299409912580            0.0000000000000000            2.2627745513702648     
  0.41774299409912580            0.0000000000000000            2.4368341322449010     
  0.41774299409912580            0.0000000000000000            2.6108937131195367     
  0.41774299409912580            0.0000000000000000            2.7849532939941724     
  0.41774299409912580            0.0000000000000000            2.9590128748688080     
  0.41774299409912580            0.0000000000000000            3.1330724557434433     
  0.41774299409912580           0.13924766469970859            0.0000000000000000     
  0.41774299409912580           0.13924766469970859           0.17405958087463577     
  0.41774299409912580           0.13924766469970859           0.34811916174927154     
  0.41774299409912580           0.13924766469970859           0.52217874262390729     
  0.41774299409912580           0.13924766469970859           0.69623832349854309     
  0.41774299409912580           0.13924766469970859           0.87029790437317889     
  0.41774299409912580           0.13924766469970859            1.0443574852478146     
  0.41774299409912580           0.13924766469970859            1.2184170661224505     
  0.41774299409912580           0.13924766469970859            1.3924766469970862     
  0.41774299409912580           0.13924766469970859            1.5665362278717216     
  0.41774299409912580           0.13924766469970859            1.7405958087463578     
  0.41774299409912580           0.13924766469970859            1.9146553896209932     
  0.41774299409912580           0.13924766469970859            2.0887149704956292     
  0.41774299409912580           0.13924766469970859            2.2627745513702648     
  0.41774299409912580           0.13924766469970859            2.4368341322449010     
  0.41774299409912580           0.13924766469970859            2.6108937131195367     
  0.41774299409912580           0.13924766469970859            2.7849532939941724     
  0.41774299409912580           0.13924766469970859            2.9590128748688080     
  0.41774299409912580           0.13924766469970859            3.1330724557434433     
  0.41774299409912580           0.27849532939941718            0.0000000000000000     
  0.41774299409912580           0.27849532939941718           0.17405958087463577     
  0.41774299409912580           0.27849532939941718           0.34811916174927154     
  0.41774299409912580           0.27849532939941718           0.52217874262390729     
  0.41774299409912580           0.27849532939941718           0.69623832349854309     
  0.41774299409912580           0.27849532939941718           0.87029790437317889     
  0.41774299409912580           0.27849532939941718            1.0443574852478146     
  0.41774299409912580           0.27849532939941718            1.2184170661224505     
  0.41774299409912580           0.27849532939941718            1.3924766469970862     
  0.41774299409912580           0.27849532939941718            1.5665362278717216     
  0.41774299409912580           0.27849532939941718            1.7405958087463578     
  0.41774299409912580           0.27849532939941718            1.9146553896209932     
  0.41774299409912580           0.27849532939941718            2.0887149704956292     
  0.41774299409912580           0.27849532939941718            2.2627745513702648     
  0.41774299409912580           0.27849532939941718            2.4368341322449010     
  0.41774299409912580           0.27849532939941718            2.6108937131195367     
  0.41774299409912580           0.27849532939941718            2.7849532939941724     
  0.41774299409912580           0.27849532939941718            2.9590128748688080     
  0.41774299409912580           0.27849532939941718            3.1330724557434433     
  0.41774299409912580           0.41774299409912580            0.0000000000000000     
  0.41774299409912580           0.41774299409912580           0.17405958087463577     
  0.41774299409912580           0.41774299409912580           0.34811916174927154     
  0.41774299409912580           0.41774299409912580           0.52217874262390729     
  0.41774299409912580           0.41774299409912580           0.69623832349854309     
  0.41774299409912580           0.41774299409912580           0.87029790437317889     
  0.41774299409912580           0.41774299409912580            1.0443574852478146     
  0.41774299409912580           0.41774299409912580            1.2184170661224505     
  0.41774299409912580           0.41774299409912580            1.3924766469970862     
  0.41774299409912580           0.41774299409912580            1.5665362278717216     
  0.41774299409912580           0.41774299409912580            1.7405958087463578     
  0.41774299409912580           0.41774299409912580            1.9146553896209932     
  0.41774299409912580           0.41774299409912580            2.0887149704956292     
  0.41774299409912580           0.41774299409912580            2.2627745513702648     
  0.41774299409912580           0.41774299409912580            2.4368341322449010     
  0.41774299409912580           0.41774299409912580            2.6108937131195367     
  0.41774299409912580           0.41774299409912580            2.7849532939941724     
  0.41774299409912580           0.41774299409912580            2.9590128748688080     
  0.41774299409912580           0.41774299409912580            3.1330724557434433     
  0.41774299409912580           0.55699065879883436            0.0000000000000000     
  0.41774299409912580           0.55699065879883436           0.17405958087463577     
  0.41774299409912580           0.55699065879883436           0.34811916174927154     
  0.41774299409912580           0.55699065879883436           0.52217874262390729     
  0.41774299409912580           0.55699065879883436           0.69623832349854309     
  0.41774299409912580           0.55699065879883436           0.87029790437317889     
  0.41774299409912580           0.55699065879883436            1.0443574852478146     
  0.41774299409912580           0.55699065879883436            1.2184170661224505     
  0.41774299409912580           0.55699065879883436            1.3924766469970862     
  0.41774299409912580           0.55699065879883436            1.5665362278717216     
  0.41774299409912580           0.55699065879883436            1.7405958087463578     
  0.41774299409912580           0.55699065879883436            1.9146553896209932     
  0.41774299409912580           0.55699065879883436            2.0887149704956292     
  0.41774299409912580           0.55699065879883436            2.2627745513702648     
  0.41774299409912580           0.55699065879883436            2.4368341322449010     
  0.41774299409912580           0.55699065879883436            2.6108937131195367     
  0.41774299409912580           0.55699065879883436            2.7849532939941724     
  0.41774299409912580           0.55699065879883436            2.9590128748688080     
  0.41774299409912580           0.55699065879883436            3.1330724557434433     
  0.41774299409912580           0.69623832349854298            0.0000000000000000     
  0.41774299409912580           0.69623832349854298           0.17405958087463577     
  0.41774299409912580           0.69623832349854298           0.34811916174927154     
  0.41774299409912580           0.69623832349854298           0.52217874262390729     
  0.41774299409912580           0.69623832349854298           0.69623832349854309     
  0.41774299409912580           0.69623832349854298           0.87029790437317889     
  0.41774299409912580           0.69623832349854298            1.0443574852478146     
  0.41774299409912580           0.69623832349854298            1.2184170661224505     
  0.41774299409912580           0.69623832349854298            1.3924766469970862     
  0.41774299409912580           0.69623832349854298            1.5665362278717216     
  0.41774299409912580           0.69623832349854298            1.7405958087463578     
  0.41774299409912580           0.69623832349854298            1.9146553896209932     
  0.41774299409912580           0.69623832349854298            2.0887149704956292     
  0.41774299409912580           0.69623832349854298            2.2627745513702648     
  0.41774299409912580           0.69623832349854298            2.4368341322449010     
  0.41774299409912580           0.69623832349854298            2.6108937131195367     
  0.41774299409912580           0.69623832349854298            2.7849532939941724     
  0.41774299409912580           0.69623832349854298            2.9590128748688080     
  0.41774299409912580           0.69623832349854298            3.1330724557434433     
  0.41774299409912580           0.83548598819825159            0.0000000000000000     
  0.41774299409912580           0.83548598819825159           0.17405958087463577     
  0.41774299409912580           0.83548598819825159           0.34811916174927154     
  0.41774299409912580           0.83548598819825159           0.52217874262390729     
  0.41774299409912580           0.83548598819825159           0.69623832349854309     
  0.41774299409912580           0.83548598819825159           0.87029790437317889     
  0.41774299409912580           0.83548598819825159            1.0443574852478146     
  0.41774299409912580           0.83548598819825159            1.2184170661224505     
  0.41774299409912580           0.83548598819825159            1.3924766469970862     
  0.41774299409912580           0.83548598819825159            1.5665362278717216     
  0.41774299409912580           0.83548598819825159            1.7405958087463578     
  0.41774299409912580           0.83548598819825159            1.9146553896209932     
  0.41774299409912580           0.83548598819825159            2.0887149704956292     
  0.41774299409912580           0.83548598819825159            2.2627745513702648     
  0.41774299409912580           0.83548598819825159            2.4368341322449010     
  0.41774299409912580           0.83548598819825159            2.6108937131195367     
  0.41774299409912580           0.83548598819825159            2.7849532939941724     
  0.41774299409912580           0.83548598819825159            2.9590128748688080     
  0.41774299409912580           0.83548598819825159            3.1330724557434433     
  0.41774299409912580           0.97473365289796032            0.0000000000000000     
  0.41774299409912580           0.97473365289796032           0.17405958087463577     
  0.41774299409912580           0.97473365289796032           0.34811916174927154     
  0.41774299409912580           0.97473365289796032           0.52217874262390729     
  0.41774299409912580           0.97473365289796032           0.69623832349854309     
  0.41774299409912580           0.97473365289796032           0.87029790437317889     
  0.41774299409912580           0.97473365289796032            1.0443574852478146     
  0.41774299409912580           0.97473365289796032            1.2184170661224505     
  0.41774299409912580           0.97473365289796032            1.3924766469970862     
  0.41774299409912580           0.97473365289796032            1.5665362278717216     
  0.41774299409912580           0.97473365289796032            1.7405958087463578     
  0.41774299409912580           0.97473365289796032            1.9146553896209932     
  0.41774299409912580           0.97473365289796032            2.0887149704956292     
  0.41774299409912580           0.97473365289796032            2.2627745513702648     
  0.41774299409912580           0.97473365289796032            2.4368341322449010     
  0.41774299409912580           0.97473365289796032            2.6108937131195367     
  0.41774299409912580           0.97473365289796032            2.7849532939941724     
  0.41774299409912580           0.97473365289796032            2.9590128748688080     
  0.41774299409912580           0.97473365289796032            3.1330724557434433     
  0.41774299409912580            1.1139813175976687            0.0000000000000000     
  0.41774299409912580            1.1139813175976687           0.17405958087463577     
  0.41774299409912580            1.1139813175976687           0.34811916174927154     
  0.41774299409912580            1.1139813175976687           0.52217874262390729     
  0.41774299409912580            1.1139813175976687           0.69623832349854309     
  0.41774299409912580            1.1139813175976687           0.87029790437317889     
  0.41774299409912580            1.1139813175976687            1.0443574852478146     
  0.41774299409912580            1.1139813175976687            1.2184170661224505     
  0.41774299409912580            1.1139813175976687            1.3924766469970862     
  0.41774299409912580            1.1139813175976687            1.5665362278717216     
  0.41774299409912580            1.1139813175976687            1.7405958087463578     
  0.41774299409912580            1.1139813175976687            1.9146553896209932     
  0.41774299409912580            1.1139813175976687            2.0887149704956292     
  0.41774299409912580            1.1139813175976687            2.2627745513702648     
  0.41774299409912580            1.1139813175976687            2.4368341322449010     
  0.41774299409912580            1.1139813175976687            2.6108937131195367     
  0.41774299409912580            1.1139813175976687            2.7849532939941724     
  0.41774299409912580            1.1139813175976687            2.9590128748688080     
  0.41774299409912580            1.1139813175976687            3.1330724557434433     
  0.41774299409912580            1.2532289822973772            0.0000000000000000     
  0.41774299409912580            1.2532289822973772           0.17405958087463577     
  0.41774299409912580            1.2532289822973772           0.34811916174927154     
  0.41774299409912580            1.2532289822973772           0.52217874262390729     
  0.41774299409912580            1.2532289822973772           0.69623832349854309     
  0.41774299409912580            1.2532289822973772           0.87029790437317889     
  0.41774299409912580            1.2532289822973772            1.0443574852478146     
  0.41774299409912580            1.2532289822973772            1.2184170661224505     
  0.41774299409912580            1.2532289822973772            1.3924766469970862     
  0.41774299409912580            1.2532289822973772            1.5665362278717216     
  0.41774299409912580            1.2532289822973772            1.7405958087463578     
  0.41774299409912580            1.2532289822973772            1.9146553896209932     
  0.41774299409912580            1.2532289822973772            2.0887149704956292     
  0.41774299409912580            1.2532289822973772            2.2627745513702648     
  0.41774299409912580            1.2532289822973772            2.4368341322449010     
  0.41774299409912580            1.2532289822973772            2.6108937131195367     
  0.41774299409912580            1.2532289822973772            2.7849532939941724     
  0.41774299409912580            1.2532289822973772            2.9590128748688080     
  0.41774299409912580            1.2532289822973772            3.1330724557434433     
  0.41774299409912580            1.3924766469970860            0.0000000000000000     
  0.41774299409912580            1.3924766469970860           0.17405958087463577     
  0.41774299409912580            1.3924766469970860           0.34811916174927154     
  0.41774299409912580            1.3924766469970860           0.52217874262390729     
  0.41774299409912580            1.3924766469970860           0.69623832349854309     
  0.41774299409912580            1.3924766469970860           0.87029790437317889     
  0.41774299409912580            1.3924766469970860            1.0443574852478146     
  0.41774299409912580            1.3924766469970860            1.2184170661224505     
  0.41774299409912580            1.3924766469970860            1.3924766469970862     
  0.41774299409912580            1.3924766469970860            1.5665362278717216     
  0.41774299409912580            1.3924766469970860            1.7405958087463578     
  0.41774299409912580            1.3924766469970860            1.9146553896209932     
  0.41774299409912580            1.3924766469970860            2.0887149704956292     
  0.41774299409912580            1.3924766469970860            2.2627745513702648     
  0.41774299409912580            1.3924766469970860            2.4368341322449010     
  0.41774299409912580            1.3924766469970860            2.6108937131195367     
  0.41774299409912580            1.3924766469970860            2.7849532939941724     
  0.41774299409912580            1.3924766469970860            2.9590128748688080     
  0.41774299409912580            1.3924766469970860            3.1330724557434433     
  0.41774299409912580            1.5317243116967947            0.0000000000000000     
  0.41774299409912580            1.5317243116967947           0.17405958087463577     
  0.41774299409912580            1.5317243116967947           0.34811916174927154     
  0.41774299409912580            1.5317243116967947           0.52217874262390729     
  0.41774299409912580            1.5317243116967947           0.69623832349854309     
  0.41774299409912580            1.5317243116967947           0.87029790437317889     
  0.41774299409912580            1.5317243116967947            1.0443574852478146     
  0.41774299409912580            1.5317243116967947            1.2184170661224505     
  0.41774299409912580            1.5317243116967947            1.3924766469970862     
  0.41774299409912580            1.5317243116967947            1.5665362278717216     
  0.41774299409912580            1.5317243116967947            1.7405958087463578     
  0.41774299409912580            1.5317243116967947            1.9146553896209932     
  0.41774299409912580            1.5317243116967947            2.0887149704956292     
  0.41774299409912580            1.5317243116967947            2.2627745513702648     
  0.41774299409912580            1.5317243116967947            2.4368341322449010     
  0.41774299409912580            1.5317243116967947            2.6108937131195367     
  0.41774299409912580            1.5317243116967947            2.7849532939941724     
  0.41774299409912580            1.5317243116967947            2.9590128748688080     
  0.41774299409912580            1.5317243116967947            3.1330724557434433     
  0.41774299409912580            1.6709719763965032            0.0000000000000000     
  0.41774299409912580            1.6709719763965032           0.17405958087463577     
  0.41774299409912580            1.6709719763965032           0.34811916174927154     
  0.41774299409912580            1.6709719763965032           0.52217874262390729     
  0.41774299409912580            1.6709719763965032           0.69623832349854309     
  0.41774299409912580            1.6709719763965032           0.87029790437317889     
  0.41774299409912580            1.6709719763965032            1.0443574852478146     
  0.41774299409912580            1.6709719763965032            1.2184170661224505     
  0.41774299409912580            1.6709719763965032            1.3924766469970862     
  0.41774299409912580            1.6709719763965032            1.5665362278717216     
  0.41774299409912580            1.6709719763965032            1.7405958087463578     
  0.41774299409912580            1.6709719763965032            1.9146553896209932     
  0.41774299409912580            1.6709719763965032            2.0887149704956292     
  0.41774299409912580            1.6709719763965032            2.2627745513702648     
  0.41774299409912580            1.6709719763965032            2.4368341322449010     
  0.41774299409912580            1.6709719763965032            2.6108937131195367     
  0.41774299409912580            1.6709719763965032            2.7849532939941724     
  0.41774299409912580            1.6709719763965032            2.9590128748688080     
  0.41774299409912580            1.6709719763965032            3.1330724557434433     
  0.41774299409912580            1.8102196410962119            0.0000000000000000     
  0.41774299409912580            1.8102196410962119           0.17405958087463577     
  0.41774299409912580            1.8102196410962119           0.34811916174927154     
  0.41774299409912580            1.8102196410962119           0.52217874262390729     
  0.41774299409912580            1.8102196410962119           0.69623832349854309     
  0.41774299409912580            1.8102196410962119           0.87029790437317889     
  0.41774299409912580            1.8102196410962119            1.0443574852478146     
  0.41774299409912580            1.8102196410962119            1.2184170661224505     
  0.41774299409912580            1.8102196410962119            1.3924766469970862     
  0.41774299409912580            1.8102196410962119            1.5665362278717216     
  0.41774299409912580            1.8102196410962119            1.7405958087463578     
  0.41774299409912580            1.8102196410962119            1.9146553896209932     
  0.41774299409912580            1.8102196410962119            2.0887149704956292     
  0.41774299409912580            1.8102196410962119            2.2627745513702648     
  0.41774299409912580            1.8102196410962119            2.4368341322449010     
  0.41774299409912580            1.8102196410962119            2.6108937131195367     
  0.41774299409912580            1.8102196410962119            2.7849532939941724     
  0.41774299409912580            1.8102196410962119            2.9590128748688080     
  0.41774299409912580            1.8102196410962119            3.1330724557434433     
  0.41774299409912580            1.9494673057959206            0.0000000000000000     
  0.41774299409912580            1.9494673057959206           0.17405958087463577     
  0.41774299409912580            1.9494673057959206           0.34811916174927154     
  0.41774299409912580            1.9494673057959206           0.52217874262390729     
  0.41774299409912580            1.9494673057959206           0.69623832349854309     
  0.41774299409912580            1.9494673057959206           0.87029790437317889     
  0.41774299409912580            1.9494673057959206            1.0443574852478146     
  0.41774299409912580            1.9494673057959206            1.2184170661224505     
  0.41774299409912580            1.9494673057959206            1.3924766469970862     
  0.41774299409912580            1.9494673057959206            1.5665362278717216     
  0.41774299409912580            1.9494673057959206            1.7405958087463578     
  0.41774299409912580            1.9494673057959206            1.9146553896209932     
  0.41774299409912580            1.9494673057959206            2.0887149704956292     
  0.41774299409912580            1.9494673057959206            2.2627745513702648     
  0.41774299409912580            1.9494673057959206            2.4368341322449010     
  0.41774299409912580            1.9494673057959206            2.6108937131195367     
  0.41774299409912580            1.9494673057959206            2.7849532939941724     
  0.41774299409912580            1.9494673057959206            2.9590128748688080     
  0.41774299409912580            1.9494673057959206            3.1330724557434433     
  0.41774299409912580            2.0887149704956292            0.0000000000000000     
  0.41774299409912580            2.0887149704956292           0.17405958087463577     
  0.41774299409912580            2.0887149704956292           0.34811916174927154     
  0.41774299409912580            2.0887149704956292           0.52217874262390729     
  0.41774299409912580            2.0887149704956292           0.69623832349854309     
  0.41774299409912580            2.0887149704956292           0.87029790437317889     
  0.41774299409912580            2.0887149704956292            1.0443574852478146     
  0.41774299409912580            2.0887149704956292            1.2184170661224505     
  0.41774299409912580            2.0887149704956292            1.3924766469970862     
  0.41774299409912580            2.0887149704956292            1.5665362278717216     
  0.41774299409912580            2.0887149704956292            1.7405958087463578     
  0.41774299409912580            2.0887149704956292            1.9146553896209932     
  0.41774299409912580            2.0887149704956292            2.0887149704956292     
  0.41774299409912580            2.0887149704956292            2.2627745513702648     
  0.41774299409912580            2.0887149704956292            2.4368341322449010     
  0.41774299409912580            2.0887149704956292            2.6108937131195367     
  0.41774299409912580            2.0887149704956292            2.7849532939941724     
  0.41774299409912580            2.0887149704956292            2.9590128748688080     
  0.41774299409912580            2.0887149704956292            3.1330724557434433     
  0.41774299409912580            2.2279626351953374            0.0000000000000000     
  0.41774299409912580            2.2279626351953374           0.17405958087463577     
  0.41774299409912580            2.2279626351953374           0.34811916174927154     
  0.41774299409912580            2.2279626351953374           0.52217874262390729     
  0.41774299409912580            2.2279626351953374           0.69623832349854309     
  0.41774299409912580            2.2279626351953374           0.87029790437317889     
  0.41774299409912580            2.2279626351953374            1.0443574852478146     
  0.41774299409912580            2.2279626351953374            1.2184170661224505     
  0.41774299409912580            2.2279626351953374            1.3924766469970862     
  0.41774299409912580            2.2279626351953374            1.5665362278717216     
  0.41774299409912580            2.2279626351953374            1.7405958087463578     
  0.41774299409912580            2.2279626351953374            1.9146553896209932     
  0.41774299409912580            2.2279626351953374            2.0887149704956292     
  0.41774299409912580            2.2279626351953374            2.2627745513702648     
  0.41774299409912580            2.2279626351953374            2.4368341322449010     
  0.41774299409912580            2.2279626351953374            2.6108937131195367     
  0.41774299409912580            2.2279626351953374            2.7849532939941724     
  0.41774299409912580            2.2279626351953374            2.9590128748688080     
  0.41774299409912580            2.2279626351953374            3.1330724557434433     
  0.41774299409912580            2.3672102998950462            0.0000000000000000     
  0.41774299409912580            2.3672102998950462           0.17405958087463577     
  0.41774299409912580            2.3672102998950462           0.34811916174927154     
  0.41774299409912580            2.3672102998950462           0.52217874262390729     
  0.41774299409912580            2.3672102998950462           0.69623832349854309     
  0.41774299409912580            2.3672102998950462           0.87029790437317889     
  0.41774299409912580            2.3672102998950462            1.0443574852478146     
  0.41774299409912580            2.3672102998950462            1.2184170661224505     
  0.41774299409912580            2.3672102998950462            1.3924766469970862     
  0.41774299409912580            2.3672102998950462            1.5665362278717216     
  0.41774299409912580            2.3672102998950462            1.7405958087463578     
  0.41774299409912580            2.3672102998950462            1.9146553896209932     
  0.41774299409912580            2.3672102998950462            2.0887149704956292     
  0.41774299409912580            2.3672102998950462            2.2627745513702648     
  0.41774299409912580            2.3672102998950462            2.4368341322449010     
  0.41774299409912580            2.3672102998950462            2.6108937131195367     
  0.41774299409912580            2.3672102998950462            2.7849532939941724     
  0.41774299409912580            2.3672102998950462            2.9590128748688080     
  0.41774299409912580            2.3672102998950462            3.1330724557434433     
  0.41774299409912580            2.5064579645947545            0.0000000000000000     
  0.41774299409912580            2.5064579645947545           0.17405958087463577     
  0.41774299409912580            2.5064579645947545           0.34811916174927154     
  0.41774299409912580            2.5064579645947545           0.52217874262390729     
  0.41774299409912580            2.5064579645947545           0.69623832349854309     
  0.41774299409912580            2.5064579645947545           0.87029790437317889     
  0.41774299409912580            2.5064579645947545            1.0443574852478146     
  0.41774299409912580            2.5064579645947545            1.2184170661224505     
  0.41774299409912580            2.5064579645947545            1.3924766469970862     
  0.41774299409912580            2.5064579645947545            1.5665362278717216     
  0.41774299409912580            2.5064579645947545            1.7405958087463578     
  0.41774299409912580            2.5064579645947545            1.9146553896209932     
  0.41774299409912580            2.5064579645947545            2.0887149704956292     
  0.41774299409912580            2.5064579645947545            2.2627745513702648     
  0.41774299409912580            2.5064579645947545            2.4368341322449010     
  0.41774299409912580            2.5064579645947545            2.6108937131195367     
  0.41774299409912580            2.5064579645947545            2.7849532939941724     
  0.41774299409912580            2.5064579645947545            2.9590128748688080     
  0.41774299409912580            2.5064579645947545            3.1330724557434433     
  0.55699065879883436            0.0000000000000000            0.0000000000000000     
  0.55699065879883436            0.0000000000000000           0.17405958087463577     
  0.55699065879883436            0.0000000000000000           0.34811916174927154     
  0.55699065879883436            0.0000000000000000           0.52217874262390729     
  0.55699065879883436            0.0000000000000000           0.69623832349854309     
  0.55699065879883436            0.0000000000000000           0.87029790437317889     
  0.55699065879883436            0.0000000000000000            1.0443574852478146     
  0.55699065879883436            0.0000000000000000            1.2184170661224505     
  0.55699065879883436            0.0000000000000000            1.3924766469970862     
  0.55699065879883436            0.0000000000000000            1.5665362278717216     
  0.55699065879883436            0.0000000000000000            1.7405958087463578     
  0.55699065879883436            0.0000000000000000            1.9146553896209932     
  0.55699065879883436            0.0000000000000000            2.0887149704956292     
  0.55699065879883436            0.0000000000000000            2.2627745513702648     
  0.55699065879883436            0.0000000000000000            2.4368341322449010     
  0.55699065879883436            0.0000000000000000            2.6108937131195367     
  0.55699065879883436            0.0000000000000000            2.7849532939941724     
  0.55699065879883436            0.0000000000000000            2.9590128748688080     
  0.55699065879883436            0.0000000000000000            3.1330724557434433     
  0.55699065879883436           0.13924766469970859            0.0000000000000000     
  0.55699065879883436           0.13924766469970859           0.17405958087463577     
  0.55699065879883436           0.13924766469970859           0.34811916174927154     
  0.55699065879883436           0.13924766469970859           0.52217874262390729     
  0.55699065879883436           0.13924766469970859           0.69623832349854309     
  0.55699065879883436           0.13924766469970859           0.87029790437317889     
  0.55699065879883436           0.13924766469970859            1.0443574852478146     
  0.55699065879883436           0.13924766469970859            1.2184170661224505     
  0.55699065879883436           0.13924766469970859            1.3924766469970862     
  0.55699065879883436           0.13924766469970859            1.5665362278717216     
  0.55699065879883436           0.13924766469970859            1.7405958087463578     
  0.55699065879883436           0.13924766469970859            1.9146553896209932     
  0.55699065879883436           0.13924766469970859            2.0887149704956292     
  0.55699065879883436           0.13924766469970859            2.2627745513702648     
  0.55699065879883436           0.13924766469970859            2.4368341322449010     
  0.55699065879883436           0.13924766469970859            2.6108937131195367     
  0.55699065879883436           0.13924766469970859            2.7849532939941724     
  0.55699065879883436           0.13924766469970859            2.9590128748688080     
  0.55699065879883436           0.13924766469970859            3.1330724557434433     
  0.55699065879883436           0.27849532939941718            0.0000000000000000     
  0.55699065879883436           0.27849532939941718           0.17405958087463577     
  0.55699065879883436           0.27849532939941718           0.34811916174927154     
  0.55699065879883436           0.27849532939941718           0.52217874262390729     
  0.55699065879883436           0.27849532939941718           0.69623832349854309     
  0.55699065879883436           0.27849532939941718           0.87029790437317889     
  0.55699065879883436           0.27849532939941718            1.0443574852478146     
  0.55699065879883436           0.27849532939941718            1.2184170661224505     
  0.55699065879883436           0.27849532939941718            1.3924766469970862     
  0.55699065879883436           0.27849532939941718            1.5665362278717216     
  0.55699065879883436           0.27849532939941718            1.7405958087463578     
  0.55699065879883436           0.27849532939941718            1.9146553896209932     
  0.55699065879883436           0.27849532939941718            2.0887149704956292     
  0.55699065879883436           0.27849532939941718            2.2627745513702648     
  0.55699065879883436           0.27849532939941718            2.4368341322449010     
  0.55699065879883436           0.27849532939941718            2.6108937131195367     
  0.55699065879883436           0.27849532939941718            2.7849532939941724     
  0.55699065879883436           0.27849532939941718            2.9590128748688080     
  0.55699065879883436           0.27849532939941718            3.1330724557434433     
  0.55699065879883436           0.41774299409912580            0.0000000000000000     
  0.55699065879883436           0.41774299409912580           0.17405958087463577     
  0.55699065879883436           0.41774299409912580           0.34811916174927154     
  0.55699065879883436           0.41774299409912580           0.52217874262390729     
  0.55699065879883436           0.41774299409912580           0.69623832349854309     
  0.55699065879883436           0.41774299409912580           0.87029790437317889     
  0.55699065879883436           0.41774299409912580            1.0443574852478146     
  0.55699065879883436           0.41774299409912580            1.2184170661224505     
  0.55699065879883436           0.41774299409912580            1.3924766469970862     
  0.55699065879883436           0.41774299409912580            1.5665362278717216     
  0.55699065879883436           0.41774299409912580            1.7405958087463578     
  0.55699065879883436           0.41774299409912580            1.9146553896209932     
  0.55699065879883436           0.41774299409912580            2.0887149704956292     
  0.55699065879883436           0.41774299409912580            2.2627745513702648     
  0.55699065879883436           0.41774299409912580            2.4368341322449010     
  0.55699065879883436           0.41774299409912580            2.6108937131195367     
  0.55699065879883436           0.41774299409912580            2.7849532939941724     
  0.55699065879883436           0.41774299409912580            2.9590128748688080     
  0.55699065879883436           0.41774299409912580            3.1330724557434433     
  0.55699065879883436           0.55699065879883436            0.0000000000000000     
  0.55699065879883436           0.55699065879883436           0.17405958087463577     
  0.55699065879883436           0.55699065879883436           0.34811916174927154     
  0.55699065879883436           0.55699065879883436           0.52217874262390729     
  0.55699065879883436           0.55699065879883436           0.69623832349854309     
  0.55699065879883436           0.55699065879883436           0.87029790437317889     
  0.55699065879883436           0.55699065879883436            1.0443574852478146     
  0.55699065879883436           0.55699065879883436            1.2184170661224505     
  0.55699065879883436           0.55699065879883436            1.3924766469970862     
  0.55699065879883436           0.55699065879883436            1.5665362278717216     
  0.55699065879883436           0.55699065879883436            1.7405958087463578     
  0.55699065879883436           0.55699065879883436            1.9146553896209932     
  0.55699065879883436           0.55699065879883436            2.0887149704956292     
  0.55699065879883436           0.55699065879883436            2.2627745513702648     
  0.55699065879883436           0.55699065879883436            2.4368341322449010     
  0.55699065879883436           0.55699065879883436            2.6108937131195367     
  0.55699065879883436           0.55699065879883436            2.7849532939941724     
  0.55699065879883436           0.55699065879883436            2.9590128748688080     
  0.55699065879883436           0.55699065879883436            3.1330724557434433     
  0.55699065879883436           0.69623832349854298            0.0000000000000000     
  0.55699065879883436           0.69623832349854298           0.17405958087463577     
  0.55699065879883436           0.69623832349854298           0.34811916174927154     
  0.55699065879883436           0.69623832349854298           0.52217874262390729     
  0.55699065879883436           0.69623832349854298           0.69623832349854309     
  0.55699065879883436           0.69623832349854298           0.87029790437317889     
  0.55699065879883436           0.69623832349854298            1.0443574852478146     
  0.55699065879883436           0.69623832349854298            1.2184170661224505     
  0.55699065879883436           0.69623832349854298            1.3924766469970862     
  0.55699065879883436           0.69623832349854298            1.5665362278717216     
  0.55699065879883436           0.69623832349854298            1.7405958087463578     
  0.55699065879883436           0.69623832349854298            1.9146553896209932     
  0.55699065879883436           0.69623832349854298            2.0887149704956292     
  0.55699065879883436           0.69623832349854298            2.2627745513702648     
  0.55699065879883436           0.69623832349854298            2.4368341322449010     
  0.55699065879883436           0.69623832349854298            2.6108937131195367     
  0.55699065879883436           0.69623832349854298            2.7849532939941724     
  0.55699065879883436           0.69623832349854298            2.9590128748688080     
  0.55699065879883436           0.69623832349854298            3.1330724557434433     
  0.55699065879883436           0.83548598819825159            0.0000000000000000     
  0.55699065879883436           0.83548598819825159           0.17405958087463577     
  0.55699065879883436           0.83548598819825159           0.34811916174927154     
  0.55699065879883436           0.83548598819825159           0.52217874262390729     
  0.55699065879883436           0.83548598819825159           0.69623832349854309     
  0.55699065879883436           0.83548598819825159           0.87029790437317889     
  0.55699065879883436           0.83548598819825159            1.0443574852478146     
  0.55699065879883436           0.83548598819825159            1.2184170661224505     
  0.55699065879883436           0.83548598819825159            1.3924766469970862     
  0.55699065879883436           0.83548598819825159            1.5665362278717216     
  0.55699065879883436           0.83548598819825159            1.7405958087463578     
  0.55699065879883436           0.83548598819825159            1.9146553896209932     
  0.55699065879883436           0.83548598819825159            2.0887149704956292     
  0.55699065879883436           0.83548598819825159            2.2627745513702648     
  0.55699065879883436           0.83548598819825159            2.4368341322449010     
  0.55699065879883436           0.83548598819825159            2.6108937131195367     
  0.55699065879883436           0.83548598819825159            2.7849532939941724     
  0.55699065879883436           0.83548598819825159            2.9590128748688080     
  0.55699065879883436           0.83548598819825159            3.1330724557434433     
  0.55699065879883436           0.97473365289796032            0.0000000000000000     
  0.55699065879883436           0.97473365289796032           0.17405958087463577     
  0.55699065879883436           0.97473365289796032           0.34811916174927154     
  0.55699065879883436           0.97473365289796032           0.52217874262390729     
  0.55699065879883436           0.97473365289796032           0.69623832349854309     
  0.55699065879883436           0.97473365289796032           0.87029790437317889     
  0.55699065879883436           0.97473365289796032            1.0443574852478146     
  0.55699065879883436           0.97473365289796032            1.2184170661224505     
  0.55699065879883436           0.97473365289796032            1.3924766469970862     
  0.55699065879883436           0.97473365289796032            1.5665362278717216     
  0.55699065879883436           0.97473365289796032            1.7405958087463578     
  0.55699065879883436           0.97473365289796032            1.9146553896209932     
  0.55699065879883436           0.97473365289796032            2.0887149704956292     
  0.55699065879883436           0.97473365289796032            2.2627745513702648     
  0.55699065879883436           0.97473365289796032            2.4368341322449010     
  0.55699065879883436           0.97473365289796032            2.6108937131195367     
  0.55699065879883436           0.97473365289796032            2.7849532939941724     
  0.55699065879883436           0.97473365289796032            2.9590128748688080     
  0.55699065879883436           0.97473365289796032            3.1330724557434433     
  0.55699065879883436            1.1139813175976687            0.0000000000000000     
  0.55699065879883436            1.1139813175976687           0.17405958087463577     
  0.55699065879883436            1.1139813175976687           0.34811916174927154     
  0.55699065879883436            1.1139813175976687           0.52217874262390729     
  0.55699065879883436            1.1139813175976687           0.69623832349854309     
  0.55699065879883436            1.1139813175976687           0.87029790437317889     
  0.55699065879883436            1.1139813175976687            1.0443574852478146     
  0.55699065879883436            1.1139813175976687            1.2184170661224505     
  0.55699065879883436            1.1139813175976687            1.3924766469970862     
  0.55699065879883436            1.1139813175976687            1.5665362278717216     
  0.55699065879883436            1.1139813175976687            1.7405958087463578     
  0.55699065879883436            1.1139813175976687            1.9146553896209932     
  0.55699065879883436            1.1139813175976687            2.0887149704956292     
  0.55699065879883436            1.1139813175976687            2.2627745513702648     
  0.55699065879883436            1.1139813175976687            2.4368341322449010     
  0.55699065879883436            1.1139813175976687            2.6108937131195367     
  0.55699065879883436            1.1139813175976687            2.7849532939941724     
  0.55699065879883436            1.1139813175976687            2.9590128748688080     
  0.55699065879883436            1.1139813175976687            3.1330724557434433     
  0.55699065879883436            1.2532289822973772            0.0000000000000000     
  0.55699065879883436            1.2532289822973772           0.17405958087463577     
  0.55699065879883436            1.2532289822973772           0.34811916174927154     
  0.55699065879883436            1.2532289822973772           0.52217874262390729     
  0.55699065879883436            1.2532289822973772           0.69623832349854309     
  0.55699065879883436            1.2532289822973772           0.87029790437317889     
  0.55699065879883436            1.2532289822973772            1.0443574852478146     
  0.55699065879883436            1.2532289822973772            1.2184170661224505     
  0.55699065879883436            1.2532289822973772            1.3924766469970862     
  0.55699065879883436            1.2532289822973772            1.5665362278717216     
  0.55699065879883436            1.2532289822973772            1.7405958087463578     
  0.55699065879883436            1.2532289822973772            1.9146553896209932     
  0.55699065879883436            1.2532289822973772            2.0887149704956292     
  0.55699065879883436            1.2532289822973772            2.2627745513702648     
  0.55699065879883436            1.2532289822973772            2.4368341322449010     
  0.55699065879883436            1.2532289822973772            2.6108937131195367     
  0.55699065879883436            1.2532289822973772            2.7849532939941724     
  0.55699065879883436            1.2532289822973772            2.9590128748688080     
  0.55699065879883436            1.2532289822973772            3.1330724557434433     
  0.55699065879883436            1.3924766469970860            0.0000000000000000     
  0.55699065879883436            1.3924766469970860           0.17405958087463577     
  0.55699065879883436            1.3924766469970860           0.34811916174927154     
  0.55699065879883436            1.3924766469970860           0.52217874262390729     
  0.55699065879883436            1.3924766469970860           0.69623832349854309     
  0.55699065879883436            1.3924766469970860           0.87029790437317889     
  0.55699065879883436            1.3924766469970860            1.0443574852478146     
  0.55699065879883436            1.3924766469970860            1.2184170661224505     
  0.55699065879883436            1.3924766469970860            1.3924766469970862     
  0.55699065879883436            1.3924766469970860            1.5665362278717216     
  0.55699065879883436            1.3924766469970860            1.7405958087463578     
  0.55699065879883436            1.3924766469970860            1.9146553896209932     
  0.55699065879883436            1.3924766469970860            2.0887149704956292     
  0.55699065879883436            1.3924766469970860            2.2627745513702648     
  0.55699065879883436            1.3924766469970860            2.4368341322449010     
  0.55699065879883436            1.3924766469970860            2.6108937131195367     
  0.55699065879883436            1.3924766469970860            2.7849532939941724     
  0.55699065879883436            1.3924766469970860            2.9590128748688080     
  0.55699065879883436            1.3924766469970860            3.1330724557434433     
  0.55699065879883436            1.5317243116967947            0.0000000000000000     
  0.55699065879883436            1.5317243116967947           0.17405958087463577     
  0.55699065879883436            1.5317243116967947           0.34811916174927154     
  0.55699065879883436            1.5317243116967947           0.52217874262390729     
  0.55699065879883436            1.5317243116967947           0.69623832349854309     
  0.55699065879883436            1.5317243116967947           0.87029790437317889     
  0.55699065879883436            1.5317243116967947            1.0443574852478146     
  0.55699065879883436            1.5317243116967947            1.2184170661224505     
  0.55699065879883436            1.5317243116967947            1.3924766469970862     
  0.55699065879883436            1.5317243116967947            1.5665362278717216     
  0.55699065879883436            1.5317243116967947            1.7405958087463578     
  0.55699065879883436            1.5317243116967947            1.9146553896209932     
  0.55699065879883436            1.5317243116967947            2.0887149704956292     
  0.55699065879883436            1.5317243116967947            2.2627745513702648     
  0.55699065879883436            1.5317243116967947            2.4368341322449010     
  0.55699065879883436            1.5317243116967947            2.6108937131195367     
  0.55699065879883436            1.5317243116967947            2.7849532939941724     
  0.55699065879883436            1.5317243116967947            2.9590128748688080     
  0.55699065879883436            1.5317243116967947            3.1330724557434433     
  0.55699065879883436            1.6709719763965032            0.0000000000000000     
  0.55699065879883436            1.6709719763965032           0.17405958087463577     
  0.55699065879883436            1.6709719763965032           0.34811916174927154     
  0.55699065879883436            1.6709719763965032           0.52217874262390729     
  0.55699065879883436            1.6709719763965032           0.69623832349854309     
  0.55699065879883436            1.6709719763965032           0.87029790437317889     
  0.55699065879883436            1.6709719763965032            1.0443574852478146     
  0.55699065879883436            1.6709719763965032            1.2184170661224505     
  0.55699065879883436            1.6709719763965032            1.3924766469970862     
  0.55699065879883436            1.6709719763965032            1.5665362278717216     
  0.55699065879883436            1.6709719763965032            1.7405958087463578     
  0.55699065879883436            1.6709719763965032            1.9146553896209932     
  0.55699065879883436            1.6709719763965032            2.0887149704956292     
  0.55699065879883436            1.6709719763965032            2.2627745513702648     
  0.55699065879883436            1.6709719763965032            2.4368341322449010     
  0.55699065879883436            1.6709719763965032            2.6108937131195367     
  0.55699065879883436            1.6709719763965032            2.7849532939941724     
  0.55699065879883436            1.6709719763965032            2.9590128748688080     
  0.55699065879883436            1.6709719763965032            3.1330724557434433     
  0.55699065879883436            1.8102196410962119            0.0000000000000000     
  0.55699065879883436            1.8102196410962119           0.17405958087463577     
  0.55699065879883436            1.8102196410962119           0.34811916174927154     
  0.55699065879883436            1.8102196410962119           0.52217874262390729     
  0.55699065879883436            1.8102196410962119           0.69623832349854309     
  0.55699065879883436            1.8102196410962119           0.87029790437317889     
  0.55699065879883436            1.8102196410962119            1.0443574852478146     
  0.55699065879883436            1.8102196410962119            1.2184170661224505     
  0.55699065879883436            1.8102196410962119            1.3924766469970862     
  0.55699065879883436            1.8102196410962119            1.5665362278717216     
  0.55699065879883436            1.8102196410962119            1.7405958087463578     
  0.55699065879883436            1.8102196410962119            1.9146553896209932     
  0.55699065879883436            1.8102196410962119            2.0887149704956292     
  0.55699065879883436            1.8102196410962119            2.2627745513702648     
  0.55699065879883436            1.8102196410962119            2.4368341322449010     
  0.55699065879883436            1.8102196410962119            2.6108937131195367     
  0.55699065879883436            1.8102196410962119            2.7849532939941724     
  0.55699065879883436            1.8102196410962119            2.9590128748688080     
  0.55699065879883436            1.8102196410962119            3.1330724557434433     
  0.55699065879883436            1.9494673057959206            0.0000000000000000     
  0.55699065879883436            1.9494673057959206           0.17405958087463577     
  0.55699065879883436            1.9494673057959206           0.34811916174927154     
  0.55699065879883436            1.9494673057959206           0.52217874262390729     
  0.55699065879883436            1.9494673057959206           0.69623832349854309     
  0.55699065879883436            1.9494673057959206           0.87029790437317889     
  0.55699065879883436            1.9494673057959206            1.0443574852478146     
  0.55699065879883436            1.9494673057959206            1.2184170661224505     
  0.55699065879883436            1.9494673057959206            1.3924766469970862     
  0.55699065879883436            1.9494673057959206            1.5665362278717216     
  0.55699065879883436            1.9494673057959206            1.7405958087463578     
  0.55699065879883436            1.9494673057959206            1.9146553896209932     
  0.55699065879883436            1.9494673057959206            2.0887149704956292     
  0.55699065879883436            1.9494673057959206            2.2627745513702648     
  0.55699065879883436            1.9494673057959206            2.4368341322449010     
  0.55699065879883436            1.9494673057959206            2.6108937131195367     
  0.55699065879883436            1.9494673057959206            2.7849532939941724     
  0.55699065879883436            1.9494673057959206            2.9590128748688080     
  0.55699065879883436            1.9494673057959206            3.1330724557434433     
  0.55699065879883436            2.0887149704956292            0.0000000000000000     
  0.55699065879883436            2.0887149704956292           0.17405958087463577     
  0.55699065879883436            2.0887149704956292           0.34811916174927154     
  0.55699065879883436            2.0887149704956292           0.52217874262390729     
  0.55699065879883436            2.0887149704956292           0.69623832349854309     
  0.55699065879883436            2.0887149704956292           0.87029790437317889     
  0.55699065879883436            2.0887149704956292            1.0443574852478146     
  0.55699065879883436            2.0887149704956292            1.2184170661224505     
  0.55699065879883436            2.0887149704956292            1.3924766469970862     
  0.55699065879883436            2.0887149704956292            1.5665362278717216     
  0.55699065879883436            2.0887149704956292            1.7405958087463578     
  0.55699065879883436            2.0887149704956292            1.9146553896209932     
  0.55699065879883436            2.0887149704956292            2.0887149704956292     
  0.55699065879883436            2.0887149704956292            2.2627745513702648     
  0.55699065879883436            2.0887149704956292            2.4368341322449010     
  0.55699065879883436            2.0887149704956292            2.6108937131195367     
  0.55699065879883436            2.0887149704956292            2.7849532939941724     
  0.55699065879883436            2.0887149704956292            2.9590128748688080     
  0.55699065879883436            2.0887149704956292            3.1330724557434433     
  0.55699065879883436            2.2279626351953374            0.0000000000000000     
  0.55699065879883436            2.2279626351953374           0.17405958087463577     
  0.55699065879883436            2.2279626351953374           0.34811916174927154     
  0.55699065879883436            2.2279626351953374           0.52217874262390729     
  0.55699065879883436            2.2279626351953374           0.69623832349854309     
  0.55699065879883436            2.2279626351953374           0.87029790437317889     
  0.55699065879883436            2.2279626351953374            1.0443574852478146     
  0.55699065879883436            2.2279626351953374            1.2184170661224505     
  0.55699065879883436            2.2279626351953374            1.3924766469970862     
  0.55699065879883436            2.2279626351953374            1.5665362278717216     
  0.55699065879883436            2.2279626351953374            1.7405958087463578     
  0.55699065879883436            2.2279626351953374            1.9146553896209932     
  0.55699065879883436            2.2279626351953374            2.0887149704956292     
  0.55699065879883436            2.2279626351953374            2.2627745513702648     
  0.55699065879883436            2.2279626351953374            2.4368341322449010     
  0.55699065879883436            2.2279626351953374            2.6108937131195367     
  0.55699065879883436            2.2279626351953374            2.7849532939941724     
  0.55699065879883436            2.2279626351953374            2.9590128748688080     
  0.55699065879883436            2.2279626351953374            3.1330724557434433     
  0.55699065879883436            2.3672102998950462            0.0000000000000000     
  0.55699065879883436            2.3672102998950462           0.17405958087463577     
  0.55699065879883436            2.3672102998950462           0.34811916174927154     
  0.55699065879883436            2.3672102998950462           0.52217874262390729     
  0.55699065879883436            2.3672102998950462           0.69623832349854309     
  0.55699065879883436            2.3672102998950462           0.87029790437317889     
  0.55699065879883436            2.3672102998950462            1.0443574852478146     
  0.55699065879883436            2.3672102998950462            1.2184170661224505     
  0.55699065879883436            2.3672102998950462            1.3924766469970862     
  0.55699065879883436            2.3672102998950462            1.5665362278717216     
  0.55699065879883436            2.3672102998950462            1.7405958087463578     
  0.55699065879883436            2.3672102998950462            1.9146553896209932     
  0.55699065879883436            2.3672102998950462            2.0887149704956292     
  0.55699065879883436            2.3672102998950462            2.2627745513702648     
  0.55699065879883436            2.3672102998950462            2.4368341322449010     
  0.55699065879883436            2.3672102998950462            2.6108937131195367     
  0.55699065879883436            2.3672102998950462            2.7849532939941724     
  0.55699065879883436            2.3672102998950462            2.9590128748688080     
  0.55699065879883436            2.3672102998950462            3.1330724557434433     
  0.55699065879883436            2.5064579645947545            0.0000000000000000     
  0.55699065879883436            2.5064579645947545           0.17405958087463577     
  0.55699065879883436            2.5064579645947545           0.34811916174927154     
  0.55699065879883436            2.5064579645947545           0.52217874262390729     
  0.55699065879883436            2.5064579645947545           0.69623832349854309     
  0.55699065879883436            2.5064579645947545           0.87029790437317889     
  0.55699065879883436            2.5064579645947545            1.0443574852478146     
  0.55699065879883436            2.5064579645947545            1.2184170661224505     
  0.55699065879883436            2.5064579645947545            1.3924766469970862     
  0.55699065879883436            2.5064579645947545            1.5665362278717216     
  0.55699065879883436            2.5064579645947545            1.7405958087463578     
  0.55699065879883436            2.5064579645947545            1.9146553896209932     
  0.55699065879883436            2.5064579645947545            2.0887149704956292     
  0.55699065879883436            2.5064579645947545            2.2627745513702648     
  0.55699065879883436            2.5064579645947545            2.4368341322449010     
  0.55699065879883436            2.5064579645947545            2.6108937131195367     
  0.55699065879883436            2.5064579645947545            2.7849532939941724     
  0.55699065879883436            2.5064579645947545            2.9590128748688080     
  0.55699065879883436            2.5064579645947545            3.1330724557434433     
  0.69623832349854298            0.0000000000000000            0.0000000000000000     
  0.69623832349854298            0.0000000000000000           0.17405958087463577     
  0.69623832349854298            0.0000000000000000           0.34811916174927154     
  0.69623832349854298            0.0000000000000000           0.52217874262390729     
  0.69623832349854298            0.0000000000000000           0.69623832349854309     
  0.69623832349854298            0.0000000000000000           0.87029790437317889     
  0.69623832349854298            0.0000000000000000            1.0443574852478146     
  0.69623832349854298            0.0000000000000000            1.2184170661224505     
  0.69623832349854298            0.0000000000000000            1.3924766469970862     
  0.69623832349854298            0.0000000000000000            1.5665362278717216     
  0.69623832349854298            0.0000000000000000            1.7405958087463578     
  0.69623832349854298            0.0000000000000000            1.9146553896209932     
  0.69623832349854298            0.0000000000000000            2.0887149704956292     
  0.69623832349854298            0.0000000000000000            2.2627745513702648     
  0.69623832349854298            0.0000000000000000            2.4368341322449010     
  0.69623832349854298            0.0000000000000000            2.6108937131195367     
  0.69623832349854298            0.0000000000000000            2.7849532939941724     
  0.69623832349854298            0.0000000000000000            2.9590128748688080     
  0.69623832349854298            0.0000000000000000            3.1330724557434433     
  0.69623832349854298           0.13924766469970859            0.0000000000000000     
  0.69623832349854298           0.13924766469970859           0.17405958087463577     
  0.69623832349854298           0.13924766469970859           0.34811916174927154     
  0.69623832349854298           0.13924766469970859           0.52217874262390729     
  0.69623832349854298           0.13924766469970859           0.69623832349854309     
  0.69623832349854298           0.13924766469970859           0.87029790437317889     
  0.69623832349854298           0.13924766469970859            1.0443574852478146     
  0.69623832349854298           0.13924766469970859            1.2184170661224505     
  0.69623832349854298           0.13924766469970859            1.3924766469970862     
  0.69623832349854298           0.13924766469970859            1.5665362278717216     
  0.69623832349854298           0.13924766469970859            1.7405958087463578     
  0.69623832349854298           0.13924766469970859            1.9146553896209932     
  0.69623832349854298           0.13924766469970859            2.0887149704956292     
  0.69623832349854298           0.13924766469970859            2.2627745513702648     
  0.69623832349854298           0.13924766469970859            2.4368341322449010     
  0.69623832349854298           0.13924766469970859            2.6108937131195367     
  0.69623832349854298           0.13924766469970859            2.7849532939941724     
  0.69623832349854298           0.13924766469970859            2.9590128748688080     
  0.69623832349854298           0.13924766469970859            3.1330724557434433     
  0.69623832349854298           0.27849532939941718            0.0000000000000000     
  0.69623832349854298           0.27849532939941718           0.17405958087463577     
  0.69623832349854298           0.27849532939941718           0.34811916174927154     
  0.69623832349854298           0.27849532939941718           0.52217874262390729     
  0.69623832349854298           0.27849532939941718           0.69623832349854309     
  0.69623832349854298           0.27849532939941718           0.87029790437317889     
  0.69623832349854298           0.27849532939941718            1.0443574852478146     
  0.69623832349854298           0.27849532939941718            1.2184170661224505     
  0.69623832349854298           0.27849532939941718            1.3924766469970862     
  0.69623832349854298           0.27849532939941718            1.5665362278717216     
  0.69623832349854298           0.27849532939941718            1.7405958087463578     
  0.69623832349854298           0.27849532939941718            1.9146553896209932     
  0.69623832349854298           0.27849532939941718            2.0887149704956292     
  0.69623832349854298           0.27849532939941718            2.2627745513702648     
  0.69623832349854298           0.27849532939941718            2.4368341322449010     
  0.69623832349854298           0.27849532939941718            2.6108937131195367     
  0.69623832349854298           0.27849532939941718            2.7849532939941724     
  0.69623832349854298           0.27849532939941718            2.9590128748688080     
  0.69623832349854298           0.27849532939941718            3.1330724557434433     
  0.69623832349854298           0.41774299409912580            0.0000000000000000     
  0.69623832349854298           0.41774299409912580           0.17405958087463577     
  0.69623832349854298           0.41774299409912580           0.34811916174927154     
  0.69623832349854298           0.41774299409912580           0.52217874262390729     
  0.69623832349854298           0.41774299409912580           0.69623832349854309     
  0.69623832349854298           0.41774299409912580           0.87029790437317889     
  0.69623832349854298           0.41774299409912580            1.0443574852478146     
  0.69623832349854298           0.41774299409912580            1.2184170661224505     
  0.69623832349854298           0.41774299409912580            1.3924766469970862     
  0.69623832349854298           0.41774299409912580            1.5665362278717216     
  0.69623832349854298           0.41774299409912580            1.7405958087463578     
  0.69623832349854298           0.41774299409912580            1.9146553896209932     
  0.69623832349854298           0.41774299409912580            2.0887149704956292     
  0.69623832349854298           0.41774299409912580            2.2627745513702648     
  0.69623832349854298           0.41774299409912580            2.4368341322449010     
  0.69623832349854298           0.41774299409912580            2.6108937131195367     
  0.69623832349854298           0.41774299409912580            2.7849532939941724     
  0.69623832349854298           0.41774299409912580            2.9590128748688080     
  0.69623832349854298           0.41774299409912580            3.1330724557434433     
  0.69623832349854298           0.55699065879883436            0.0000000000000000     
  0.69623832349854298           0.55699065879883436           0.17405958087463577     
  0.69623832349854298           0.55699065879883436           0.34811916174927154     
  0.69623832349854298           0.55699065879883436           0.52217874262390729     
  0.69623832349854298           0.55699065879883436           0.69623832349854309     
  0.69623832349854298           0.55699065879883436           0.87029790437317889     
  0.69623832349854298           0.55699065879883436            1.0443574852478146     
  0.69623832349854298           0.55699065879883436            1.2184170661224505     
  0.69623832349854298           0.55699065879883436            1.3924766469970862     
  0.69623832349854298           0.55699065879883436            1.5665362278717216     
  0.69623832349854298           0.55699065879883436            1.7405958087463578     
  0.69623832349854298           0.55699065879883436            1.9146553896209932     
  0.69623832349854298           0.55699065879883436            2.0887149704956292     
  0.69623832349854298           0.55699065879883436            2.2627745513702648     
  0.69623832349854298           0.55699065879883436            2.4368341322449010     
  0.69623832349854298           0.55699065879883436            2.6108937131195367     
  0.69623832349854298           0.55699065879883436            2.7849532939941724     
  0.69623832349854298           0.55699065879883436            2.9590128748688080     
  0.69623832349854298           0.55699065879883436            3.1330724557434433     
  0.69623832349854298           0.69623832349854298            0.0000000000000000     
  0.69623832349854298           0.69623832349854298           0.17405958087463577     
  0.69623832349854298           0.69623832349854298           0.34811916174927154     
  0.69623832349854298           0.69623832349854298           0.52217874262390729     
  0.69623832349854298           0.69623832349854298           0.69623832349854309     
  0.69623832349854298           0.69623832349854298           0.87029790437317889     
  0.69623832349854298           0.69623832349854298            1.0443574852478146     
  0.69623832349854298           0.69623832349854298            1.2184170661224505     
  0.69623832349854298           0.69623832349854298            1.3924766469970862     
  0.69623832349854298           0.69623832349854298            1.5665362278717216     
  0.69623832349854298           0.69623832349854298            1.7405958087463578     
  0.69623832349854298           0.69623832349854298            1.9146553896209932     
  0.69623832349854298           0.69623832349854298            2.0887149704956292     
  0.69623832349854298           0.69623832349854298            2.2627745513702648     
  0.69623832349854298           0.69623832349854298            2.4368341322449010     
  0.69623832349854298           0.69623832349854298            2.6108937131195367     
  0.69623832349854298           0.69623832349854298            2.7849532939941724     
  0.69623832349854298           0.69623832349854298            2.9590128748688080     
  0.69623832349854298           0.69623832349854298            3.1330724557434433     
  0.69623832349854298           0.83548598819825159            0.0000000000000000     
  0.69623832349854298           0.83548598819825159           0.17405958087463577     
  0.69623832349854298           0.83548598819825159           0.34811916174927154     
  0.69623832349854298           0.83548598819825159           0.52217874262390729     
  0.69623832349854298           0.83548598819825159           0.69623832349854309     
  0.69623832349854298           0.83548598819825159           0.87029790437317889     
  0.69623832349854298           0.83548598819825159            1.0443574852478146     
  0.69623832349854298           0.83548598819825159            1.2184170661224505     
  0.69623832349854298           0.83548598819825159            1.3924766469970862     
  0.69623832349854298           0.83548598819825159            1.5665362278717216     
  0.69623832349854298           0.83548598819825159            1.7405958087463578     
  0.69623832349854298           0.83548598819825159            1.9146553896209932     
  0.69623832349854298           0.83548598819825159            2.0887149704956292     
  0.69623832349854298           0.83548598819825159            2.2627745513702648     
  0.69623832349854298           0.83548598819825159            2.4368341322449010     
  0.69623832349854298           0.83548598819825159            2.6108937131195367     
  0.69623832349854298           0.83548598819825159            2.7849532939941724     
  0.69623832349854298           0.83548598819825159            2.9590128748688080     
  0.69623832349854298           0.83548598819825159            3.1330724557434433     
  0.69623832349854298           0.97473365289796032            0.0000000000000000     
  0.69623832349854298           0.97473365289796032           0.17405958087463577     
  0.69623832349854298           0.97473365289796032           0.34811916174927154     
  0.69623832349854298           0.97473365289796032           0.52217874262390729     
  0.69623832349854298           0.97473365289796032           0.69623832349854309     
  0.69623832349854298           0.97473365289796032           0.87029790437317889     
  0.69623832349854298           0.97473365289796032            1.0443574852478146     
  0.69623832349854298           0.97473365289796032            1.2184170661224505     
  0.69623832349854298           0.97473365289796032            1.3924766469970862     
  0.69623832349854298           0.97473365289796032            1.5665362278717216     
  0.69623832349854298           0.97473365289796032            1.7405958087463578     
  0.69623832349854298           0.97473365289796032            1.9146553896209932     
  0.69623832349854298           0.97473365289796032            2.0887149704956292     
  0.69623832349854298           0.97473365289796032            2.2627745513702648     
  0.69623832349854298           0.97473365289796032            2.4368341322449010     
  0.69623832349854298           0.97473365289796032            2.6108937131195367     
  0.69623832349854298           0.97473365289796032            2.7849532939941724     
  0.69623832349854298           0.97473365289796032            2.9590128748688080     
  0.69623832349854298           0.97473365289796032            3.1330724557434433     
  0.69623832349854298            1.1139813175976687            0.0000000000000000     
  0.69623832349854298            1.1139813175976687           0.17405958087463577     
  0.69623832349854298            1.1139813175976687           0.34811916174927154     
  0.69623832349854298            1.1139813175976687           0.52217874262390729     
  0.69623832349854298            1.1139813175976687           0.69623832349854309     
  0.69623832349854298            1.1139813175976687           0.87029790437317889     
  0.69623832349854298            1.1139813175976687            1.0443574852478146     
  0.69623832349854298            1.1139813175976687            1.2184170661224505     
  0.69623832349854298            1.1139813175976687            1.3924766469970862     
  0.69623832349854298            1.1139813175976687            1.5665362278717216     
  0.69623832349854298            1.1139813175976687            1.7405958087463578     
  0.69623832349854298            1.1139813175976687            1.9146553896209932     
  0.69623832349854298            1.1139813175976687            2.0887149704956292     
  0.69623832349854298            1.1139813175976687            2.2627745513702648     
  0.69623832349854298            1.1139813175976687            2.4368341322449010     
  0.69623832349854298            1.1139813175976687            2.6108937131195367     
  0.69623832349854298            1.1139813175976687            2.7849532939941724     
  0.69623832349854298            1.1139813175976687            2.9590128748688080     
  0.69623832349854298            1.1139813175976687            3.1330724557434433     
  0.69623832349854298            1.2532289822973772            0.0000000000000000     
  0.69623832349854298            1.2532289822973772           0.17405958087463577     
  0.69623832349854298            1.2532289822973772           0.34811916174927154     
  0.69623832349854298            1.2532289822973772           0.52217874262390729     
  0.69623832349854298            1.2532289822973772           0.69623832349854309     
  0.69623832349854298            1.2532289822973772           0.87029790437317889     
  0.69623832349854298            1.2532289822973772            1.0443574852478146     
  0.69623832349854298            1.2532289822973772            1.2184170661224505     
  0.69623832349854298            1.2532289822973772            1.3924766469970862     
  0.69623832349854298            1.2532289822973772            1.5665362278717216     
  0.69623832349854298            1.2532289822973772            1.7405958087463578     
  0.69623832349854298            1.2532289822973772            1.9146553896209932     
  0.69623832349854298            1.2532289822973772            2.0887149704956292     
  0.69623832349854298            1.2532289822973772            2.2627745513702648     
  0.69623832349854298            1.2532289822973772            2.4368341322449010     
  0.69623832349854298            1.2532289822973772            2.6108937131195367     
  0.69623832349854298            1.2532289822973772            2.7849532939941724     
  0.69623832349854298            1.2532289822973772            2.9590128748688080     
  0.69623832349854298            1.2532289822973772            3.1330724557434433     
  0.69623832349854298            1.3924766469970860            0.0000000000000000     
  0.69623832349854298            1.3924766469970860           0.17405958087463577     
  0.69623832349854298            1.3924766469970860           0.34811916174927154     
  0.69623832349854298            1.3924766469970860           0.52217874262390729     
  0.69623832349854298            1.3924766469970860           0.69623832349854309     
  0.69623832349854298            1.3924766469970860           0.87029790437317889     
  0.69623832349854298            1.3924766469970860            1.0443574852478146     
  0.69623832349854298            1.3924766469970860            1.2184170661224505     
  0.69623832349854298            1.3924766469970860            1.3924766469970862     
  0.69623832349854298            1.3924766469970860            1.5665362278717216     
  0.69623832349854298            1.3924766469970860            1.7405958087463578     
  0.69623832349854298            1.3924766469970860            1.9146553896209932     
  0.69623832349854298            1.3924766469970860            2.0887149704956292     
  0.69623832349854298            1.3924766469970860            2.2627745513702648     
  0.69623832349854298            1.3924766469970860            2.4368341322449010     
  0.69623832349854298            1.3924766469970860            2.6108937131195367     
  0.69623832349854298            1.3924766469970860            2.7849532939941724     
  0.69623832349854298            1.3924766469970860            2.9590128748688080     
  0.69623832349854298            1.3924766469970860            3.1330724557434433     
  0.69623832349854298            1.5317243116967947            0.0000000000000000     
  0.69623832349854298            1.5317243116967947           0.17405958087463577     
  0.69623832349854298            1.5317243116967947           0.34811916174927154     
  0.69623832349854298            1.5317243116967947           0.52217874262390729     
  0.69623832349854298            1.5317243116967947           0.69623832349854309     
  0.69623832349854298            1.5317243116967947           0.87029790437317889     
  0.69623832349854298            1.5317243116967947            1.0443574852478146     
  0.69623832349854298            1.5317243116967947            1.2184170661224505     
  0.69623832349854298            1.5317243116967947            1.3924766469970862     
  0.69623832349854298            1.5317243116967947            1.5665362278717216     
  0.69623832349854298            1.5317243116967947            1.7405958087463578     
  0.69623832349854298            1.5317243116967947            1.9146553896209932     
  0.69623832349854298            1.5317243116967947            2.0887149704956292     
  0.69623832349854298            1.5317243116967947            2.2627745513702648     
  0.69623832349854298            1.5317243116967947            2.4368341322449010     
  0.69623832349854298            1.5317243116967947            2.6108937131195367     
  0.69623832349854298            1.5317243116967947            2.7849532939941724     
  0.69623832349854298            1.5317243116967947            2.9590128748688080     
  0.69623832349854298            1.5317243116967947            3.1330724557434433     
  0.69623832349854298            1.6709719763965032            0.0000000000000000     
  0.69623832349854298            1.6709719763965032           0.17405958087463577     
  0.69623832349854298            1.6709719763965032           0.34811916174927154     
  0.69623832349854298            1.6709719763965032           0.52217874262390729     
  0.69623832349854298            1.6709719763965032           0.69623832349854309     
  0.69623832349854298            1.6709719763965032           0.87029790437317889     
  0.69623832349854298            1.6709719763965032            1.0443574852478146     
  0.69623832349854298            1.6709719763965032            1.2184170661224505     
  0.69623832349854298            1.6709719763965032            1.3924766469970862     
  0.69623832349854298            1.6709719763965032            1.5665362278717216     
  0.69623832349854298            1.6709719763965032            1.7405958087463578     
  0.69623832349854298            1.6709719763965032            1.9146553896209932     
  0.69623832349854298            1.6709719763965032            2.0887149704956292     
  0.69623832349854298            1.6709719763965032            2.2627745513702648     
  0.69623832349854298            1.6709719763965032            2.4368341322449010     
  0.69623832349854298            1.6709719763965032            2.6108937131195367     
  0.69623832349854298            1.6709719763965032            2.7849532939941724     
  0.69623832349854298            1.6709719763965032            2.9590128748688080     
  0.69623832349854298            1.6709719763965032            3.1330724557434433     
  0.69623832349854298            1.8102196410962119            0.0000000000000000     
  0.69623832349854298            1.8102196410962119           0.17405958087463577     
  0.69623832349854298            1.8102196410962119           0.34811916174927154     
  0.69623832349854298            1.8102196410962119           0.52217874262390729     
  0.69623832349854298            1.8102196410962119           0.69623832349854309     
  0.69623832349854298            1.8102196410962119           0.87029790437317889     
  0.69623832349854298            1.8102196410962119            1.0443574852478146     
  0.69623832349854298            1.8102196410962119            1.2184170661224505     
  0.69623832349854298            1.8102196410962119            1.3924766469970862     
  0.69623832349854298            1.8102196410962119            1.5665362278717216     
  0.69623832349854298            1.8102196410962119            1.7405958087463578     
  0.69623832349854298            1.8102196410962119            1.9146553896209932     
  0.69623832349854298            1.8102196410962119            2.0887149704956292     
  0.69623832349854298            1.8102196410962119            2.2627745513702648     
  0.69623832349854298            1.8102196410962119            2.4368341322449010     
  0.69623832349854298            1.8102196410962119            2.6108937131195367     
  0.69623832349854298            1.8102196410962119            2.7849532939941724     
  0.69623832349854298            1.8102196410962119            2.9590128748688080     
  0.69623832349854298            1.8102196410962119            3.1330724557434433     
  0.69623832349854298            1.9494673057959206            0.0000000000000000     
  0.69623832349854298            1.9494673057959206           0.17405958087463577     
  0.69623832349854298            1.9494673057959206           0.34811916174927154     
  0.69623832349854298            1.9494673057959206           0.52217874262390729     
  0.69623832349854298            1.9494673057959206           0.69623832349854309     
  0.69623832349854298            1.9494673057959206           0.87029790437317889     
  0.69623832349854298            1.9494673057959206            1.0443574852478146     
  0.69623832349854298            1.9494673057959206            1.2184170661224505     
  0.69623832349854298            1.9494673057959206            1.3924766469970862     
  0.69623832349854298            1.9494673057959206            1.5665362278717216     
  0.69623832349854298            1.9494673057959206            1.7405958087463578     
  0.69623832349854298            1.9494673057959206            1.9146553896209932     
  0.69623832349854298            1.9494673057959206            2.0887149704956292     
  0.69623832349854298            1.9494673057959206            2.2627745513702648     
  0.69623832349854298            1.9494673057959206            2.4368341322449010     
  0.69623832349854298            1.9494673057959206            2.6108937131195367     
  0.69623832349854298            1.9494673057959206            2.7849532939941724     
  0.69623832349854298            1.9494673057959206            2.9590128748688080     
  0.69623832349854298            1.9494673057959206            3.1330724557434433     
  0.69623832349854298            2.0887149704956292            0.0000000000000000     
  0.69623832349854298            2.0887149704956292           0.17405958087463577     
  0.69623832349854298            2.0887149704956292           0.34811916174927154     
  0.69623832349854298            2.0887149704956292           0.52217874262390729     
  0.69623832349854298            2.0887149704956292           0.69623832349854309     
  0.69623832349854298            2.0887149704956292           0.87029790437317889     
  0.69623832349854298            2.0887149704956292            1.0443574852478146     
  0.69623832349854298            2.0887149704956292            1.2184170661224505     
  0.69623832349854298            2.0887149704956292            1.3924766469970862     
  0.69623832349854298            2.0887149704956292            1.5665362278717216     
  0.69623832349854298            2.0887149704956292            1.7405958087463578     
  0.69623832349854298            2.0887149704956292            1.9146553896209932     
  0.69623832349854298            2.0887149704956292            2.0887149704956292     
  0.69623832349854298            2.0887149704956292            2.2627745513702648     
  0.69623832349854298            2.0887149704956292            2.4368341322449010     
  0.69623832349854298            2.0887149704956292            2.6108937131195367     
  0.69623832349854298            2.0887149704956292            2.7849532939941724     
  0.69623832349854298            2.0887149704956292            2.9590128748688080     
  0.69623832349854298            2.0887149704956292            3.1330724557434433     
  0.69623832349854298            2.2279626351953374            0.0000000000000000     
  0.69623832349854298            2.2279626351953374           0.17405958087463577     
  0.69623832349854298            2.2279626351953374           0.34811916174927154     
  0.69623832349854298            2.2279626351953374           0.52217874262390729     
  0.69623832349854298            2.2279626351953374           0.69623832349854309     
  0.69623832349854298            2.2279626351953374           0.87029790437317889     
  0.69623832349854298            2.2279626351953374            1.0443574852478146     
  0.69623832349854298            2.2279626351953374            1.2184170661224505     
  0.69623832349854298            2.2279626351953374            1.3924766469970862     
  0.69623832349854298            2.2279626351953374            1.5665362278717216     
  0.69623832349854298            2.2279626351953374            1.7405958087463578     
  0.69623832349854298            2.2279626351953374            1.9146553896209932     
  0.69623832349854298            2.2279626351953374            2.0887149704956292     
  0.69623832349854298            2.2279626351953374            2.2627745513702648     
  0.69623832349854298            2.2279626351953374            2.4368341322449010     
  0.69623832349854298            2.2279626351953374            2.6108937131195367     
  0.69623832349854298            2.2279626351953374            2.7849532939941724     
  0.69623832349854298            2.2279626351953374            2.9590128748688080     
  0.69623832349854298            2.2279626351953374            3.1330724557434433     
  0.69623832349854298            2.3672102998950462            0.0000000000000000     
  0.69623832349854298            2.3672102998950462           0.17405958087463577     
  0.69623832349854298            2.3672102998950462           0.34811916174927154     
  0.69623832349854298            2.3672102998950462           0.52217874262390729     
  0.69623832349854298            2.3672102998950462           0.69623832349854309     
  0.69623832349854298            2.3672102998950462           0.87029790437317889     
  0.69623832349854298            2.3672102998950462            1.0443574852478146     
  0.69623832349854298            2.3672102998950462            1.2184170661224505     
  0.69623832349854298            2.3672102998950462            1.3924766469970862     
  0.69623832349854298            2.3672102998950462            1.5665362278717216     
  0.69623832349854298            2.3672102998950462            1.7405958087463578     
  0.69623832349854298            2.3672102998950462            1.9146553896209932     
  0.69623832349854298            2.3672102998950462            2.0887149704956292     
  0.69623832349854298            2.3672102998950462            2.2627745513702648     
  0.69623832349854298            2.3672102998950462            2.4368341322449010     
  0.69623832349854298            2.3672102998950462            2.6108937131195367     
  0.69623832349854298            2.3672102998950462            2.7849532939941724     
  0.69623832349854298            2.3672102998950462            2.9590128748688080     
  0.69623832349854298            2.3672102998950462            3.1330724557434433     
  0.69623832349854298            2.5064579645947545            0.0000000000000000     
  0.69623832349854298            2.5064579645947545           0.17405958087463577     
  0.69623832349854298            2.5064579645947545           0.34811916174927154     
  0.69623832349854298            2.5064579645947545           0.52217874262390729     
  0.69623832349854298            2.5064579645947545           0.69623832349854309     
  0.69623832349854298            2.5064579645947545           0.87029790437317889     
  0.69623832349854298            2.5064579645947545            1.0443574852478146     
  0.69623832349854298            2.5064579645947545            1.2184170661224505     
  0.69623832349854298            2.5064579645947545            1.3924766469970862     
  0.69623832349854298            2.5064579645947545            1.5665362278717216     
  0.69623832349854298            2.5064579645947545            1.7405958087463578     
  0.69623832349854298            2.5064579645947545            1.9146553896209932     
  0.69623832349854298            2.5064579645947545            2.0887149704956292     
  0.69623832349854298            2.5064579645947545            2.2627745513702648     
  0.69623832349854298            2.5064579645947545            2.4368341322449010     
  0.69623832349854298            2.5064579645947545            2.6108937131195367     
  0.69623832349854298            2.5064579645947545            2.7849532939941724     
  0.69623832349854298            2.5064579645947545            2.9590128748688080     
  0.69623832349854298            2.5064579645947545            3.1330724557434433     
  0.83548598819825159            0.0000000000000000            0.0000000000000000     
  0.83548598819825159            0.0000000000000000           0.17405958087463577     
  0.83548598819825159            0.0000000000000000           0.34811916174927154     
  0.83548598819825159            0.0000000000000000           0.52217874262390729     
  0.83548598819825159            0.0000000000000000           0.69623832349854309     
  0.83548598819825159            0.0000000000000000           0.87029790437317889     
  0.83548598819825159            0.0000000000000000            1.0443574852478146     
  0.83548598819825159            0.0000000000000000            1.2184170661224505     
  0.83548598819825159            0.0000000000000000            1.3924766469970862     
  0.83548598819825159            0.0000000000000000            1.5665362278717216     
  0.83548598819825159            0.0000000000000000            1.7405958087463578     
  0.83548598819825159            0.0000000000000000            1.9146553896209932     
  0.83548598819825159            0.0000000000000000            2.0887149704956292     
  0.83548598819825159            0.0000000000000000            2.2627745513702648     
  0.83548598819825159            0.0000000000000000            2.4368341322449010     
  0.83548598819825159            0.0000000000000000            2.6108937131195367     
  0.83548598819825159            0.0000000000000000            2.7849532939941724     
  0.83548598819825159            0.0000000000000000            2.9590128748688080     
  0.83548598819825159            0.0000000000000000            3.1330724557434433     
  0.83548598819825159           0.13924766469970859            0.0000000000000000     
  0.83548598819825159           0.13924766469970859           0.17405958087463577     
  0.83548598819825159           0.13924766469970859           0.34811916174927154     
  0.83548598819825159           0.13924766469970859           0.52217874262390729     
  0.83548598819825159           0.13924766469970859           0.69623832349854309     
  0.83548598819825159           0.13924766469970859           0.87029790437317889     
  0.83548598819825159           0.13924766469970859            1.0443574852478146     
  0.83548598819825159           0.13924766469970859            1.2184170661224505     
  0.83548598819825159           0.13924766469970859            1.3924766469970862     
  0.83548598819825159           0.13924766469970859            1.5665362278717216     
  0.83548598819825159           0.13924766469970859            1.7405958087463578     
  0.83548598819825159           0.13924766469970859            1.9146553896209932     
  0.83548598819825159           0.13924766469970859            2.0887149704956292     
  0.83548598819825159           0.13924766469970859            2.2627745513702648     
  0.83548598819825159           0.13924766469970859            2.4368341322449010     
  0.83548598819825159           0.13924766469970859            2.6108937131195367     
  0.83548598819825159           0.13924766469970859            2.7849532939941724     
  0.83548598819825159           0.13924766469970859            2.9590128748688080     
  0.83548598819825159           0.13924766469970859            3.1330724557434433     
  0.83548598819825159           0.27849532939941718            0.0000000000000000     
  0.83548598819825159           0.27849532939941718           0.17405958087463577     
  0.83548598819825159           0.27849532939941718           0.34811916174927154     
  0.83548598819825159           0.27849532939941718           0.52217874262390729     
  0.83548598819825159           0.27849532939941718           0.69623832349854309     
  0.83548598819825159           0.27849532939941718           0.87029790437317889     
  0.83548598819825159           0.27849532939941718            1.0443574852478146     
  0.83548598819825159           0.27849532939941718            1.2184170661224505     
  0.83548598819825159           0.27849532939941718            1.3924766469970862     
  0.83548598819825159           0.27849532939941718            1.5665362278717216     
  0.83548598819825159           0.27849532939941718            1.7405958087463578     
  0.83548598819825159           0.27849532939941718            1.9146553896209932     
  0.83548598819825159           0.27849532939941718            2.0887149704956292     
  0.83548598819825159           0.27849532939941718            2.2627745513702648     
  0.83548598819825159           0.27849532939941718            2.4368341322449010     
  0.83548598819825159           0.27849532939941718            2.6108937131195367     
  0.83548598819825159           0.27849532939941718            2.7849532939941724     
  0.83548598819825159           0.27849532939941718            2.9590128748688080     
  0.83548598819825159           0.27849532939941718            3.1330724557434433     
  0.83548598819825159           0.41774299409912580            0.0000000000000000     
  0.83548598819825159           0.41774299409912580           0.17405958087463577     
  0.83548598819825159           0.41774299409912580           0.34811916174927154     
  0.83548598819825159           0.41774299409912580           0.52217874262390729     
  0.83548598819825159           0.41774299409912580           0.69623832349854309     
  0.83548598819825159           0.41774299409912580           0.87029790437317889     
  0.83548598819825159           0.41774299409912580            1.0443574852478146     
  0.83548598819825159           0.41774299409912580            1.2184170661224505     
  0.83548598819825159           0.41774299409912580            1.3924766469970862     
  0.83548598819825159           0.41774299409912580            1.5665362278717216     
  0.83548598819825159           0.41774299409912580            1.7405958087463578     
  0.83548598819825159           0.41774299409912580            1.9146553896209932     
  0.83548598819825159           0.41774299409912580            2.0887149704956292     
  0.83548598819825159           0.41774299409912580            2.2627745513702648     
  0.83548598819825159           0.41774299409912580            2.4368341322449010     
  0.83548598819825159           0.41774299409912580            2.6108937131195367     
  0.83548598819825159           0.41774299409912580            2.7849532939941724     
  0.83548598819825159           0.41774299409912580            2.9590128748688080     
  0.83548598819825159           0.41774299409912580            3.1330724557434433     
  0.83548598819825159           0.55699065879883436            0.0000000000000000     
  0.83548598819825159           0.55699065879883436           0.17405958087463577     
  0.83548598819825159           0.55699065879883436           0.34811916174927154     
  0.83548598819825159           0.55699065879883436           0.52217874262390729     
  0.83548598819825159           0.55699065879883436           0.69623832349854309     
  0.83548598819825159           0.55699065879883436           0.87029790437317889     
  0.83548598819825159           0.55699065879883436            1.0443574852478146     
  0.83548598819825159           0.55699065879883436            1.2184170661224505     
  0.83548598819825159           0.55699065879883436            1.3924766469970862     
  0.83548598819825159           0.55699065879883436            1.5665362278717216     
  0.83548598819825159           0.55699065879883436            1.7405958087463578     
  0.83548598819825159           0.55699065879883436            1.9146553896209932     
  0.83548598819825159           0.55699065879883436            2.0887149704956292     
  0.83548598819825159           0.55699065879883436            2.2627745513702648     
  0.83548598819825159           0.55699065879883436            2.4368341322449010     
  0.83548598819825159           0.55699065879883436            2.6108937131195367     
  0.83548598819825159           0.55699065879883436            2.7849532939941724     
  0.83548598819825159           0.55699065879883436            2.9590128748688080     
  0.83548598819825159           0.55699065879883436            3.1330724557434433     
  0.83548598819825159           0.69623832349854298            0.0000000000000000     
  0.83548598819825159           0.69623832349854298           0.17405958087463577     
  0.83548598819825159           0.69623832349854298           0.34811916174927154     
  0.83548598819825159           0.69623832349854298           0.52217874262390729     
  0.83548598819825159           0.69623832349854298           0.69623832349854309     
  0.83548598819825159           0.69623832349854298           0.87029790437317889     
  0.83548598819825159           0.69623832349854298            1.0443574852478146     
  0.83548598819825159           0.69623832349854298            1.2184170661224505     
  0.83548598819825159           0.69623832349854298            1.3924766469970862     
  0.83548598819825159           0.69623832349854298            1.5665362278717216     
  0.83548598819825159           0.69623832349854298            1.7405958087463578     
  0.83548598819825159           0.69623832349854298            1.9146553896209932     
  0.83548598819825159           0.69623832349854298            2.0887149704956292     
  0.83548598819825159           0.69623832349854298            2.2627745513702648     
  0.83548598819825159           0.69623832349854298            2.4368341322449010     
  0.83548598819825159           0.69623832349854298            2.6108937131195367     
  0.83548598819825159           0.69623832349854298            2.7849532939941724     
  0.83548598819825159           0.69623832349854298            2.9590128748688080     
  0.83548598819825159           0.69623832349854298            3.1330724557434433     
  0.83548598819825159           0.83548598819825159            0.0000000000000000     
  0.83548598819825159           0.83548598819825159           0.17405958087463577     
  0.83548598819825159           0.83548598819825159           0.34811916174927154     
  0.83548598819825159           0.83548598819825159           0.52217874262390729     
  0.83548598819825159           0.83548598819825159           0.69623832349854309     
  0.83548598819825159           0.83548598819825159           0.87029790437317889     
  0.83548598819825159           0.83548598819825159            1.0443574852478146     
  0.83548598819825159           0.83548598819825159            1.2184170661224505     
  0.83548598819825159           0.83548598819825159            1.3924766469970862     
  0.83548598819825159           0.83548598819825159            1.5665362278717216     
  0.83548598819825159           0.83548598819825159            1.7405958087463578     
  0.83548598819825159           0.83548598819825159            1.9146553896209932     
  0.83548598819825159           0.83548598819825159            2.0887149704956292     
  0.83548598819825159           0.83548598819825159            2.2627745513702648     
  0.83548598819825159           0.83548598819825159            2.4368341322449010     
  0.83548598819825159           0.83548598819825159            2.6108937131195367     
  0.83548598819825159           0.83548598819825159            2.7849532939941724     
  0.83548598819825159           0.83548598819825159            2.9590128748688080     
  0.83548598819825159           0.83548598819825159            3.1330724557434433     
  0.83548598819825159           0.97473365289796032            0.0000000000000000     
  0.83548598819825159           0.97473365289796032           0.17405958087463577     
  0.83548598819825159           0.97473365289796032           0.34811916174927154     
  0.83548598819825159           0.97473365289796032           0.52217874262390729     
  0.83548598819825159           0.97473365289796032           0.69623832349854309     
  0.83548598819825159           0.97473365289796032           0.87029790437317889     
  0.83548598819825159           0.97473365289796032            1.0443574852478146     
  0.83548598819825159           0.97473365289796032            1.2184170661224505     
  0.83548598819825159           0.97473365289796032            1.3924766469970862     
  0.83548598819825159           0.97473365289796032            1.5665362278717216     
  0.83548598819825159           0.97473365289796032            1.7405958087463578     
  0.83548598819825159           0.97473365289796032            1.9146553896209932     
  0.83548598819825159           0.97473365289796032            2.0887149704956292     
  0.83548598819825159           0.97473365289796032            2.2627745513702648     
  0.83548598819825159           0.97473365289796032            2.4368341322449010     
  0.83548598819825159           0.97473365289796032            2.6108937131195367     
  0.83548598819825159           0.97473365289796032            2.7849532939941724     
  0.83548598819825159           0.97473365289796032            2.9590128748688080     
  0.83548598819825159           0.97473365289796032            3.1330724557434433     
  0.83548598819825159            1.1139813175976687            0.0000000000000000     
  0.83548598819825159            1.1139813175976687           0.17405958087463577     
  0.83548598819825159            1.1139813175976687           0.34811916174927154     
  0.83548598819825159            1.1139813175976687           0.52217874262390729     
  0.83548598819825159            1.1139813175976687           0.69623832349854309     
  0.83548598819825159            1.1139813175976687           0.87029790437317889     
  0.83548598819825159            1.1139813175976687            1.0443574852478146     
  0.83548598819825159            1.1139813175976687            1.2184170661224505     
  0.83548598819825159            1.1139813175976687            1.3924766469970862     
  0.83548598819825159            1.1139813175976687            1.5665362278717216     
  0.83548598819825159            1.1139813175976687            1.7405958087463578     
  0.83548598819825159            1.1139813175976687            1.9146553896209932     
  0.83548598819825159            1.1139813175976687            2.0887149704956292     
  0.83548598819825159            1.1139813175976687            2.2627745513702648     
  0.83548598819825159            1.1139813175976687            2.4368341322449010     
  0.83548598819825159            1.1139813175976687            2.6108937131195367     
  0.83548598819825159            1.1139813175976687            2.7849532939941724     
  0.83548598819825159            1.1139813175976687            2.9590128748688080     
  0.83548598819825159            1.1139813175976687            3.1330724557434433     
  0.83548598819825159            1.2532289822973772            0.0000000000000000     
  0.83548598819825159            1.2532289822973772           0.17405958087463577     
  0.83548598819825159            1.2532289822973772           0.34811916174927154     
  0.83548598819825159            1.2532289822973772           0.52217874262390729     
  0.83548598819825159            1.2532289822973772           0.69623832349854309     
  0.83548598819825159            1.2532289822973772           0.87029790437317889     
  0.83548598819825159            1.2532289822973772            1.0443574852478146     
  0.83548598819825159            1.2532289822973772            1.2184170661224505     
  0.83548598819825159            1.2532289822973772            1.3924766469970862     
  0.83548598819825159            1.2532289822973772            1.5665362278717216     
  0.83548598819825159            1.2532289822973772            1.7405958087463578     
  0.83548598819825159            1.2532289822973772            1.9146553896209932     
  0.83548598819825159            1.2532289822973772            2.0887149704956292     
  0.83548598819825159            1.2532289822973772            2.2627745513702648     
  0.83548598819825159            1.2532289822973772            2.4368341322449010     
  0.83548598819825159            1.2532289822973772            2.6108937131195367     
  0.83548598819825159            1.2532289822973772            2.7849532939941724     
  0.83548598819825159            1.2532289822973772            2.9590128748688080     
  0.83548598819825159            1.2532289822973772            3.1330724557434433     
  0.83548598819825159            1.3924766469970860            0.0000000000000000     
  0.83548598819825159            1.3924766469970860           0.17405958087463577     
  0.83548598819825159            1.3924766469970860           0.34811916174927154     
  0.83548598819825159            1.3924766469970860           0.52217874262390729     
  0.83548598819825159            1.3924766469970860           0.69623832349854309     
  0.83548598819825159            1.3924766469970860           0.87029790437317889     
  0.83548598819825159            1.3924766469970860            1.0443574852478146     
  0.83548598819825159            1.3924766469970860            1.2184170661224505     
  0.83548598819825159            1.3924766469970860            1.3924766469970862     
  0.83548598819825159            1.3924766469970860            1.5665362278717216     
  0.83548598819825159            1.3924766469970860            1.7405958087463578     
  0.83548598819825159            1.3924766469970860            1.9146553896209932     
  0.83548598819825159            1.3924766469970860            2.0887149704956292     
  0.83548598819825159            1.3924766469970860            2.2627745513702648     
  0.83548598819825159            1.3924766469970860            2.4368341322449010     
  0.83548598819825159            1.3924766469970860            2.6108937131195367     
  0.83548598819825159            1.3924766469970860            2.7849532939941724     
  0.83548598819825159            1.3924766469970860            2.9590128748688080     
  0.83548598819825159            1.3924766469970860            3.1330724557434433     
  0.83548598819825159            1.5317243116967947            0.0000000000000000     
  0.83548598819825159            1.5317243116967947           0.17405958087463577     
  0.83548598819825159            1.5317243116967947           0.34811916174927154     
  0.83548598819825159            1.5317243116967947           0.52217874262390729     
  0.83548598819825159            1.5317243116967947           0.69623832349854309     
  0.83548598819825159            1.5317243116967947           0.87029790437317889     
  0.83548598819825159            1.5317243116967947            1.0443574852478146     
  0.83548598819825159            1.5317243116967947            1.2184170661224505     
  0.83548598819825159            1.5317243116967947            1.3924766469970862     
  0.83548598819825159            1.5317243116967947            1.5665362278717216     
  0.83548598819825159            1.5317243116967947            1.7405958087463578     
  0.83548598819825159            1.5317243116967947            1.9146553896209932     
  0.83548598819825159            1.5317243116967947            2.0887149704956292     
  0.83548598819825159            1.5317243116967947            2.2627745513702648     
  0.83548598819825159            1.5317243116967947            2.4368341322449010     
  0.83548598819825159            1.5317243116967947            2.6108937131195367     
  0.83548598819825159            1.5317243116967947            2.7849532939941724     
  0.83548598819825159            1.5317243116967947            2.9590128748688080     
  0.83548598819825159            1.5317243116967947            3.1330724557434433     
  0.83548598819825159            1.6709719763965032            0.0000000000000000     
  0.83548598819825159            1.6709719763965032           0.17405958087463577     
  0.83548598819825159            1.6709719763965032           0.34811916174927154     
  0.83548598819825159            1.6709719763965032           0.52217874262390729     
  0.83548598819825159            1.6709719763965032           0.69623832349854309     
  0.83548598819825159            1.6709719763965032           0.87029790437317889     
  0.83548598819825159            1.6709719763965032            1.0443574852478146     
  0.83548598819825159            1.6709719763965032            1.2184170661224505     
  0.83548598819825159            1.6709719763965032            1.3924766469970862     
  0.83548598819825159            1.6709719763965032            1.5665362278717216     
  0.83548598819825159            1.6709719763965032            1.7405958087463578     
  0.83548598819825159            1.6709719763965032            1.9146553896209932     
  0.83548598819825159            1.6709719763965032            2.0887149704956292     
  0.83548598819825159            1.6709719763965032            2.2627745513702648     
  0.83548598819825159            1.6709719763965032            2.4368341322449010     
  0.83548598819825159            1.6709719763965032            2.6108937131195367     
  0.83548598819825159            1.6709719763965032            2.7849532939941724     
  0.83548598819825159            1.6709719763965032            2.9590128748688080     
  0.83548598819825159            1.6709719763965032            3.1330724557434433     
  0.83548598819825159            1.8102196410962119            0.0000000000000000     
  0.83548598819825159            1.8102196410962119           0.17405958087463577     
  0.83548598819825159            1.8102196410962119           0.34811916174927154     
  0.83548598819825159            1.8102196410962119           0.52217874262390729     
  0.83548598819825159            1.8102196410962119           0.69623832349854309     
  0.83548598819825159            1.8102196410962119           0.87029790437317889     
  0.83548598819825159            1.8102196410962119            1.0443574852478146     
  0.83548598819825159            1.8102196410962119            1.2184170661224505     
  0.83548598819825159            1.8102196410962119            1.3924766469970862     
  0.83548598819825159            1.8102196410962119            1.5665362278717216     
  0.83548598819825159            1.8102196410962119            1.7405958087463578     
  0.83548598819825159            1.8102196410962119            1.9146553896209932     
  0.83548598819825159            1.8102196410962119            2.0887149704956292     
  0.83548598819825159            1.8102196410962119            2.2627745513702648     
  0.83548598819825159            1.8102196410962119            2.4368341322449010     
  0.83548598819825159            1.8102196410962119            2.6108937131195367     
  0.83548598819825159            1.8102196410962119            2.7849532939941724     
  0.83548598819825159            1.8102196410962119            2.9590128748688080     
  0.83548598819825159            1.8102196410962119            3.1330724557434433     
  0.83548598819825159            1.9494673057959206            0.0000000000000000     
  0.83548598819825159            1.9494673057959206           0.17405958087463577     
  0.83548598819825159            1.9494673057959206           0.34811916174927154     
  0.83548598819825159            1.9494673057959206           0.52217874262390729     
  0.83548598819825159            1.9494673057959206           0.69623832349854309     
  0.83548598819825159            1.9494673057959206           0.87029790437317889     
  0.83548598819825159            1.9494673057959206            1.0443574852478146     
  0.83548598819825159            1.9494673057959206            1.2184170661224505     
  0.83548598819825159            1.9494673057959206            1.3924766469970862     
  0.83548598819825159            1.9494673057959206            1.5665362278717216     
  0.83548598819825159            1.9494673057959206            1.7405958087463578     
  0.83548598819825159            1.9494673057959206            1.9146553896209932     
  0.83548598819825159            1.9494673057959206            2.0887149704956292     
  0.83548598819825159            1.9494673057959206            2.2627745513702648     
  0.83548598819825159            1.9494673057959206            2.4368341322449010     
  0.83548598819825159            1.9494673057959206            2.6108937131195367     
  0.83548598819825159            1.9494673057959206            2.7849532939941724     
  0.83548598819825159            1.9494673057959206            2.9590128748688080     
  0.83548598819825159            1.9494673057959206            3.1330724557434433     
  0.83548598819825159            2.0887149704956292            0.0000000000000000     
  0.83548598819825159            2.0887149704956292           0.17405958087463577     
  0.83548598819825159            2.0887149704956292           0.34811916174927154     
  0.83548598819825159            2.0887149704956292           0.52217874262390729     
  0.83548598819825159            2.0887149704956292           0.69623832349854309     
  0.83548598819825159            2.0887149704956292           0.87029790437317889     
  0.83548598819825159            2.0887149704956292            1.0443574852478146     
  0.83548598819825159            2.0887149704956292            1.2184170661224505     
  0.83548598819825159            2.0887149704956292            1.3924766469970862     
  0.83548598819825159            2.0887149704956292            1.5665362278717216     
  0.83548598819825159            2.0887149704956292            1.7405958087463578     
  0.83548598819825159            2.0887149704956292            1.9146553896209932     
  0.83548598819825159            2.0887149704956292            2.0887149704956292     
  0.83548598819825159            2.0887149704956292            2.2627745513702648     
  0.83548598819825159            2.0887149704956292            2.4368341322449010     
  0.83548598819825159            2.0887149704956292            2.6108937131195367     
  0.83548598819825159            2.0887149704956292            2.7849532939941724     
  0.83548598819825159            2.0887149704956292            2.9590128748688080     
  0.83548598819825159            2.0887149704956292            3.1330724557434433     
  0.83548598819825159            2.2279626351953374            0.0000000000000000     
  0.83548598819825159            2.2279626351953374           0.17405958087463577     
  0.83548598819825159            2.2279626351953374           0.34811916174927154     
  0.83548598819825159            2.2279626351953374           0.52217874262390729     
  0.83548598819825159            2.2279626351953374           0.69623832349854309     
  0.83548598819825159            2.2279626351953374           0.87029790437317889     
  0.83548598819825159            2.2279626351953374            1.0443574852478146     
  0.83548598819825159            2.2279626351953374            1.2184170661224505     
  0.83548598819825159            2.2279626351953374            1.3924766469970862     
  0.83548598819825159            2.2279626351953374            1.5665362278717216     
  0.83548598819825159            2.2279626351953374            1.7405958087463578     
  0.83548598819825159            2.2279626351953374            1.9146553896209932     
  0.83548598819825159            2.2279626351953374            2.0887149704956292     
  0.83548598819825159            2.2279626351953374            2.2627745513702648     
  0.83548598819825159            2.2279626351953374            2.4368341322449010     
  0.83548598819825159            2.2279626351953374            2.6108937131195367     
  0.83548598819825159            2.2279626351953374            2.7849532939941724     
  0.83548598819825159            2.2279626351953374            2.9590128748688080     
  0.83548598819825159            2.2279626351953374            3.1330724557434433     
  0.83548598819825159            2.3672102998950462            0.0000000000000000     
  0.83548598819825159            2.3672102998950462           0.17405958087463577     
  0.83548598819825159            2.3672102998950462           0.34811916174927154     
  0.83548598819825159            2.3672102998950462           0.52217874262390729     
  0.83548598819825159            2.3672102998950462           0.69623832349854309     
  0.83548598819825159            2.3672102998950462           0.87029790437317889     
  0.83548598819825159            2.3672102998950462            1.0443574852478146     
  0.83548598819825159            2.3672102998950462            1.2184170661224505     
  0.83548598819825159            2.3672102998950462            1.3924766469970862     
  0.83548598819825159            2.3672102998950462            1.5665362278717216     
  0.83548598819825159            2.3672102998950462            1.7405958087463578     
  0.83548598819825159            2.3672102998950462            1.9146553896209932     
  0.83548598819825159            2.3672102998950462            2.0887149704956292     
  0.83548598819825159            2.3672102998950462            2.2627745513702648     
  0.83548598819825159            2.3672102998950462            2.4368341322449010     
  0.83548598819825159            2.3672102998950462            2.6108937131195367     
  0.83548598819825159            2.3672102998950462            2.7849532939941724     
  0.83548598819825159            2.3672102998950462            2.9590128748688080     
  0.83548598819825159            2.3672102998950462            3.1330724557434433     
  0.83548598819825159            2.5064579645947545            0.0000000000000000     
  0.83548598819825159            2.5064579645947545           0.17405958087463577     
  0.83548598819825159            2.5064579645947545           0.34811916174927154     
  0.83548598819825159            2.5064579645947545           0.52217874262390729     
  0.83548598819825159            2.5064579645947545           0.69623832349854309     
  0.83548598819825159            2.5064579645947545           0.87029790437317889     
  0.83548598819825159            2.5064579645947545            1.0443574852478146     
  0.83548598819825159            2.5064579645947545            1.2184170661224505     
  0.83548598819825159            2.5064579645947545            1.3924766469970862     
  0.83548598819825159            2.5064579645947545            1.5665362278717216     
  0.83548598819825159            2.5064579645947545            1.7405958087463578     
  0.83548598819825159            2.5064579645947545            1.9146553896209932     
  0.83548598819825159            2.5064579645947545            2.0887149704956292     
  0.83548598819825159            2.5064579645947545            2.2627745513702648     
  0.83548598819825159            2.5064579645947545            2.4368341322449010     
  0.83548598819825159            2.5064579645947545            2.6108937131195367     
  0.83548598819825159            2.5064579645947545            2.7849532939941724     
  0.83548598819825159            2.5064579645947545            2.9590128748688080     
  0.83548598819825159            2.5064579645947545            3.1330724557434433     
  0.97473365289796032            0.0000000000000000            0.0000000000000000     
  0.97473365289796032            0.0000000000000000           0.17405958087463577     
  0.97473365289796032            0.0000000000000000           0.34811916174927154     
  0.97473365289796032            0.0000000000000000           0.52217874262390729     
  0.97473365289796032            0.0000000000000000           0.69623832349854309     
  0.97473365289796032            0.0000000000000000           0.87029790437317889     
  0.97473365289796032            0.0000000000000000            1.0443574852478146     
  0.97473365289796032            0.0000000000000000            1.2184170661224505     
  0.97473365289796032            0.0000000000000000            1.3924766469970862     
  0.97473365289796032            0.0000000000000000            1.5665362278717216     
  0.97473365289796032            0.0000000000000000            1.7405958087463578     
  0.97473365289796032            0.0000000000000000            1.9146553896209932     
  0.97473365289796032            0.0000000000000000            2.0887149704956292     
  0.97473365289796032            0.0000000000000000            2.2627745513702648     
  0.97473365289796032            0.0000000000000000            2.4368341322449010     
  0.97473365289796032            0.0000000000000000            2.6108937131195367     
  0.97473365289796032            0.0000000000000000            2.7849532939941724     
  0.97473365289796032            0.0000000000000000            2.9590128748688080     
  0.97473365289796032            0.0000000000000000            3.1330724557434433     
  0.97473365289796032           0.13924766469970859            0.0000000000000000     
  0.97473365289796032           0.13924766469970859           0.17405958087463577     
  0.97473365289796032           0.13924766469970859           0.34811916174927154     
  0.97473365289796032           0.13924766469970859           0.52217874262390729     
  0.97473365289796032           0.13924766469970859           0.69623832349854309     
  0.97473365289796032           0.13924766469970859           0.87029790437317889     
  0.97473365289796032           0.13924766469970859            1.0443574852478146     
  0.97473365289796032           0.13924766469970859            1.2184170661224505     
  0.97473365289796032           0.13924766469970859            1.3924766469970862     
  0.97473365289796032           0.13924766469970859            1.5665362278717216     
  0.97473365289796032           0.13924766469970859            1.7405958087463578     
  0.97473365289796032           0.13924766469970859            1.9146553896209932     
  0.97473365289796032           0.13924766469970859            2.0887149704956292     
  0.97473365289796032           0.13924766469970859            2.2627745513702648     
  0.97473365289796032           0.13924766469970859            2.4368341322449010     
  0.97473365289796032           0.13924766469970859            2.6108937131195367     
  0.97473365289796032           0.13924766469970859            2.7849532939941724     
  0.97473365289796032           0.13924766469970859            2.9590128748688080     
  0.97473365289796032           0.13924766469970859            3.1330724557434433     
  0.97473365289796032           0.27849532939941718            0.0000000000000000     
  0.97473365289796032           0.27849532939941718           0.17405958087463577     
  0.97473365289796032           0.27849532939941718           0.34811916174927154     
  0.97473365289796032           0.27849532939941718           0.52217874262390729     
  0.97473365289796032           0.27849532939941718           0.69623832349854309     
  0.97473365289796032           0.27849532939941718           0.87029790437317889     
  0.97473365289796032           0.27849532939941718            1.0443574852478146     
  0.97473365289796032           0.27849532939941718            1.2184170661224505     
  0.97473365289796032           0.27849532939941718            1.3924766469970862     
  0.97473365289796032           0.27849532939941718            1.5665362278717216     
  0.97473365289796032           0.27849532939941718            1.7405958087463578     
  0.97473365289796032           0.27849532939941718            1.9146553896209932     
  0.97473365289796032           0.27849532939941718            2.0887149704956292     
  0.97473365289796032           0.27849532939941718            2.2627745513702648     
  0.97473365289796032           0.27849532939941718            2.4368341322449010     
  0.97473365289796032           0.27849532939941718            2.6108937131195367     
  0.97473365289796032           0.27849532939941718            2.7849532939941724     
  0.97473365289796032           0.27849532939941718            2.9590128748688080     
  0.97473365289796032           0.27849532939941718            3.1330724557434433     
  0.97473365289796032           0.41774299409912580            0.0000000000000000     
  0.97473365289796032           0.41774299409912580           0.17405958087463577     
  0.97473365289796032           0.41774299409912580           0.34811916174927154     
  0.97473365289796032           0.41774299409912580           0.52217874262390729     
  0.97473365289796032           0.41774299409912580           0.69623832349854309     
  0.97473365289796032           0.41774299409912580           0.87029790437317889     
  0.97473365289796032           0.41774299409912580            1.0443574852478146     
  0.97473365289796032           0.41774299409912580            1.2184170661224505     
  0.97473365289796032           0.41774299409912580            1.3924766469970862     
  0.97473365289796032           0.41774299409912580            1.5665362278717216     
  0.97473365289796032           0.41774299409912580            1.7405958087463578     
  0.97473365289796032           0.41774299409912580            1.9146553896209932     
  0.97473365289796032           0.41774299409912580            2.0887149704956292     
  0.97473365289796032           0.41774299409912580            2.2627745513702648     
  0.97473365289796032           0.41774299409912580            2.4368341322449010     
  0.97473365289796032           0.41774299409912580            2.6108937131195367     
  0.97473365289796032           0.41774299409912580            2.7849532939941724     
  0.97473365289796032           0.41774299409912580            2.9590128748688080     
  0.97473365289796032           0.41774299409912580            3.1330724557434433     
  0.97473365289796032           0.55699065879883436            0.0000000000000000     
  0.97473365289796032           0.55699065879883436           0.17405958087463577     
  0.97473365289796032           0.55699065879883436           0.34811916174927154     
  0.97473365289796032           0.55699065879883436           0.52217874262390729     
  0.97473365289796032           0.55699065879883436           0.69623832349854309     
  0.97473365289796032           0.55699065879883436           0.87029790437317889     
  0.97473365289796032           0.55699065879883436            1.0443574852478146     
  0.97473365289796032           0.55699065879883436            1.2184170661224505     
  0.97473365289796032           0.55699065879883436            1.3924766469970862     
  0.97473365289796032           0.55699065879883436            1.5665362278717216     
  0.97473365289796032           0.55699065879883436            1.7405958087463578     
  0.97473365289796032           0.55699065879883436            1.9146553896209932     
  0.97473365289796032           0.55699065879883436            2.0887149704956292     
  0.97473365289796032           0.55699065879883436            2.2627745513702648     
  0.97473365289796032           0.55699065879883436            2.4368341322449010     
  0.97473365289796032           0.55699065879883436            2.6108937131195367     
  0.97473365289796032           0.55699065879883436            2.7849532939941724     
  0.97473365289796032           0.55699065879883436            2.9590128748688080     
  0.97473365289796032           0.55699065879883436            3.1330724557434433     
  0.97473365289796032           0.69623832349854298            0.0000000000000000     
  0.97473365289796032           0.69623832349854298           0.17405958087463577     
  0.97473365289796032           0.69623832349854298           0.34811916174927154     
  0.97473365289796032           0.69623832349854298           0.52217874262390729     
  0.97473365289796032           0.69623832349854298           0.69623832349854309     
  0.97473365289796032           0.69623832349854298           0.87029790437317889     
  0.97473365289796032           0.69623832349854298            1.0443574852478146     
  0.97473365289796032           0.69623832349854298            1.2184170661224505     
  0.97473365289796032           0.69623832349854298            1.3924766469970862     
  0.97473365289796032           0.69623832349854298            1.5665362278717216     
  0.97473365289796032           0.69623832349854298            1.7405958087463578     
  0.97473365289796032           0.69623832349854298            1.9146553896209932     
  0.97473365289796032           0.69623832349854298            2.0887149704956292     
  0.97473365289796032           0.69623832349854298            2.2627745513702648     
  0.97473365289796032           0.69623832349854298            2.4368341322449010     
  0.97473365289796032           0.69623832349854298            2.6108937131195367     
  0.97473365289796032           0.69623832349854298            2.7849532939941724     
  0.97473365289796032           0.69623832349854298            2.9590128748688080     
  0.97473365289796032           0.69623832349854298            3.1330724557434433     
  0.97473365289796032           0.83548598819825159            0.0000000000000000     
  0.97473365289796032           0.83548598819825159           0.17405958087463577     
  0.97473365289796032           0.83548598819825159           0.34811916174927154     
  0.97473365289796032           0.83548598819825159           0.52217874262390729     
  0.97473365289796032           0.83548598819825159           0.69623832349854309     
  0.97473365289796032           0.83548598819825159           0.87029790437317889     
  0.97473365289796032           0.83548598819825159            1.0443574852478146     
  0.97473365289796032           0.83548598819825159            1.2184170661224505     
  0.97473365289796032           0.83548598819825159            1.3924766469970862     
  0.97473365289796032           0.83548598819825159            1.5665362278717216     
  0.97473365289796032           0.83548598819825159            1.7405958087463578     
  0.97473365289796032           0.83548598819825159            1.9146553896209932     
  0.97473365289796032           0.83548598819825159            2.0887149704956292     
  0.97473365289796032           0.83548598819825159            2.2627745513702648     
  0.97473365289796032           0.83548598819825159            2.4368341322449010     
  0.97473365289796032           0.83548598819825159            2.6108937131195367     
  0.97473365289796032           0.83548598819825159            2.7849532939941724     
  0.97473365289796032           0.83548598819825159            2.9590128748688080     
  0.97473365289796032           0.83548598819825159            3.1330724557434433     
  0.97473365289796032           0.97473365289796032            0.0000000000000000     
  0.97473365289796032           0.97473365289796032           0.17405958087463577     
  0.97473365289796032           0.97473365289796032           0.34811916174927154     
  0.97473365289796032           0.97473365289796032           0.52217874262390729     
  0.97473365289796032           0.97473365289796032           0.69623832349854309     
  0.97473365289796032           0.97473365289796032           0.87029790437317889     
  0.97473365289796032           0.97473365289796032            1.0443574852478146     
  0.97473365289796032           0.97473365289796032            1.2184170661224505     
  0.97473365289796032           0.97473365289796032            1.3924766469970862     
  0.97473365289796032           0.97473365289796032            1.5665362278717216     
  0.97473365289796032           0.97473365289796032            1.7405958087463578     
  0.97473365289796032           0.97473365289796032            1.9146553896209932     
  0.97473365289796032           0.97473365289796032            2.0887149704956292     
  0.97473365289796032           0.97473365289796032            2.2627745513702648     
  0.97473365289796032           0.97473365289796032            2.4368341322449010     
  0.97473365289796032           0.97473365289796032            2.6108937131195367     
  0.97473365289796032           0.97473365289796032            2.7849532939941724     
  0.97473365289796032           0.97473365289796032            2.9590128748688080     
  0.97473365289796032           0.97473365289796032            3.1330724557434433     
  0.97473365289796032            1.1139813175976687            0.0000000000000000     
  0.97473365289796032            1.1139813175976687           0.17405958087463577     
  0.97473365289796032            1.1139813175976687           0.34811916174927154     
  0.97473365289796032            1.1139813175976687           0.52217874262390729     
  0.97473365289796032            1.1139813175976687           0.69623832349854309     
  0.97473365289796032            1.1139813175976687           0.87029790437317889     
  0.97473365289796032            1.1139813175976687            1.0443574852478146     
  0.97473365289796032            1.1139813175976687            1.2184170661224505     
  0.97473365289796032            1.1139813175976687            1.3924766469970862     
  0.97473365289796032            1.1139813175976687            1.5665362278717216     
  0.97473365289796032            1.1139813175976687            1.7405958087463578     
  0.97473365289796032            1.1139813175976687            1.9146553896209932     
  0.97473365289796032            1.1139813175976687            2.0887149704956292     
  0.97473365289796032            1.1139813175976687            2.2627745513702648     
  0.97473365289796032            1.1139813175976687            2.4368341322449010     
  0.97473365289796032            1.1139813175976687            2.6108937131195367     
  0.97473365289796032            1.1139813175976687            2.7849532939941724     
  0.97473365289796032            1.1139813175976687            2.9590128748688080     
  0.97473365289796032            1.1139813175976687            3.1330724557434433     
  0.97473365289796032            1.2532289822973772            0.0000000000000000     
  0.97473365289796032            1.2532289822973772           0.17405958087463577     
  0.97473365289796032            1.2532289822973772           0.34811916174927154     
  0.97473365289796032            1.2532289822973772           0.52217874262390729     
  0.97473365289796032            1.2532289822973772           0.69623832349854309     
  0.97473365289796032            1.2532289822973772           0.87029790437317889     
  0.97473365289796032            1.2532289822973772            1.0443574852478146     
  0.97473365289796032            1.2532289822973772            1.2184170661224505     
  0.97473365289796032            1.2532289822973772            1.3924766469970862     
  0.97473365289796032            1.2532289822973772            1.5665362278717216     
  0.97473365289796032            1.2532289822973772            1.7405958087463578     
  0.97473365289796032            1.2532289822973772            1.9146553896209932     
  0.97473365289796032            1.2532289822973772            2.0887149704956292     
  0.97473365289796032            1.2532289822973772            2.2627745513702648     
  0.97473365289796032            1.2532289822973772            2.4368341322449010     
  0.97473365289796032            1.2532289822973772            2.6108937131195367     
  0.97473365289796032            1.2532289822973772            2.7849532939941724     
  0.97473365289796032            1.2532289822973772            2.9590128748688080     
  0.97473365289796032            1.2532289822973772            3.1330724557434433     
  0.97473365289796032            1.3924766469970860            0.0000000000000000     
  0.97473365289796032            1.3924766469970860           0.17405958087463577     
  0.97473365289796032            1.3924766469970860           0.34811916174927154     
  0.97473365289796032            1.3924766469970860           0.52217874262390729     
  0.97473365289796032            1.3924766469970860           0.69623832349854309     
  0.97473365289796032            1.3924766469970860           0.87029790437317889     
  0.97473365289796032            1.3924766469970860            1.0443574852478146     
  0.97473365289796032            1.3924766469970860            1.2184170661224505     
  0.97473365289796032            1.3924766469970860            1.3924766469970862     
  0.97473365289796032            1.3924766469970860            1.5665362278717216     
  0.97473365289796032            1.3924766469970860            1.7405958087463578     
  0.97473365289796032            1.3924766469970860            1.9146553896209932     
  0.97473365289796032            1.3924766469970860            2.0887149704956292     
  0.97473365289796032            1.3924766469970860            2.2627745513702648     
  0.97473365289796032            1.3924766469970860            2.4368341322449010     
  0.97473365289796032            1.3924766469970860            2.6108937131195367     
  0.97473365289796032            1.3924766469970860            2.7849532939941724     
  0.97473365289796032            1.3924766469970860            2.9590128748688080     
  0.97473365289796032            1.3924766469970860            3.1330724557434433     
  0.97473365289796032            1.5317243116967947            0.0000000000000000     
  0.97473365289796032            1.5317243116967947           0.17405958087463577     
  0.97473365289796032            1.5317243116967947           0.34811916174927154     
  0.97473365289796032            1.5317243116967947           0.52217874262390729     
  0.97473365289796032            1.5317243116967947           0.69623832349854309     
  0.97473365289796032            1.5317243116967947           0.87029790437317889     
  0.97473365289796032            1.5317243116967947            1.0443574852478146     
  0.97473365289796032            1.5317243116967947            1.2184170661224505     
  0.97473365289796032            1.5317243116967947            1.3924766469970862     
  0.97473365289796032            1.5317243116967947            1.5665362278717216     
  0.97473365289796032            1.5317243116967947            1.7405958087463578     
  0.97473365289796032            1.5317243116967947            1.9146553896209932     
  0.97473365289796032            1.5317243116967947            2.0887149704956292     
  0.97473365289796032            1.5317243116967947            2.2627745513702648     
  0.97473365289796032            1.5317243116967947            2.4368341322449010     
  0.97473365289796032            1.5317243116967947            2.6108937131195367     
  0.97473365289796032            1.5317243116967947            2.7849532939941724     
  0.97473365289796032            1.5317243116967947            2.9590128748688080     
  0.97473365289796032            1.5317243116967947            3.1330724557434433     
  0.97473365289796032            1.6709719763965032            0.0000000000000000     
  0.97473365289796032            1.6709719763965032           0.17405958087463577     
  0.97473365289796032            1.6709719763965032           0.34811916174927154     
  0.97473365289796032            1.6709719763965032           0.52217874262390729     
  0.97473365289796032            1.6709719763965032           0.69623832349854309     
  0.97473365289796032            1.6709719763965032           0.87029790437317889     
  0.97473365289796032            1.6709719763965032            1.0443574852478146     
  0.97473365289796032            1.6709719763965032            1.2184170661224505     
  0.97473365289796032            1.6709719763965032            1.3924766469970862     
  0.97473365289796032            1.6709719763965032            1.5665362278717216     
  0.97473365289796032            1.6709719763965032            1.7405958087463578     
  0.97473365289796032            1.6709719763965032            1.9146553896209932     
  0.97473365289796032            1.6709719763965032            2.0887149704956292     
  0.97473365289796032            1.6709719763965032            2.2627745513702648     
  0.97473365289796032            1.6709719763965032            2.4368341322449010     
  0.97473365289796032            1.6709719763965032            2.6108937131195367     
  0.97473365289796032            1.6709719763965032            2.7849532939941724     
  0.97473365289796032            1.6709719763965032            2.9590128748688080     
  0.97473365289796032            1.6709719763965032            3.1330724557434433     
  0.97473365289796032            1.8102196410962119            0.0000000000000000     
  0.97473365289796032            1.8102196410962119           0.17405958087463577     
  0.97473365289796032            1.8102196410962119           0.34811916174927154     
  0.97473365289796032            1.8102196410962119           0.52217874262390729     
  0.97473365289796032            1.8102196410962119           0.69623832349854309     
  0.97473365289796032            1.8102196410962119           0.87029790437317889     
  0.97473365289796032            1.8102196410962119            1.0443574852478146     
  0.97473365289796032            1.8102196410962119            1.2184170661224505     
  0.97473365289796032            1.8102196410962119            1.3924766469970862     
  0.97473365289796032            1.8102196410962119            1.5665362278717216     
  0.97473365289796032            1.8102196410962119            1.7405958087463578     
  0.97473365289796032            1.8102196410962119            1.9146553896209932     
  0.97473365289796032            1.8102196410962119            2.0887149704956292     
  0.97473365289796032            1.8102196410962119            2.2627745513702648     
  0.97473365289796032            1.8102196410962119            2.4368341322449010     
  0.97473365289796032            1.8102196410962119            2.6108937131195367     
  0.97473365289796032            1.8102196410962119            2.7849532939941724     
  0.97473365289796032            1.8102196410962119            2.9590128748688080     
  0.97473365289796032            1.8102196410962119            3.1330724557434433     
  0.97473365289796032            1.9494673057959206            0.0000000000000000     
  0.97473365289796032            1.9494673057959206           0.17405958087463577     
  0.97473365289796032            1.9494673057959206           0.34811916174927154     
  0.97473365289796032            1.9494673057959206           0.52217874262390729     
  0.97473365289796032            1.9494673057959206           0.69623832349854309     
  0.97473365289796032            1.9494673057959206           0.87029790437317889     
  0.97473365289796032            1.9494673057959206            1.0443574852478146     
  0.97473365289796032            1.9494673057959206            1.2184170661224505     
  0.97473365289796032            1.9494673057959206            1.3924766469970862     
  0.97473365289796032            1.9494673057959206            1.5665362278717216     
  0.97473365289796032            1.9494673057959206            1.7405958087463578     
  0.97473365289796032            1.9494673057959206            1.9146553896209932     
  0.97473365289796032            1.9494673057959206            2.0887149704956292     
  0.97473365289796032            1.9494673057959206            2.2627745513702648     
  0.97473365289796032            1.9494673057959206            2.4368341322449010     
  0.97473365289796032            1.9494673057959206            2.6108937131195367     
  0.97473365289796032            1.9494673057959206            2.7849532939941724     
  0.97473365289796032            1.9494673057959206            2.9590128748688080     
  0.97473365289796032            1.9494673057959206            3.1330724557434433     
  0.97473365289796032            2.0887149704956292            0.0000000000000000     
  0.97473365289796032            2.0887149704956292           0.17405958087463577     
  0.97473365289796032            2.0887149704956292           0.34811916174927154     
  0.97473365289796032            2.0887149704956292           0.52217874262390729     
  0.97473365289796032            2.0887149704956292           0.69623832349854309     
  0.97473365289796032            2.0887149704956292           0.87029790437317889     
  0.97473365289796032            2.0887149704956292            1.0443574852478146     
  0.97473365289796032            2.0887149704956292            1.2184170661224505     
  0.97473365289796032            2.0887149704956292            1.3924766469970862     
  0.97473365289796032            2.0887149704956292            1.5665362278717216     
  0.97473365289796032            2.0887149704956292            1.7405958087463578     
  0.97473365289796032            2.0887149704956292            1.9146553896209932     
  0.97473365289796032            2.0887149704956292            2.0887149704956292     
  0.97473365289796032            2.0887149704956292            2.2627745513702648     
  0.97473365289796032            2.0887149704956292            2.4368341322449010     
  0.97473365289796032            2.0887149704956292            2.6108937131195367     
  0.97473365289796032            2.0887149704956292            2.7849532939941724     
  0.97473365289796032            2.0887149704956292            2.9590128748688080     
  0.97473365289796032            2.0887149704956292            3.1330724557434433     
  0.97473365289796032            2.2279626351953374            0.0000000000000000     
  0.97473365289796032            2.2279626351953374           0.17405958087463577     
  0.97473365289796032            2.2279626351953374           0.34811916174927154     
  0.97473365289796032            2.2279626351953374           0.52217874262390729     
  0.97473365289796032            2.2279626351953374           0.69623832349854309     
  0.97473365289796032            2.2279626351953374           0.87029790437317889     
  0.97473365289796032            2.2279626351953374            1.0443574852478146     
  0.97473365289796032            2.2279626351953374            1.2184170661224505     
  0.97473365289796032            2.2279626351953374            1.3924766469970862     
  0.97473365289796032            2.2279626351953374            1.5665362278717216     
  0.97473365289796032            2.2279626351953374            1.7405958087463578     
  0.97473365289796032            2.2279626351953374            1.9146553896209932     
  0.97473365289796032            2.2279626351953374            2.0887149704956292     
  0.97473365289796032            2.2279626351953374            2.2627745513702648     
  0.97473365289796032            2.2279626351953374            2.4368341322449010     
  0.97473365289796032            2.2279626351953374            2.6108937131195367     
  0.97473365289796032            2.2279626351953374            2.7849532939941724     
  0.97473365289796032            2.2279626351953374            2.9590128748688080     
  0.97473365289796032            2.2279626351953374            3.1330724557434433     
  0.97473365289796032            2.3672102998950462            0.0000000000000000     
  0.97473365289796032            2.3672102998950462           0.17405958087463577     
  0.97473365289796032            2.3672102998950462           0.34811916174927154     
  0.97473365289796032            2.3672102998950462           0.52217874262390729     
  0.97473365289796032            2.3672102998950462           0.69623832349854309     
  0.97473365289796032            2.3672102998950462           0.87029790437317889     
  0.97473365289796032            2.3672102998950462            1.0443574852478146     
  0.97473365289796032            2.3672102998950462            1.2184170661224505     
  0.97473365289796032            2.3672102998950462            1.3924766469970862     
  0.97473365289796032            2.3672102998950462            1.5665362278717216     
  0.97473365289796032            2.3672102998950462            1.7405958087463578     
  0.97473365289796032            2.3672102998950462            1.9146553896209932     
  0.97473365289796032            2.3672102998950462            2.0887149704956292     
  0.97473365289796032            2.3672102998950462            2.2627745513702648     
  0.97473365289796032            2.3672102998950462            2.4368341322449010     
  0.97473365289796032            2.3672102998950462            2.6108937131195367     
  0.97473365289796032            2.3672102998950462            2.7849532939941724     
  0.97473365289796032            2.3672102998950462            2.9590128748688080     
  0.97473365289796032            2.3672102998950462            3.1330724557434433     
  0.97473365289796032            2.5064579645947545            0.0000000000000000     
  0.97473365289796032            2.5064579645947545           0.17405958087463577     
  0.97473365289796032            2.5064579645947545           0.34811916174927154     
  0.97473365289796032            2.5064579645947545           0.52217874262390729     
  0.97473365289796032            2.5064579645947545           0.69623832349854309     
  0.97473365289796032            2.5064579645947545           0.87029790437317889     
  0.97473365289796032            2.5064579645947545            1.0443574852478146     
  0.97473365289796032            2.5064579645947545            1.2184170661224505     
  0.97473365289796032            2.5064579645947545            1.3924766469970862     
  0.97473365289796032            2.5064579645947545            1.5665362278717216     
  0.97473365289796032            2.5064579645947545            1.7405958087463578     
  0.97473365289796032            2.5064579645947545            1.9146553896209932     
  0.97473365289796032            2.5064579645947545            2.0887149704956292     
  0.97473365289796032            2.5064579645947545            2.2627745513702648     
  0.97473365289796032            2.5064579645947545            2.4368341322449010     
  0.97473365289796032            2.5064579645947545            2.6108937131195367     
  0.97473365289796032            2.5064579645947545            2.7849532939941724     
  0.97473365289796032            2.5064579645947545            2.9590128748688080     
  0.97473365289796032            2.5064579645947545            3.1330724557434433     
   1.1139813175976687            0.0000000000000000            0.0000000000000000     
   1.1139813175976687            0.0000000000000000           0.17405958087463577     
   1.1139813175976687            0.0000000000000000           0.34811916174927154     
   1.1139813175976687            0.0000000000000000           0.52217874262390729     
   1.1139813175976687            0.0000000000000000           0.69623832349854309     
   1.1139813175976687            0.0000000000000000           0.87029790437317889     
   1.1139813175976687            0.0000000000000000            1.0443574852478146     
   1.1139813175976687            0.0000000000000000            1.2184170661224505     
   1.1139813175976687            0.0000000000000000            1.3924766469970862     
   1.1139813175976687            0.0000000000000000            1.5665362278717216     
   1.1139813175976687            0.0000000000000000            1.7405958087463578     
   1.1139813175976687            0.0000000000000000            1.9146553896209932     
   1.1139813175976687            0.0000000000000000            2.0887149704956292     
   1.1139813175976687            0.0000000000000000            2.2627745513702648     
   1.1139813175976687            0.0000000000000000            2.4368341322449010     
   1.1139813175976687            0.0000000000000000            2.6108937131195367     
   1.1139813175976687            0.0000000000000000            2.7849532939941724     
   1.1139813175976687            0.0000000000000000            2.9590128748688080     
   1.1139813175976687            0.0000000000000000            3.1330724557434433     
   1.1139813175976687           0.13924766469970859            0.0000000000000000     
   1.1139813175976687           0.13924766469970859           0.17405958087463577     
   1.1139813175976687           0.13924766469970859           0.34811916174927154     
   1.1139813175976687           0.13924766469970859           0.52217874262390729     
   1.1139813175976687           0.13924766469970859           0.69623832349854309     
   1.1139813175976687           0.13924766469970859           0.87029790437317889     
   1.1139813175976687           0.13924766469970859            1.0443574852478146     
   1.1139813175976687           0.13924766469970859            1.2184170661224505     
   1.1139813175976687           0.13924766469970859            1.3924766469970862     
   1.1139813175976687           0.13924766469970859            1.5665362278717216     
   1.1139813175976687           0.13924766469970859            1.7405958087463578     
   1.1139813175976687           0.13924766469970859            1.9146553896209932     
   1.1139813175976687           0.13924766469970859            2.0887149704956292     
   1.1139813175976687           0.13924766469970859            2.2627745513702648     
   1.1139813175976687           0.13924766469970859            2.4368341322449010     
   1.1139813175976687           0.13924766469970859            2.6108937131195367     
   1.1139813175976687           0.13924766469970859            2.7849532939941724     
   1.1139813175976687           0.13924766469970859            2.9590128748688080     
   1.1139813175976687           0.13924766469970859            3.1330724557434433     
   1.1139813175976687           0.27849532939941718            0.0000000000000000     
   1.1139813175976687           0.27849532939941718           0.17405958087463577     
   1.1139813175976687           0.27849532939941718           0.34811916174927154     
   1.1139813175976687           0.27849532939941718           0.52217874262390729     
   1.1139813175976687           0.27849532939941718           0.69623832349854309     
   1.1139813175976687           0.27849532939941718           0.87029790437317889     
   1.1139813175976687           0.27849532939941718            1.0443574852478146     
   1.1139813175976687           0.27849532939941718            1.2184170661224505     
   1.1139813175976687           0.27849532939941718            1.3924766469970862     
   1.1139813175976687           0.27849532939941718            1.5665362278717216     
   1.1139813175976687           0.27849532939941718            1.7405958087463578     
   1.1139813175976687           0.27849532939941718            1.9146553896209932     
   1.1139813175976687           0.27849532939941718            2.0887149704956292     
   1.1139813175976687           0.27849532939941718            2.2627745513702648     
   1.1139813175976687           0.27849532939941718            2.4368341322449010     
   1.1139813175976687           0.27849532939941718            2.6108937131195367     
   1.1139813175976687           0.27849532939941718            2.7849532939941724     
   1.1139813175976687           0.27849532939941718            2.9590128748688080     
   1.1139813175976687           0.27849532939941718            3.1330724557434433     
   1.1139813175976687           0.41774299409912580            0.0000000000000000     
   1.1139813175976687           0.41774299409912580           0.17405958087463577     
   1.1139813175976687           0.41774299409912580           0.34811916174927154     
   1.1139813175976687           0.41774299409912580           0.52217874262390729     
   1.1139813175976687           0.41774299409912580           0.69623832349854309     
   1.1139813175976687           0.41774299409912580           0.87029790437317889     
   1.1139813175976687           0.41774299409912580            1.0443574852478146     
   1.1139813175976687           0.41774299409912580            1.2184170661224505     
   1.1139813175976687           0.41774299409912580            1.3924766469970862     
   1.1139813175976687           0.41774299409912580            1.5665362278717216     
   1.1139813175976687           0.41774299409912580            1.7405958087463578     
   1.1139813175976687           0.41774299409912580            1.9146553896209932     
   1.1139813175976687           0.41774299409912580            2.0887149704956292     
   1.1139813175976687           0.41774299409912580            2.2627745513702648     
   1.1139813175976687           0.41774299409912580            2.4368341322449010     
   1.1139813175976687           0.41774299409912580            2.6108937131195367     
   1.1139813175976687           0.41774299409912580            2.7849532939941724     
   1.1139813175976687           0.41774299409912580            2.9590128748688080     
   1.1139813175976687           0.41774299409912580            3.1330724557434433     
   1.1139813175976687           0.55699065879883436            0.0000000000000000     
   1.1139813175976687           0.55699065879883436           0.17405958087463577     
   1.1139813175976687           0.55699065879883436           0.34811916174927154     
   1.1139813175976687           0.55699065879883436           0.52217874262390729     
   1.1139813175976687           0.55699065879883436           0.69623832349854309     
   1.1139813175976687           0.55699065879883436           0.87029790437317889     
   1.1139813175976687           0.55699065879883436            1.0443574852478146     
   1.1139813175976687           0.55699065879883436            1.2184170661224505     
   1.1139813175976687           0.55699065879883436            1.3924766469970862     
   1.1139813175976687           0.55699065879883436            1.5665362278717216     
   1.1139813175976687           0.55699065879883436            1.7405958087463578     
   1.1139813175976687           0.55699065879883436            1.9146553896209932     
   1.1139813175976687           0.55699065879883436            2.0887149704956292     
   1.1139813175976687           0.55699065879883436            2.2627745513702648     
   1.1139813175976687           0.55699065879883436            2.4368341322449010     
   1.1139813175976687           0.55699065879883436            2.6108937131195367     
   1.1139813175976687           0.55699065879883436            2.7849532939941724     
   1.1139813175976687           0.55699065879883436            2.9590128748688080     
   1.1139813175976687           0.55699065879883436            3.1330724557434433     
   1.1139813175976687           0.69623832349854298            0.0000000000000000     
   1.1139813175976687           0.69623832349854298           0.17405958087463577     
   1.1139813175976687           0.69623832349854298           0.34811916174927154     
   1.1139813175976687           0.69623832349854298           0.52217874262390729     
   1.1139813175976687           0.69623832349854298           0.69623832349854309     
   1.1139813175976687           0.69623832349854298           0.87029790437317889     
   1.1139813175976687           0.69623832349854298            1.0443574852478146     
   1.1139813175976687           0.69623832349854298            1.2184170661224505     
   1.1139813175976687           0.69623832349854298            1.3924766469970862     
   1.1139813175976687           0.69623832349854298            1.5665362278717216     
   1.1139813175976687           0.69623832349854298            1.7405958087463578     
   1.1139813175976687           0.69623832349854298            1.9146553896209932     
   1.1139813175976687           0.69623832349854298            2.0887149704956292     
   1.1139813175976687           0.69623832349854298            2.2627745513702648     
   1.1139813175976687           0.69623832349854298            2.4368341322449010     
   1.1139813175976687           0.69623832349854298            2.6108937131195367     
   1.1139813175976687           0.69623832349854298            2.7849532939941724     
   1.1139813175976687           0.69623832349854298            2.9590128748688080     
   1.1139813175976687           0.69623832349854298            3.1330724557434433     
   1.1139813175976687           0.83548598819825159            0.0000000000000000     
   1.1139813175976687           0.83548598819825159           0.17405958087463577     
   1.1139813175976687           0.83548598819825159           0.34811916174927154     
   1.1139813175976687           0.83548598819825159           0.52217874262390729     
   1.1139813175976687           0.83548598819825159           0.69623832349854309     
   1.1139813175976687           0.83548598819825159           0.87029790437317889     
   1.1139813175976687           0.83548598819825159            1.0443574852478146     
   1.1139813175976687           0.83548598819825159            1.2184170661224505     
   1.1139813175976687           0.83548598819825159            1.3924766469970862     
   1.1139813175976687           0.83548598819825159            1.5665362278717216     
   1.1139813175976687           0.83548598819825159            1.7405958087463578     
   1.1139813175976687           0.83548598819825159            1.9146553896209932     
   1.1139813175976687           0.83548598819825159            2.0887149704956292     
   1.1139813175976687           0.83548598819825159            2.2627745513702648     
   1.1139813175976687           0.83548598819825159            2.4368341322449010     
   1.1139813175976687           0.83548598819825159            2.6108937131195367     
   1.1139813175976687           0.83548598819825159            2.7849532939941724     
   1.1139813175976687           0.83548598819825159            2.9590128748688080     
   1.1139813175976687           0.83548598819825159            3.1330724557434433     
   1.1139813175976687           0.97473365289796032            0.0000000000000000     
   1.1139813175976687           0.97473365289796032           0.17405958087463577     
   1.1139813175976687           0.97473365289796032           0.34811916174927154     
   1.1139813175976687           0.97473365289796032           0.52217874262390729     
   1.1139813175976687           0.97473365289796032           0.69623832349854309     
   1.1139813175976687           0.97473365289796032           0.87029790437317889     
   1.1139813175976687           0.97473365289796032            1.0443574852478146     
   1.1139813175976687           0.97473365289796032            1.2184170661224505     
   1.1139813175976687           0.97473365289796032            1.3924766469970862     
   1.1139813175976687           0.97473365289796032            1.5665362278717216     
   1.1139813175976687           0.97473365289796032            1.7405958087463578     
   1.1139813175976687           0.97473365289796032            1.9146553896209932     
   1.1139813175976687           0.97473365289796032            2.0887149704956292     
   1.1139813175976687           0.97473365289796032            2.2627745513702648     
   1.1139813175976687           0.97473365289796032            2.4368341322449010     
   1.1139813175976687           0.97473365289796032            2.6108937131195367     
   1.1139813175976687           0.97473365289796032            2.7849532939941724     
   1.1139813175976687           0.97473365289796032            2.9590128748688080     
   1.1139813175976687           0.97473365289796032            3.1330724557434433     
   1.1139813175976687            1.1139813175976687            0.0000000000000000     
   1.1139813175976687            1.1139813175976687           0.17405958087463577     
   1.1139813175976687            1.1139813175976687           0.34811916174927154     
   1.1139813175976687            1.1139813175976687           0.52217874262390729     
   1.1139813175976687            1.1139813175976687           0.69623832349854309     
   1.1139813175976687            1.1139813175976687           0.87029790437317889     
   1.1139813175976687            1.1139813175976687            1.0443574852478146     
   1.1139813175976687            1.1139813175976687            1.2184170661224505     
   1.1139813175976687            1.1139813175976687            1.3924766469970862     
   1.1139813175976687            1.1139813175976687            1.5665362278717216     
   1.1139813175976687            1.1139813175976687            1.7405958087463578     
   1.1139813175976687            1.1139813175976687            1.9146553896209932     
   1.1139813175976687            1.1139813175976687            2.0887149704956292     
   1.1139813175976687            1.1139813175976687            2.2627745513702648     
   1.1139813175976687            1.1139813175976687            2.4368341322449010     
   1.1139813175976687            1.1139813175976687            2.6108937131195367     
   1.1139813175976687            1.1139813175976687            2.7849532939941724     
   1.1139813175976687            1.1139813175976687            2.9590128748688080     
   1.1139813175976687            1.1139813175976687            3.1330724557434433     
   1.1139813175976687            1.2532289822973772            0.0000000000000000     
   1.1139813175976687            1.2532289822973772           0.17405958087463577     
   1.1139813175976687            1.2532289822973772           0.34811916174927154     
   1.1139813175976687            1.2532289822973772           0.52217874262390729     
   1.1139813175976687            1.2532289822973772           0.69623832349854309     
   1.1139813175976687            1.2532289822973772           0.87029790437317889     
   1.1139813175976687            1.2532289822973772            1.0443574852478146     
   1.1139813175976687            1.2532289822973772            1.2184170661224505     
   1.1139813175976687            1.2532289822973772            1.3924766469970862     
   1.1139813175976687            1.2532289822973772            1.5665362278717216     
   1.1139813175976687            1.2532289822973772            1.7405958087463578     
   1.1139813175976687            1.2532289822973772            1.9146553896209932     
   1.1139813175976687            1.2532289822973772            2.0887149704956292     
   1.1139813175976687            1.2532289822973772            2.2627745513702648     
   1.1139813175976687            1.2532289822973772            2.4368341322449010     
   1.1139813175976687            1.2532289822973772            2.6108937131195367     
   1.1139813175976687            1.2532289822973772            2.7849532939941724     
   1.1139813175976687            1.2532289822973772            2.9590128748688080     
   1.1139813175976687            1.2532289822973772            3.1330724557434433     
   1.1139813175976687            1.3924766469970860            0.0000000000000000     
   1.1139813175976687            1.3924766469970860           0.17405958087463577     
   1.1139813175976687            1.3924766469970860           0.34811916174927154     
   1.1139813175976687            1.3924766469970860           0.52217874262390729     
   1.1139813175976687            1.3924766469970860           0.69623832349854309     
   1.1139813175976687            1.3924766469970860           0.87029790437317889     
   1.1139813175976687            1.3924766469970860            1.0443574852478146     
   1.1139813175976687            1.3924766469970860            1.2184170661224505     
   1.1139813175976687            1.3924766469970860            1.3924766469970862     
   1.1139813175976687            1.3924766469970860            1.5665362278717216     
   1.1139813175976687            1.3924766469970860            1.7405958087463578     
   1.1139813175976687            1.3924766469970860            1.9146553896209932     
   1.1139813175976687            1.3924766469970860            2.0887149704956292     
   1.1139813175976687            1.3924766469970860            2.2627745513702648     
   1.1139813175976687            1.3924766469970860            2.4368341322449010     
   1.1139813175976687            1.3924766469970860            2.6108937131195367     
   1.1139813175976687            1.3924766469970860            2.7849532939941724     
   1.1139813175976687            1.3924766469970860            2.9590128748688080     
   1.1139813175976687            1.3924766469970860            3.1330724557434433     
   1.1139813175976687            1.5317243116967947            0.0000000000000000     
   1.1139813175976687            1.5317243116967947           0.17405958087463577     
   1.1139813175976687            1.5317243116967947           0.34811916174927154     
   1.1139813175976687            1.5317243116967947           0.52217874262390729     
   1.1139813175976687            1.5317243116967947           0.69623832349854309     
   1.1139813175976687            1.5317243116967947           0.87029790437317889     
   1.1139813175976687            1.5317243116967947            1.0443574852478146     
   1.1139813175976687            1.5317243116967947            1.2184170661224505     
   1.1139813175976687            1.5317243116967947            1.3924766469970862     
   1.1139813175976687            1.5317243116967947            1.5665362278717216     
   1.1139813175976687            1.5317243116967947            1.7405958087463578     
   1.1139813175976687            1.5317243116967947            1.9146553896209932     
   1.1139813175976687            1.5317243116967947            2.0887149704956292     
   1.1139813175976687            1.5317243116967947            2.2627745513702648     
   1.1139813175976687            1.5317243116967947            2.4368341322449010     
   1.1139813175976687            1.5317243116967947            2.6108937131195367     
   1.1139813175976687            1.5317243116967947            2.7849532939941724     
   1.1139813175976687            1.5317243116967947            2.9590128748688080     
   1.1139813175976687            1.5317243116967947            3.1330724557434433     
   1.1139813175976687            1.6709719763965032            0.0000000000000000     
   1.1139813175976687            1.6709719763965032           0.17405958087463577     
   1.1139813175976687            1.6709719763965032           0.34811916174927154     
   1.1139813175976687            1.6709719763965032           0.52217874262390729     
   1.1139813175976687            1.6709719763965032           0.69623832349854309     
   1.1139813175976687            1.6709719763965032           0.87029790437317889     
   1.1139813175976687            1.6709719763965032            1.0443574852478146     
   1.1139813175976687            1.6709719763965032            1.2184170661224505     
   1.1139813175976687            1.6709719763965032            1.3924766469970862     
   1.1139813175976687            1.6709719763965032            1.5665362278717216     
   1.1139813175976687            1.6709719763965032            1.7405958087463578     
   1.1139813175976687            1.6709719763965032            1.9146553896209932     
   1.1139813175976687            1.6709719763965032            2.0887149704956292     
   1.1139813175976687            1.6709719763965032            2.2627745513702648     
   1.1139813175976687            1.6709719763965032            2.4368341322449010     
   1.1139813175976687            1.6709719763965032            2.6108937131195367     
   1.1139813175976687            1.6709719763965032            2.7849532939941724     
   1.1139813175976687            1.6709719763965032            2.9590128748688080     
   1.1139813175976687            1.6709719763965032            3.1330724557434433     
   1.1139813175976687            1.8102196410962119            0.0000000000000000     
   1.1139813175976687            1.8102196410962119           0.17405958087463577     
   1.1139813175976687            1.8102196410962119           0.34811916174927154     
   1.1139813175976687            1.8102196410962119           0.52217874262390729     
   1.1139813175976687            1.8102196410962119           0.69623832349854309     
   1.1139813175976687            1.8102196410962119           0.87029790437317889     
   1.1139813175976687            1.8102196410962119            1.0443574852478146     
   1.1139813175976687            1.8102196410962119            1.2184170661224505     
   1.1139813175976687            1.8102196410962119            1.3924766469970862     
   1.1139813175976687            1.8102196410962119            1.5665362278717216     
   1.1139813175976687            1.8102196410962119            1.7405958087463578     
   1.1139813175976687            1.8102196410962119            1.9146553896209932     
   1.1139813175976687            1.8102196410962119            2.0887149704956292     
   1.1139813175976687            1.8102196410962119            2.2627745513702648     
   1.1139813175976687            1.8102196410962119            2.4368341322449010     
   1.1139813175976687            1.8102196410962119            2.6108937131195367     
   1.1139813175976687            1.8102196410962119            2.7849532939941724     
   1.1139813175976687            1.8102196410962119            2.9590128748688080     
   1.1139813175976687            1.8102196410962119            3.1330724557434433     
   1.1139813175976687            1.9494673057959206            0.0000000000000000     
   1.1139813175976687            1.9494673057959206           0.17405958087463577     
   1.1139813175976687            1.9494673057959206           0.34811916174927154     
   1.1139813175976687            1.9494673057959206           0.52217874262390729     
   1.1139813175976687            1.9494673057959206           0.69623832349854309     
   1.1139813175976687            1.9494673057959206           0.87029790437317889     
   1.1139813175976687            1.9494673057959206            1.0443574852478146     
   1.1139813175976687            1.9494673057959206            1.2184170661224505     
   1.1139813175976687            1.9494673057959206            1.3924766469970862     
   1.1139813175976687            1.9494673057959206            1.5665362278717216     
   1.1139813175976687            1.9494673057959206            1.7405958087463578     
   1.1139813175976687            1.9494673057959206            1.9146553896209932     
   1.1139813175976687            1.9494673057959206            2.0887149704956292     
   1.1139813175976687            1.9494673057959206            2.2627745513702648     
   1.1139813175976687            1.9494673057959206            2.4368341322449010     
   1.1139813175976687            1.9494673057959206            2.6108937131195367     
   1.1139813175976687            1.9494673057959206            2.7849532939941724     
   1.1139813175976687            1.9494673057959206            2.9590128748688080     
   1.1139813175976687            1.9494673057959206            3.1330724557434433     
   1.1139813175976687            2.0887149704956292            0.0000000000000000     
   1.1139813175976687            2.0887149704956292           0.17405958087463577     
   1.1139813175976687            2.0887149704956292           0.34811916174927154     
   1.1139813175976687            2.0887149704956292           0.52217874262390729     
   1.1139813175976687            2.0887149704956292           0.69623832349854309     
   1.1139813175976687            2.0887149704956292           0.87029790437317889     
   1.1139813175976687            2.0887149704956292            1.0443574852478146     
   1.1139813175976687            2.0887149704956292            1.2184170661224505     
   1.1139813175976687            2.0887149704956292            1.3924766469970862     
   1.1139813175976687            2.0887149704956292            1.5665362278717216     
   1.1139813175976687            2.0887149704956292            1.7405958087463578     
   1.1139813175976687            2.0887149704956292            1.9146553896209932     
   1.1139813175976687            2.0887149704956292            2.0887149704956292     
   1.1139813175976687            2.0887149704956292            2.2627745513702648     
   1.1139813175976687            2.0887149704956292            2.4368341322449010     
   1.1139813175976687            2.0887149704956292            2.6108937131195367     
   1.1139813175976687            2.0887149704956292            2.7849532939941724     
   1.1139813175976687            2.0887149704956292            2.9590128748688080     
   1.1139813175976687            2.0887149704956292            3.1330724557434433     
   1.1139813175976687            2.2279626351953374            0.0000000000000000     
   1.1139813175976687            2.2279626351953374           0.17405958087463577     
   1.1139813175976687            2.2279626351953374           0.34811916174927154     
   1.1139813175976687            2.2279626351953374           0.52217874262390729     
   1.1139813175976687            2.2279626351953374           0.69623832349854309     
   1.1139813175976687            2.2279626351953374           0.87029790437317889     
   1.1139813175976687            2.2279626351953374            1.0443574852478146     
   1.1139813175976687            2.2279626351953374            1.2184170661224505     
   1.1139813175976687            2.2279626351953374            1.3924766469970862     
   1.1139813175976687            2.2279626351953374            1.5665362278717216     
   1.1139813175976687            2.2279626351953374            1.7405958087463578     
   1.1139813175976687            2.2279626351953374            1.9146553896209932     
   1.1139813175976687            2.2279626351953374            2.0887149704956292     
   1.1139813175976687            2.2279626351953374            2.2627745513702648     
   1.1139813175976687            2.2279626351953374            2.4368341322449010     
   1.1139813175976687            2.2279626351953374            2.6108937131195367     
   1.1139813175976687            2.2279626351953374            2.7849532939941724     
   1.1139813175976687            2.2279626351953374            2.9590128748688080     
   1.1139813175976687            2.2279626351953374            3.1330724557434433     
   1.1139813175976687            2.3672102998950462            0.0000000000000000     
   1.1139813175976687            2.3672102998950462           0.17405958087463577     
   1.1139813175976687            2.3672102998950462           0.34811916174927154     
   1.1139813175976687            2.3672102998950462           0.52217874262390729     
   1.1139813175976687            2.3672102998950462           0.69623832349854309     
   1.1139813175976687            2.3672102998950462           0.87029790437317889     
   1.1139813175976687            2.3672102998950462            1.0443574852478146     
   1.1139813175976687            2.3672102998950462            1.2184170661224505     
   1.1139813175976687            2.3672102998950462            1.3924766469970862     
   1.1139813175976687            2.3672102998950462            1.5665362278717216     
   1.1139813175976687            2.3672102998950462            1.7405958087463578     
   1.1139813175976687            2.3672102998950462            1.9146553896209932     
   1.1139813175976687            2.3672102998950462            2.0887149704956292     
   1.1139813175976687            2.3672102998950462            2.2627745513702648     
   1.1139813175976687            2.3672102998950462            2.4368341322449010     
   1.1139813175976687            2.3672102998950462            2.6108937131195367     
   1.1139813175976687            2.3672102998950462            2.7849532939941724     
   1.1139813175976687            2.3672102998950462            2.9590128748688080     
   1.1139813175976687            2.3672102998950462            3.1330724557434433     
   1.1139813175976687            2.5064579645947545            0.0000000000000000     
   1.1139813175976687            2.5064579645947545           0.17405958087463577     
   1.1139813175976687            2.5064579645947545           0.34811916174927154     
   1.1139813175976687            2.5064579645947545           0.52217874262390729     
   1.1139813175976687            2.5064579645947545           0.69623832349854309     
   1.1139813175976687            2.5064579645947545           0.87029790437317889     
   1.1139813175976687            2.5064579645947545            1.0443574852478146     
   1.1139813175976687            2.5064579645947545            1.2184170661224505     
   1.1139813175976687            2.5064579645947545            1.3924766469970862     
   1.1139813175976687            2.5064579645947545            1.5665362278717216     
   1.1139813175976687            2.5064579645947545            1.7405958087463578     
   1.1139813175976687            2.5064579645947545            1.9146553896209932     
   1.1139813175976687            2.5064579645947545            2.0887149704956292     
   1.1139813175976687            2.5064579645947545            2.2627745513702648     
   1.1139813175976687            2.5064579645947545            2.4368341322449010     
   1.1139813175976687            2.5064579645947545            2.6108937131195367     
   1.1139813175976687            2.5064579645947545            2.7849532939941724     
   1.1139813175976687            2.5064579645947545            2.9590128748688080     
   1.1139813175976687            2.5064579645947545            3.1330724557434433     
   1.2532289822973772            0.0000000000000000            0.0000000000000000     
   1.2532289822973772            0.0000000000000000           0.17405958087463577     
   1.2532289822973772            0.0000000000000000           0.34811916174927154     
   1.2532289822973772            0.0000000000000000           0.52217874262390729     
   1.2532289822973772            0.0000000000000000           0.69623832349854309     
   1.2532289822973772            0.0000000000000000           0.87029790437317889     
   1.2532289822973772            0.0000000000000000            1.0443574852478146     
   1.2532289822973772            0.0000000000000000            1.2184170661224505     
   1.2532289822973772            0.0000000000000000            1.3924766469970862     
   1.2532289822973772            0.0000000000000000            1.5665362278717216     
   1.2532289822973772            0.0000000000000000            1.7405958087463578     
   1.2532289822973772            0.0000000000000000            1.9146553896209932     
   1.2532289822973772            0.0000000000000000            2.0887149704956292     
   1.2532289822973772            0.0000000000000000            2.2627745513702648     
   1.2532289822973772            0.0000000000000000            2.4368341322449010     
   1.2532289822973772            0.0000000000000000            2.6108937131195367     
   1.2532289822973772            0.0000000000000000            2.7849532939941724     
   1.2532289822973772            0.0000000000000000            2.9590128748688080     
   1.2532289822973772            0.0000000000000000            3.1330724557434433     
   1.2532289822973772           0.13924766469970859            0.0000000000000000     
   1.2532289822973772           0.13924766469970859           0.17405958087463577     
   1.2532289822973772           0.13924766469970859           0.34811916174927154     
   1.2532289822973772           0.13924766469970859           0.52217874262390729     
   1.2532289822973772           0.13924766469970859           0.69623832349854309     
   1.2532289822973772           0.13924766469970859           0.87029790437317889     
   1.2532289822973772           0.13924766469970859            1.0443574852478146     
   1.2532289822973772           0.13924766469970859            1.2184170661224505     
   1.2532289822973772           0.13924766469970859            1.3924766469970862     
   1.2532289822973772           0.13924766469970859            1.5665362278717216     
   1.2532289822973772           0.13924766469970859            1.7405958087463578     
   1.2532289822973772           0.13924766469970859            1.9146553896209932     
   1.2532289822973772           0.13924766469970859            2.0887149704956292     
   1.2532289822973772           0.13924766469970859            2.2627745513702648     
   1.2532289822973772           0.13924766469970859            2.4368341322449010     
   1.2532289822973772           0.13924766469970859            2.6108937131195367     
   1.2532289822973772           0.13924766469970859            2.7849532939941724     
   1.2532289822973772           0.13924766469970859            2.9590128748688080     
   1.2532289822973772           0.13924766469970859            3.1330724557434433     
   1.2532289822973772           0.27849532939941718            0.0000000000000000     
   1.2532289822973772           0.27849532939941718           0.17405958087463577     
   1.2532289822973772           0.27849532939941718           0.34811916174927154     
   1.2532289822973772           0.27849532939941718           0.52217874262390729     
   1.2532289822973772           0.27849532939941718           0.69623832349854309     
   1.2532289822973772           0.27849532939941718           0.87029790437317889     
   1.2532289822973772           0.27849532939941718            1.0443574852478146     
   1.2532289822973772           0.27849532939941718            1.2184170661224505     
   1.2532289822973772           0.27849532939941718            1.3924766469970862     
   1.2532289822973772           0.27849532939941718            1.5665362278717216     
   1.2532289822973772           0.27849532939941718            1.7405958087463578     
   1.2532289822973772           0.27849532939941718            1.9146553896209932     
   1.2532289822973772           0.27849532939941718            2.0887149704956292     
   1.2532289822973772           0.27849532939941718            2.2627745513702648     
   1.2532289822973772           0.27849532939941718            2.4368341322449010     
   1.2532289822973772           0.27849532939941718            2.6108937131195367     
   1.2532289822973772           0.27849532939941718            2.7849532939941724     
   1.2532289822973772           0.27849532939941718            2.9590128748688080     
   1.2532289822973772           0.27849532939941718            3.1330724557434433     
   1.2532289822973772           0.41774299409912580            0.0000000000000000     
   1.2532289822973772           0.41774299409912580           0.17405958087463577     
   1.2532289822973772           0.41774299409912580           0.34811916174927154     
   1.2532289822973772           0.41774299409912580           0.52217874262390729     
   1.2532289822973772           0.41774299409912580           0.69623832349854309     
   1.2532289822973772           0.41774299409912580           0.87029790437317889     
   1.2532289822973772           0.41774299409912580            1.0443574852478146     
   1.2532289822973772           0.41774299409912580            1.2184170661224505     
   1.2532289822973772           0.41774299409912580            1.3924766469970862     
   1.2532289822973772           0.41774299409912580            1.5665362278717216     
   1.2532289822973772           0.41774299409912580            1.7405958087463578     
   1.2532289822973772           0.41774299409912580            1.9146553896209932     
   1.2532289822973772           0.41774299409912580            2.0887149704956292     
   1.2532289822973772           0.41774299409912580            2.2627745513702648     
   1.2532289822973772           0.41774299409912580            2.4368341322449010     
   1.2532289822973772           0.41774299409912580            2.6108937131195367     
   1.2532289822973772           0.41774299409912580            2.7849532939941724     
   1.2532289822973772           0.41774299409912580            2.9590128748688080     
   1.2532289822973772           0.41774299409912580            3.1330724557434433     
   1.2532289822973772           0.55699065879883436            0.0000000000000000     
   1.2532289822973772           0.55699065879883436           0.17405958087463577     
   1.2532289822973772           0.55699065879883436           0.34811916174927154     
   1.2532289822973772           0.55699065879883436           0.52217874262390729     
   1.2532289822973772           0.55699065879883436           0.69623832349854309     
   1.2532289822973772           0.55699065879883436           0.87029790437317889     
   1.2532289822973772           0.55699065879883436            1.0443574852478146     
   1.2532289822973772           0.55699065879883436            1.2184170661224505     
   1.2532289822973772           0.55699065879883436            1.3924766469970862     
   1.2532289822973772           0.55699065879883436            1.5665362278717216     
   1.2532289822973772           0.55699065879883436            1.7405958087463578     
   1.2532289822973772           0.55699065879883436            1.9146553896209932     
   1.2532289822973772           0.55699065879883436            2.0887149704956292     
   1.2532289822973772           0.55699065879883436            2.2627745513702648     
   1.2532289822973772           0.55699065879883436            2.4368341322449010     
   1.2532289822973772           0.55699065879883436            2.6108937131195367     
   1.2532289822973772           0.55699065879883436            2.7849532939941724     
   1.2532289822973772           0.55699065879883436            2.9590128748688080     
   1.2532289822973772           0.55699065879883436            3.1330724557434433     
   1.2532289822973772           0.69623832349854298            0.0000000000000000     
   1.2532289822973772           0.69623832349854298           0.17405958087463577     
   1.2532289822973772           0.69623832349854298           0.34811916174927154     
   1.2532289822973772           0.69623832349854298           0.52217874262390729     
   1.2532289822973772           0.69623832349854298           0.69623832349854309     
   1.2532289822973772           0.69623832349854298           0.87029790437317889     
   1.2532289822973772           0.69623832349854298            1.0443574852478146     
   1.2532289822973772           0.69623832349854298            1.2184170661224505     
   1.2532289822973772           0.69623832349854298            1.3924766469970862     
   1.2532289822973772           0.69623832349854298            1.5665362278717216     
   1.2532289822973772           0.69623832349854298            1.7405958087463578     
   1.2532289822973772           0.69623832349854298            1.9146553896209932     
   1.2532289822973772           0.69623832349854298            2.0887149704956292     
   1.2532289822973772           0.69623832349854298            2.2627745513702648     
   1.2532289822973772           0.69623832349854298            2.4368341322449010     
   1.2532289822973772           0.69623832349854298            2.6108937131195367     
   1.2532289822973772           0.69623832349854298            2.7849532939941724     
   1.2532289822973772           0.69623832349854298            2.9590128748688080     
   1.2532289822973772           0.69623832349854298            3.1330724557434433     
   1.2532289822973772           0.83548598819825159            0.0000000000000000     
   1.2532289822973772           0.83548598819825159           0.17405958087463577     
   1.2532289822973772           0.83548598819825159           0.34811916174927154     
   1.2532289822973772           0.83548598819825159           0.52217874262390729     
   1.2532289822973772           0.83548598819825159           0.69623832349854309     
   1.2532289822973772           0.83548598819825159           0.87029790437317889     
   1.2532289822973772           0.83548598819825159            1.0443574852478146     
   1.2532289822973772           0.83548598819825159            1.2184170661224505     
   1.2532289822973772           0.83548598819825159            1.3924766469970862     
   1.2532289822973772           0.83548598819825159            1.5665362278717216     
   1.2532289822973772           0.83548598819825159            1.7405958087463578     
   1.2532289822973772           0.83548598819825159            1.9146553896209932     
   1.2532289822973772           0.83548598819825159            2.0887149704956292     
   1.2532289822973772           0.83548598819825159            2.2627745513702648     
   1.2532289822973772           0.83548598819825159            2.4368341322449010     
   1.2532289822973772           0.83548598819825159            2.6108937131195367     
   1.2532289822973772           0.83548598819825159            2.7849532939941724     
   1.2532289822973772           0.83548598819825159            2.9590128748688080     
   1.2532289822973772           0.83548598819825159            3.1330724557434433     
   1.2532289822973772           0.97473365289796032            0.0000000000000000     
   1.2532289822973772           0.97473365289796032           0.17405958087463577     
   1.2532289822973772           0.97473365289796032           0.34811916174927154     
   1.2532289822973772           0.97473365289796032           0.52217874262390729     
   1.2532289822973772           0.97473365289796032           0.69623832349854309     
   1.2532289822973772           0.97473365289796032           0.87029790437317889     
   1.2532289822973772           0.97473365289796032            1.0443574852478146     
   1.2532289822973772           0.97473365289796032            1.2184170661224505     
   1.2532289822973772           0.97473365289796032            1.3924766469970862     
   1.2532289822973772           0.97473365289796032            1.5665362278717216     
   1.2532289822973772           0.97473365289796032            1.7405958087463578     
   1.2532289822973772           0.97473365289796032            1.9146553896209932     
   1.2532289822973772           0.97473365289796032            2.0887149704956292     
   1.2532289822973772           0.97473365289796032            2.2627745513702648     
   1.2532289822973772           0.97473365289796032            2.4368341322449010     
   1.2532289822973772           0.97473365289796032            2.6108937131195367     
   1.2532289822973772           0.97473365289796032            2.7849532939941724     
   1.2532289822973772           0.97473365289796032            2.9590128748688080     
   1.2532289822973772           0.97473365289796032            3.1330724557434433     
   1.2532289822973772            1.1139813175976687            0.0000000000000000     
   1.2532289822973772            1.1139813175976687           0.17405958087463577     
   1.2532289822973772            1.1139813175976687           0.34811916174927154     
   1.2532289822973772            1.1139813175976687           0.52217874262390729     
   1.2532289822973772            1.1139813175976687           0.69623832349854309     
   1.2532289822973772            1.1139813175976687           0.87029790437317889     
   1.2532289822973772            1.1139813175976687            1.0443574852478146     
   1.2532289822973772            1.1139813175976687            1.2184170661224505     
   1.2532289822973772            1.1139813175976687            1.3924766469970862     
   1.2532289822973772            1.1139813175976687            1.5665362278717216     
   1.2532289822973772            1.1139813175976687            1.7405958087463578     
   1.2532289822973772            1.1139813175976687            1.9146553896209932     
   1.2532289822973772            1.1139813175976687            2.0887149704956292     
   1.2532289822973772            1.1139813175976687            2.2627745513702648     
   1.2532289822973772            1.1139813175976687            2.4368341322449010     
   1.2532289822973772            1.1139813175976687            2.6108937131195367     
   1.2532289822973772            1.1139813175976687            2.7849532939941724     
   1.2532289822973772            1.1139813175976687            2.9590128748688080     
   1.2532289822973772            1.1139813175976687            3.1330724557434433     
   1.2532289822973772            1.2532289822973772            0.0000000000000000     
   1.2532289822973772            1.2532289822973772           0.17405958087463577     
   1.2532289822973772            1.2532289822973772           0.34811916174927154     
   1.2532289822973772            1.2532289822973772           0.52217874262390729     
   1.2532289822973772            1.2532289822973772           0.69623832349854309     
   1.2532289822973772            1.2532289822973772           0.87029790437317889     
   1.2532289822973772            1.2532289822973772            1.0443574852478146     
   1.2532289822973772            1.2532289822973772            1.2184170661224505     
   1.2532289822973772            1.2532289822973772            1.3924766469970862     
   1.2532289822973772            1.2532289822973772            1.5665362278717216     
   1.2532289822973772            1.2532289822973772            1.7405958087463578     
   1.2532289822973772            1.2532289822973772            1.9146553896209932     
   1.2532289822973772            1.2532289822973772            2.0887149704956292     
   1.2532289822973772            1.2532289822973772            2.2627745513702648     
   1.2532289822973772            1.2532289822973772            2.4368341322449010     
   1.2532289822973772            1.2532289822973772            2.6108937131195367     
   1.2532289822973772            1.2532289822973772            2.7849532939941724     
   1.2532289822973772            1.2532289822973772            2.9590128748688080     
   1.2532289822973772            1.2532289822973772            3.1330724557434433     
   1.2532289822973772            1.3924766469970860            0.0000000000000000     
   1.2532289822973772            1.3924766469970860           0.17405958087463577     
   1.2532289822973772            1.3924766469970860           0.34811916174927154     
   1.2532289822973772            1.3924766469970860           0.52217874262390729     
   1.2532289822973772            1.3924766469970860           0.69623832349854309     
   1.2532289822973772            1.3924766469970860           0.87029790437317889     
   1.2532289822973772            1.3924766469970860            1.0443574852478146     
   1.2532289822973772            1.3924766469970860            1.2184170661224505     
   1.2532289822973772            1.3924766469970860            1.3924766469970862     
   1.2532289822973772            1.3924766469970860            1.5665362278717216     
   1.2532289822973772            1.3924766469970860            1.7405958087463578     
   1.2532289822973772            1.3924766469970860            1.9146553896209932     
   1.2532289822973772            1.3924766469970860            2.0887149704956292     
   1.2532289822973772            1.3924766469970860            2.2627745513702648     
   1.2532289822973772            1.3924766469970860            2.4368341322449010     
   1.2532289822973772            1.3924766469970860            2.6108937131195367     
   1.2532289822973772            1.3924766469970860            2.7849532939941724     
   1.2532289822973772            1.3924766469970860            2.9590128748688080     
   1.2532289822973772            1.3924766469970860            3.1330724557434433     
   1.2532289822973772            1.5317243116967947            0.0000000000000000     
   1.2532289822973772            1.5317243116967947           0.17405958087463577     
   1.2532289822973772            1.5317243116967947           0.34811916174927154     
   1.2532289822973772            1.5317243116967947           0.52217874262390729     
   1.2532289822973772            1.5317243116967947           0.69623832349854309     
   1.2532289822973772            1.5317243116967947           0.87029790437317889     
   1.2532289822973772            1.5317243116967947            1.0443574852478146     
   1.2532289822973772            1.5317243116967947            1.2184170661224505     
   1.2532289822973772            1.5317243116967947            1.3924766469970862     
   1.2532289822973772            1.5317243116967947            1.5665362278717216     
   1.2532289822973772            1.5317243116967947            1.7405958087463578     
   1.2532289822973772            1.5317243116967947            1.9146553896209932     
   1.2532289822973772            1.5317243116967947            2.0887149704956292     
   1.2532289822973772            1.5317243116967947            2.2627745513702648     
   1.2532289822973772            1.5317243116967947            2.4368341322449010     
   1.2532289822973772            1.5317243116967947            2.6108937131195367     
   1.2532289822973772            1.5317243116967947            2.7849532939941724     
   1.2532289822973772            1.5317243116967947            2.9590128748688080     
   1.2532289822973772            1.5317243116967947            3.1330724557434433     
   1.2532289822973772            1.6709719763965032            0.0000000000000000     
   1.2532289822973772            1.6709719763965032           0.17405958087463577     
   1.2532289822973772            1.6709719763965032           0.34811916174927154     
   1.2532289822973772            1.6709719763965032           0.52217874262390729     
   1.2532289822973772            1.6709719763965032           0.69623832349854309     
   1.2532289822973772            1.6709719763965032           0.87029790437317889     
   1.2532289822973772            1.6709719763965032            1.0443574852478146     
   1.2532289822973772            1.6709719763965032            1.2184170661224505     
   1.2532289822973772            1.6709719763965032            1.3924766469970862     
   1.2532289822973772            1.6709719763965032            1.5665362278717216     
   1.2532289822973772            1.6709719763965032            1.7405958087463578     
   1.2532289822973772            1.6709719763965032            1.9146553896209932     
   1.2532289822973772            1.6709719763965032            2.0887149704956292     
   1.2532289822973772            1.6709719763965032            2.2627745513702648     
   1.2532289822973772            1.6709719763965032            2.4368341322449010     
   1.2532289822973772            1.6709719763965032            2.6108937131195367     
   1.2532289822973772            1.6709719763965032            2.7849532939941724     
   1.2532289822973772            1.6709719763965032            2.9590128748688080     
   1.2532289822973772            1.6709719763965032            3.1330724557434433     
   1.2532289822973772            1.8102196410962119            0.0000000000000000     
   1.2532289822973772            1.8102196410962119           0.17405958087463577     
   1.2532289822973772            1.8102196410962119           0.34811916174927154     
   1.2532289822973772            1.8102196410962119           0.52217874262390729     
   1.2532289822973772            1.8102196410962119           0.69623832349854309     
   1.2532289822973772            1.8102196410962119           0.87029790437317889     
   1.2532289822973772            1.8102196410962119            1.0443574852478146     
   1.2532289822973772            1.8102196410962119            1.2184170661224505     
   1.2532289822973772            1.8102196410962119            1.3924766469970862     
   1.2532289822973772            1.8102196410962119            1.5665362278717216     
   1.2532289822973772            1.8102196410962119            1.7405958087463578     
   1.2532289822973772            1.8102196410962119            1.9146553896209932     
   1.2532289822973772            1.8102196410962119            2.0887149704956292     
   1.2532289822973772            1.8102196410962119            2.2627745513702648     
   1.2532289822973772            1.8102196410962119            2.4368341322449010     
   1.2532289822973772            1.8102196410962119            2.6108937131195367     
   1.2532289822973772            1.8102196410962119            2.7849532939941724     
   1.2532289822973772            1.8102196410962119            2.9590128748688080     
   1.2532289822973772            1.8102196410962119            3.1330724557434433     
   1.2532289822973772            1.9494673057959206            0.0000000000000000     
   1.2532289822973772            1.9494673057959206           0.17405958087463577     
   1.2532289822973772            1.9494673057959206           0.34811916174927154     
   1.2532289822973772            1.9494673057959206           0.52217874262390729     
   1.2532289822973772            1.9494673057959206           0.69623832349854309     
   1.2532289822973772            1.9494673057959206           0.87029790437317889     
   1.2532289822973772            1.9494673057959206            1.0443574852478146     
   1.2532289822973772            1.9494673057959206            1.2184170661224505     
   1.2532289822973772            1.9494673057959206            1.3924766469970862     
   1.2532289822973772            1.9494673057959206            1.5665362278717216     
   1.2532289822973772            1.9494673057959206            1.7405958087463578     
   1.2532289822973772            1.9494673057959206            1.9146553896209932     
   1.2532289822973772            1.9494673057959206            2.0887149704956292     
   1.2532289822973772            1.9494673057959206            2.2627745513702648     
   1.2532289822973772            1.9494673057959206            2.4368341322449010     
   1.2532289822973772            1.9494673057959206            2.6108937131195367     
   1.2532289822973772            1.9494673057959206            2.7849532939941724     
   1.2532289822973772            1.9494673057959206            2.9590128748688080     
   1.2532289822973772            1.9494673057959206            3.1330724557434433     
   1.2532289822973772            2.0887149704956292            0.0000000000000000     
   1.2532289822973772            2.0887149704956292           0.17405958087463577     
   1.2532289822973772            2.0887149704956292           0.34811916174927154     
   1.2532289822973772            2.0887149704956292           0.52217874262390729     
   1.2532289822973772            2.0887149704956292           0.69623832349854309     
   1.2532289822973772            2.0887149704956292           0.87029790437317889     
   1.2532289822973772            2.0887149704956292            1.0443574852478146     
   1.2532289822973772            2.0887149704956292            1.2184170661224505     
   1.2532289822973772            2.0887149704956292            1.3924766469970862     
   1.2532289822973772            2.0887149704956292            1.5665362278717216     
   1.2532289822973772            2.0887149704956292            1.7405958087463578     
   1.2532289822973772            2.0887149704956292            1.9146553896209932     
   1.2532289822973772            2.0887149704956292            2.0887149704956292     
   1.2532289822973772            2.0887149704956292            2.2627745513702648     
   1.2532289822973772            2.0887149704956292            2.4368341322449010     
   1.2532289822973772            2.0887149704956292            2.6108937131195367     
   1.2532289822973772            2.0887149704956292            2.7849532939941724     
   1.2532289822973772            2.0887149704956292            2.9590128748688080     
   1.2532289822973772            2.0887149704956292            3.1330724557434433     
   1.2532289822973772            2.2279626351953374            0.0000000000000000     
   1.2532289822973772            2.2279626351953374           0.17405958087463577     
   1.2532289822973772            2.2279626351953374           0.34811916174927154     
   1.2532289822973772            2.2279626351953374           0.52217874262390729     
   1.2532289822973772            2.2279626351953374           0.69623832349854309     
   1.2532289822973772            2.2279626351953374           0.87029790437317889     
   1.2532289822973772            2.2279626351953374            1.0443574852478146     
   1.2532289822973772            2.2279626351953374            1.2184170661224505     
   1.2532289822973772            2.2279626351953374            1.3924766469970862     
   1.2532289822973772            2.2279626351953374            1.5665362278717216     
   1.2532289822973772            2.2279626351953374            1.7405958087463578     
   1.2532289822973772            2.2279626351953374            1.9146553896209932     
   1.2532289822973772            2.2279626351953374            2.0887149704956292     
   1.2532289822973772            2.2279626351953374            2.2627745513702648     
   1.2532289822973772            2.2279626351953374            2.4368341322449010     
   1.2532289822973772            2.2279626351953374            2.6108937131195367     
   1.2532289822973772            2.2279626351953374            2.7849532939941724     
   1.2532289822973772            2.2279626351953374            2.9590128748688080     
   1.2532289822973772            2.2279626351953374            3.1330724557434433     
   1.2532289822973772            2.3672102998950462            0.0000000000000000     
   1.2532289822973772            2.3672102998950462           0.17405958087463577     
   1.2532289822973772            2.3672102998950462           0.34811916174927154     
   1.2532289822973772            2.3672102998950462           0.52217874262390729     
   1.2532289822973772            2.3672102998950462           0.69623832349854309     
   1.2532289822973772            2.3672102998950462           0.87029790437317889     
   1.2532289822973772            2.3672102998950462            1.0443574852478146     
   1.2532289822973772            2.3672102998950462            1.2184170661224505     
   1.2532289822973772            2.3672102998950462            1.3924766469970862     
   1.2532289822973772            2.3672102998950462            1.5665362278717216     
   1.2532289822973772            2.3672102998950462            1.7405958087463578     
   1.2532289822973772            2.3672102998950462            1.9146553896209932     
   1.2532289822973772            2.3672102998950462            2.0887149704956292     
   1.2532289822973772            2.3672102998950462            2.2627745513702648     
   1.2532289822973772            2.3672102998950462            2.4368341322449010     
   1.2532289822973772            2.3672102998950462            2.6108937131195367     
   1.2532289822973772            2.3672102998950462            2.7849532939941724     
   1.2532289822973772            2.3672102998950462            2.9590128748688080     
   1.2532289822973772            2.3672102998950462            3.1330724557434433     
   1.2532289822973772            2.5064579645947545            0.0000000000000000     
   1.2532289822973772            2.5064579645947545           0.17405958087463577     
   1.2532289822973772            2.5064579645947545           0.34811916174927154     
   1.2532289822973772            2.5064579645947545           0.52217874262390729     
   1.2532289822973772            2.5064579645947545           0.69623832349854309     
   1.2532289822973772            2.5064579645947545           0.87029790437317889     
   1.2532289822973772            2.5064579645947545            1.0443574852478146     
   1.2532289822973772            2.5064579645947545            1.2184170661224505     
   1.2532289822973772            2.5064579645947545            1.3924766469970862     
   1.2532289822973772            2.5064579645947545            1.5665362278717216     
   1.2532289822973772            2.5064579645947545            1.7405958087463578     
   1.2532289822973772            2.5064579645947545            1.9146553896209932     
   1.2532289822973772            2.5064579645947545            2.0887149704956292     
   1.2532289822973772            2.5064579645947545            2.2627745513702648     
   1.2532289822973772            2.5064579645947545            2.4368341322449010     
   1.2532289822973772            2.5064579645947545            2.6108937131195367     
   1.2532289822973772            2.5064579645947545            2.7849532939941724     
   1.2532289822973772            2.5064579645947545            2.9590128748688080     
   1.2532289822973772            2.5064579645947545            3.1330724557434433     
   1.3924766469970860            0.0000000000000000            0.0000000000000000     
   1.3924766469970860            0.0000000000000000           0.17405958087463577     
   1.3924766469970860            0.0000000000000000           0.34811916174927154     
   1.3924766469970860            0.0000000000000000           0.52217874262390729     
   1.3924766469970860            0.0000000000000000           0.69623832349854309     
   1.3924766469970860            0.0000000000000000           0.87029790437317889     
   1.3924766469970860            0.0000000000000000            1.0443574852478146     
   1.3924766469970860            0.0000000000000000            1.2184170661224505     
   1.3924766469970860            0.0000000000000000            1.3924766469970862     
   1.3924766469970860            0.0000000000000000            1.5665362278717216     
   1.3924766469970860            0.0000000000000000            1.7405958087463578     
   1.3924766469970860            0.0000000000000000            1.9146553896209932     
   1.3924766469970860            0.0000000000000000            2.0887149704956292     
   1.3924766469970860            0.0000000000000000            2.2627745513702648     
   1.3924766469970860            0.0000000000000000            2.4368341322449010     
   1.3924766469970860            0.0000000000000000            2.6108937131195367     
   1.3924766469970860            0.0000000000000000            2.7849532939941724     
   1.3924766469970860            0.0000000000000000            2.9590128748688080     
   1.3924766469970860            0.0000000000000000            3.1330724557434433     
   1.3924766469970860           0.13924766469970859            0.0000000000000000     
   1.3924766469970860           0.13924766469970859           0.17405958087463577     
   1.3924766469970860           0.13924766469970859           0.34811916174927154     
   1.3924766469970860           0.13924766469970859           0.52217874262390729     
   1.3924766469970860           0.13924766469970859           0.69623832349854309     
   1.3924766469970860           0.13924766469970859           0.87029790437317889     
   1.3924766469970860           0.13924766469970859            1.0443574852478146     
   1.3924766469970860           0.13924766469970859            1.2184170661224505     
   1.3924766469970860           0.13924766469970859            1.3924766469970862     
   1.3924766469970860           0.13924766469970859            1.5665362278717216     
   1.3924766469970860           0.13924766469970859            1.7405958087463578     
   1.3924766469970860           0.13924766469970859            1.9146553896209932     
   1.3924766469970860           0.13924766469970859            2.0887149704956292     
   1.3924766469970860           0.13924766469970859            2.2627745513702648     
   1.3924766469970860           0.13924766469970859            2.4368341322449010     
   1.3924766469970860           0.13924766469970859            2.6108937131195367     
   1.3924766469970860           0.13924766469970859            2.7849532939941724     
   1.3924766469970860           0.13924766469970859            2.9590128748688080     
   1.3924766469970860           0.13924766469970859            3.1330724557434433     
   1.3924766469970860           0.27849532939941718            0.0000000000000000     
   1.3924766469970860           0.27849532939941718           0.17405958087463577     
   1.3924766469970860           0.27849532939941718           0.34811916174927154     
   1.3924766469970860           0.27849532939941718           0.52217874262390729     
   1.3924766469970860           0.27849532939941718           0.69623832349854309     
   1.3924766469970860           0.27849532939941718           0.87029790437317889     
   1.3924766469970860           0.27849532939941718            1.0443574852478146     
   1.3924766469970860           0.27849532939941718            1.2184170661224505     
   1.3924766469970860           0.27849532939941718            1.3924766469970862     
   1.3924766469970860           0.27849532939941718            1.5665362278717216     
   1.3924766469970860           0.27849532939941718            1.7405958087463578     
   1.3924766469970860           0.27849532939941718            1.9146553896209932     
   1.3924766469970860           0.27849532939941718            2.0887149704956292     
   1.3924766469970860           0.27849532939941718            2.2627745513702648     
   1.3924766469970860           0.27849532939941718            2.4368341322449010     
   1.3924766469970860           0.27849532939941718            2.6108937131195367     
   1.3924766469970860           0.27849532939941718            2.7849532939941724     
   1.3924766469970860           0.27849532939941718            2.9590128748688080     
   1.3924766469970860           0.27849532939941718            3.1330724557434433     
   1.3924766469970860           0.41774299409912580            0.0000000000000000     
   1.3924766469970860           0.41774299409912580           0.17405958087463577     
   1.3924766469970860           0.41774299409912580           0.34811916174927154     
   1.3924766469970860           0.41774299409912580           0.52217874262390729     
   1.3924766469970860           0.41774299409912580           0.69623832349854309     
   1.3924766469970860           0.41774299409912580           0.87029790437317889     
   1.3924766469970860           0.41774299409912580            1.0443574852478146     
   1.3924766469970860           0.41774299409912580            1.2184170661224505     
   1.3924766469970860           0.41774299409912580            1.3924766469970862     
   1.3924766469970860           0.41774299409912580            1.5665362278717216     
   1.3924766469970860           0.41774299409912580            1.7405958087463578     
   1.3924766469970860           0.41774299409912580            1.9146553896209932     
   1.3924766469970860           0.41774299409912580            2.0887149704956292     
   1.3924766469970860           0.41774299409912580            2.2627745513702648     
   1.3924766469970860           0.41774299409912580            2.4368341322449010     
   1.3924766469970860           0.41774299409912580            2.6108937131195367     
   1.3924766469970860           0.41774299409912580            2.7849532939941724     
   1.3924766469970860           0.41774299409912580            2.9590128748688080     
   1.3924766469970860           0.41774299409912580            3.1330724557434433     
   1.3924766469970860           0.55699065879883436            0.0000000000000000     
   1.3924766469970860           0.55699065879883436           0.17405958087463577     
   1.3924766469970860           0.55699065879883436           0.34811916174927154     
   1.3924766469970860           0.55699065879883436           0.52217874262390729     
   1.3924766469970860           0.55699065879883436           0.69623832349854309     
   1.3924766469970860           0.55699065879883436           0.87029790437317889     
   1.3924766469970860           0.55699065879883436            1.0443574852478146     
   1.3924766469970860           0.55699065879883436            1.2184170661224505     
   1.3924766469970860           0.55699065879883436            1.3924766469970862     
   1.3924766469970860           0.55699065879883436            1.5665362278717216     
   1.3924766469970860           0.55699065879883436            1.7405958087463578     
   1.3924766469970860           0.55699065879883436            1.9146553896209932     
   1.3924766469970860           0.55699065879883436            2.0887149704956292     
   1.3924766469970860           0.55699065879883436            2.2627745513702648     
   1.3924766469970860           0.55699065879883436            2.4368341322449010     
   1.3924766469970860           0.55699065879883436            2.6108937131195367     
   1.3924766469970860           0.55699065879883436            2.7849532939941724     
   1.3924766469970860           0.55699065879883436            2.9590128748688080     
   1.3924766469970860           0.55699065879883436            3.1330724557434433     
   1.3924766469970860           0.69623832349854298            0.0000000000000000     
   1.3924766469970860           0.69623832349854298           0.17405958087463577     
   1.3924766469970860           0.69623832349854298           0.34811916174927154     
   1.3924766469970860           0.69623832349854298           0.52217874262390729     
   1.3924766469970860           0.69623832349854298           0.69623832349854309     
   1.3924766469970860           0.69623832349854298           0.87029790437317889     
   1.3924766469970860           0.69623832349854298            1.0443574852478146     
   1.3924766469970860           0.69623832349854298            1.2184170661224505     
   1.3924766469970860           0.69623832349854298            1.3924766469970862     
   1.3924766469970860           0.69623832349854298            1.5665362278717216     
   1.3924766469970860           0.69623832349854298            1.7405958087463578     
   1.3924766469970860           0.69623832349854298            1.9146553896209932     
   1.3924766469970860           0.69623832349854298            2.0887149704956292     
   1.3924766469970860           0.69623832349854298            2.2627745513702648     
   1.3924766469970860           0.69623832349854298            2.4368341322449010     
   1.3924766469970860           0.69623832349854298            2.6108937131195367     
   1.3924766469970860           0.69623832349854298            2.7849532939941724     
   1.3924766469970860           0.69623832349854298            2.9590128748688080     
   1.3924766469970860           0.69623832349854298            3.1330724557434433     
   1.3924766469970860           0.83548598819825159            0.0000000000000000     
   1.3924766469970860           0.83548598819825159           0.17405958087463577     
   1.3924766469970860           0.83548598819825159           0.34811916174927154     
   1.3924766469970860           0.83548598819825159           0.52217874262390729     
   1.3924766469970860           0.83548598819825159           0.69623832349854309     
   1.3924766469970860           0.83548598819825159           0.87029790437317889     
   1.3924766469970860           0.83548598819825159            1.0443574852478146     
   1.3924766469970860           0.83548598819825159            1.2184170661224505     
   1.3924766469970860           0.83548598819825159            1.3924766469970862     
   1.3924766469970860           0.83548598819825159            1.5665362278717216     
   1.3924766469970860           0.83548598819825159            1.7405958087463578     
   1.3924766469970860           0.83548598819825159            1.9146553896209932     
   1.3924766469970860           0.83548598819825159            2.0887149704956292     
   1.3924766469970860           0.83548598819825159            2.2627745513702648     
   1.3924766469970860           0.83548598819825159            2.4368341322449010     
   1.3924766469970860           0.83548598819825159            2.6108937131195367     
   1.3924766469970860           0.83548598819825159            2.7849532939941724     
   1.3924766469970860           0.83548598819825159            2.9590128748688080     
   1.3924766469970860           0.83548598819825159            3.1330724557434433     
   1.3924766469970860           0.97473365289796032            0.0000000000000000     
   1.3924766469970860           0.97473365289796032           0.17405958087463577     
   1.3924766469970860           0.97473365289796032           0.34811916174927154     
   1.3924766469970860           0.97473365289796032           0.52217874262390729     
   1.3924766469970860           0.97473365289796032           0.69623832349854309     
   1.3924766469970860           0.97473365289796032           0.87029790437317889     
   1.3924766469970860           0.97473365289796032            1.0443574852478146     
   1.3924766469970860           0.97473365289796032            1.2184170661224505     
   1.3924766469970860           0.97473365289796032            1.3924766469970862     
   1.3924766469970860           0.97473365289796032            1.5665362278717216     
   1.3924766469970860           0.97473365289796032            1.7405958087463578     
   1.3924766469970860           0.97473365289796032            1.9146553896209932     
   1.3924766469970860           0.97473365289796032            2.0887149704956292     
   1.3924766469970860           0.97473365289796032            2.2627745513702648     
   1.3924766469970860           0.97473365289796032            2.4368341322449010     
   1.3924766469970860           0.97473365289796032            2.6108937131195367     
   1.3924766469970860           0.97473365289796032            2.7849532939941724     
   1.3924766469970860           0.97473365289796032            2.9590128748688080     
   1.3924766469970860           0.97473365289796032            3.1330724557434433     
   1.3924766469970860            1.1139813175976687            0.0000000000000000     
   1.3924766469970860            1.1139813175976687           0.17405958087463577     
   1.3924766469970860            1.1139813175976687           0.34811916174927154     
   1.3924766469970860            1.1139813175976687           0.52217874262390729     
   1.3924766469970860            1.1139813175976687           0.69623832349854309     
   1.3924766469970860            1.1139813175976687           0.87029790437317889     
   1.3924766469970860            1.1139813175976687            1.0443574852478146     
   1.3924766469970860            1.1139813175976687            1.2184170661224505     
   1.3924766469970860            1.1139813175976687            1.3924766469970862     
   1.3924766469970860            1.1139813175976687            1.5665362278717216     
   1.3924766469970860            1.1139813175976687            1.7405958087463578     
   1.3924766469970860            1.1139813175976687            1.9146553896209932     
   1.3924766469970860            1.1139813175976687            2.0887149704956292     
   1.3924766469970860            1.1139813175976687            2.2627745513702648     
   1.3924766469970860            1.1139813175976687            2.4368341322449010     
   1.3924766469970860            1.1139813175976687            2.6108937131195367     
   1.3924766469970860            1.1139813175976687            2.7849532939941724     
   1.3924766469970860            1.1139813175976687            2.9590128748688080     
   1.3924766469970860            1.1139813175976687            3.1330724557434433     
   1.3924766469970860            1.2532289822973772            0.0000000000000000     
   1.3924766469970860            1.2532289822973772           0.17405958087463577     
   1.3924766469970860            1.2532289822973772           0.34811916174927154     
   1.3924766469970860            1.2532289822973772           0.52217874262390729     
   1.3924766469970860            1.2532289822973772           0.69623832349854309     
   1.3924766469970860            1.2532289822973772           0.87029790437317889     
   1.3924766469970860            1.2532289822973772            1.0443574852478146     
   1.3924766469970860            1.2532289822973772            1.2184170661224505     
   1.3924766469970860            1.2532289822973772            1.3924766469970862     
   1.3924766469970860            1.2532289822973772            1.5665362278717216     
   1.3924766469970860            1.2532289822973772            1.7405958087463578     
   1.3924766469970860            1.2532289822973772            1.9146553896209932     
   1.3924766469970860            1.2532289822973772            2.0887149704956292     
   1.3924766469970860            1.2532289822973772            2.2627745513702648     
   1.3924766469970860            1.2532289822973772            2.4368341322449010     
   1.3924766469970860            1.2532289822973772            2.6108937131195367     
   1.3924766469970860            1.2532289822973772            2.7849532939941724     
   1.3924766469970860            1.2532289822973772            2.9590128748688080     
   1.3924766469970860            1.2532289822973772            3.1330724557434433     
   1.3924766469970860            1.3924766469970860            0.0000000000000000     
   1.3924766469970860            1.3924766469970860           0.17405958087463577     
   1.3924766469970860            1.3924766469970860           0.34811916174927154     
   1.3924766469970860            1.3924766469970860           0.52217874262390729     
   1.3924766469970860            1.3924766469970860           0.69623832349854309     
   1.3924766469970860            1.3924766469970860           0.87029790437317889     
   1.3924766469970860            1.3924766469970860            1.0443574852478146     
   1.3924766469970860            1.3924766469970860            1.2184170661224505     
   1.3924766469970860            1.3924766469970860            1.3924766469970862     
   1.3924766469970860            1.3924766469970860            1.5665362278717216     
   1.3924766469970860            1.3924766469970860            1.7405958087463578     
   1.3924766469970860            1.3924766469970860            1.9146553896209932     
   1.3924766469970860            1.3924766469970860            2.0887149704956292     
   1.3924766469970860            1.3924766469970860            2.2627745513702648     
   1.3924766469970860            1.3924766469970860            2.4368341322449010     
   1.3924766469970860            1.3924766469970860            2.6108937131195367     
   1.3924766469970860            1.3924766469970860            2.7849532939941724     
   1.3924766469970860            1.3924766469970860            2.9590128748688080     
   1.3924766469970860            1.3924766469970860            3.1330724557434433     
   1.3924766469970860            1.5317243116967947            0.0000000000000000     
   1.3924766469970860            1.5317243116967947           0.17405958087463577     
   1.3924766469970860            1.5317243116967947           0.34811916174927154     
   1.3924766469970860            1.5317243116967947           0.52217874262390729     
   1.3924766469970860            1.5317243116967947           0.69623832349854309     
   1.3924766469970860            1.5317243116967947           0.87029790437317889     
   1.3924766469970860            1.5317243116967947            1.0443574852478146     
   1.3924766469970860            1.5317243116967947            1.2184170661224505     
   1.3924766469970860            1.5317243116967947            1.3924766469970862     
   1.3924766469970860            1.5317243116967947            1.5665362278717216     
   1.3924766469970860            1.5317243116967947            1.7405958087463578     
   1.3924766469970860            1.5317243116967947            1.9146553896209932     
   1.3924766469970860            1.5317243116967947            2.0887149704956292     
   1.3924766469970860            1.5317243116967947            2.2627745513702648     
   1.3924766469970860            1.5317243116967947            2.4368341322449010     
   1.3924766469970860            1.5317243116967947            2.6108937131195367     
   1.3924766469970860            1.5317243116967947            2.7849532939941724     
   1.3924766469970860            1.5317243116967947            2.9590128748688080     
   1.3924766469970860            1.5317243116967947            3.1330724557434433     
   1.3924766469970860            1.6709719763965032            0.0000000000000000     
   1.3924766469970860            1.6709719763965032           0.17405958087463577     
   1.3924766469970860            1.6709719763965032           0.34811916174927154     
   1.3924766469970860            1.6709719763965032           0.52217874262390729     
   1.3924766469970860            1.6709719763965032           0.69623832349854309     
   1.3924766469970860            1.6709719763965032           0.87029790437317889     
   1.3924766469970860            1.6709719763965032            1.0443574852478146     
   1.3924766469970860            1.6709719763965032            1.2184170661224505     
   1.3924766469970860            1.6709719763965032            1.3924766469970862     
   1.3924766469970860            1.6709719763965032            1.5665362278717216     
   1.3924766469970860            1.6709719763965032            1.7405958087463578     
   1.3924766469970860            1.6709719763965032            1.9146553896209932     
   1.3924766469970860            1.6709719763965032            2.0887149704956292     
   1.3924766469970860            1.6709719763965032            2.2627745513702648     
   1.3924766469970860            1.6709719763965032            2.4368341322449010     
   1.3924766469970860            1.6709719763965032            2.6108937131195367     
   1.3924766469970860            1.6709719763965032            2.7849532939941724     
   1.3924766469970860            1.6709719763965032            2.9590128748688080     
   1.3924766469970860            1.6709719763965032            3.1330724557434433     
   1.3924766469970860            1.8102196410962119            0.0000000000000000     
   1.3924766469970860            1.8102196410962119           0.17405958087463577     
   1.3924766469970860            1.8102196410962119           0.34811916174927154     
   1.3924766469970860            1.8102196410962119           0.52217874262390729     
   1.3924766469970860            1.8102196410962119           0.69623832349854309     
   1.3924766469970860            1.8102196410962119           0.87029790437317889     
   1.3924766469970860            1.8102196410962119            1.0443574852478146     
   1.3924766469970860            1.8102196410962119            1.2184170661224505     
   1.3924766469970860            1.8102196410962119            1.3924766469970862     
   1.3924766469970860            1.8102196410962119            1.5665362278717216     
   1.3924766469970860            1.8102196410962119            1.7405958087463578     
   1.3924766469970860            1.8102196410962119            1.9146553896209932     
   1.3924766469970860            1.8102196410962119            2.0887149704956292     
   1.3924766469970860            1.8102196410962119            2.2627745513702648     
   1.3924766469970860            1.8102196410962119            2.4368341322449010     
   1.3924766469970860            1.8102196410962119            2.6108937131195367     
   1.3924766469970860            1.8102196410962119            2.7849532939941724     
   1.3924766469970860            1.8102196410962119            2.9590128748688080     
   1.3924766469970860            1.8102196410962119            3.1330724557434433     
   1.3924766469970860            1.9494673057959206            0.0000000000000000     
   1.3924766469970860            1.9494673057959206           0.17405958087463577     
   1.3924766469970860            1.9494673057959206           0.34811916174927154     
   1.3924766469970860            1.9494673057959206           0.52217874262390729     
   1.3924766469970860            1.9494673057959206           0.69623832349854309     
   1.3924766469970860            1.9494673057959206           0.87029790437317889     
   1.3924766469970860            1.9494673057959206            1.0443574852478146     
   1.3924766469970860            1.9494673057959206            1.2184170661224505     
   1.3924766469970860            1.9494673057959206            1.3924766469970862     
   1.3924766469970860            1.9494673057959206            1.5665362278717216     
   1.3924766469970860            1.9494673057959206            1.7405958087463578     
   1.3924766469970860            1.9494673057959206            1.9146553896209932     
   1.3924766469970860            1.9494673057959206            2.0887149704956292     
   1.3924766469970860            1.9494673057959206            2.2627745513702648     
   1.3924766469970860            1.9494673057959206            2.4368341322449010     
   1.3924766469970860            1.9494673057959206            2.6108937131195367     
   1.3924766469970860            1.9494673057959206            2.7849532939941724     
   1.3924766469970860            1.9494673057959206            2.9590128748688080     
   1.3924766469970860            1.9494673057959206            3.1330724557434433     
   1.3924766469970860            2.0887149704956292            0.0000000000000000     
   1.3924766469970860            2.0887149704956292           0.17405958087463577     
   1.3924766469970860            2.0887149704956292           0.34811916174927154     
   1.3924766469970860            2.0887149704956292           0.52217874262390729     
   1.3924766469970860            2.0887149704956292           0.69623832349854309     
   1.3924766469970860            2.0887149704956292           0.87029790437317889     
   1.3924766469970860            2.0887149704956292            1.0443574852478146     
   1.3924766469970860            2.0887149704956292            1.2184170661224505     
   1.3924766469970860            2.0887149704956292            1.3924766469970862     
   1.3924766469970860            2.0887149704956292            1.5665362278717216     
   1.3924766469970860            2.0887149704956292            1.7405958087463578     
   1.3924766469970860            2.0887149704956292            1.9146553896209932     
   1.3924766469970860            2.0887149704956292            2.0887149704956292     
   1.3924766469970860            2.0887149704956292            2.2627745513702648     
   1.3924766469970860            2.0887149704956292            2.4368341322449010     
   1.3924766469970860            2.0887149704956292            2.6108937131195367     
   1.3924766469970860            2.0887149704956292            2.7849532939941724     
   1.3924766469970860            2.0887149704956292            2.9590128748688080     
   1.3924766469970860            2.0887149704956292            3.1330724557434433     
   1.3924766469970860            2.2279626351953374            0.0000000000000000     
   1.3924766469970860            2.2279626351953374           0.17405958087463577     
   1.3924766469970860            2.2279626351953374           0.34811916174927154     
   1.3924766469970860            2.2279626351953374           0.52217874262390729     
   1.3924766469970860            2.2279626351953374           0.69623832349854309     
   1.3924766469970860            2.2279626351953374           0.87029790437317889     
   1.3924766469970860            2.2279626351953374            1.0443574852478146     
   1.3924766469970860            2.2279626351953374            1.2184170661224505     
   1.3924766469970860            2.2279626351953374            1.3924766469970862     
   1.3924766469970860            2.2279626351953374            1.5665362278717216     
   1.3924766469970860            2.2279626351953374            1.7405958087463578     
   1.3924766469970860            2.2279626351953374            1.9146553896209932     
   1.3924766469970860            2.2279626351953374            2.0887149704956292     
   1.3924766469970860            2.2279626351953374            2.2627745513702648     
   1.3924766469970860            2.2279626351953374            2.4368341322449010     
   1.3924766469970860            2.2279626351953374            2.6108937131195367     
   1.3924766469970860            2.2279626351953374            2.7849532939941724     
   1.3924766469970860            2.2279626351953374            2.9590128748688080     
   1.3924766469970860            2.2279626351953374            3.1330724557434433     
   1.3924766469970860            2.3672102998950462            0.0000000000000000     
   1.3924766469970860            2.3672102998950462           0.17405958087463577     
   1.3924766469970860            2.3672102998950462           0.34811916174927154     
   1.3924766469970860            2.3672102998950462           0.52217874262390729     
   1.3924766469970860            2.3672102998950462           0.69623832349854309     
   1.3924766469970860            2.3672102998950462           0.87029790437317889     
   1.3924766469970860            2.3672102998950462            1.0443574852478146     
   1.3924766469970860            2.3672102998950462            1.2184170661224505     
   1.3924766469970860            2.3672102998950462            1.3924766469970862     
   1.3924766469970860            2.3672102998950462            1.5665362278717216     
   1.3924766469970860            2.3672102998950462            1.7405958087463578     
   1.3924766469970860            2.3672102998950462            1.9146553896209932     
   1.3924766469970860            2.3672102998950462            2.0887149704956292     
   1.3924766469970860            2.3672102998950462            2.2627745513702648     
   1.3924766469970860            2.3672102998950462            2.4368341322449010     
   1.3924766469970860            2.3672102998950462            2.6108937131195367     
   1.3924766469970860            2.3672102998950462            2.7849532939941724     
   1.3924766469970860            2.3672102998950462            2.9590128748688080     
   1.3924766469970860            2.3672102998950462            3.1330724557434433     
   1.3924766469970860            2.5064579645947545            0.0000000000000000     
   1.3924766469970860            2.5064579645947545           0.17405958087463577     
   1.3924766469970860            2.5064579645947545           0.34811916174927154     
   1.3924766469970860            2.5064579645947545           0.52217874262390729     
   1.3924766469970860            2.5064579645947545           0.69623832349854309     
   1.3924766469970860            2.5064579645947545           0.87029790437317889     
   1.3924766469970860            2.5064579645947545            1.0443574852478146     
   1.3924766469970860            2.5064579645947545            1.2184170661224505     
   1.3924766469970860            2.5064579645947545            1.3924766469970862     
   1.3924766469970860            2.5064579645947545            1.5665362278717216     
   1.3924766469970860            2.5064579645947545            1.7405958087463578     
   1.3924766469970860            2.5064579645947545            1.9146553896209932     
   1.3924766469970860            2.5064579645947545            2.0887149704956292     
   1.3924766469970860            2.5064579645947545            2.2627745513702648     
   1.3924766469970860            2.5064579645947545            2.4368341322449010     
   1.3924766469970860            2.5064579645947545            2.6108937131195367     
   1.3924766469970860            2.5064579645947545            2.7849532939941724     
   1.3924766469970860            2.5064579645947545            2.9590128748688080     
   1.3924766469970860            2.5064579645947545            3.1330724557434433     
   1.5317243116967947            0.0000000000000000            0.0000000000000000     
   1.5317243116967947            0.0000000000000000           0.17405958087463577     
   1.5317243116967947            0.0000000000000000           0.34811916174927154     
   1.5317243116967947            0.0000000000000000           0.52217874262390729     
   1.5317243116967947            0.0000000000000000           0.69623832349854309     
   1.5317243116967947            0.0000000000000000           0.87029790437317889     
   1.5317243116967947            0.0000000000000000            1.0443574852478146     
   1.5317243116967947            0.0000000000000000            1.2184170661224505     
   1.5317243116967947            0.0000000000000000            1.3924766469970862     
   1.5317243116967947            0.0000000000000000            1.5665362278717216     
   1.5317243116967947            0.0000000000000000            1.7405958087463578     
   1.5317243116967947            0.0000000000000000            1.9146553896209932     
   1.5317243116967947            0.0000000000000000            2.0887149704956292     
   1.5317243116967947            0.0000000000000000            2.2627745513702648     
   1.5317243116967947            0.0000000000000000            2.4368341322449010     
   1.5317243116967947            0.0000000000000000            2.6108937131195367     
   1.5317243116967947            0.0000000000000000            2.7849532939941724     
   1.5317243116967947            0.0000000000000000            2.9590128748688080     
   1.5317243116967947            0.0000000000000000            3.1330724557434433     
   1.5317243116967947           0.13924766469970859            0.0000000000000000     
   1.5317243116967947           0.13924766469970859           0.17405958087463577     
   1.5317243116967947           0.13924766469970859           0.34811916174927154     
   1.5317243116967947           0.13924766469970859           0.52217874262390729     
   1.5317243116967947           0.13924766469970859           0.69623832349854309     
   1.5317243116967947           0.13924766469970859           0.87029790437317889     
   1.5317243116967947           0.13924766469970859            1.0443574852478146     
   1.5317243116967947           0.13924766469970859            1.2184170661224505     
   1.5317243116967947           0.13924766469970859            1.3924766469970862     
   1.5317243116967947           0.13924766469970859            1.5665362278717216     
   1.5317243116967947           0.13924766469970859            1.7405958087463578     
   1.5317243116967947           0.13924766469970859            1.9146553896209932     
   1.5317243116967947           0.13924766469970859            2.0887149704956292     
   1.5317243116967947           0.13924766469970859            2.2627745513702648     
   1.5317243116967947           0.13924766469970859            2.4368341322449010     
   1.5317243116967947           0.13924766469970859            2.6108937131195367     
   1.5317243116967947           0.13924766469970859            2.7849532939941724     
   1.5317243116967947           0.13924766469970859            2.9590128748688080     
   1.5317243116967947           0.13924766469970859            3.1330724557434433     
   1.5317243116967947           0.27849532939941718            0.0000000000000000     
   1.5317243116967947           0.27849532939941718           0.17405958087463577     
   1.5317243116967947           0.27849532939941718           0.34811916174927154     
   1.5317243116967947           0.27849532939941718           0.52217874262390729     
   1.5317243116967947           0.27849532939941718           0.69623832349854309     
   1.5317243116967947           0.27849532939941718           0.87029790437317889     
   1.5317243116967947           0.27849532939941718            1.0443574852478146     
   1.5317243116967947           0.27849532939941718            1.2184170661224505     
   1.5317243116967947           0.27849532939941718            1.3924766469970862     
   1.5317243116967947           0.27849532939941718            1.5665362278717216     
   1.5317243116967947           0.27849532939941718            1.7405958087463578     
   1.5317243116967947           0.27849532939941718            1.9146553896209932     
   1.5317243116967947           0.27849532939941718            2.0887149704956292     
   1.5317243116967947           0.27849532939941718            2.2627745513702648     
   1.5317243116967947           0.27849532939941718            2.4368341322449010     
   1.5317243116967947           0.27849532939941718            2.6108937131195367     
   1.5317243116967947           0.27849532939941718            2.7849532939941724     
   1.5317243116967947           0.27849532939941718            2.9590128748688080     
   1.5317243116967947           0.27849532939941718            3.1330724557434433     
   1.5317243116967947           0.41774299409912580            0.0000000000000000     
   1.5317243116967947           0.41774299409912580           0.17405958087463577     
   1.5317243116967947           0.41774299409912580           0.34811916174927154     
   1.5317243116967947           0.41774299409912580           0.52217874262390729     
   1.5317243116967947           0.41774299409912580           0.69623832349854309     
   1.5317243116967947           0.41774299409912580           0.87029790437317889     
   1.5317243116967947           0.41774299409912580            1.0443574852478146     
   1.5317243116967947           0.41774299409912580            1.2184170661224505     
   1.5317243116967947           0.41774299409912580            1.3924766469970862     
   1.5317243116967947           0.41774299409912580            1.5665362278717216     
   1.5317243116967947           0.41774299409912580            1.7405958087463578     
   1.5317243116967947           0.41774299409912580            1.9146553896209932     
   1.5317243116967947           0.41774299409912580            2.0887149704956292     
   1.5317243116967947           0.41774299409912580            2.2627745513702648     
   1.5317243116967947           0.41774299409912580            2.4368341322449010     
   1.5317243116967947           0.41774299409912580            2.6108937131195367     
   1.5317243116967947           0.41774299409912580            2.7849532939941724     
   1.5317243116967947           0.41774299409912580            2.9590128748688080     
   1.5317243116967947           0.41774299409912580            3.1330724557434433     
   1.5317243116967947           0.55699065879883436            0.0000000000000000     
   1.5317243116967947           0.55699065879883436           0.17405958087463577     
   1.5317243116967947           0.55699065879883436           0.34811916174927154     
   1.5317243116967947           0.55699065879883436           0.52217874262390729     
   1.5317243116967947           0.55699065879883436           0.69623832349854309     
   1.5317243116967947           0.55699065879883436           0.87029790437317889     
   1.5317243116967947           0.55699065879883436            1.0443574852478146     
   1.5317243116967947           0.55699065879883436            1.2184170661224505     
   1.5317243116967947           0.55699065879883436            1.3924766469970862     
   1.5317243116967947           0.55699065879883436            1.5665362278717216     
   1.5317243116967947           0.55699065879883436            1.7405958087463578     
   1.5317243116967947           0.55699065879883436            1.9146553896209932     
   1.5317243116967947           0.55699065879883436            2.0887149704956292     
   1.5317243116967947           0.55699065879883436            2.2627745513702648     
   1.5317243116967947           0.55699065879883436            2.4368341322449010     
   1.5317243116967947           0.55699065879883436            2.6108937131195367     
   1.5317243116967947           0.55699065879883436            2.7849532939941724     
   1.5317243116967947           0.55699065879883436            2.9590128748688080     
   1.5317243116967947           0.55699065879883436            3.1330724557434433     
   1.5317243116967947           0.69623832349854298            0.0000000000000000     
   1.5317243116967947           0.69623832349854298           0.17405958087463577     
   1.5317243116967947           0.69623832349854298           0.34811916174927154     
   1.5317243116967947           0.69623832349854298           0.52217874262390729     
   1.5317243116967947           0.69623832349854298           0.69623832349854309     
   1.5317243116967947           0.69623832349854298           0.87029790437317889     
   1.5317243116967947           0.69623832349854298            1.0443574852478146     
   1.5317243116967947           0.69623832349854298            1.2184170661224505     
   1.5317243116967947           0.69623832349854298            1.3924766469970862     
   1.5317243116967947           0.69623832349854298            1.5665362278717216     
   1.5317243116967947           0.69623832349854298            1.7405958087463578     
   1.5317243116967947           0.69623832349854298            1.9146553896209932     
   1.5317243116967947           0.69623832349854298            2.0887149704956292     
   1.5317243116967947           0.69623832349854298            2.2627745513702648     
   1.5317243116967947           0.69623832349854298            2.4368341322449010     
   1.5317243116967947           0.69623832349854298            2.6108937131195367     
   1.5317243116967947           0.69623832349854298            2.7849532939941724     
   1.5317243116967947           0.69623832349854298            2.9590128748688080     
   1.5317243116967947           0.69623832349854298            3.1330724557434433     
   1.5317243116967947           0.83548598819825159            0.0000000000000000     
   1.5317243116967947           0.83548598819825159           0.17405958087463577     
   1.5317243116967947           0.83548598819825159           0.34811916174927154     
   1.5317243116967947           0.83548598819825159           0.52217874262390729     
   1.5317243116967947           0.83548598819825159           0.69623832349854309     
   1.5317243116967947           0.83548598819825159           0.87029790437317889     
   1.5317243116967947           0.83548598819825159            1.0443574852478146     
   1.5317243116967947           0.83548598819825159            1.2184170661224505     
   1.5317243116967947           0.83548598819825159            1.3924766469970862     
   1.5317243116967947           0.83548598819825159            1.5665362278717216     
   1.5317243116967947           0.83548598819825159            1.7405958087463578     
   1.5317243116967947           0.83548598819825159            1.9146553896209932     
   1.5317243116967947           0.83548598819825159            2.0887149704956292     
   1.5317243116967947           0.83548598819825159            2.2627745513702648     
   1.5317243116967947           0.83548598819825159            2.4368341322449010     
   1.5317243116967947           0.83548598819825159            2.6108937131195367     
   1.5317243116967947           0.83548598819825159            2.7849532939941724     
   1.5317243116967947           0.83548598819825159            2.9590128748688080     
   1.5317243116967947           0.83548598819825159            3.1330724557434433     
   1.5317243116967947           0.97473365289796032            0.0000000000000000     
   1.5317243116967947           0.97473365289796032           0.17405958087463577     
   1.5317243116967947           0.97473365289796032           0.34811916174927154     
   1.5317243116967947           0.97473365289796032           0.52217874262390729     
   1.5317243116967947           0.97473365289796032           0.69623832349854309     
   1.5317243116967947           0.97473365289796032           0.87029790437317889     
   1.5317243116967947           0.97473365289796032            1.0443574852478146     
   1.5317243116967947           0.97473365289796032            1.2184170661224505     
   1.5317243116967947           0.97473365289796032            1.3924766469970862     
   1.5317243116967947           0.97473365289796032            1.5665362278717216     
   1.5317243116967947           0.97473365289796032            1.7405958087463578     
   1.5317243116967947           0.97473365289796032            1.9146553896209932     
   1.5317243116967947           0.97473365289796032            2.0887149704956292     
   1.5317243116967947           0.97473365289796032            2.2627745513702648     
   1.5317243116967947           0.97473365289796032            2.4368341322449010     
   1.5317243116967947           0.97473365289796032            2.6108937131195367     
   1.5317243116967947           0.97473365289796032            2.7849532939941724     
   1.5317243116967947           0.97473365289796032            2.9590128748688080     
   1.5317243116967947           0.97473365289796032            3.1330724557434433     
   1.5317243116967947            1.1139813175976687            0.0000000000000000     
   1.5317243116967947            1.1139813175976687           0.17405958087463577     
   1.5317243116967947            1.1139813175976687           0.34811916174927154     
   1.5317243116967947            1.1139813175976687           0.52217874262390729     
   1.5317243116967947            1.1139813175976687           0.69623832349854309     
   1.5317243116967947            1.1139813175976687           0.87029790437317889     
   1.5317243116967947            1.1139813175976687            1.0443574852478146     
   1.5317243116967947            1.1139813175976687            1.2184170661224505     
   1.5317243116967947            1.1139813175976687            1.3924766469970862     
   1.5317243116967947            1.1139813175976687            1.5665362278717216     
   1.5317243116967947            1.1139813175976687            1.7405958087463578     
   1.5317243116967947            1.1139813175976687            1.9146553896209932     
   1.5317243116967947            1.1139813175976687            2.0887149704956292     
   1.5317243116967947            1.1139813175976687            2.2627745513702648     
   1.5317243116967947            1.1139813175976687            2.4368341322449010     
   1.5317243116967947            1.1139813175976687            2.6108937131195367     
   1.5317243116967947            1.1139813175976687            2.7849532939941724     
   1.5317243116967947            1.1139813175976687            2.9590128748688080     
   1.5317243116967947            1.1139813175976687            3.1330724557434433     
   1.5317243116967947            1.2532289822973772            0.0000000000000000     
   1.5317243116967947            1.2532289822973772           0.17405958087463577     
   1.5317243116967947            1.2532289822973772           0.34811916174927154     
   1.5317243116967947            1.2532289822973772           0.52217874262390729     
   1.5317243116967947            1.2532289822973772           0.69623832349854309     
   1.5317243116967947            1.2532289822973772           0.87029790437317889     
   1.5317243116967947            1.2532289822973772            1.0443574852478146     
   1.5317243116967947            1.2532289822973772            1.2184170661224505     
   1.5317243116967947            1.2532289822973772            1.3924766469970862     
   1.5317243116967947            1.2532289822973772            1.5665362278717216     
   1.5317243116967947            1.2532289822973772            1.7405958087463578     
   1.5317243116967947            1.2532289822973772            1.9146553896209932     
   1.5317243116967947            1.2532289822973772            2.0887149704956292     
   1.5317243116967947            1.2532289822973772            2.2627745513702648     
   1.5317243116967947            1.2532289822973772            2.4368341322449010     
   1.5317243116967947            1.2532289822973772            2.6108937131195367     
   1.5317243116967947            1.2532289822973772            2.7849532939941724     
   1.5317243116967947            1.2532289822973772            2.9590128748688080     
   1.5317243116967947            1.2532289822973772            3.1330724557434433     
   1.5317243116967947            1.3924766469970860            0.0000000000000000     
   1.5317243116967947            1.3924766469970860           0.17405958087463577     
   1.5317243116967947            1.3924766469970860           0.34811916174927154     
   1.5317243116967947            1.3924766469970860           0.52217874262390729     
   1.5317243116967947            1.3924766469970860           0.69623832349854309     
   1.5317243116967947            1.3924766469970860           0.87029790437317889     
   1.5317243116967947            1.3924766469970860            1.0443574852478146     
   1.5317243116967947            1.3924766469970860            1.2184170661224505     
   1.5317243116967947            1.3924766469970860            1.3924766469970862     
   1.5317243116967947            1.3924766469970860            1.5665362278717216     
   1.5317243116967947            1.3924766469970860            1.7405958087463578     
   1.5317243116967947            1.3924766469970860            1.9146553896209932     
   1.5317243116967947            1.3924766469970860            2.0887149704956292     
   1.5317243116967947            1.3924766469970860            2.2627745513702648     
   1.5317243116967947            1.3924766469970860            2.4368341322449010     
   1.5317243116967947            1.3924766469970860            2.6108937131195367     
   1.5317243116967947            1.3924766469970860            2.7849532939941724     
   1.5317243116967947            1.3924766469970860            2.9590128748688080     
   1.5317243116967947            1.3924766469970860            3.1330724557434433     
   1.5317243116967947            1.5317243116967947            0.0000000000000000     
   1.5317243116967947            1.5317243116967947           0.17405958087463577     
   1.5317243116967947            1.5317243116967947           0.34811916174927154     
   1.5317243116967947            1.5317243116967947           0.52217874262390729     
   1.5317243116967947            1.5317243116967947           0.69623832349854309     
   1.5317243116967947            1.5317243116967947           0.87029790437317889     
   1.5317243116967947            1.5317243116967947            1.0443574852478146     
   1.5317243116967947            1.5317243116967947            1.2184170661224505     
   1.5317243116967947            1.5317243116967947            1.3924766469970862     
   1.5317243116967947            1.5317243116967947            1.5665362278717216     
   1.5317243116967947            1.5317243116967947            1.7405958087463578     
   1.5317243116967947            1.5317243116967947            1.9146553896209932     
   1.5317243116967947            1.5317243116967947            2.0887149704956292     
   1.5317243116967947            1.5317243116967947            2.2627745513702648     
   1.5317243116967947            1.5317243116967947            2.4368341322449010     
   1.5317243116967947            1.5317243116967947            2.6108937131195367     
   1.5317243116967947            1.5317243116967947            2.7849532939941724     
   1.5317243116967947            1.5317243116967947            2.9590128748688080     
   1.5317243116967947            1.5317243116967947            3.1330724557434433     
   1.5317243116967947            1.6709719763965032            0.0000000000000000     
   1.5317243116967947            1.6709719763965032           0.17405958087463577     
   1.5317243116967947            1.6709719763965032           0.34811916174927154     
   1.5317243116967947            1.6709719763965032           0.52217874262390729     
   1.5317243116967947            1.6709719763965032           0.69623832349854309     
   1.5317243116967947            1.6709719763965032           0.87029790437317889     
   1.5317243116967947            1.6709719763965032            1.0443574852478146     
   1.5317243116967947            1.6709719763965032            1.2184170661224505     
   1.5317243116967947            1.6709719763965032            1.3924766469970862     
   1.5317243116967947            1.6709719763965032            1.5665362278717216     
   1.5317243116967947            1.6709719763965032            1.7405958087463578     
   1.5317243116967947            1.6709719763965032            1.9146553896209932     
   1.5317243116967947            1.6709719763965032            2.0887149704956292     
   1.5317243116967947            1.6709719763965032            2.2627745513702648     
   1.5317243116967947            1.6709719763965032            2.4368341322449010     
   1.5317243116967947            1.6709719763965032            2.6108937131195367     
   1.5317243116967947            1.6709719763965032            2.7849532939941724     
   1.5317243116967947            1.6709719763965032            2.9590128748688080     
   1.5317243116967947            1.6709719763965032            3.1330724557434433     
   1.5317243116967947            1.8102196410962119            0.0000000000000000     
   1.5317243116967947            1.8102196410962119           0.17405958087463577     
   1.5317243116967947            1.8102196410962119           0.34811916174927154     
   1.5317243116967947            1.8102196410962119           0.52217874262390729     
   1.5317243116967947            1.8102196410962119           0.69623832349854309     
   1.5317243116967947            1.8102196410962119           0.87029790437317889     
   1.5317243116967947            1.8102196410962119            1.0443574852478146     
   1.5317243116967947            1.8102196410962119            1.2184170661224505     
   1.5317243116967947            1.8102196410962119            1.3924766469970862     
   1.5317243116967947            1.8102196410962119            1.5665362278717216     
   1.5317243116967947            1.8102196410962119            1.7405958087463578     
   1.5317243116967947            1.8102196410962119            1.9146553896209932     
   1.5317243116967947            1.8102196410962119            2.0887149704956292     
   1.5317243116967947            1.8102196410962119            2.2627745513702648     
   1.5317243116967947            1.8102196410962119            2.4368341322449010     
   1.5317243116967947            1.8102196410962119            2.6108937131195367     
   1.5317243116967947            1.8102196410962119            2.7849532939941724     
   1.5317243116967947            1.8102196410962119            2.9590128748688080     
   1.5317243116967947            1.8102196410962119            3.1330724557434433     
   1.5317243116967947            1.9494673057959206            0.0000000000000000     
   1.5317243116967947            1.9494673057959206           0.17405958087463577     
   1.5317243116967947            1.9494673057959206           0.34811916174927154     
   1.5317243116967947            1.9494673057959206           0.52217874262390729     
   1.5317243116967947            1.9494673057959206           0.69623832349854309     
   1.5317243116967947            1.9494673057959206           0.87029790437317889     
   1.5317243116967947            1.9494673057959206            1.0443574852478146     
   1.5317243116967947            1.9494673057959206            1.2184170661224505     
   1.5317243116967947            1.9494673057959206            1.3924766469970862     
   1.5317243116967947            1.9494673057959206            1.5665362278717216     
   1.5317243116967947            1.9494673057959206            1.7405958087463578     
   1.5317243116967947            1.9494673057959206            1.9146553896209932     
   1.5317243116967947            1.9494673057959206            2.0887149704956292     
   1.5317243116967947            1.9494673057959206            2.2627745513702648     
   1.5317243116967947            1.9494673057959206            2.4368341322449010     
   1.5317243116967947            1.9494673057959206            2.6108937131195367     
   1.5317243116967947            1.9494673057959206            2.7849532939941724     
   1.5317243116967947            1.9494673057959206            2.9590128748688080     
   1.5317243116967947            1.9494673057959206            3.1330724557434433     
   1.5317243116967947            2.0887149704956292            0.0000000000000000     
   1.5317243116967947            2.0887149704956292           0.17405958087463577     
   1.5317243116967947            2.0887149704956292           0.34811916174927154     
   1.5317243116967947            2.0887149704956292           0.52217874262390729     
   1.5317243116967947            2.0887149704956292           0.69623832349854309     
   1.5317243116967947            2.0887149704956292           0.87029790437317889     
   1.5317243116967947            2.0887149704956292            1.0443574852478146     
   1.5317243116967947            2.0887149704956292            1.2184170661224505     
   1.5317243116967947            2.0887149704956292            1.3924766469970862     
   1.5317243116967947            2.0887149704956292            1.5665362278717216     
   1.5317243116967947            2.0887149704956292            1.7405958087463578     
   1.5317243116967947            2.0887149704956292            1.9146553896209932     
   1.5317243116967947            2.0887149704956292            2.0887149704956292     
   1.5317243116967947            2.0887149704956292            2.2627745513702648     
   1.5317243116967947            2.0887149704956292            2.4368341322449010     
   1.5317243116967947            2.0887149704956292            2.6108937131195367     
   1.5317243116967947            2.0887149704956292            2.7849532939941724     
   1.5317243116967947            2.0887149704956292            2.9590128748688080     
   1.5317243116967947            2.0887149704956292            3.1330724557434433     
   1.5317243116967947            2.2279626351953374            0.0000000000000000     
   1.5317243116967947            2.2279626351953374           0.17405958087463577     
   1.5317243116967947            2.2279626351953374           0.34811916174927154     
   1.5317243116967947            2.2279626351953374           0.52217874262390729     
   1.5317243116967947            2.2279626351953374           0.69623832349854309     
   1.5317243116967947            2.2279626351953374           0.87029790437317889     
   1.5317243116967947            2.2279626351953374            1.0443574852478146     
   1.5317243116967947            2.2279626351953374            1.2184170661224505     
   1.5317243116967947            2.2279626351953374            1.3924766469970862     
   1.5317243116967947            2.2279626351953374            1.5665362278717216     
   1.5317243116967947            2.2279626351953374            1.7405958087463578     
   1.5317243116967947            2.2279626351953374            1.9146553896209932     
   1.5317243116967947            2.2279626351953374            2.0887149704956292     
   1.5317243116967947            2.2279626351953374            2.2627745513702648     
   1.5317243116967947            2.2279626351953374            2.4368341322449010     
   1.5317243116967947            2.2279626351953374            2.6108937131195367     
   1.5317243116967947            2.2279626351953374            2.7849532939941724     
   1.5317243116967947            2.2279626351953374            2.9590128748688080     
   1.5317243116967947            2.2279626351953374            3.1330724557434433     
   1.5317243116967947            2.3672102998950462            0.0000000000000000     
   1.5317243116967947            2.3672102998950462           0.17405958087463577     
   1.5317243116967947            2.3672102998950462           0.34811916174927154     
   1.5317243116967947            2.3672102998950462           0.52217874262390729     
   1.5317243116967947            2.3672102998950462           0.69623832349854309     
   1.5317243116967947            2.3672102998950462           0.87029790437317889     
   1.5317243116967947            2.3672102998950462            1.0443574852478146     
   1.5317243116967947            2.3672102998950462            1.2184170661224505     
   1.5317243116967947            2.3672102998950462            1.3924766469970862     
   1.5317243116967947            2.3672102998950462            1.5665362278717216     
   1.5317243116967947            2.3672102998950462            1.7405958087463578     
   1.5317243116967947            2.3672102998950462            1.9146553896209932     
   1.5317243116967947            2.3672102998950462            2.0887149704956292     
   1.5317243116967947            2.3672102998950462            2.2627745513702648     
   1.5317243116967947            2.3672102998950462            2.4368341322449010     
   1.5317243116967947            2.3672102998950462            2.6108937131195367     
   1.5317243116967947            2.3672102998950462            2.7849532939941724     
   1.5317243116967947            2.3672102998950462            2.9590128748688080     
   1.5317243116967947            2.3672102998950462            3.1330724557434433     
   1.5317243116967947            2.5064579645947545            0.0000000000000000     
   1.5317243116967947            2.5064579645947545           0.17405958087463577     
   1.5317243116967947            2.5064579645947545           0.34811916174927154     
   1.5317243116967947            2.5064579645947545           0.52217874262390729     
   1.5317243116967947            2.5064579645947545           0.69623832349854309     
   1.5317243116967947            2.5064579645947545           0.87029790437317889     
   1.5317243116967947            2.5064579645947545            1.0443574852478146     
   1.5317243116967947            2.5064579645947545            1.2184170661224505     
   1.5317243116967947            2.5064579645947545            1.3924766469970862     
   1.5317243116967947            2.5064579645947545            1.5665362278717216     
   1.5317243116967947            2.5064579645947545            1.7405958087463578     
   1.5317243116967947            2.5064579645947545            1.9146553896209932     
   1.5317243116967947            2.5064579645947545            2.0887149704956292     
   1.5317243116967947            2.5064579645947545            2.2627745513702648     
   1.5317243116967947            2.5064579645947545            2.4368341322449010     
   1.5317243116967947            2.5064579645947545            2.6108937131195367     
   1.5317243116967947            2.5064579645947545            2.7849532939941724     
   1.5317243116967947            2.5064579645947545            2.9590128748688080     
   1.5317243116967947            2.5064579645947545            3.1330724557434433     
   1.6709719763965032            0.0000000000000000            0.0000000000000000     
   1.6709719763965032            0.0000000000000000           0.17405958087463577     
   1.6709719763965032            0.0000000000000000           0.34811916174927154     
   1.6709719763965032            0.0000000000000000           0.52217874262390729     
   1.6709719763965032            0.0000000000000000           0.69623832349854309     
   1.6709719763965032            0.0000000000000000           0.87029790437317889     
   1.6709719763965032            0.0000000000000000            1.0443574852478146     
   1.6709719763965032            0.0000000000000000            1.2184170661224505     
   1.6709719763965032            0.0000000000000000            1.3924766469970862     
   1.6709719763965032            0.0000000000000000            1.5665362278717216     
   1.6709719763965032            0.0000000000000000            1.7405958087463578     
   1.6709719763965032            0.0000000000000000            1.9146553896209932     
   1.6709719763965032            0.0000000000000000            2.0887149704956292     
   1.6709719763965032            0.0000000000000000            2.2627745513702648     
   1.6709719763965032            0.0000000000000000            2.4368341322449010     
   1.6709719763965032            0.0000000000000000            2.6108937131195367     
   1.6709719763965032            0.0000000000000000            2.7849532939941724     
   1.6709719763965032            0.0000000000000000            2.9590128748688080     
   1.6709719763965032            0.0000000000000000            3.1330724557434433     
   1.6709719763965032           0.13924766469970859            0.0000000000000000     
   1.6709719763965032           0.13924766469970859           0.17405958087463577     
   1.6709719763965032           0.13924766469970859           0.34811916174927154     
   1.6709719763965032           0.13924766469970859           0.52217874262390729     
   1.6709719763965032           0.13924766469970859           0.69623832349854309     
   1.6709719763965032           0.13924766469970859           0.87029790437317889     
   1.6709719763965032           0.13924766469970859            1.0443574852478146     
   1.6709719763965032           0.13924766469970859            1.2184170661224505     
   1.6709719763965032           0.13924766469970859            1.3924766469970862     
   1.6709719763965032           0.13924766469970859            1.5665362278717216     
   1.6709719763965032           0.13924766469970859            1.7405958087463578     
   1.6709719763965032           0.13924766469970859            1.9146553896209932     
   1.6709719763965032           0.13924766469970859            2.0887149704956292     
   1.6709719763965032           0.13924766469970859            2.2627745513702648     
   1.6709719763965032           0.13924766469970859            2.4368341322449010     
   1.6709719763965032           0.13924766469970859            2.6108937131195367     
   1.6709719763965032           0.13924766469970859            2.7849532939941724     
   1.6709719763965032           0.13924766469970859            2.9590128748688080     
   1.6709719763965032           0.13924766469970859            3.1330724557434433     
   1.6709719763965032           0.27849532939941718            0.0000000000000000     
   1.6709719763965032           0.27849532939941718           0.17405958087463577     
   1.6709719763965032           0.27849532939941718           0.34811916174927154     
   1.6709719763965032           0.27849532939941718           0.52217874262390729     
   1.6709719763965032           0.27849532939941718           0.69623832349854309     
   1.6709719763965032           0.27849532939941718           0.87029790437317889     
   1.6709719763965032           0.27849532939941718            1.0443574852478146     
   1.6709719763965032           0.27849532939941718            1.2184170661224505     
   1.6709719763965032           0.27849532939941718            1.3924766469970862     
   1.6709719763965032           0.27849532939941718            1.5665362278717216     
   1.6709719763965032           0.27849532939941718            1.7405958087463578     
   1.6709719763965032           0.27849532939941718            1.9146553896209932     
   1.6709719763965032           0.27849532939941718            2.0887149704956292     
   1.6709719763965032           0.27849532939941718            2.2627745513702648     
   1.6709719763965032           0.27849532939941718            2.4368341322449010     
   1.6709719763965032           0.27849532939941718            2.6108937131195367     
   1.6709719763965032           0.27849532939941718            2.7849532939941724     
   1.6709719763965032           0.27849532939941718            2.9590128748688080     
   1.6709719763965032           0.27849532939941718            3.1330724557434433     
   1.6709719763965032           0.41774299409912580            0.0000000000000000     
   1.6709719763965032           0.41774299409912580           0.17405958087463577     
   1.6709719763965032           0.41774299409912580           0.34811916174927154     
   1.6709719763965032           0.41774299409912580           0.52217874262390729     
   1.6709719763965032           0.41774299409912580           0.69623832349854309     
   1.6709719763965032           0.41774299409912580           0.87029790437317889     
   1.6709719763965032           0.41774299409912580            1.0443574852478146     
   1.6709719763965032           0.41774299409912580            1.2184170661224505     
   1.6709719763965032           0.41774299409912580            1.3924766469970862     
   1.6709719763965032           0.41774299409912580            1.5665362278717216     
   1.6709719763965032           0.41774299409912580            1.7405958087463578     
   1.6709719763965032           0.41774299409912580            1.9146553896209932     
   1.6709719763965032           0.41774299409912580            2.0887149704956292     
   1.6709719763965032           0.41774299409912580            2.2627745513702648     
   1.6709719763965032           0.41774299409912580            2.4368341322449010     
   1.6709719763965032           0.41774299409912580            2.6108937131195367     
   1.6709719763965032           0.41774299409912580            2.7849532939941724     
   1.6709719763965032           0.41774299409912580            2.9590128748688080     
   1.6709719763965032           0.41774299409912580            3.1330724557434433     
   1.6709719763965032           0.55699065879883436            0.0000000000000000     
   1.6709719763965032           0.55699065879883436           0.17405958087463577     
   1.6709719763965032           0.55699065879883436           0.34811916174927154     
   1.6709719763965032           0.55699065879883436           0.52217874262390729     
   1.6709719763965032           0.55699065879883436           0.69623832349854309     
   1.6709719763965032           0.55699065879883436           0.87029790437317889     
   1.6709719763965032           0.55699065879883436            1.0443574852478146     
   1.6709719763965032           0.55699065879883436            1.2184170661224505     
   1.6709719763965032           0.55699065879883436            1.3924766469970862     
   1.6709719763965032           0.55699065879883436            1.5665362278717216     
   1.6709719763965032           0.55699065879883436            1.7405958087463578     
   1.6709719763965032           0.55699065879883436            1.9146553896209932     
   1.6709719763965032           0.55699065879883436            2.0887149704956292     
   1.6709719763965032           0.55699065879883436            2.2627745513702648     
   1.6709719763965032           0.55699065879883436            2.4368341322449010     
   1.6709719763965032           0.55699065879883436            2.6108937131195367     
   1.6709719763965032           0.55699065879883436            2.7849532939941724     
   1.6709719763965032           0.55699065879883436            2.9590128748688080     
   1.6709719763965032           0.55699065879883436            3.1330724557434433     
   1.6709719763965032           0.69623832349854298            0.0000000000000000     
   1.6709719763965032           0.69623832349854298           0.17405958087463577     
   1.6709719763965032           0.69623832349854298           0.34811916174927154     
   1.6709719763965032           0.69623832349854298           0.52217874262390729     
   1.6709719763965032           0.69623832349854298           0.69623832349854309     
   1.6709719763965032           0.69623832349854298           0.87029790437317889     
   1.6709719763965032           0.69623832349854298            1.0443574852478146     
   1.6709719763965032           0.69623832349854298            1.2184170661224505     
   1.6709719763965032           0.69623832349854298            1.3924766469970862     
   1.6709719763965032           0.69623832349854298            1.5665362278717216     
   1.6709719763965032           0.69623832349854298            1.7405958087463578     
   1.6709719763965032           0.69623832349854298            1.9146553896209932     
   1.6709719763965032           0.69623832349854298            2.0887149704956292     
   1.6709719763965032           0.69623832349854298            2.2627745513702648     
   1.6709719763965032           0.69623832349854298            2.4368341322449010     
   1.6709719763965032           0.69623832349854298            2.6108937131195367     
   1.6709719763965032           0.69623832349854298            2.7849532939941724     
   1.6709719763965032           0.69623832349854298            2.9590128748688080     
   1.6709719763965032           0.69623832349854298            3.1330724557434433     
   1.6709719763965032           0.83548598819825159            0.0000000000000000     
   1.6709719763965032           0.83548598819825159           0.17405958087463577     
   1.6709719763965032           0.83548598819825159           0.34811916174927154     
   1.6709719763965032           0.83548598819825159           0.52217874262390729     
   1.6709719763965032           0.83548598819825159           0.69623832349854309     
   1.6709719763965032           0.83548598819825159           0.87029790437317889     
   1.6709719763965032           0.83548598819825159            1.0443574852478146     
   1.6709719763965032           0.83548598819825159            1.2184170661224505     
   1.6709719763965032           0.83548598819825159            1.3924766469970862     
   1.6709719763965032           0.83548598819825159            1.5665362278717216     
   1.6709719763965032           0.83548598819825159            1.7405958087463578     
   1.6709719763965032           0.83548598819825159            1.9146553896209932     
   1.6709719763965032           0.83548598819825159            2.0887149704956292     
   1.6709719763965032           0.83548598819825159            2.2627745513702648     
   1.6709719763965032           0.83548598819825159            2.4368341322449010     
   1.6709719763965032           0.83548598819825159            2.6108937131195367     
   1.6709719763965032           0.83548598819825159            2.7849532939941724     
   1.6709719763965032           0.83548598819825159            2.9590128748688080     
   1.6709719763965032           0.83548598819825159            3.1330724557434433     
   1.6709719763965032           0.97473365289796032            0.0000000000000000     
   1.6709719763965032           0.97473365289796032           0.17405958087463577     
   1.6709719763965032           0.97473365289796032           0.34811916174927154     
   1.6709719763965032           0.97473365289796032           0.52217874262390729     
   1.6709719763965032           0.97473365289796032           0.69623832349854309     
   1.6709719763965032           0.97473365289796032           0.87029790437317889     
   1.6709719763965032           0.97473365289796032            1.0443574852478146     
   1.6709719763965032           0.97473365289796032            1.2184170661224505     
   1.6709719763965032           0.97473365289796032            1.3924766469970862     
   1.6709719763965032           0.97473365289796032            1.5665362278717216     
   1.6709719763965032           0.97473365289796032            1.7405958087463578     
   1.6709719763965032           0.97473365289796032            1.9146553896209932     
   1.6709719763965032           0.97473365289796032            2.0887149704956292     
   1.6709719763965032           0.97473365289796032            2.2627745513702648     
   1.6709719763965032           0.97473365289796032            2.4368341322449010     
   1.6709719763965032           0.97473365289796032            2.6108937131195367     
   1.6709719763965032           0.97473365289796032            2.7849532939941724     
   1.6709719763965032           0.97473365289796032            2.9590128748688080     
   1.6709719763965032           0.97473365289796032            3.1330724557434433     
   1.6709719763965032            1.1139813175976687            0.0000000000000000     
   1.6709719763965032            1.1139813175976687           0.17405958087463577     
   1.6709719763965032            1.1139813175976687           0.34811916174927154     
   1.6709719763965032            1.1139813175976687           0.52217874262390729     
   1.6709719763965032            1.1139813175976687           0.69623832349854309     
   1.6709719763965032            1.1139813175976687           0.87029790437317889     
   1.6709719763965032            1.1139813175976687            1.0443574852478146     
   1.6709719763965032            1.1139813175976687            1.2184170661224505     
   1.6709719763965032            1.1139813175976687            1.3924766469970862     
   1.6709719763965032            1.1139813175976687            1.5665362278717216     
   1.6709719763965032            1.1139813175976687            1.7405958087463578     
   1.6709719763965032            1.1139813175976687            1.9146553896209932     
   1.6709719763965032            1.1139813175976687            2.0887149704956292     
   1.6709719763965032            1.1139813175976687            2.2627745513702648     
   1.6709719763965032            1.1139813175976687            2.4368341322449010     
   1.6709719763965032            1.1139813175976687            2.6108937131195367     
   1.6709719763965032            1.1139813175976687            2.7849532939941724     
   1.6709719763965032            1.1139813175976687            2.9590128748688080     
   1.6709719763965032            1.1139813175976687            3.1330724557434433     
   1.6709719763965032            1.2532289822973772            0.0000000000000000     
   1.6709719763965032            1.2532289822973772           0.17405958087463577     
   1.6709719763965032            1.2532289822973772           0.34811916174927154     
   1.6709719763965032            1.2532289822973772           0.52217874262390729     
   1.6709719763965032            1.2532289822973772           0.69623832349854309     
   1.6709719763965032            1.2532289822973772           0.87029790437317889     
   1.6709719763965032            1.2532289822973772            1.0443574852478146     
   1.6709719763965032            1.2532289822973772            1.2184170661224505     
   1.6709719763965032            1.2532289822973772            1.3924766469970862     
   1.6709719763965032            1.2532289822973772            1.5665362278717216     
   1.6709719763965032            1.2532289822973772            1.7405958087463578     
   1.6709719763965032            1.2532289822973772            1.9146553896209932     
   1.6709719763965032            1.2532289822973772            2.0887149704956292     
   1.6709719763965032            1.2532289822973772            2.2627745513702648     
   1.6709719763965032            1.2532289822973772            2.4368341322449010     
   1.6709719763965032            1.2532289822973772            2.6108937131195367     
   1.6709719763965032            1.2532289822973772            2.7849532939941724     
   1.6709719763965032            1.2532289822973772            2.9590128748688080     
   1.6709719763965032            1.2532289822973772            3.1330724557434433     
   1.6709719763965032            1.3924766469970860            0.0000000000000000     
   1.6709719763965032            1.3924766469970860           0.17405958087463577     
   1.6709719763965032            1.3924766469970860           0.34811916174927154     
   1.6709719763965032            1.3924766469970860           0.52217874262390729     
   1.6709719763965032            1.3924766469970860           0.69623832349854309     
   1.6709719763965032            1.3924766469970860           0.87029790437317889     
   1.6709719763965032            1.3924766469970860            1.0443574852478146     
   1.6709719763965032            1.3924766469970860            1.2184170661224505     
   1.6709719763965032            1.3924766469970860            1.3924766469970862     
   1.6709719763965032            1.3924766469970860            1.5665362278717216     
   1.6709719763965032            1.3924766469970860            1.7405958087463578     
   1.6709719763965032            1.3924766469970860            1.9146553896209932     
   1.6709719763965032            1.3924766469970860            2.0887149704956292     
   1.6709719763965032            1.3924766469970860            2.2627745513702648     
   1.6709719763965032            1.3924766469970860            2.4368341322449010     
   1.6709719763965032            1.3924766469970860            2.6108937131195367     
   1.6709719763965032            1.3924766469970860            2.7849532939941724     
   1.6709719763965032            1.3924766469970860            2.9590128748688080     
   1.6709719763965032            1.3924766469970860            3.1330724557434433     
   1.6709719763965032            1.5317243116967947            0.0000000000000000     
   1.6709719763965032            1.5317243116967947           0.17405958087463577     
   1.6709719763965032            1.5317243116967947           0.34811916174927154     
   1.6709719763965032            1.5317243116967947           0.52217874262390729     
   1.6709719763965032            1.5317243116967947           0.69623832349854309     
   1.6709719763965032            1.5317243116967947           0.87029790437317889     
   1.6709719763965032            1.5317243116967947            1.0443574852478146     
   1.6709719763965032            1.5317243116967947            1.2184170661224505     
   1.6709719763965032            1.5317243116967947            1.3924766469970862     
   1.6709719763965032            1.5317243116967947            1.5665362278717216     
   1.6709719763965032            1.5317243116967947            1.7405958087463578     
   1.6709719763965032            1.5317243116967947            1.9146553896209932     
   1.6709719763965032            1.5317243116967947            2.0887149704956292     
   1.6709719763965032            1.5317243116967947            2.2627745513702648     
   1.6709719763965032            1.5317243116967947            2.4368341322449010     
   1.6709719763965032            1.5317243116967947            2.6108937131195367     
   1.6709719763965032            1.5317243116967947            2.7849532939941724     
   1.6709719763965032            1.5317243116967947            2.9590128748688080     
   1.6709719763965032            1.5317243116967947            3.1330724557434433     
   1.6709719763965032            1.6709719763965032            0.0000000000000000     
   1.6709719763965032            1.6709719763965032           0.17405958087463577     
   1.6709719763965032            1.6709719763965032           0.34811916174927154     
   1.6709719763965032            1.6709719763965032           0.52217874262390729     
   1.6709719763965032            1.6709719763965032           0.69623832349854309     
   1.6709719763965032            1.6709719763965032           0.87029790437317889     
   1.6709719763965032            1.6709719763965032            1.0443574852478146     
   1.6709719763965032            1.6709719763965032            1.2184170661224505     
   1.6709719763965032            1.6709719763965032            1.3924766469970862     
   1.6709719763965032            1.6709719763965032            1.5665362278717216     
   1.6709719763965032            1.6709719763965032            1.7405958087463578     
   1.6709719763965032            1.6709719763965032            1.9146553896209932     
   1.6709719763965032            1.6709719763965032            2.0887149704956292     
   1.6709719763965032            1.6709719763965032            2.2627745513702648     
   1.6709719763965032            1.6709719763965032            2.4368341322449010     
   1.6709719763965032            1.6709719763965032            2.6108937131195367     
   1.6709719763965032            1.6709719763965032            2.7849532939941724     
   1.6709719763965032            1.6709719763965032            2.9590128748688080     
   1.6709719763965032            1.6709719763965032            3.1330724557434433     
   1.6709719763965032            1.8102196410962119            0.0000000000000000     
   1.6709719763965032            1.8102196410962119           0.17405958087463577     
   1.6709719763965032            1.8102196410962119           0.34811916174927154     
   1.6709719763965032            1.8102196410962119           0.52217874262390729     
   1.6709719763965032            1.8102196410962119           0.69623832349854309     
   1.6709719763965032            1.8102196410962119           0.87029790437317889     
   1.6709719763965032            1.8102196410962119            1.0443574852478146     
   1.6709719763965032            1.8102196410962119            1.2184170661224505     
   1.6709719763965032            1.8102196410962119            1.3924766469970862     
   1.6709719763965032            1.8102196410962119            1.5665362278717216     
   1.6709719763965032            1.8102196410962119            1.7405958087463578     
   1.6709719763965032            1.8102196410962119            1.9146553896209932     
   1.6709719763965032            1.8102196410962119            2.0887149704956292     
   1.6709719763965032            1.8102196410962119            2.2627745513702648     
   1.6709719763965032            1.8102196410962119            2.4368341322449010     
   1.6709719763965032            1.8102196410962119            2.6108937131195367     
   1.6709719763965032            1.8102196410962119            2.7849532939941724     
   1.6709719763965032            1.8102196410962119            2.9590128748688080     
   1.6709719763965032            1.8102196410962119            3.1330724557434433     
   1.6709719763965032            1.9494673057959206            0.0000000000000000     
   1.6709719763965032            1.9494673057959206           0.17405958087463577     
   1.6709719763965032            1.9494673057959206           0.34811916174927154     
   1.6709719763965032            1.9494673057959206           0.52217874262390729     
   1.6709719763965032            1.9494673057959206           0.69623832349854309     
   1.6709719763965032            1.9494673057959206           0.87029790437317889     
   1.6709719763965032            1.9494673057959206            1.0443574852478146     
   1.6709719763965032            1.9494673057959206            1.2184170661224505     
   1.6709719763965032            1.9494673057959206            1.3924766469970862     
   1.6709719763965032            1.9494673057959206            1.5665362278717216     
   1.6709719763965032            1.9494673057959206            1.7405958087463578     
   1.6709719763965032            1.9494673057959206            1.9146553896209932     
   1.6709719763965032            1.9494673057959206            2.0887149704956292     
   1.6709719763965032            1.9494673057959206            2.2627745513702648     
   1.6709719763965032            1.9494673057959206            2.4368341322449010     
   1.6709719763965032            1.9494673057959206            2.6108937131195367     
   1.6709719763965032            1.9494673057959206            2.7849532939941724     
   1.6709719763965032            1.9494673057959206            2.9590128748688080     
   1.6709719763965032            1.9494673057959206            3.1330724557434433     
   1.6709719763965032            2.0887149704956292            0.0000000000000000     
   1.6709719763965032            2.0887149704956292           0.17405958087463577     
   1.6709719763965032            2.0887149704956292           0.34811916174927154     
   1.6709719763965032            2.0887149704956292           0.52217874262390729     
   1.6709719763965032            2.0887149704956292           0.69623832349854309     
   1.6709719763965032            2.0887149704956292           0.87029790437317889     
   1.6709719763965032            2.0887149704956292            1.0443574852478146     
   1.6709719763965032            2.0887149704956292            1.2184170661224505     
   1.6709719763965032            2.0887149704956292            1.3924766469970862     
   1.6709719763965032            2.0887149704956292            1.5665362278717216     
   1.6709719763965032            2.0887149704956292            1.7405958087463578     
   1.6709719763965032            2.0887149704956292            1.9146553896209932     
   1.6709719763965032            2.0887149704956292            2.0887149704956292     
   1.6709719763965032            2.0887149704956292            2.2627745513702648     
   1.6709719763965032            2.0887149704956292            2.4368341322449010     
   1.6709719763965032            2.0887149704956292            2.6108937131195367     
   1.6709719763965032            2.0887149704956292            2.7849532939941724     
   1.6709719763965032            2.0887149704956292            2.9590128748688080     
   1.6709719763965032            2.0887149704956292            3.1330724557434433     
   1.6709719763965032            2.2279626351953374            0.0000000000000000     
   1.6709719763965032            2.2279626351953374           0.17405958087463577     
   1.6709719763965032            2.2279626351953374           0.34811916174927154     
   1.6709719763965032            2.2279626351953374           0.52217874262390729     
   1.6709719763965032            2.2279626351953374           0.69623832349854309     
   1.6709719763965032            2.2279626351953374           0.87029790437317889     
   1.6709719763965032            2.2279626351953374            1.0443574852478146     
   1.6709719763965032            2.2279626351953374            1.2184170661224505     
   1.6709719763965032            2.2279626351953374            1.3924766469970862     
   1.6709719763965032            2.2279626351953374            1.5665362278717216     
   1.6709719763965032            2.2279626351953374            1.7405958087463578     
   1.6709719763965032            2.2279626351953374            1.9146553896209932     
   1.6709719763965032            2.2279626351953374            2.0887149704956292     
   1.6709719763965032            2.2279626351953374            2.2627745513702648     
   1.6709719763965032            2.2279626351953374            2.4368341322449010     
   1.6709719763965032            2.2279626351953374            2.6108937131195367     
   1.6709719763965032            2.2279626351953374            2.7849532939941724     
   1.6709719763965032            2.2279626351953374            2.9590128748688080     
   1.6709719763965032            2.2279626351953374            3.1330724557434433     
   1.6709719763965032            2.3672102998950462            0.0000000000000000     
   1.6709719763965032            2.3672102998950462           0.17405958087463577     
   1.6709719763965032            2.3672102998950462           0.34811916174927154     
   1.6709719763965032            2.3672102998950462           0.52217874262390729     
   1.6709719763965032            2.3672102998950462           0.69623832349854309     
   1.6709719763965032            2.3672102998950462           0.87029790437317889     
   1.6709719763965032            2.3672102998950462            1.0443574852478146     
   1.6709719763965032            2.3672102998950462            1.2184170661224505     
   1.6709719763965032            2.3672102998950462            1.3924766469970862     
   1.6709719763965032            2.3672102998950462            1.5665362278717216     
   1.6709719763965032            2.3672102998950462            1.7405958087463578     
   1.6709719763965032            2.3672102998950462            1.9146553896209932     
   1.6709719763965032            2.3672102998950462            2.0887149704956292     
   1.6709719763965032            2.3672102998950462            2.2627745513702648     
   1.6709719763965032            2.3672102998950462            2.4368341322449010     
   1.6709719763965032            2.3672102998950462            2.6108937131195367     
   1.6709719763965032            2.3672102998950462            2.7849532939941724     
   1.6709719763965032            2.3672102998950462            2.9590128748688080     
   1.6709719763965032            2.3672102998950462            3.1330724557434433     
   1.6709719763965032            2.5064579645947545            0.0000000000000000     
   1.6709719763965032            2.5064579645947545           0.17405958087463577     
   1.6709719763965032            2.5064579645947545           0.34811916174927154     
   1.6709719763965032            2.5064579645947545           0.52217874262390729     
   1.6709719763965032            2.5064579645947545           0.69623832349854309     
   1.6709719763965032            2.5064579645947545           0.87029790437317889     
   1.6709719763965032            2.5064579645947545            1.0443574852478146     
   1.6709719763965032            2.5064579645947545            1.2184170661224505     
   1.6709719763965032            2.5064579645947545            1.3924766469970862     
   1.6709719763965032            2.5064579645947545            1.5665362278717216     
   1.6709719763965032            2.5064579645947545            1.7405958087463578     
   1.6709719763965032            2.5064579645947545            1.9146553896209932     
   1.6709719763965032            2.5064579645947545            2.0887149704956292     
   1.6709719763965032            2.5064579645947545            2.2627745513702648     
   1.6709719763965032            2.5064579645947545            2.4368341322449010     
   1.6709719763965032            2.5064579645947545            2.6108937131195367     
   1.6709719763965032            2.5064579645947545            2.7849532939941724     
   1.6709719763965032            2.5064579645947545            2.9590128748688080     
   1.6709719763965032            2.5064579645947545            3.1330724557434433     
   1.8102196410962119            0.0000000000000000            0.0000000000000000     
   1.8102196410962119            0.0000000000000000           0.17405958087463577     
   1.8102196410962119            0.0000000000000000           0.34811916174927154     
   1.8102196410962119            0.0000000000000000           0.52217874262390729     
   1.8102196410962119            0.0000000000000000           0.69623832349854309     
   1.8102196410962119            0.0000000000000000           0.87029790437317889     
   1.8102196410962119            0.0000000000000000            1.0443574852478146     
   1.8102196410962119            0.0000000000000000            1.2184170661224505     
   1.8102196410962119            0.0000000000000000            1.3924766469970862     
   1.8102196410962119            0.0000000000000000            1.5665362278717216     
   1.8102196410962119            0.0000000000000000            1.7405958087463578     
   1.8102196410962119            0.0000000000000000            1.9146553896209932     
   1.8102196410962119            0.0000000000000000            2.0887149704956292     
   1.8102196410962119            0.0000000000000000            2.2627745513702648     
   1.8102196410962119            0.0000000000000000            2.4368341322449010     
   1.8102196410962119            0.0000000000000000            2.6108937131195367     
   1.8102196410962119            0.0000000000000000            2.7849532939941724     
   1.8102196410962119            0.0000000000000000            2.9590128748688080     
   1.8102196410962119            0.0000000000000000            3.1330724557434433     
   1.8102196410962119           0.13924766469970859            0.0000000000000000     
   1.8102196410962119           0.13924766469970859           0.17405958087463577     
   1.8102196410962119           0.13924766469970859           0.34811916174927154     
   1.8102196410962119           0.13924766469970859           0.52217874262390729     
   1.8102196410962119           0.13924766469970859           0.69623832349854309     
   1.8102196410962119           0.13924766469970859           0.87029790437317889     
   1.8102196410962119           0.13924766469970859            1.0443574852478146     
   1.8102196410962119           0.13924766469970859            1.2184170661224505     
   1.8102196410962119           0.13924766469970859            1.3924766469970862     
   1.8102196410962119           0.13924766469970859            1.5665362278717216     
   1.8102196410962119           0.13924766469970859            1.7405958087463578     
   1.8102196410962119           0.13924766469970859            1.9146553896209932     
   1.8102196410962119           0.13924766469970859            2.0887149704956292     
   1.8102196410962119           0.13924766469970859            2.2627745513702648     
   1.8102196410962119           0.13924766469970859            2.4368341322449010     
   1.8102196410962119           0.13924766469970859            2.6108937131195367     
   1.8102196410962119           0.13924766469970859            2.7849532939941724     
   1.8102196410962119           0.13924766469970859            2.9590128748688080     
   1.8102196410962119           0.13924766469970859            3.1330724557434433     
   1.8102196410962119           0.27849532939941718            0.0000000000000000     
   1.8102196410962119           0.27849532939941718           0.17405958087463577     
   1.8102196410962119           0.27849532939941718           0.34811916174927154     
   1.8102196410962119           0.27849532939941718           0.52217874262390729     
   1.8102196410962119           0.27849532939941718           0.69623832349854309     
   1.8102196410962119           0.27849532939941718           0.87029790437317889     
   1.8102196410962119           0.27849532939941718            1.0443574852478146     
   1.8102196410962119           0.27849532939941718            1.2184170661224505     
   1.8102196410962119           0.27849532939941718            1.3924766469970862     
   1.8102196410962119           0.27849532939941718            1.5665362278717216     
   1.8102196410962119           0.27849532939941718            1.7405958087463578     
   1.8102196410962119           0.27849532939941718            1.9146553896209932     
   1.8102196410962119           0.27849532939941718            2.0887149704956292     
   1.8102196410962119           0.27849532939941718            2.2627745513702648     
   1.8102196410962119           0.27849532939941718            2.4368341322449010     
   1.8102196410962119           0.27849532939941718            2.6108937131195367     
   1.8102196410962119           0.27849532939941718            2.7849532939941724     
   1.8102196410962119           0.27849532939941718            2.9590128748688080     
   1.8102196410962119           0.27849532939941718            3.1330724557434433     
   1.8102196410962119           0.41774299409912580            0.0000000000000000     
   1.8102196410962119           0.41774299409912580           0.17405958087463577     
   1.8102196410962119           0.41774299409912580           0.34811916174927154     
   1.8102196410962119           0.41774299409912580           0.52217874262390729     
   1.8102196410962119           0.41774299409912580           0.69623832349854309     
   1.8102196410962119           0.41774299409912580           0.87029790437317889     
   1.8102196410962119           0.41774299409912580            1.0443574852478146     
   1.8102196410962119           0.41774299409912580            1.2184170661224505     
   1.8102196410962119           0.41774299409912580            1.3924766469970862     
   1.8102196410962119           0.41774299409912580            1.5665362278717216     
   1.8102196410962119           0.41774299409912580            1.7405958087463578     
   1.8102196410962119           0.41774299409912580            1.9146553896209932     
   1.8102196410962119           0.41774299409912580            2.0887149704956292     
   1.8102196410962119           0.41774299409912580            2.2627745513702648     
   1.8102196410962119           0.41774299409912580            2.4368341322449010     
   1.8102196410962119           0.41774299409912580            2.6108937131195367     
   1.8102196410962119           0.41774299409912580            2.7849532939941724     
   1.8102196410962119           0.41774299409912580            2.9590128748688080     
   1.8102196410962119           0.41774299409912580            3.1330724557434433     
   1.8102196410962119           0.55699065879883436            0.0000000000000000     
   1.8102196410962119           0.55699065879883436           0.17405958087463577     
   1.8102196410962119           0.55699065879883436           0.34811916174927154     
   1.8102196410962119           0.55699065879883436           0.52217874262390729     
   1.8102196410962119           0.55699065879883436           0.69623832349854309     
   1.8102196410962119           0.55699065879883436           0.87029790437317889     
   1.8102196410962119           0.55699065879883436            1.0443574852478146     
   1.8102196410962119           0.55699065879883436            1.2184170661224505     
   1.8102196410962119           0.55699065879883436            1.3924766469970862     
   1.8102196410962119           0.55699065879883436            1.5665362278717216     
   1.8102196410962119           0.55699065879883436            1.7405958087463578     
   1.8102196410962119           0.55699065879883436            1.9146553896209932     
   1.8102196410962119           0.55699065879883436            2.0887149704956292     
   1.8102196410962119           0.55699065879883436            2.2627745513702648     
   1.8102196410962119           0.55699065879883436            2.4368341322449010     
   1.8102196410962119           0.55699065879883436            2.6108937131195367     
   1.8102196410962119           0.55699065879883436            2.7849532939941724     
   1.8102196410962119           0.55699065879883436            2.9590128748688080     
   1.8102196410962119           0.55699065879883436            3.1330724557434433     
   1.8102196410962119           0.69623832349854298            0.0000000000000000     
   1.8102196410962119           0.69623832349854298           0.17405958087463577     
   1.8102196410962119           0.69623832349854298           0.34811916174927154     
   1.8102196410962119           0.69623832349854298           0.52217874262390729     
   1.8102196410962119           0.69623832349854298           0.69623832349854309     
   1.8102196410962119           0.69623832349854298           0.87029790437317889     
   1.8102196410962119           0.69623832349854298            1.0443574852478146     
   1.8102196410962119           0.69623832349854298            1.2184170661224505     
   1.8102196410962119           0.69623832349854298            1.3924766469970862     
   1.8102196410962119           0.69623832349854298            1.5665362278717216     
   1.8102196410962119           0.69623832349854298            1.7405958087463578     
   1.8102196410962119           0.69623832349854298            1.9146553896209932     
   1.8102196410962119           0.69623832349854298            2.0887149704956292     
   1.8102196410962119           0.69623832349854298            2.2627745513702648     
   1.8102196410962119           0.69623832349854298            2.4368341322449010     
   1.8102196410962119           0.69623832349854298            2.6108937131195367     
   1.8102196410962119           0.69623832349854298            2.7849532939941724     
   1.8102196410962119           0.69623832349854298            2.9590128748688080     
   1.8102196410962119           0.69623832349854298            3.1330724557434433     
   1.8102196410962119           0.83548598819825159            0.0000000000000000     
   1.8102196410962119           0.83548598819825159           0.17405958087463577     
   1.8102196410962119           0.83548598819825159           0.34811916174927154     
   1.8102196410962119           0.83548598819825159           0.52217874262390729     
   1.8102196410962119           0.83548598819825159           0.69623832349854309     
   1.8102196410962119           0.83548598819825159           0.87029790437317889     
   1.8102196410962119           0.83548598819825159            1.0443574852478146     
   1.8102196410962119           0.83548598819825159            1.2184170661224505     
   1.8102196410962119           0.83548598819825159            1.3924766469970862     
   1.8102196410962119           0.83548598819825159            1.5665362278717216     
   1.8102196410962119           0.83548598819825159            1.7405958087463578     
   1.8102196410962119           0.83548598819825159            1.9146553896209932     
   1.8102196410962119           0.83548598819825159            2.0887149704956292     
   1.8102196410962119           0.83548598819825159            2.2627745513702648     
   1.8102196410962119           0.83548598819825159            2.4368341322449010     
   1.8102196410962119           0.83548598819825159            2.6108937131195367     
   1.8102196410962119           0.83548598819825159            2.7849532939941724     
   1.8102196410962119           0.83548598819825159            2.9590128748688080     
   1.8102196410962119           0.83548598819825159            3.1330724557434433     
   1.8102196410962119           0.97473365289796032            0.0000000000000000     
   1.8102196410962119           0.97473365289796032           0.17405958087463577     
   1.8102196410962119           0.97473365289796032           0.34811916174927154     
   1.8102196410962119           0.97473365289796032           0.52217874262390729     
   1.8102196410962119           0.97473365289796032           0.69623832349854309     
   1.8102196410962119           0.97473365289796032           0.87029790437317889     
   1.8102196410962119           0.97473365289796032            1.0443574852478146     
   1.8102196410962119           0.97473365289796032            1.2184170661224505     
   1.8102196410962119           0.97473365289796032            1.3924766469970862     
   1.8102196410962119           0.97473365289796032            1.5665362278717216     
   1.8102196410962119           0.97473365289796032            1.7405958087463578     
   1.8102196410962119           0.97473365289796032            1.9146553896209932     
   1.8102196410962119           0.97473365289796032            2.0887149704956292     
   1.8102196410962119           0.97473365289796032            2.2627745513702648     
   1.8102196410962119           0.97473365289796032            2.4368341322449010     
   1.8102196410962119           0.97473365289796032            2.6108937131195367     
   1.8102196410962119           0.97473365289796032            2.7849532939941724     
   1.8102196410962119           0.97473365289796032            2.9590128748688080     
   1.8102196410962119           0.97473365289796032            3.1330724557434433     
   1.8102196410962119            1.1139813175976687            0.0000000000000000     
   1.8102196410962119            1.1139813175976687           0.17405958087463577     
   1.8102196410962119            1.1139813175976687           0.34811916174927154     
   1.8102196410962119            1.1139813175976687           0.52217874262390729     
   1.8102196410962119            1.1139813175976687           0.69623832349854309     
   1.8102196410962119            1.1139813175976687           0.87029790437317889     
   1.8102196410962119            1.1139813175976687            1.0443574852478146     
   1.8102196410962119            1.1139813175976687            1.2184170661224505     
   1.8102196410962119            1.1139813175976687            1.3924766469970862     
   1.8102196410962119            1.1139813175976687            1.5665362278717216     
   1.8102196410962119            1.1139813175976687            1.7405958087463578     
   1.8102196410962119            1.1139813175976687            1.9146553896209932     
   1.8102196410962119            1.1139813175976687            2.0887149704956292     
   1.8102196410962119            1.1139813175976687            2.2627745513702648     
   1.8102196410962119            1.1139813175976687            2.4368341322449010     
   1.8102196410962119            1.1139813175976687            2.6108937131195367     
   1.8102196410962119            1.1139813175976687            2.7849532939941724     
   1.8102196410962119            1.1139813175976687            2.9590128748688080     
   1.8102196410962119            1.1139813175976687            3.1330724557434433     
   1.8102196410962119            1.2532289822973772            0.0000000000000000     
   1.8102196410962119            1.2532289822973772           0.17405958087463577     
   1.8102196410962119            1.2532289822973772           0.34811916174927154     
   1.8102196410962119            1.2532289822973772           0.52217874262390729     
   1.8102196410962119            1.2532289822973772           0.69623832349854309     
   1.8102196410962119            1.2532289822973772           0.87029790437317889     
   1.8102196410962119            1.2532289822973772            1.0443574852478146     
   1.8102196410962119            1.2532289822973772            1.2184170661224505     
   1.8102196410962119            1.2532289822973772            1.3924766469970862     
   1.8102196410962119            1.2532289822973772            1.5665362278717216     
   1.8102196410962119            1.2532289822973772            1.7405958087463578     
   1.8102196410962119            1.2532289822973772            1.9146553896209932     
   1.8102196410962119            1.2532289822973772            2.0887149704956292     
   1.8102196410962119            1.2532289822973772            2.2627745513702648     
   1.8102196410962119            1.2532289822973772            2.4368341322449010     
   1.8102196410962119            1.2532289822973772            2.6108937131195367     
   1.8102196410962119            1.2532289822973772            2.7849532939941724     
   1.8102196410962119            1.2532289822973772            2.9590128748688080     
   1.8102196410962119            1.2532289822973772            3.1330724557434433     
   1.8102196410962119            1.3924766469970860            0.0000000000000000     
   1.8102196410962119            1.3924766469970860           0.17405958087463577     
   1.8102196410962119            1.3924766469970860           0.34811916174927154     
   1.8102196410962119            1.3924766469970860           0.52217874262390729     
   1.8102196410962119            1.3924766469970860           0.69623832349854309     
   1.8102196410962119            1.3924766469970860           0.87029790437317889     
   1.8102196410962119            1.3924766469970860            1.0443574852478146     
   1.8102196410962119            1.3924766469970860            1.2184170661224505     
   1.8102196410962119            1.3924766469970860            1.3924766469970862     
   1.8102196410962119            1.3924766469970860            1.5665362278717216     
   1.8102196410962119            1.3924766469970860            1.7405958087463578     
   1.8102196410962119            1.3924766469970860            1.9146553896209932     
   1.8102196410962119            1.3924766469970860            2.0887149704956292     
   1.8102196410962119            1.3924766469970860            2.2627745513702648     
   1.8102196410962119            1.3924766469970860            2.4368341322449010     
   1.8102196410962119            1.3924766469970860            2.6108937131195367     
   1.8102196410962119            1.3924766469970860            2.7849532939941724     
   1.8102196410962119            1.3924766469970860            2.9590128748688080     
   1.8102196410962119            1.3924766469970860            3.1330724557434433     
   1.8102196410962119            1.5317243116967947            0.0000000000000000     
   1.8102196410962119            1.5317243116967947           0.17405958087463577     
   1.8102196410962119            1.5317243116967947           0.34811916174927154     
   1.8102196410962119            1.5317243116967947           0.52217874262390729     
   1.8102196410962119            1.5317243116967947           0.69623832349854309     
   1.8102196410962119            1.5317243116967947           0.87029790437317889     
   1.8102196410962119            1.5317243116967947            1.0443574852478146     
   1.8102196410962119            1.5317243116967947            1.2184170661224505     
   1.8102196410962119            1.5317243116967947            1.3924766469970862     
   1.8102196410962119            1.5317243116967947            1.5665362278717216     
   1.8102196410962119            1.5317243116967947            1.7405958087463578     
   1.8102196410962119            1.5317243116967947            1.9146553896209932     
   1.8102196410962119            1.5317243116967947            2.0887149704956292     
   1.8102196410962119            1.5317243116967947            2.2627745513702648     
   1.8102196410962119            1.5317243116967947            2.4368341322449010     
   1.8102196410962119            1.5317243116967947            2.6108937131195367     
   1.8102196410962119            1.5317243116967947            2.7849532939941724     
   1.8102196410962119            1.5317243116967947            2.9590128748688080     
   1.8102196410962119            1.5317243116967947            3.1330724557434433     
   1.8102196410962119            1.6709719763965032            0.0000000000000000     
   1.8102196410962119            1.6709719763965032           0.17405958087463577     
   1.8102196410962119            1.6709719763965032           0.34811916174927154     
   1.8102196410962119            1.6709719763965032           0.52217874262390729     
   1.8102196410962119            1.6709719763965032           0.69623832349854309     
   1.8102196410962119            1.6709719763965032           0.87029790437317889     
   1.8102196410962119            1.6709719763965032            1.0443574852478146     
   1.8102196410962119            1.6709719763965032            1.2184170661224505     
   1.8102196410962119            1.6709719763965032            1.3924766469970862     
   1.8102196410962119            1.6709719763965032            1.5665362278717216     
   1.8102196410962119            1.6709719763965032            1.7405958087463578     
   1.8102196410962119            1.6709719763965032            1.9146553896209932     
   1.8102196410962119            1.6709719763965032            2.0887149704956292     
   1.8102196410962119            1.6709719763965032            2.2627745513702648     
   1.8102196410962119            1.6709719763965032            2.4368341322449010     
   1.8102196410962119            1.6709719763965032            2.6108937131195367     
   1.8102196410962119            1.6709719763965032            2.7849532939941724     
   1.8102196410962119            1.6709719763965032            2.9590128748688080     
   1.8102196410962119            1.6709719763965032            3.1330724557434433     
   1.8102196410962119            1.8102196410962119            0.0000000000000000     
   1.8102196410962119            1.8102196410962119           0.17405958087463577     
   1.8102196410962119            1.8102196410962119           0.34811916174927154     
   1.8102196410962119            1.8102196410962119           0.52217874262390729     
   1.8102196410962119            1.8102196410962119           0.69623832349854309     
   1.8102196410962119            1.8102196410962119           0.87029790437317889     
   1.8102196410962119            1.8102196410962119            1.0443574852478146     
   1.8102196410962119            1.8102196410962119            1.2184170661224505     
   1.8102196410962119            1.8102196410962119            1.3924766469970862     
   1.8102196410962119            1.8102196410962119            1.5665362278717216     
   1.8102196410962119            1.8102196410962119            1.7405958087463578     
   1.8102196410962119            1.8102196410962119            1.9146553896209932     
   1.8102196410962119            1.8102196410962119            2.0887149704956292     
   1.8102196410962119            1.8102196410962119            2.2627745513702648     
   1.8102196410962119            1.8102196410962119            2.4368341322449010     
   1.8102196410962119            1.8102196410962119            2.6108937131195367     
   1.8102196410962119            1.8102196410962119            2.7849532939941724     
   1.8102196410962119            1.8102196410962119            2.9590128748688080     
   1.8102196410962119            1.8102196410962119            3.1330724557434433     
   1.8102196410962119            1.9494673057959206            0.0000000000000000     
   1.8102196410962119            1.9494673057959206           0.17405958087463577     
   1.8102196410962119            1.9494673057959206           0.34811916174927154     
   1.8102196410962119            1.9494673057959206           0.52217874262390729     
   1.8102196410962119            1.9494673057959206           0.69623832349854309     
   1.8102196410962119            1.9494673057959206           0.87029790437317889     
   1.8102196410962119            1.9494673057959206            1.0443574852478146     
   1.8102196410962119            1.9494673057959206            1.2184170661224505     
   1.8102196410962119            1.9494673057959206            1.3924766469970862     
   1.8102196410962119            1.9494673057959206            1.5665362278717216     
   1.8102196410962119            1.9494673057959206            1.7405958087463578     
   1.8102196410962119            1.9494673057959206            1.9146553896209932     
   1.8102196410962119            1.9494673057959206            2.0887149704956292     
   1.8102196410962119            1.9494673057959206            2.2627745513702648     
   1.8102196410962119            1.9494673057959206            2.4368341322449010     
   1.8102196410962119            1.9494673057959206            2.6108937131195367     
   1.8102196410962119            1.9494673057959206            2.7849532939941724     
   1.8102196410962119            1.9494673057959206            2.9590128748688080     
   1.8102196410962119            1.9494673057959206            3.1330724557434433     
   1.8102196410962119            2.0887149704956292            0.0000000000000000     
   1.8102196410962119            2.0887149704956292           0.17405958087463577     
   1.8102196410962119            2.0887149704956292           0.34811916174927154     
   1.8102196410962119            2.0887149704956292           0.52217874262390729     
   1.8102196410962119            2.0887149704956292           0.69623832349854309     
   1.8102196410962119            2.0887149704956292           0.87029790437317889     
   1.8102196410962119            2.0887149704956292            1.0443574852478146     
   1.8102196410962119            2.0887149704956292            1.2184170661224505     
   1.8102196410962119            2.0887149704956292            1.3924766469970862     
   1.8102196410962119            2.0887149704956292            1.5665362278717216     
   1.8102196410962119            2.0887149704956292            1.7405958087463578     
   1.8102196410962119            2.0887149704956292            1.9146553896209932     
   1.8102196410962119            2.0887149704956292            2.0887149704956292     
   1.8102196410962119            2.0887149704956292            2.2627745513702648     
   1.8102196410962119            2.0887149704956292            2.4368341322449010     
   1.8102196410962119            2.0887149704956292            2.6108937131195367     
   1.8102196410962119            2.0887149704956292            2.7849532939941724     
   1.8102196410962119            2.0887149704956292            2.9590128748688080     
   1.8102196410962119            2.0887149704956292            3.1330724557434433     
   1.8102196410962119            2.2279626351953374            0.0000000000000000     
   1.8102196410962119            2.2279626351953374           0.17405958087463577     
   1.8102196410962119            2.2279626351953374           0.34811916174927154     
   1.8102196410962119            2.2279626351953374           0.52217874262390729     
   1.8102196410962119            2.2279626351953374           0.69623832349854309     
   1.8102196410962119            2.2279626351953374           0.87029790437317889     
   1.8102196410962119            2.2279626351953374            1.0443574852478146     
   1.8102196410962119            2.2279626351953374            1.2184170661224505     
   1.8102196410962119            2.2279626351953374            1.3924766469970862     
   1.8102196410962119            2.2279626351953374            1.5665362278717216     
   1.8102196410962119            2.2279626351953374            1.7405958087463578     
   1.8102196410962119            2.2279626351953374            1.9146553896209932     
   1.8102196410962119            2.2279626351953374            2.0887149704956292     
   1.8102196410962119            2.2279626351953374            2.2627745513702648     
   1.8102196410962119            2.2279626351953374            2.4368341322449010     
   1.8102196410962119            2.2279626351953374            2.6108937131195367     
   1.8102196410962119            2.2279626351953374            2.7849532939941724     
   1.8102196410962119            2.2279626351953374            2.9590128748688080     
   1.8102196410962119            2.2279626351953374            3.1330724557434433     
   1.8102196410962119            2.3672102998950462            0.0000000000000000     
   1.8102196410962119            2.3672102998950462           0.17405958087463577     
   1.8102196410962119            2.3672102998950462           0.34811916174927154     
   1.8102196410962119            2.3672102998950462           0.52217874262390729     
   1.8102196410962119            2.3672102998950462           0.69623832349854309     
   1.8102196410962119            2.3672102998950462           0.87029790437317889     
   1.8102196410962119            2.3672102998950462            1.0443574852478146     
   1.8102196410962119            2.3672102998950462            1.2184170661224505     
   1.8102196410962119            2.3672102998950462            1.3924766469970862     
   1.8102196410962119            2.3672102998950462            1.5665362278717216     
   1.8102196410962119            2.3672102998950462            1.7405958087463578     
   1.8102196410962119            2.3672102998950462            1.9146553896209932     
   1.8102196410962119            2.3672102998950462            2.0887149704956292     
   1.8102196410962119            2.3672102998950462            2.2627745513702648     
   1.8102196410962119            2.3672102998950462            2.4368341322449010     
   1.8102196410962119            2.3672102998950462            2.6108937131195367     
   1.8102196410962119            2.3672102998950462            2.7849532939941724     
   1.8102196410962119            2.3672102998950462            2.9590128748688080     
   1.8102196410962119            2.3672102998950462            3.1330724557434433     
   1.8102196410962119            2.5064579645947545            0.0000000000000000     
   1.8102196410962119            2.5064579645947545           0.17405958087463577     
   1.8102196410962119            2.5064579645947545           0.34811916174927154     
   1.8102196410962119            2.5064579645947545           0.52217874262390729     
   1.8102196410962119            2.5064579645947545           0.69623832349854309     
   1.8102196410962119            2.5064579645947545           0.87029790437317889     
   1.8102196410962119            2.5064579645947545            1.0443574852478146     
   1.8102196410962119            2.5064579645947545            1.2184170661224505     
   1.8102196410962119            2.5064579645947545            1.3924766469970862     
   1.8102196410962119            2.5064579645947545            1.5665362278717216     
   1.8102196410962119            2.5064579645947545            1.7405958087463578     
   1.8102196410962119            2.5064579645947545            1.9146553896209932     
   1.8102196410962119            2.5064579645947545            2.0887149704956292     
   1.8102196410962119            2.5064579645947545            2.2627745513702648     
   1.8102196410962119            2.5064579645947545            2.4368341322449010     
   1.8102196410962119            2.5064579645947545            2.6108937131195367     
   1.8102196410962119            2.5064579645947545            2.7849532939941724     
   1.8102196410962119            2.5064579645947545            2.9590128748688080     
   1.8102196410962119            2.5064579645947545            3.1330724557434433     
   1.9494673057959206            0.0000000000000000            0.0000000000000000     
   1.9494673057959206            0.0000000000000000           0.17405958087463577     
   1.9494673057959206            0.0000000000000000           0.34811916174927154     
   1.9494673057959206            0.0000000000000000           0.52217874262390729     
   1.9494673057959206            0.0000000000000000           0.69623832349854309     
   1.9494673057959206            0.0000000000000000           0.87029790437317889     
   1.9494673057959206            0.0000000000000000            1.0443574852478146     
   1.9494673057959206            0.0000000000000000            1.2184170661224505     
   1.9494673057959206            0.0000000000000000            1.3924766469970862     
   1.9494673057959206            0.0000000000000000            1.5665362278717216     
   1.9494673057959206            0.0000000000000000            1.7405958087463578     
   1.9494673057959206            0.0000000000000000            1.9146553896209932     
   1.9494673057959206            0.0000000000000000            2.0887149704956292     
   1.9494673057959206            0.0000000000000000            2.2627745513702648     
   1.9494673057959206            0.0000000000000000            2.4368341322449010     
   1.9494673057959206            0.0000000000000000            2.6108937131195367     
   1.9494673057959206            0.0000000000000000            2.7849532939941724     
   1.9494673057959206            0.0000000000000000            2.9590128748688080     
   1.9494673057959206            0.0000000000000000            3.1330724557434433     
   1.9494673057959206           0.13924766469970859            0.0000000000000000     
   1.9494673057959206           0.13924766469970859           0.17405958087463577     
   1.9494673057959206           0.13924766469970859           0.34811916174927154     
   1.9494673057959206           0.13924766469970859           0.52217874262390729     
   1.9494673057959206           0.13924766469970859           0.69623832349854309     
   1.9494673057959206           0.13924766469970859           0.87029790437317889     
   1.9494673057959206           0.13924766469970859            1.0443574852478146     
   1.9494673057959206           0.13924766469970859            1.2184170661224505     
   1.9494673057959206           0.13924766469970859            1.3924766469970862     
   1.9494673057959206           0.13924766469970859            1.5665362278717216     
   1.9494673057959206           0.13924766469970859            1.7405958087463578     
   1.9494673057959206           0.13924766469970859            1.9146553896209932     
   1.9494673057959206           0.13924766469970859            2.0887149704956292     
   1.9494673057959206           0.13924766469970859            2.2627745513702648     
   1.9494673057959206           0.13924766469970859            2.4368341322449010     
   1.9494673057959206           0.13924766469970859            2.6108937131195367     
   1.9494673057959206           0.13924766469970859            2.7849532939941724     
   1.9494673057959206           0.13924766469970859            2.9590128748688080     
   1.9494673057959206           0.13924766469970859            3.1330724557434433     
   1.9494673057959206           0.27849532939941718            0.0000000000000000     
   1.9494673057959206           0.27849532939941718           0.17405958087463577     
   1.9494673057959206           0.27849532939941718           0.34811916174927154     
   1.9494673057959206           0.27849532939941718           0.52217874262390729     
   1.9494673057959206           0.27849532939941718           0.69623832349854309     
   1.9494673057959206           0.27849532939941718           0.87029790437317889     
   1.9494673057959206           0.27849532939941718            1.0443574852478146     
   1.9494673057959206           0.27849532939941718            1.2184170661224505     
   1.9494673057959206           0.27849532939941718            1.3924766469970862     
   1.9494673057959206           0.27849532939941718            1.5665362278717216     
   1.9494673057959206           0.27849532939941718            1.7405958087463578     
   1.9494673057959206           0.27849532939941718            1.9146553896209932     
   1.9494673057959206           0.27849532939941718            2.0887149704956292     
   1.9494673057959206           0.27849532939941718            2.2627745513702648     
   1.9494673057959206           0.27849532939941718            2.4368341322449010     
   1.9494673057959206           0.27849532939941718            2.6108937131195367     
   1.9494673057959206           0.27849532939941718            2.7849532939941724     
   1.9494673057959206           0.27849532939941718            2.9590128748688080     
   1.9494673057959206           0.27849532939941718            3.1330724557434433     
   1.9494673057959206           0.41774299409912580            0.0000000000000000     
   1.9494673057959206           0.41774299409912580           0.17405958087463577     
   1.9494673057959206           0.41774299409912580           0.34811916174927154     
   1.9494673057959206           0.41774299409912580           0.52217874262390729     
   1.9494673057959206           0.41774299409912580           0.69623832349854309     
   1.9494673057959206           0.41774299409912580           0.87029790437317889     
   1.9494673057959206           0.41774299409912580            1.0443574852478146     
   1.9494673057959206           0.41774299409912580            1.2184170661224505     
   1.9494673057959206           0.41774299409912580            1.3924766469970862     
   1.9494673057959206           0.41774299409912580            1.5665362278717216     
   1.9494673057959206           0.41774299409912580            1.7405958087463578     
   1.9494673057959206           0.41774299409912580            1.9146553896209932     
   1.9494673057959206           0.41774299409912580            2.0887149704956292     
   1.9494673057959206           0.41774299409912580            2.2627745513702648     
   1.9494673057959206           0.41774299409912580            2.4368341322449010     
   1.9494673057959206           0.41774299409912580            2.6108937131195367     
   1.9494673057959206           0.41774299409912580            2.7849532939941724     
   1.9494673057959206           0.41774299409912580            2.9590128748688080     
   1.9494673057959206           0.41774299409912580            3.1330724557434433     
   1.9494673057959206           0.55699065879883436            0.0000000000000000     
   1.9494673057959206           0.55699065879883436           0.17405958087463577     
   1.9494673057959206           0.55699065879883436           0.34811916174927154     
   1.9494673057959206           0.55699065879883436           0.52217874262390729     
   1.9494673057959206           0.55699065879883436           0.69623832349854309     
   1.9494673057959206           0.55699065879883436           0.87029790437317889     
   1.9494673057959206           0.55699065879883436            1.0443574852478146     
   1.9494673057959206           0.55699065879883436            1.2184170661224505     
   1.9494673057959206           0.55699065879883436            1.3924766469970862     
   1.9494673057959206           0.55699065879883436            1.5665362278717216     
   1.9494673057959206           0.55699065879883436            1.7405958087463578     
   1.9494673057959206           0.55699065879883436            1.9146553896209932     
   1.9494673057959206           0.55699065879883436            2.0887149704956292     
   1.9494673057959206           0.55699065879883436            2.2627745513702648     
   1.9494673057959206           0.55699065879883436            2.4368341322449010     
   1.9494673057959206           0.55699065879883436            2.6108937131195367     
   1.9494673057959206           0.55699065879883436            2.7849532939941724     
   1.9494673057959206           0.55699065879883436            2.9590128748688080     
   1.9494673057959206           0.55699065879883436            3.1330724557434433     
   1.9494673057959206           0.69623832349854298            0.0000000000000000     
   1.9494673057959206           0.69623832349854298           0.17405958087463577     
   1.9494673057959206           0.69623832349854298           0.34811916174927154     
   1.9494673057959206           0.69623832349854298           0.52217874262390729     
   1.9494673057959206           0.69623832349854298           0.69623832349854309     
   1.9494673057959206           0.69623832349854298           0.87029790437317889     
   1.9494673057959206           0.69623832349854298            1.0443574852478146     
   1.9494673057959206           0.69623832349854298            1.2184170661224505     
   1.9494673057959206           0.69623832349854298            1.3924766469970862     
   1.9494673057959206           0.69623832349854298            1.5665362278717216     
   1.9494673057959206           0.69623832349854298            1.7405958087463578     
   1.9494673057959206           0.69623832349854298            1.9146553896209932     
   1.9494673057959206           0.69623832349854298            2.0887149704956292     
   1.9494673057959206           0.69623832349854298            2.2627745513702648     
   1.9494673057959206           0.69623832349854298            2.4368341322449010     
   1.9494673057959206           0.69623832349854298            2.6108937131195367     
   1.9494673057959206           0.69623832349854298            2.7849532939941724     
   1.9494673057959206           0.69623832349854298            2.9590128748688080     
   1.9494673057959206           0.69623832349854298            3.1330724557434433     
   1.9494673057959206           0.83548598819825159            0.0000000000000000     
   1.9494673057959206           0.83548598819825159           0.17405958087463577     
   1.9494673057959206           0.83548598819825159           0.34811916174927154     
   1.9494673057959206           0.83548598819825159           0.52217874262390729     
   1.9494673057959206           0.83548598819825159           0.69623832349854309     
   1.9494673057959206           0.83548598819825159           0.87029790437317889     
   1.9494673057959206           0.83548598819825159            1.0443574852478146     
   1.9494673057959206           0.83548598819825159            1.2184170661224505     
   1.9494673057959206           0.83548598819825159            1.3924766469970862     
   1.9494673057959206           0.83548598819825159            1.5665362278717216     
   1.9494673057959206           0.83548598819825159            1.7405958087463578     
   1.9494673057959206           0.83548598819825159            1.9146553896209932     
   1.9494673057959206           0.83548598819825159            2.0887149704956292     
   1.9494673057959206           0.83548598819825159            2.2627745513702648     
   1.9494673057959206           0.83548598819825159            2.4368341322449010     
   1.9494673057959206           0.83548598819825159            2.6108937131195367     
   1.9494673057959206           0.83548598819825159            2.7849532939941724     
   1.9494673057959206           0.83548598819825159            2.9590128748688080     
   1.9494673057959206           0.83548598819825159            3.1330724557434433     
   1.9494673057959206           0.97473365289796032            0.0000000000000000     
   1.9494673057959206           0.97473365289796032           0.17405958087463577     
   1.9494673057959206           0.97473365289796032           0.34811916174927154     
   1.9494673057959206           0.97473365289796032           0.52217874262390729     
   1.9494673057959206           0.97473365289796032           0.69623832349854309     
   1.9494673057959206           0.97473365289796032           0.87029790437317889     
   1.9494673057959206           0.97473365289796032            1.0443574852478146     
   1.9494673057959206           0.97473365289796032            1.2184170661224505     
   1.9494673057959206           0.97473365289796032            1.3924766469970862     
   1.9494673057959206           0.97473365289796032            1.5665362278717216     
   1.9494673057959206           0.97473365289796032            1.7405958087463578     
   1.9494673057959206           0.97473365289796032            1.9146553896209932     
   1.9494673057959206           0.97473365289796032            2.0887149704956292     
   1.9494673057959206           0.97473365289796032            2.2627745513702648     
   1.9494673057959206           0.97473365289796032            2.4368341322449010     
   1.9494673057959206           0.97473365289796032            2.6108937131195367     
   1.9494673057959206           0.97473365289796032            2.7849532939941724     
   1.9494673057959206           0.97473365289796032            2.9590128748688080     
   1.9494673057959206           0.97473365289796032            3.1330724557434433     
   1.9494673057959206            1.1139813175976687            0.0000000000000000     
   1.9494673057959206            1.1139813175976687           0.17405958087463577     
   1.9494673057959206            1.1139813175976687           0.34811916174927154     
   1.9494673057959206            1.1139813175976687           0.52217874262390729     
   1.9494673057959206            1.1139813175976687           0.69623832349854309     
   1.9494673057959206            1.1139813175976687           0.87029790437317889     
   1.9494673057959206            1.1139813175976687            1.0443574852478146     
   1.9494673057959206            1.1139813175976687            1.2184170661224505     
   1.9494673057959206            1.1139813175976687            1.3924766469970862     
   1.9494673057959206            1.1139813175976687            1.5665362278717216     
   1.9494673057959206            1.1139813175976687            1.7405958087463578     
   1.9494673057959206            1.1139813175976687            1.9146553896209932     
   1.9494673057959206            1.1139813175976687            2.0887149704956292     
   1.9494673057959206            1.1139813175976687            2.2627745513702648     
   1.9494673057959206            1.1139813175976687            2.4368341322449010     
   1.9494673057959206            1.1139813175976687            2.6108937131195367     
   1.9494673057959206            1.1139813175976687            2.7849532939941724     
   1.9494673057959206            1.1139813175976687            2.9590128748688080     
   1.9494673057959206            1.1139813175976687            3.1330724557434433     
   1.9494673057959206            1.2532289822973772            0.0000000000000000     
   1.9494673057959206            1.2532289822973772           0.17405958087463577     
   1.9494673057959206            1.2532289822973772           0.34811916174927154     
   1.9494673057959206            1.2532289822973772           0.52217874262390729     
   1.9494673057959206            1.2532289822973772           0.69623832349854309     
   1.9494673057959206            1.2532289822973772           0.87029790437317889     
   1.9494673057959206            1.2532289822973772            1.0443574852478146     
   1.9494673057959206            1.2532289822973772            1.2184170661224505     
   1.9494673057959206            1.2532289822973772            1.3924766469970862     
   1.9494673057959206            1.2532289822973772            1.5665362278717216     
   1.9494673057959206            1.2532289822973772            1.7405958087463578     
   1.9494673057959206            1.2532289822973772            1.9146553896209932     
   1.9494673057959206            1.2532289822973772            2.0887149704956292     
   1.9494673057959206            1.2532289822973772            2.2627745513702648     
   1.9494673057959206            1.2532289822973772            2.4368341322449010     
   1.9494673057959206            1.2532289822973772            2.6108937131195367     
   1.9494673057959206            1.2532289822973772            2.7849532939941724     
   1.9494673057959206            1.2532289822973772            2.9590128748688080     
   1.9494673057959206            1.2532289822973772            3.1330724557434433     
   1.9494673057959206            1.3924766469970860            0.0000000000000000     
   1.9494673057959206            1.3924766469970860           0.17405958087463577     
   1.9494673057959206            1.3924766469970860           0.34811916174927154     
   1.9494673057959206            1.3924766469970860           0.52217874262390729     
   1.9494673057959206            1.3924766469970860           0.69623832349854309     
   1.9494673057959206            1.3924766469970860           0.87029790437317889     
   1.9494673057959206            1.3924766469970860            1.0443574852478146     
   1.9494673057959206            1.3924766469970860            1.2184170661224505     
   1.9494673057959206            1.3924766469970860            1.3924766469970862     
   1.9494673057959206            1.3924766469970860            1.5665362278717216     
   1.9494673057959206            1.3924766469970860            1.7405958087463578     
   1.9494673057959206            1.3924766469970860            1.9146553896209932     
   1.9494673057959206            1.3924766469970860            2.0887149704956292     
   1.9494673057959206            1.3924766469970860            2.2627745513702648     
   1.9494673057959206            1.3924766469970860            2.4368341322449010     
   1.9494673057959206            1.3924766469970860            2.6108937131195367     
   1.9494673057959206            1.3924766469970860            2.7849532939941724     
   1.9494673057959206            1.3924766469970860            2.9590128748688080     
   1.9494673057959206            1.3924766469970860            3.1330724557434433     
   1.9494673057959206            1.5317243116967947            0.0000000000000000     
   1.9494673057959206            1.5317243116967947           0.17405958087463577     
   1.9494673057959206            1.5317243116967947           0.34811916174927154     
   1.9494673057959206            1.5317243116967947           0.52217874262390729     
   1.9494673057959206            1.5317243116967947           0.69623832349854309     
   1.9494673057959206            1.5317243116967947           0.87029790437317889     
   1.9494673057959206            1.5317243116967947            1.0443574852478146     
   1.9494673057959206            1.5317243116967947            1.2184170661224505     
   1.9494673057959206            1.5317243116967947            1.3924766469970862     
   1.9494673057959206            1.5317243116967947            1.5665362278717216     
   1.9494673057959206            1.5317243116967947            1.7405958087463578     
   1.9494673057959206            1.5317243116967947            1.9146553896209932     
   1.9494673057959206            1.5317243116967947            2.0887149704956292     
   1.9494673057959206            1.5317243116967947            2.2627745513702648     
   1.9494673057959206            1.5317243116967947            2.4368341322449010     
   1.9494673057959206            1.5317243116967947            2.6108937131195367     
   1.9494673057959206            1.5317243116967947            2.7849532939941724     
   1.9494673057959206            1.5317243116967947            2.9590128748688080     
   1.9494673057959206            1.5317243116967947            3.1330724557434433     
   1.9494673057959206            1.6709719763965032            0.0000000000000000     
   1.9494673057959206            1.6709719763965032           0.17405958087463577     
   1.9494673057959206            1.6709719763965032           0.34811916174927154     
   1.9494673057959206            1.6709719763965032           0.52217874262390729     
   1.9494673057959206            1.6709719763965032           0.69623832349854309     
   1.9494673057959206            1.6709719763965032           0.87029790437317889     
   1.9494673057959206            1.6709719763965032            1.0443574852478146     
   1.9494673057959206            1.6709719763965032            1.2184170661224505     
   1.9494673057959206            1.6709719763965032            1.3924766469970862     
   1.9494673057959206            1.6709719763965032            1.5665362278717216     
   1.9494673057959206            1.6709719763965032            1.7405958087463578     
   1.9494673057959206            1.6709719763965032            1.9146553896209932     
   1.9494673057959206            1.6709719763965032            2.0887149704956292     
   1.9494673057959206            1.6709719763965032            2.2627745513702648     
   1.9494673057959206            1.6709719763965032            2.4368341322449010     
   1.9494673057959206            1.6709719763965032            2.6108937131195367     
   1.9494673057959206            1.6709719763965032            2.7849532939941724     
   1.9494673057959206            1.6709719763965032            2.9590128748688080     
   1.9494673057959206            1.6709719763965032            3.1330724557434433     
   1.9494673057959206            1.8102196410962119            0.0000000000000000     
   1.9494673057959206            1.8102196410962119           0.17405958087463577     
   1.9494673057959206            1.8102196410962119           0.34811916174927154     
   1.9494673057959206            1.8102196410962119           0.52217874262390729     
   1.9494673057959206            1.8102196410962119           0.69623832349854309     
   1.9494673057959206            1.8102196410962119           0.87029790437317889     
   1.9494673057959206            1.8102196410962119            1.0443574852478146     
   1.9494673057959206            1.8102196410962119            1.2184170661224505     
   1.9494673057959206            1.8102196410962119            1.3924766469970862     
   1.9494673057959206            1.8102196410962119            1.5665362278717216     
   1.9494673057959206            1.8102196410962119            1.7405958087463578     
   1.9494673057959206            1.8102196410962119            1.9146553896209932     
   1.9494673057959206            1.8102196410962119            2.0887149704956292     
   1.9494673057959206            1.8102196410962119            2.2627745513702648     
   1.9494673057959206            1.8102196410962119            2.4368341322449010     
   1.9494673057959206            1.8102196410962119            2.6108937131195367     
   1.9494673057959206            1.8102196410962119            2.7849532939941724     
   1.9494673057959206            1.8102196410962119            2.9590128748688080     
   1.9494673057959206            1.8102196410962119            3.1330724557434433     
   1.9494673057959206            1.9494673057959206            0.0000000000000000     
   1.9494673057959206            1.9494673057959206           0.17405958087463577     
   1.9494673057959206            1.9494673057959206           0.34811916174927154     
   1.9494673057959206            1.9494673057959206           0.52217874262390729     
   1.9494673057959206            1.9494673057959206           0.69623832349854309     
   1.9494673057959206            1.9494673057959206           0.87029790437317889     
   1.9494673057959206            1.9494673057959206            1.0443574852478146     
   1.9494673057959206            1.9494673057959206            1.2184170661224505     
   1.9494673057959206            1.9494673057959206            1.3924766469970862     
   1.9494673057959206            1.9494673057959206            1.5665362278717216     
   1.9494673057959206            1.9494673057959206            1.7405958087463578     
   1.9494673057959206            1.9494673057959206            1.9146553896209932     
   1.9494673057959206            1.9494673057959206            2.0887149704956292     
   1.9494673057959206            1.9494673057959206            2.2627745513702648     
   1.9494673057959206            1.9494673057959206            2.4368341322449010     
   1.9494673057959206            1.9494673057959206            2.6108937131195367     
   1.9494673057959206            1.9494673057959206            2.7849532939941724     
   1.9494673057959206            1.9494673057959206            2.9590128748688080     
   1.9494673057959206            1.9494673057959206            3.1330724557434433     
   1.9494673057959206            2.0887149704956292            0.0000000000000000     
   1.9494673057959206            2.0887149704956292           0.17405958087463577     
   1.9494673057959206            2.0887149704956292           0.34811916174927154     
   1.9494673057959206            2.0887149704956292           0.52217874262390729     
   1.9494673057959206            2.0887149704956292           0.69623832349854309     
   1.9494673057959206            2.0887149704956292           0.87029790437317889     
   1.9494673057959206            2.0887149704956292            1.0443574852478146     
   1.9494673057959206            2.0887149704956292            1.2184170661224505     
   1.9494673057959206            2.0887149704956292            1.3924766469970862     
   1.9494673057959206            2.0887149704956292            1.5665362278717216     
   1.9494673057959206            2.0887149704956292            1.7405958087463578     
   1.9494673057959206            2.0887149704956292            1.9146553896209932     
   1.9494673057959206            2.0887149704956292            2.0887149704956292     
   1.9494673057959206            2.0887149704956292            2.2627745513702648     
   1.9494673057959206            2.0887149704956292            2.4368341322449010     
   1.9494673057959206            2.0887149704956292            2.6108937131195367     
   1.9494673057959206            2.0887149704956292            2.7849532939941724     
   1.9494673057959206            2.0887149704956292            2.9590128748688080     
   1.9494673057959206            2.0887149704956292            3.1330724557434433     
   1.9494673057959206            2.2279626351953374            0.0000000000000000     
   1.9494673057959206            2.2279626351953374           0.17405958087463577     
   1.9494673057959206            2.2279626351953374           0.34811916174927154     
   1.9494673057959206            2.2279626351953374           0.52217874262390729     
   1.9494673057959206            2.2279626351953374           0.69623832349854309     
   1.9494673057959206            2.2279626351953374           0.87029790437317889     
   1.9494673057959206            2.2279626351953374            1.0443574852478146     
   1.9494673057959206            2.2279626351953374            1.2184170661224505     
   1.9494673057959206            2.2279626351953374            1.3924766469970862     
   1.9494673057959206            2.2279626351953374            1.5665362278717216     
   1.9494673057959206            2.2279626351953374            1.7405958087463578     
   1.9494673057959206            2.2279626351953374            1.9146553896209932     
   1.9494673057959206            2.2279626351953374            2.0887149704956292     
   1.9494673057959206            2.2279626351953374            2.2627745513702648     
   1.9494673057959206            2.2279626351953374            2.4368341322449010     
   1.9494673057959206            2.2279626351953374            2.6108937131195367     
   1.9494673057959206            2.2279626351953374            2.7849532939941724     
   1.9494673057959206            2.2279626351953374            2.9590128748688080     
   1.9494673057959206            2.2279626351953374            3.1330724557434433     
   1.9494673057959206            2.3672102998950462            0.0000000000000000     
   1.9494673057959206            2.3672102998950462           0.17405958087463577     
   1.9494673057959206            2.3672102998950462           0.34811916174927154     
   1.9494673057959206            2.3672102998950462           0.52217874262390729     
   1.9494673057959206            2.3672102998950462           0.69623832349854309     
   1.9494673057959206            2.3672102998950462           0.87029790437317889     
   1.9494673057959206            2.3672102998950462            1.0443574852478146     
   1.9494673057959206            2.3672102998950462            1.2184170661224505     
   1.9494673057959206            2.3672102998950462            1.3924766469970862     
   1.9494673057959206            2.3672102998950462            1.5665362278717216     
   1.9494673057959206            2.3672102998950462            1.7405958087463578     
   1.9494673057959206            2.3672102998950462            1.9146553896209932     
   1.9494673057959206            2.3672102998950462            2.0887149704956292     
   1.9494673057959206            2.3672102998950462            2.2627745513702648     
   1.9494673057959206            2.3672102998950462            2.4368341322449010     
   1.9494673057959206            2.3672102998950462            2.6108937131195367     
   1.9494673057959206            2.3672102998950462            2.7849532939941724     
   1.9494673057959206            2.3672102998950462            2.9590128748688080     
   1.9494673057959206            2.3672102998950462            3.1330724557434433     
   1.9494673057959206            2.5064579645947545            0.0000000000000000     
   1.9494673057959206            2.5064579645947545           0.17405958087463577     
   1.9494673057959206            2.5064579645947545           0.34811916174927154     
   1.9494673057959206            2.5064579645947545           0.52217874262390729     
   1.9494673057959206            2.5064579645947545           0.69623832349854309     
   1.9494673057959206            2.5064579645947545           0.87029790437317889     
   1.9494673057959206            2.5064579645947545            1.0443574852478146     
   1.9494673057959206            2.5064579645947545            1.2184170661224505     
   1.9494673057959206            2.5064579645947545            1.3924766469970862     
   1.9494673057959206            2.5064579645947545            1.5665362278717216     
   1.9494673057959206            2.5064579645947545            1.7405958087463578     
   1.9494673057959206            2.5064579645947545            1.9146553896209932     
   1.9494673057959206            2.5064579645947545            2.0887149704956292     
   1.9494673057959206            2.5064579645947545            2.2627745513702648     
   1.9494673057959206            2.5064579645947545            2.4368341322449010     
   1.9494673057959206            2.5064579645947545            2.6108937131195367     
   1.9494673057959206            2.5064579645947545            2.7849532939941724     
   1.9494673057959206            2.5064579645947545            2.9590128748688080     
   1.9494673057959206            2.5064579645947545            3.1330724557434433     
   2.0887149704956292            0.0000000000000000            0.0000000000000000     
   2.0887149704956292            0.0000000000000000           0.17405958087463577     
   2.0887149704956292            0.0000000000000000           0.34811916174927154     
   2.0887149704956292            0.0000000000000000           0.52217874262390729     
   2.0887149704956292            0.0000000000000000           0.69623832349854309     
   2.0887149704956292            0.0000000000000000           0.87029790437317889     
   2.0887149704956292            0.0000000000000000            1.0443574852478146     
   2.0887149704956292            0.0000000000000000            1.2184170661224505     
   2.0887149704956292            0.0000000000000000            1.3924766469970862     
   2.0887149704956292            0.0000000000000000            1.5665362278717216     
   2.0887149704956292            0.0000000000000000            1.7405958087463578     
   2.0887149704956292            0.0000000000000000            1.9146553896209932     
   2.0887149704956292            0.0000000000000000            2.0887149704956292     
   2.0887149704956292            0.0000000000000000            2.2627745513702648     
   2.0887149704956292            0.0000000000000000            2.4368341322449010     
   2.0887149704956292            0.0000000000000000            2.6108937131195367     
   2.0887149704956292            0.0000000000000000            2.7849532939941724     
   2.0887149704956292            0.0000000000000000            2.9590128748688080     
   2.0887149704956292            0.0000000000000000            3.1330724557434433     
   2.0887149704956292           0.13924766469970859            0.0000000000000000     
   2.0887149704956292           0.13924766469970859           0.17405958087463577     
   2.0887149704956292           0.13924766469970859           0.34811916174927154     
   2.0887149704956292           0.13924766469970859           0.52217874262390729     
   2.0887149704956292           0.13924766469970859           0.69623832349854309     
   2.0887149704956292           0.13924766469970859           0.87029790437317889     
   2.0887149704956292           0.13924766469970859            1.0443574852478146     
   2.0887149704956292           0.13924766469970859            1.2184170661224505     
   2.0887149704956292           0.13924766469970859            1.3924766469970862     
   2.0887149704956292           0.13924766469970859            1.5665362278717216     
   2.0887149704956292           0.13924766469970859            1.7405958087463578     
   2.0887149704956292           0.13924766469970859            1.9146553896209932     
   2.0887149704956292           0.13924766469970859            2.0887149704956292     
   2.0887149704956292           0.13924766469970859            2.2627745513702648     
   2.0887149704956292           0.13924766469970859            2.4368341322449010     
   2.0887149704956292           0.13924766469970859            2.6108937131195367     
   2.0887149704956292           0.13924766469970859            2.7849532939941724     
   2.0887149704956292           0.13924766469970859            2.9590128748688080     
   2.0887149704956292           0.13924766469970859            3.1330724557434433     
   2.0887149704956292           0.27849532939941718            0.0000000000000000     
   2.0887149704956292           0.27849532939941718           0.17405958087463577     
   2.0887149704956292           0.27849532939941718           0.34811916174927154     
   2.0887149704956292           0.27849532939941718           0.52217874262390729     
   2.0887149704956292           0.27849532939941718           0.69623832349854309     
   2.0887149704956292           0.27849532939941718           0.87029790437317889     
   2.0887149704956292           0.27849532939941718            1.0443574852478146     
   2.0887149704956292           0.27849532939941718            1.2184170661224505     
   2.0887149704956292           0.27849532939941718            1.3924766469970862     
   2.0887149704956292           0.27849532939941718            1.5665362278717216     
   2.0887149704956292           0.27849532939941718            1.7405958087463578     
   2.0887149704956292           0.27849532939941718            1.9146553896209932     
   2.0887149704956292           0.27849532939941718            2.0887149704956292     
   2.0887149704956292           0.27849532939941718            2.2627745513702648     
   2.0887149704956292           0.27849532939941718            2.4368341322449010     
   2.0887149704956292           0.27849532939941718            2.6108937131195367     
   2.0887149704956292           0.27849532939941718            2.7849532939941724     
   2.0887149704956292           0.27849532939941718            2.9590128748688080     
   2.0887149704956292           0.27849532939941718            3.1330724557434433     
   2.0887149704956292           0.41774299409912580            0.0000000000000000     
   2.0887149704956292           0.41774299409912580           0.17405958087463577     
   2.0887149704956292           0.41774299409912580           0.34811916174927154     
   2.0887149704956292           0.41774299409912580           0.52217874262390729     
   2.0887149704956292           0.41774299409912580           0.69623832349854309     
   2.0887149704956292           0.41774299409912580           0.87029790437317889     
   2.0887149704956292           0.41774299409912580            1.0443574852478146     
   2.0887149704956292           0.41774299409912580            1.2184170661224505     
   2.0887149704956292           0.41774299409912580            1.3924766469970862     
   2.0887149704956292           0.41774299409912580            1.5665362278717216     
   2.0887149704956292           0.41774299409912580            1.7405958087463578     
   2.0887149704956292           0.41774299409912580            1.9146553896209932     
   2.0887149704956292           0.41774299409912580            2.0887149704956292     
   2.0887149704956292           0.41774299409912580            2.2627745513702648     
   2.0887149704956292           0.41774299409912580            2.4368341322449010     
   2.0887149704956292           0.41774299409912580            2.6108937131195367     
   2.0887149704956292           0.41774299409912580            2.7849532939941724     
   2.0887149704956292           0.41774299409912580            2.9590128748688080     
   2.0887149704956292           0.41774299409912580            3.1330724557434433     
   2.0887149704956292           0.55699065879883436            0.0000000000000000     
   2.0887149704956292           0.55699065879883436           0.17405958087463577     
   2.0887149704956292           0.55699065879883436           0.34811916174927154     
   2.0887149704956292           0.55699065879883436           0.52217874262390729     
   2.0887149704956292           0.55699065879883436           0.69623832349854309     
   2.0887149704956292           0.55699065879883436           0.87029790437317889     
   2.0887149704956292           0.55699065879883436            1.0443574852478146     
   2.0887149704956292           0.55699065879883436            1.2184170661224505     
   2.0887149704956292           0.55699065879883436            1.3924766469970862     
   2.0887149704956292           0.55699065879883436            1.5665362278717216     
   2.0887149704956292           0.55699065879883436            1.7405958087463578     
   2.0887149704956292           0.55699065879883436            1.9146553896209932     
   2.0887149704956292           0.55699065879883436            2.0887149704956292     
   2.0887149704956292           0.55699065879883436            2.2627745513702648     
   2.0887149704956292           0.55699065879883436            2.4368341322449010     
   2.0887149704956292           0.55699065879883436            2.6108937131195367     
   2.0887149704956292           0.55699065879883436            2.7849532939941724     
   2.0887149704956292           0.55699065879883436            2.9590128748688080     
   2.0887149704956292           0.55699065879883436            3.1330724557434433     
   2.0887149704956292           0.69623832349854298            0.0000000000000000     
   2.0887149704956292           0.69623832349854298           0.17405958087463577     
   2.0887149704956292           0.69623832349854298           0.34811916174927154     
   2.0887149704956292           0.69623832349854298           0.52217874262390729     
   2.0887149704956292           0.69623832349854298           0.69623832349854309     
   2.0887149704956292           0.69623832349854298           0.87029790437317889     
   2.0887149704956292           0.69623832349854298            1.0443574852478146     
   2.0887149704956292           0.69623832349854298            1.2184170661224505     
   2.0887149704956292           0.69623832349854298            1.3924766469970862     
   2.0887149704956292           0.69623832349854298            1.5665362278717216     
   2.0887149704956292           0.69623832349854298            1.7405958087463578     
   2.0887149704956292           0.69623832349854298            1.9146553896209932     
   2.0887149704956292           0.69623832349854298            2.0887149704956292     
   2.0887149704956292           0.69623832349854298            2.2627745513702648     
   2.0887149704956292           0.69623832349854298            2.4368341322449010     
   2.0887149704956292           0.69623832349854298            2.6108937131195367     
   2.0887149704956292           0.69623832349854298            2.7849532939941724     
   2.0887149704956292           0.69623832349854298            2.9590128748688080     
   2.0887149704956292           0.69623832349854298            3.1330724557434433     
   2.0887149704956292           0.83548598819825159            0.0000000000000000     
   2.0887149704956292           0.83548598819825159           0.17405958087463577     
   2.0887149704956292           0.83548598819825159           0.34811916174927154     
   2.0887149704956292           0.83548598819825159           0.52217874262390729     
   2.0887149704956292           0.83548598819825159           0.69623832349854309     
   2.0887149704956292           0.83548598819825159           0.87029790437317889     
   2.0887149704956292           0.83548598819825159            1.0443574852478146     
   2.0887149704956292           0.83548598819825159            1.2184170661224505     
   2.0887149704956292           0.83548598819825159            1.3924766469970862     
   2.0887149704956292           0.83548598819825159            1.5665362278717216     
   2.0887149704956292           0.83548598819825159            1.7405958087463578     
   2.0887149704956292           0.83548598819825159            1.9146553896209932     
   2.0887149704956292           0.83548598819825159            2.0887149704956292     
   2.0887149704956292           0.83548598819825159            2.2627745513702648     
   2.0887149704956292           0.83548598819825159            2.4368341322449010     
   2.0887149704956292           0.83548598819825159            2.6108937131195367     
   2.0887149704956292           0.83548598819825159            2.7849532939941724     
   2.0887149704956292           0.83548598819825159            2.9590128748688080     
   2.0887149704956292           0.83548598819825159            3.1330724557434433     
   2.0887149704956292           0.97473365289796032            0.0000000000000000     
   2.0887149704956292           0.97473365289796032           0.17405958087463577     
   2.0887149704956292           0.97473365289796032           0.34811916174927154     
   2.0887149704956292           0.97473365289796032           0.52217874262390729     
   2.0887149704956292           0.97473365289796032           0.69623832349854309     
   2.0887149704956292           0.97473365289796032           0.87029790437317889     
   2.0887149704956292           0.97473365289796032            1.0443574852478146     
   2.0887149704956292           0.97473365289796032            1.2184170661224505     
   2.0887149704956292           0.97473365289796032            1.3924766469970862     
   2.0887149704956292           0.97473365289796032            1.5665362278717216     
   2.0887149704956292           0.97473365289796032            1.7405958087463578     
   2.0887149704956292           0.97473365289796032            1.9146553896209932     
   2.0887149704956292           0.97473365289796032            2.0887149704956292     
   2.0887149704956292           0.97473365289796032            2.2627745513702648     
   2.0887149704956292           0.97473365289796032            2.4368341322449010     
   2.0887149704956292           0.97473365289796032            2.6108937131195367     
   2.0887149704956292           0.97473365289796032            2.7849532939941724     
   2.0887149704956292           0.97473365289796032            2.9590128748688080     
   2.0887149704956292           0.97473365289796032            3.1330724557434433     
   2.0887149704956292            1.1139813175976687            0.0000000000000000     
   2.0887149704956292            1.1139813175976687           0.17405958087463577     
   2.0887149704956292            1.1139813175976687           0.34811916174927154     
   2.0887149704956292            1.1139813175976687           0.52217874262390729     
   2.0887149704956292            1.1139813175976687           0.69623832349854309     
   2.0887149704956292            1.1139813175976687           0.87029790437317889     
   2.0887149704956292            1.1139813175976687            1.0443574852478146     
   2.0887149704956292            1.1139813175976687            1.2184170661224505     
   2.0887149704956292            1.1139813175976687            1.3924766469970862     
   2.0887149704956292            1.1139813175976687            1.5665362278717216     
   2.0887149704956292            1.1139813175976687            1.7405958087463578     
   2.0887149704956292            1.1139813175976687            1.9146553896209932     
   2.0887149704956292            1.1139813175976687            2.0887149704956292     
   2.0887149704956292            1.1139813175976687            2.2627745513702648     
   2.0887149704956292            1.1139813175976687            2.4368341322449010     
   2.0887149704956292            1.1139813175976687            2.6108937131195367     
   2.0887149704956292            1.1139813175976687            2.7849532939941724     
   2.0887149704956292            1.1139813175976687            2.9590128748688080     
   2.0887149704956292            1.1139813175976687            3.1330724557434433     
   2.0887149704956292            1.2532289822973772            0.0000000000000000     
   2.0887149704956292            1.2532289822973772           0.17405958087463577     
   2.0887149704956292            1.2532289822973772           0.34811916174927154     
   2.0887149704956292            1.2532289822973772           0.52217874262390729     
   2.0887149704956292            1.2532289822973772           0.69623832349854309     
   2.0887149704956292            1.2532289822973772           0.87029790437317889     
   2.0887149704956292            1.2532289822973772            1.0443574852478146     
   2.0887149704956292            1.2532289822973772            1.2184170661224505     
   2.0887149704956292            1.2532289822973772            1.3924766469970862     
   2.0887149704956292            1.2532289822973772            1.5665362278717216     
   2.0887149704956292            1.2532289822973772            1.7405958087463578     
   2.0887149704956292            1.2532289822973772            1.9146553896209932     
   2.0887149704956292            1.2532289822973772            2.0887149704956292     
   2.0887149704956292            1.2532289822973772            2.2627745513702648     
   2.0887149704956292            1.2532289822973772            2.4368341322449010     
   2.0887149704956292            1.2532289822973772            2.6108937131195367     
   2.0887149704956292            1.2532289822973772            2.7849532939941724     
   2.0887149704956292            1.2532289822973772            2.9590128748688080     
   2.0887149704956292            1.2532289822973772            3.1330724557434433     
   2.0887149704956292            1.3924766469970860            0.0000000000000000     
   2.0887149704956292            1.3924766469970860           0.17405958087463577     
   2.0887149704956292            1.3924766469970860           0.34811916174927154     
   2.0887149704956292            1.3924766469970860           0.52217874262390729     
   2.0887149704956292            1.3924766469970860           0.69623832349854309     
   2.0887149704956292            1.3924766469970860           0.87029790437317889     
   2.0887149704956292            1.3924766469970860            1.0443574852478146     
   2.0887149704956292            1.3924766469970860            1.2184170661224505     
   2.0887149704956292            1.3924766469970860            1.3924766469970862     
   2.0887149704956292            1.3924766469970860            1.5665362278717216     
   2.0887149704956292            1.3924766469970860            1.7405958087463578     
   2.0887149704956292            1.3924766469970860            1.9146553896209932     
   2.0887149704956292            1.3924766469970860            2.0887149704956292     
   2.0887149704956292            1.3924766469970860            2.2627745513702648     
   2.0887149704956292            1.3924766469970860            2.4368341322449010     
   2.0887149704956292            1.3924766469970860            2.6108937131195367     
   2.0887149704956292            1.3924766469970860            2.7849532939941724     
   2.0887149704956292            1.3924766469970860            2.9590128748688080     
   2.0887149704956292            1.3924766469970860            3.1330724557434433     
   2.0887149704956292            1.5317243116967947            0.0000000000000000     
   2.0887149704956292            1.5317243116967947           0.17405958087463577     
   2.0887149704956292            1.5317243116967947           0.34811916174927154     
   2.0887149704956292            1.5317243116967947           0.52217874262390729     
   2.0887149704956292            1.5317243116967947           0.69623832349854309     
   2.0887149704956292            1.5317243116967947           0.87029790437317889     
   2.0887149704956292            1.5317243116967947            1.0443574852478146     
   2.0887149704956292            1.5317243116967947            1.2184170661224505     
   2.0887149704956292            1.5317243116967947            1.3924766469970862     
   2.0887149704956292            1.5317243116967947            1.5665362278717216     
   2.0887149704956292            1.5317243116967947            1.7405958087463578     
   2.0887149704956292            1.5317243116967947            1.9146553896209932     
   2.0887149704956292            1.5317243116967947            2.0887149704956292     
   2.0887149704956292            1.5317243116967947            2.2627745513702648     
   2.0887149704956292            1.5317243116967947            2.4368341322449010     
   2.0887149704956292            1.5317243116967947            2.6108937131195367     
   2.0887149704956292            1.5317243116967947            2.7849532939941724     
   2.0887149704956292            1.5317243116967947            2.9590128748688080     
   2.0887149704956292            1.5317243116967947            3.1330724557434433     
   2.0887149704956292            1.6709719763965032            0.0000000000000000     
   2.0887149704956292            1.6709719763965032           0.17405958087463577     
   2.0887149704956292            1.6709719763965032           0.34811916174927154     
   2.0887149704956292            1.6709719763965032           0.52217874262390729     
   2.0887149704956292            1.6709719763965032           0.69623832349854309     
   2.0887149704956292            1.6709719763965032           0.87029790437317889     
   2.0887149704956292            1.6709719763965032            1.0443574852478146     
   2.0887149704956292            1.6709719763965032            1.2184170661224505     
   2.0887149704956292            1.6709719763965032            1.3924766469970862     
   2.0887149704956292            1.6709719763965032            1.5665362278717216     
   2.0887149704956292            1.6709719763965032            1.7405958087463578     
   2.0887149704956292            1.6709719763965032            1.9146553896209932     
   2.0887149704956292            1.6709719763965032            2.0887149704956292     
   2.0887149704956292            1.6709719763965032            2.2627745513702648     
   2.0887149704956292            1.6709719763965032            2.4368341322449010     
   2.0887149704956292            1.6709719763965032            2.6108937131195367     
   2.0887149704956292            1.6709719763965032            2.7849532939941724     
   2.0887149704956292            1.6709719763965032            2.9590128748688080     
   2.0887149704956292            1.6709719763965032            3.1330724557434433     
   2.0887149704956292            1.8102196410962119            0.0000000000000000     
   2.0887149704956292            1.8102196410962119           0.17405958087463577     
   2.0887149704956292            1.8102196410962119           0.34811916174927154     
   2.0887149704956292            1.8102196410962119           0.52217874262390729     
   2.0887149704956292            1.8102196410962119           0.69623832349854309     
   2.0887149704956292            1.8102196410962119           0.87029790437317889     
   2.0887149704956292            1.8102196410962119            1.0443574852478146     
   2.0887149704956292            1.8102196410962119            1.2184170661224505     
   2.0887149704956292            1.8102196410962119            1.3924766469970862     
   2.0887149704956292            1.8102196410962119            1.5665362278717216     
   2.0887149704956292            1.8102196410962119            1.7405958087463578     
   2.0887149704956292            1.8102196410962119            1.9146553896209932     
   2.0887149704956292            1.8102196410962119            2.0887149704956292     
   2.0887149704956292            1.8102196410962119            2.2627745513702648     
   2.0887149704956292            1.8102196410962119            2.4368341322449010     
   2.0887149704956292            1.8102196410962119            2.6108937131195367     
   2.0887149704956292            1.8102196410962119            2.7849532939941724     
   2.0887149704956292            1.8102196410962119            2.9590128748688080     
   2.0887149704956292            1.8102196410962119            3.1330724557434433     
   2.0887149704956292            1.9494673057959206            0.0000000000000000     
   2.0887149704956292            1.9494673057959206           0.17405958087463577     
   2.0887149704956292            1.9494673057959206           0.34811916174927154     
   2.0887149704956292            1.9494673057959206           0.52217874262390729     
   2.0887149704956292            1.9494673057959206           0.69623832349854309     
   2.0887149704956292            1.9494673057959206           0.87029790437317889     
   2.0887149704956292            1.9494673057959206            1.0443574852478146     
   2.0887149704956292            1.9494673057959206            1.2184170661224505     
   2.0887149704956292            1.9494673057959206            1.3924766469970862     
   2.0887149704956292            1.9494673057959206            1.5665362278717216     
   2.0887149704956292            1.9494673057959206            1.7405958087463578     
   2.0887149704956292            1.9494673057959206            1.9146553896209932     
   2.0887149704956292            1.9494673057959206            2.0887149704956292     
   2.0887149704956292            1.9494673057959206            2.2627745513702648     
   2.0887149704956292            1.9494673057959206            2.4368341322449010     
   2.0887149704956292            1.9494673057959206            2.6108937131195367     
   2.0887149704956292            1.9494673057959206            2.7849532939941724     
   2.0887149704956292            1.9494673057959206            2.9590128748688080     
   2.0887149704956292            1.9494673057959206            3.1330724557434433     
   2.0887149704956292            2.0887149704956292            0.0000000000000000     
   2.0887149704956292            2.0887149704956292           0.17405958087463577     
   2.0887149704956292            2.0887149704956292           0.34811916174927154     
   2.0887149704956292            2.0887149704956292           0.52217874262390729     
   2.0887149704956292            2.0887149704956292           0.69623832349854309     
   2.0887149704956292            2.0887149704956292           0.87029790437317889     
   2.0887149704956292            2.0887149704956292            1.0443574852478146     
   2.0887149704956292            2.0887149704956292            1.2184170661224505     
   2.0887149704956292            2.0887149704956292            1.3924766469970862     
   2.0887149704956292            2.0887149704956292            1.5665362278717216     
   2.0887149704956292            2.0887149704956292            1.7405958087463578     
   2.0887149704956292            2.0887149704956292            1.9146553896209932     
   2.0887149704956292            2.0887149704956292            2.0887149704956292     
   2.0887149704956292            2.0887149704956292            2.2627745513702648     
   2.0887149704956292            2.0887149704956292            2.4368341322449010     
   2.0887149704956292            2.0887149704956292            2.6108937131195367     
   2.0887149704956292            2.0887149704956292            2.7849532939941724     
   2.0887149704956292            2.0887149704956292            2.9590128748688080     
   2.0887149704956292            2.0887149704956292            3.1330724557434433     
   2.0887149704956292            2.2279626351953374            0.0000000000000000     
   2.0887149704956292            2.2279626351953374           0.17405958087463577     
   2.0887149704956292            2.2279626351953374           0.34811916174927154     
   2.0887149704956292            2.2279626351953374           0.52217874262390729     
   2.0887149704956292            2.2279626351953374           0.69623832349854309     
   2.0887149704956292            2.2279626351953374           0.87029790437317889     
   2.0887149704956292            2.2279626351953374            1.0443574852478146     
   2.0887149704956292            2.2279626351953374            1.2184170661224505     
   2.0887149704956292            2.2279626351953374            1.3924766469970862     
   2.0887149704956292            2.2279626351953374            1.5665362278717216     
   2.0887149704956292            2.2279626351953374            1.7405958087463578     
   2.0887149704956292            2.2279626351953374            1.9146553896209932     
   2.0887149704956292            2.2279626351953374            2.0887149704956292     
   2.0887149704956292            2.2279626351953374            2.2627745513702648     
   2.0887149704956292            2.2279626351953374            2.4368341322449010     
   2.0887149704956292            2.2279626351953374            2.6108937131195367     
   2.0887149704956292            2.2279626351953374            2.7849532939941724     
   2.0887149704956292            2.2279626351953374            2.9590128748688080     
   2.0887149704956292            2.2279626351953374            3.1330724557434433     
   2.0887149704956292            2.3672102998950462            0.0000000000000000     
   2.0887149704956292            2.3672102998950462           0.17405958087463577     
   2.0887149704956292            2.3672102998950462           0.34811916174927154     
   2.0887149704956292            2.3672102998950462           0.52217874262390729     
   2.0887149704956292            2.3672102998950462           0.69623832349854309     
   2.0887149704956292            2.3672102998950462           0.87029790437317889     
   2.0887149704956292            2.3672102998950462            1.0443574852478146     
   2.0887149704956292            2.3672102998950462            1.2184170661224505     
   2.0887149704956292            2.3672102998950462            1.3924766469970862     
   2.0887149704956292            2.3672102998950462            1.5665362278717216     
   2.0887149704956292            2.3672102998950462            1.7405958087463578     
   2.0887149704956292            2.3672102998950462            1.9146553896209932     
   2.0887149704956292            2.3672102998950462            2.0887149704956292     
   2.0887149704956292            2.3672102998950462            2.2627745513702648     
   2.0887149704956292            2.3672102998950462            2.4368341322449010     
   2.0887149704956292            2.3672102998950462            2.6108937131195367     
   2.0887149704956292            2.3672102998950462            2.7849532939941724     
   2.0887149704956292            2.3672102998950462            2.9590128748688080     
   2.0887149704956292            2.3672102998950462            3.1330724557434433     
   2.0887149704956292            2.5064579645947545            0.0000000000000000     
   2.0887149704956292            2.5064579645947545           0.17405958087463577     
   2.0887149704956292            2.5064579645947545           0.34811916174927154     
   2.0887149704956292            2.5064579645947545           0.52217874262390729     
   2.0887149704956292            2.5064579645947545           0.69623832349854309     
   2.0887149704956292            2.5064579645947545           0.87029790437317889     
   2.0887149704956292            2.5064579645947545            1.0443574852478146     
   2.0887149704956292            2.5064579645947545            1.2184170661224505     
   2.0887149704956292            2.5064579645947545            1.3924766469970862     
   2.0887149704956292            2.5064579645947545            1.5665362278717216     
   2.0887149704956292            2.5064579645947545            1.7405958087463578     
   2.0887149704956292            2.5064579645947545            1.9146553896209932     
   2.0887149704956292            2.5064579645947545            2.0887149704956292     
   2.0887149704956292            2.5064579645947545            2.2627745513702648     
   2.0887149704956292            2.5064579645947545            2.4368341322449010     
   2.0887149704956292            2.5064579645947545            2.6108937131195367     
   2.0887149704956292            2.5064579645947545            2.7849532939941724     
   2.0887149704956292            2.5064579645947545            2.9590128748688080     
   2.0887149704956292            2.5064579645947545            3.1330724557434433     
   2.2279626351953374            0.0000000000000000            0.0000000000000000     
   2.2279626351953374            0.0000000000000000           0.17405958087463577     
   2.2279626351953374            0.0000000000000000           0.34811916174927154     
   2.2279626351953374            0.0000000000000000           0.52217874262390729     
   2.2279626351953374            0.0000000000000000           0.69623832349854309     
   2.2279626351953374            0.0000000000000000           0.87029790437317889     
   2.2279626351953374            0.0000000000000000            1.0443574852478146     
   2.2279626351953374            0.0000000000000000            1.2184170661224505     
   2.2279626351953374            0.0000000000000000            1.3924766469970862     
   2.2279626351953374            0.0000000000000000            1.5665362278717216     
   2.2279626351953374            0.0000000000000000            1.7405958087463578     
   2.2279626351953374            0.0000000000000000            1.9146553896209932     
   2.2279626351953374            0.0000000000000000            2.0887149704956292     
   2.2279626351953374            0.0000000000000000            2.2627745513702648     
   2.2279626351953374            0.0000000000000000            2.4368341322449010     
   2.2279626351953374            0.0000000000000000            2.6108937131195367     
   2.2279626351953374            0.0000000000000000            2.7849532939941724     
   2.2279626351953374            0.0000000000000000            2.9590128748688080     
   2.2279626351953374            0.0000000000000000            3.1330724557434433     
   2.2279626351953374           0.13924766469970859            0.0000000000000000     
   2.2279626351953374           0.13924766469970859           0.17405958087463577     
   2.2279626351953374           0.13924766469970859           0.34811916174927154     
   2.2279626351953374           0.13924766469970859           0.52217874262390729     
   2.2279626351953374           0.13924766469970859           0.69623832349854309     
   2.2279626351953374           0.13924766469970859           0.87029790437317889     
   2.2279626351953374           0.13924766469970859            1.0443574852478146     
   2.2279626351953374           0.13924766469970859            1.2184170661224505     
   2.2279626351953374           0.13924766469970859            1.3924766469970862     
   2.2279626351953374           0.13924766469970859            1.5665362278717216     
   2.2279626351953374           0.13924766469970859            1.7405958087463578     
   2.2279626351953374           0.13924766469970859            1.9146553896209932     
   2.2279626351953374           0.13924766469970859            2.0887149704956292     
   2.2279626351953374           0.13924766469970859            2.2627745513702648     
   2.2279626351953374           0.13924766469970859            2.4368341322449010     
   2.2279626351953374           0.13924766469970859            2.6108937131195367     
   2.2279626351953374           0.13924766469970859            2.7849532939941724     
   2.2279626351953374           0.13924766469970859            2.9590128748688080     
   2.2279626351953374           0.13924766469970859            3.1330724557434433     
   2.2279626351953374           0.27849532939941718            0.0000000000000000     
   2.2279626351953374           0.27849532939941718           0.17405958087463577     
   2.2279626351953374           0.27849532939941718           0.34811916174927154     
   2.2279626351953374           0.27849532939941718           0.52217874262390729     
   2.2279626351953374           0.27849532939941718           0.69623832349854309     
   2.2279626351953374           0.27849532939941718           0.87029790437317889     
   2.2279626351953374           0.27849532939941718            1.0443574852478146     
   2.2279626351953374           0.27849532939941718            1.2184170661224505     
   2.2279626351953374           0.27849532939941718            1.3924766469970862     
   2.2279626351953374           0.27849532939941718            1.5665362278717216     
   2.2279626351953374           0.27849532939941718            1.7405958087463578     
   2.2279626351953374           0.27849532939941718            1.9146553896209932     
   2.2279626351953374           0.27849532939941718            2.0887149704956292     
   2.2279626351953374           0.27849532939941718            2.2627745513702648     
   2.2279626351953374           0.27849532939941718            2.4368341322449010     
   2.2279626351953374           0.27849532939941718            2.6108937131195367     
   2.2279626351953374           0.27849532939941718            2.7849532939941724     
   2.2279626351953374           0.27849532939941718            2.9590128748688080     
   2.2279626351953374           0.27849532939941718            3.1330724557434433     
   2.2279626351953374           0.41774299409912580            0.0000000000000000     
   2.2279626351953374           0.41774299409912580           0.17405958087463577     
   2.2279626351953374           0.41774299409912580           0.34811916174927154     
   2.2279626351953374           0.41774299409912580           0.52217874262390729     
   2.2279626351953374           0.41774299409912580           0.69623832349854309     
   2.2279626351953374           0.41774299409912580           0.87029790437317889     
   2.2279626351953374           0.41774299409912580            1.0443574852478146     
   2.2279626351953374           0.41774299409912580            1.2184170661224505     
   2.2279626351953374           0.41774299409912580            1.3924766469970862     
   2.2279626351953374           0.41774299409912580            1.5665362278717216     
   2.2279626351953374           0.41774299409912580            1.7405958087463578     
   2.2279626351953374           0.41774299409912580            1.9146553896209932     
   2.2279626351953374           0.41774299409912580            2.0887149704956292     
   2.2279626351953374           0.41774299409912580            2.2627745513702648     
   2.2279626351953374           0.41774299409912580            2.4368341322449010     
   2.2279626351953374           0.41774299409912580            2.6108937131195367     
   2.2279626351953374           0.41774299409912580            2.7849532939941724     
   2.2279626351953374           0.41774299409912580            2.9590128748688080     
   2.2279626351953374           0.41774299409912580            3.1330724557434433     
   2.2279626351953374           0.55699065879883436            0.0000000000000000     
   2.2279626351953374           0.55699065879883436           0.17405958087463577     
   2.2279626351953374           0.55699065879883436           0.34811916174927154     
   2.2279626351953374           0.55699065879883436           0.52217874262390729     
   2.2279626351953374           0.55699065879883436           0.69623832349854309     
   2.2279626351953374           0.55699065879883436           0.87029790437317889     
   2.2279626351953374           0.55699065879883436            1.0443574852478146     
   2.2279626351953374           0.55699065879883436            1.2184170661224505     
   2.2279626351953374           0.55699065879883436            1.3924766469970862     
   2.2279626351953374           0.55699065879883436            1.5665362278717216     
   2.2279626351953374           0.55699065879883436            1.7405958087463578     
   2.2279626351953374           0.55699065879883436            1.9146553896209932     
   2.2279626351953374           0.55699065879883436            2.0887149704956292     
   2.2279626351953374           0.55699065879883436            2.2627745513702648     
   2.2279626351953374           0.55699065879883436            2.4368341322449010     
   2.2279626351953374           0.55699065879883436            2.6108937131195367     
   2.2279626351953374           0.55699065879883436            2.7849532939941724     
   2.2279626351953374           0.55699065879883436            2.9590128748688080     
   2.2279626351953374           0.55699065879883436            3.1330724557434433     
   2.2279626351953374           0.69623832349854298            0.0000000000000000     
   2.2279626351953374           0.69623832349854298           0.17405958087463577     
   2.2279626351953374           0.69623832349854298           0.34811916174927154     
   2.2279626351953374           0.69623832349854298           0.52217874262390729     
   2.2279626351953374           0.69623832349854298           0.69623832349854309     
   2.2279626351953374           0.69623832349854298           0.87029790437317889     
   2.2279626351953374           0.69623832349854298            1.0443574852478146     
   2.2279626351953374           0.69623832349854298            1.2184170661224505     
   2.2279626351953374           0.69623832349854298            1.3924766469970862     
   2.2279626351953374           0.69623832349854298            1.5665362278717216     
   2.2279626351953374           0.69623832349854298            1.7405958087463578     
   2.2279626351953374           0.69623832349854298            1.9146553896209932     
   2.2279626351953374           0.69623832349854298            2.0887149704956292     
   2.2279626351953374           0.69623832349854298            2.2627745513702648     
   2.2279626351953374           0.69623832349854298            2.4368341322449010     
   2.2279626351953374           0.69623832349854298            2.6108937131195367     
   2.2279626351953374           0.69623832349854298            2.7849532939941724     
   2.2279626351953374           0.69623832349854298            2.9590128748688080     
   2.2279626351953374           0.69623832349854298            3.1330724557434433     
   2.2279626351953374           0.83548598819825159            0.0000000000000000     
   2.2279626351953374           0.83548598819825159           0.17405958087463577     
   2.2279626351953374           0.83548598819825159           0.34811916174927154     
   2.2279626351953374           0.83548598819825159           0.52217874262390729     
   2.2279626351953374           0.83548598819825159           0.69623832349854309     
   2.2279626351953374           0.83548598819825159           0.87029790437317889     
   2.2279626351953374           0.83548598819825159            1.0443574852478146     
   2.2279626351953374           0.83548598819825159            1.2184170661224505     
   2.2279626351953374           0.83548598819825159            1.3924766469970862     
   2.2279626351953374           0.83548598819825159            1.5665362278717216     
   2.2279626351953374           0.83548598819825159            1.7405958087463578     
   2.2279626351953374           0.83548598819825159            1.9146553896209932     
   2.2279626351953374           0.83548598819825159            2.0887149704956292     
   2.2279626351953374           0.83548598819825159            2.2627745513702648     
   2.2279626351953374           0.83548598819825159            2.4368341322449010     
   2.2279626351953374           0.83548598819825159            2.6108937131195367     
   2.2279626351953374           0.83548598819825159            2.7849532939941724     
   2.2279626351953374           0.83548598819825159            2.9590128748688080     
   2.2279626351953374           0.83548598819825159            3.1330724557434433     
   2.2279626351953374           0.97473365289796032            0.0000000000000000     
   2.2279626351953374           0.97473365289796032           0.17405958087463577     
   2.2279626351953374           0.97473365289796032           0.34811916174927154     
   2.2279626351953374           0.97473365289796032           0.52217874262390729     
   2.2279626351953374           0.97473365289796032           0.69623832349854309     
   2.2279626351953374           0.97473365289796032           0.87029790437317889     
   2.2279626351953374           0.97473365289796032            1.0443574852478146     
   2.2279626351953374           0.97473365289796032            1.2184170661224505     
   2.2279626351953374           0.97473365289796032            1.3924766469970862     
   2.2279626351953374           0.97473365289796032            1.5665362278717216     
   2.2279626351953374           0.97473365289796032            1.7405958087463578     
   2.2279626351953374           0.97473365289796032            1.9146553896209932     
   2.2279626351953374           0.97473365289796032            2.0887149704956292     
   2.2279626351953374           0.97473365289796032            2.2627745513702648     
   2.2279626351953374           0.97473365289796032            2.4368341322449010     
   2.2279626351953374           0.97473365289796032            2.6108937131195367     
   2.2279626351953374           0.97473365289796032            2.7849532939941724     
   2.2279626351953374           0.97473365289796032            2.9590128748688080     
   2.2279626351953374           0.97473365289796032            3.1330724557434433     
   2.2279626351953374            1.1139813175976687            0.0000000000000000     
   2.2279626351953374            1.1139813175976687           0.17405958087463577     
   2.2279626351953374            1.1139813175976687           0.34811916174927154     
   2.2279626351953374            1.1139813175976687           0.52217874262390729     
   2.2279626351953374            1.1139813175976687           0.69623832349854309     
   2.2279626351953374            1.1139813175976687           0.87029790437317889     
   2.2279626351953374            1.1139813175976687            1.0443574852478146     
   2.2279626351953374            1.1139813175976687            1.2184170661224505     
   2.2279626351953374            1.1139813175976687            1.3924766469970862     
   2.2279626351953374            1.1139813175976687            1.5665362278717216     
   2.2279626351953374            1.1139813175976687            1.7405958087463578     
   2.2279626351953374            1.1139813175976687            1.9146553896209932     
   2.2279626351953374            1.1139813175976687            2.0887149704956292     
   2.2279626351953374            1.1139813175976687            2.2627745513702648     
   2.2279626351953374            1.1139813175976687            2.4368341322449010     
   2.2279626351953374            1.1139813175976687            2.6108937131195367     
   2.2279626351953374            1.1139813175976687            2.7849532939941724     
   2.2279626351953374            1.1139813175976687            2.9590128748688080     
   2.2279626351953374            1.1139813175976687            3.1330724557434433     
   2.2279626351953374            1.2532289822973772            0.0000000000000000     
   2.2279626351953374            1.2532289822973772           0.17405958087463577     
   2.2279626351953374            1.2532289822973772           0.34811916174927154     
   2.2279626351953374            1.2532289822973772           0.52217874262390729     
   2.2279626351953374            1.2532289822973772           0.69623832349854309     
   2.2279626351953374            1.2532289822973772           0.87029790437317889     
   2.2279626351953374            1.2532289822973772            1.0443574852478146     
   2.2279626351953374            1.2532289822973772            1.2184170661224505     
   2.2279626351953374            1.2532289822973772            1.3924766469970862     
   2.2279626351953374            1.2532289822973772            1.5665362278717216     
   2.2279626351953374            1.2532289822973772            1.7405958087463578     
   2.2279626351953374            1.2532289822973772            1.9146553896209932     
   2.2279626351953374            1.2532289822973772            2.0887149704956292     
   2.2279626351953374            1.2532289822973772            2.2627745513702648     
   2.2279626351953374            1.2532289822973772            2.4368341322449010     
   2.2279626351953374            1.2532289822973772            2.6108937131195367     
   2.2279626351953374            1.2532289822973772            2.7849532939941724     
   2.2279626351953374            1.2532289822973772            2.9590128748688080     
   2.2279626351953374            1.2532289822973772            3.1330724557434433     
   2.2279626351953374            1.3924766469970860            0.0000000000000000     
   2.2279626351953374            1.3924766469970860           0.17405958087463577     
   2.2279626351953374            1.3924766469970860           0.34811916174927154     
   2.2279626351953374            1.3924766469970860           0.52217874262390729     
   2.2279626351953374            1.3924766469970860           0.69623832349854309     
   2.2279626351953374            1.3924766469970860           0.87029790437317889     
   2.2279626351953374            1.3924766469970860            1.0443574852478146     
   2.2279626351953374            1.3924766469970860            1.2184170661224505     
   2.2279626351953374            1.3924766469970860            1.3924766469970862     
   2.2279626351953374            1.3924766469970860            1.5665362278717216     
   2.2279626351953374            1.3924766469970860            1.7405958087463578     
   2.2279626351953374            1.3924766469970860            1.9146553896209932     
   2.2279626351953374            1.3924766469970860            2.0887149704956292     
   2.2279626351953374            1.3924766469970860            2.2627745513702648     
   2.2279626351953374            1.3924766469970860            2.4368341322449010     
   2.2279626351953374            1.3924766469970860            2.6108937131195367     
   2.2279626351953374            1.3924766469970860            2.7849532939941724     
   2.2279626351953374            1.3924766469970860            2.9590128748688080     
   2.2279626351953374            1.3924766469970860            3.1330724557434433     
   2.2279626351953374            1.5317243116967947            0.0000000000000000     
   2.2279626351953374            1.5317243116967947           0.17405958087463577     
   2.2279626351953374            1.5317243116967947           0.34811916174927154     
   2.2279626351953374            1.5317243116967947           0.52217874262390729     
   2.2279626351953374            1.5317243116967947           0.69623832349854309     
   2.2279626351953374            1.5317243116967947           0.87029790437317889     
   2.2279626351953374            1.5317243116967947            1.0443574852478146     
   2.2279626351953374            1.5317243116967947            1.2184170661224505     
   2.2279626351953374            1.5317243116967947            1.3924766469970862     
   2.2279626351953374            1.5317243116967947            1.5665362278717216     
   2.2279626351953374            1.5317243116967947            1.7405958087463578     
   2.2279626351953374            1.5317243116967947            1.9146553896209932     
   2.2279626351953374            1.5317243116967947            2.0887149704956292     
   2.2279626351953374            1.5317243116967947            2.2627745513702648     
   2.2279626351953374            1.5317243116967947            2.4368341322449010     
   2.2279626351953374            1.5317243116967947            2.6108937131195367     
   2.2279626351953374            1.5317243116967947            2.7849532939941724     
   2.2279626351953374            1.5317243116967947            2.9590128748688080     
   2.2279626351953374            1.5317243116967947            3.1330724557434433     
   2.2279626351953374            1.6709719763965032            0.0000000000000000     
   2.2279626351953374            1.6709719763965032           0.17405958087463577     
   2.2279626351953374            1.6709719763965032           0.34811916174927154     
   2.2279626351953374            1.6709719763965032           0.52217874262390729     
   2.2279626351953374            1.6709719763965032           0.69623832349854309     
   2.2279626351953374            1.6709719763965032           0.87029790437317889     
   2.2279626351953374            1.6709719763965032            1.0443574852478146     
   2.2279626351953374            1.6709719763965032            1.2184170661224505     
   2.2279626351953374            1.6709719763965032            1.3924766469970862     
   2.2279626351953374            1.6709719763965032            1.5665362278717216     
   2.2279626351953374            1.6709719763965032            1.7405958087463578     
   2.2279626351953374            1.6709719763965032            1.9146553896209932     
   2.2279626351953374            1.6709719763965032            2.0887149704956292     
   2.2279626351953374            1.6709719763965032            2.2627745513702648     
   2.2279626351953374            1.6709719763965032            2.4368341322449010     
   2.2279626351953374            1.6709719763965032            2.6108937131195367     
   2.2279626351953374            1.6709719763965032            2.7849532939941724     
   2.2279626351953374            1.6709719763965032            2.9590128748688080     
   2.2279626351953374            1.6709719763965032            3.1330724557434433     
   2.2279626351953374            1.8102196410962119            0.0000000000000000     
   2.2279626351953374            1.8102196410962119           0.17405958087463577     
   2.2279626351953374            1.8102196410962119           0.34811916174927154     
   2.2279626351953374            1.8102196410962119           0.52217874262390729     
   2.2279626351953374            1.8102196410962119           0.69623832349854309     
   2.2279626351953374            1.8102196410962119           0.87029790437317889     
   2.2279626351953374            1.8102196410962119            1.0443574852478146     
   2.2279626351953374            1.8102196410962119            1.2184170661224505     
   2.2279626351953374            1.8102196410962119            1.3924766469970862     
   2.2279626351953374            1.8102196410962119            1.5665362278717216     
   2.2279626351953374            1.8102196410962119            1.7405958087463578     
   2.2279626351953374            1.8102196410962119            1.9146553896209932     
   2.2279626351953374            1.8102196410962119            2.0887149704956292     
   2.2279626351953374            1.8102196410962119            2.2627745513702648     
   2.2279626351953374            1.8102196410962119            2.4368341322449010     
   2.2279626351953374            1.8102196410962119            2.6108937131195367     
   2.2279626351953374            1.8102196410962119            2.7849532939941724     
   2.2279626351953374            1.8102196410962119            2.9590128748688080     
   2.2279626351953374            1.8102196410962119            3.1330724557434433     
   2.2279626351953374            1.9494673057959206            0.0000000000000000     
   2.2279626351953374            1.9494673057959206           0.17405958087463577     
   2.2279626351953374            1.9494673057959206           0.34811916174927154     
   2.2279626351953374            1.9494673057959206           0.52217874262390729     
   2.2279626351953374            1.9494673057959206           0.69623832349854309     
   2.2279626351953374            1.9494673057959206           0.87029790437317889     
   2.2279626351953374            1.9494673057959206            1.0443574852478146     
   2.2279626351953374            1.9494673057959206            1.2184170661224505     
   2.2279626351953374            1.9494673057959206            1.3924766469970862     
   2.2279626351953374            1.9494673057959206            1.5665362278717216     
   2.2279626351953374            1.9494673057959206            1.7405958087463578     
   2.2279626351953374            1.9494673057959206            1.9146553896209932     
   2.2279626351953374            1.9494673057959206            2.0887149704956292     
   2.2279626351953374            1.9494673057959206            2.2627745513702648     
   2.2279626351953374            1.9494673057959206            2.4368341322449010     
   2.2279626351953374            1.9494673057959206            2.6108937131195367     
   2.2279626351953374            1.9494673057959206            2.7849532939941724     
   2.2279626351953374            1.9494673057959206            2.9590128748688080     
   2.2279626351953374            1.9494673057959206            3.1330724557434433     
   2.2279626351953374            2.0887149704956292            0.0000000000000000     
   2.2279626351953374            2.0887149704956292           0.17405958087463577     
   2.2279626351953374            2.0887149704956292           0.34811916174927154     
   2.2279626351953374            2.0887149704956292           0.52217874262390729     
   2.2279626351953374            2.0887149704956292           0.69623832349854309     
   2.2279626351953374            2.0887149704956292           0.87029790437317889     
   2.2279626351953374            2.0887149704956292            1.0443574852478146     
   2.2279626351953374            2.0887149704956292            1.2184170661224505     
   2.2279626351953374            2.0887149704956292            1.3924766469970862     
   2.2279626351953374            2.0887149704956292            1.5665362278717216     
   2.2279626351953374            2.0887149704956292            1.7405958087463578     
   2.2279626351953374            2.0887149704956292            1.9146553896209932     
   2.2279626351953374            2.0887149704956292            2.0887149704956292     
   2.2279626351953374            2.0887149704956292            2.2627745513702648     
   2.2279626351953374            2.0887149704956292            2.4368341322449010     
   2.2279626351953374            2.0887149704956292            2.6108937131195367     
   2.2279626351953374            2.0887149704956292            2.7849532939941724     
   2.2279626351953374            2.0887149704956292            2.9590128748688080     
   2.2279626351953374            2.0887149704956292            3.1330724557434433     
   2.2279626351953374            2.2279626351953374            0.0000000000000000     
   2.2279626351953374            2.2279626351953374           0.17405958087463577     
   2.2279626351953374            2.2279626351953374           0.34811916174927154     
   2.2279626351953374            2.2279626351953374           0.52217874262390729     
   2.2279626351953374            2.2279626351953374           0.69623832349854309     
   2.2279626351953374            2.2279626351953374           0.87029790437317889     
   2.2279626351953374            2.2279626351953374            1.0443574852478146     
   2.2279626351953374            2.2279626351953374            1.2184170661224505     
   2.2279626351953374            2.2279626351953374            1.3924766469970862     
   2.2279626351953374            2.2279626351953374            1.5665362278717216     
   2.2279626351953374            2.2279626351953374            1.7405958087463578     
   2.2279626351953374            2.2279626351953374            1.9146553896209932     
   2.2279626351953374            2.2279626351953374            2.0887149704956292     
   2.2279626351953374            2.2279626351953374            2.2627745513702648     
   2.2279626351953374            2.2279626351953374            2.4368341322449010     
   2.2279626351953374            2.2279626351953374            2.6108937131195367     
   2.2279626351953374            2.2279626351953374            2.7849532939941724     
   2.2279626351953374            2.2279626351953374            2.9590128748688080     
   2.2279626351953374            2.2279626351953374            3.1330724557434433     
   2.2279626351953374            2.3672102998950462            0.0000000000000000     
   2.2279626351953374            2.3672102998950462           0.17405958087463577     
   2.2279626351953374            2.3672102998950462           0.34811916174927154     
   2.2279626351953374            2.3672102998950462           0.52217874262390729     
   2.2279626351953374            2.3672102998950462           0.69623832349854309     
   2.2279626351953374            2.3672102998950462           0.87029790437317889     
   2.2279626351953374            2.3672102998950462            1.0443574852478146     
   2.2279626351953374            2.3672102998950462            1.2184170661224505     
   2.2279626351953374            2.3672102998950462            1.3924766469970862     
   2.2279626351953374            2.3672102998950462            1.5665362278717216     
   2.2279626351953374            2.3672102998950462            1.7405958087463578     
   2.2279626351953374            2.3672102998950462            1.9146553896209932     
   2.2279626351953374            2.3672102998950462            2.0887149704956292     
   2.2279626351953374            2.3672102998950462            2.2627745513702648     
   2.2279626351953374            2.3672102998950462            2.4368341322449010     
   2.2279626351953374            2.3672102998950462            2.6108937131195367     
   2.2279626351953374            2.3672102998950462            2.7849532939941724     
   2.2279626351953374            2.3672102998950462            2.9590128748688080     
   2.2279626351953374            2.3672102998950462            3.1330724557434433     
   2.2279626351953374            2.5064579645947545            0.0000000000000000     
   2.2279626351953374            2.5064579645947545           0.17405958087463577     
   2.2279626351953374            2.5064579645947545           0.34811916174927154     
   2.2279626351953374            2.5064579645947545           0.52217874262390729     
   2.2279626351953374            2.5064579645947545           0.69623832349854309     
   2.2279626351953374            2.5064579645947545           0.87029790437317889     
   2.2279626351953374            2.5064579645947545            1.0443574852478146     
   2.2279626351953374            2.5064579645947545            1.2184170661224505     
   2.2279626351953374            2.5064579645947545            1.3924766469970862     
   2.2279626351953374            2.5064579645947545            1.5665362278717216     
   2.2279626351953374            2.5064579645947545            1.7405958087463578     
   2.2279626351953374            2.5064579645947545            1.9146553896209932     
   2.2279626351953374            2.5064579645947545            2.0887149704956292     
   2.2279626351953374            2.5064579645947545            2.2627745513702648     
   2.2279626351953374            2.5064579645947545            2.4368341322449010     
   2.2279626351953374            2.5064579645947545            2.6108937131195367     
   2.2279626351953374            2.5064579645947545            2.7849532939941724     
   2.2279626351953374            2.5064579645947545            2.9590128748688080     
   2.2279626351953374            2.5064579645947545            3.1330724557434433     
   2.3672102998950462            0.0000000000000000            0.0000000000000000     
   2.3672102998950462            0.0000000000000000           0.17405958087463577     
   2.3672102998950462            0.0000000000000000           0.34811916174927154     
   2.3672102998950462            0.0000000000000000           0.52217874262390729     
   2.3672102998950462            0.0000000000000000           0.69623832349854309     
   2.3672102998950462            0.0000000000000000           0.87029790437317889     
   2.3672102998950462            0.0000000000000000            1.0443574852478146     
   2.3672102998950462            0.0000000000000000            1.2184170661224505     
   2.3672102998950462            0.0000000000000000            1.3924766469970862     
   2.3672102998950462            0.0000000000000000            1.5665362278717216     
   2.3672102998950462            0.0000000000000000            1.7405958087463578     
   2.3672102998950462            0.0000000000000000            1.9146553896209932     
   2.3672102998950462            0.0000000000000000            2.0887149704956292     
   2.3672102998950462            0.0000000000000000            2.2627745513702648     
   2.3672102998950462            0.0000000000000000            2.4368341322449010     
   2.3672102998950462            0.0000000000000000            2.6108937131195367     
   2.3672102998950462            0.0000000000000000            2.7849532939941724     
   2.3672102998950462            0.0000000000000000            2.9590128748688080     
   2.3672102998950462            0.0000000000000000            3.1330724557434433     
   2.3672102998950462           0.13924766469970859            0.0000000000000000     
   2.3672102998950462           0.13924766469970859           0.17405958087463577     
   2.3672102998950462           0.13924766469970859           0.34811916174927154     
   2.3672102998950462           0.13924766469970859           0.52217874262390729     
   2.3672102998950462           0.13924766469970859           0.69623832349854309     
   2.3672102998950462           0.13924766469970859           0.87029790437317889     
   2.3672102998950462           0.13924766469970859            1.0443574852478146     
   2.3672102998950462           0.13924766469970859            1.2184170661224505     
   2.3672102998950462           0.13924766469970859            1.3924766469970862     
   2.3672102998950462           0.13924766469970859            1.5665362278717216     
   2.3672102998950462           0.13924766469970859            1.7405958087463578     
   2.3672102998950462           0.13924766469970859            1.9146553896209932     
   2.3672102998950462           0.13924766469970859            2.0887149704956292     
   2.3672102998950462           0.13924766469970859            2.2627745513702648     
   2.3672102998950462           0.13924766469970859            2.4368341322449010     
   2.3672102998950462           0.13924766469970859            2.6108937131195367     
   2.3672102998950462           0.13924766469970859            2.7849532939941724     
   2.3672102998950462           0.13924766469970859            2.9590128748688080     
   2.3672102998950462           0.13924766469970859            3.1330724557434433     
   2.3672102998950462           0.27849532939941718            0.0000000000000000     
   2.3672102998950462           0.27849532939941718           0.17405958087463577     
   2.3672102998950462           0.27849532939941718           0.34811916174927154     
   2.3672102998950462           0.27849532939941718           0.52217874262390729     
   2.3672102998950462           0.27849532939941718           0.69623832349854309     
   2.3672102998950462           0.27849532939941718           0.87029790437317889     
   2.3672102998950462           0.27849532939941718            1.0443574852478146     
   2.3672102998950462           0.27849532939941718            1.2184170661224505     
   2.3672102998950462           0.27849532939941718            1.3924766469970862     
   2.3672102998950462           0.27849532939941718            1.5665362278717216     
   2.3672102998950462           0.27849532939941718            1.7405958087463578     
   2.3672102998950462           0.27849532939941718            1.9146553896209932     
   2.3672102998950462           0.27849532939941718            2.0887149704956292     
   2.3672102998950462           0.27849532939941718            2.2627745513702648     
   2.3672102998950462           0.27849532939941718            2.4368341322449010     
   2.3672102998950462           0.27849532939941718            2.6108937131195367     
   2.3672102998950462           0.27849532939941718            2.7849532939941724     
   2.3672102998950462           0.27849532939941718            2.9590128748688080     
   2.3672102998950462           0.27849532939941718            3.1330724557434433     
   2.3672102998950462           0.41774299409912580            0.0000000000000000     
   2.3672102998950462           0.41774299409912580           0.17405958087463577     
   2.3672102998950462           0.41774299409912580           0.34811916174927154     
   2.3672102998950462           0.41774299409912580           0.52217874262390729     
   2.3672102998950462           0.41774299409912580           0.69623832349854309     
   2.3672102998950462           0.41774299409912580           0.87029790437317889     
   2.3672102998950462           0.41774299409912580            1.0443574852478146     
   2.3672102998950462           0.41774299409912580            1.2184170661224505     
   2.3672102998950462           0.41774299409912580            1.3924766469970862     
   2.3672102998950462           0.41774299409912580            1.5665362278717216     
   2.3672102998950462           0.41774299409912580            1.7405958087463578     
   2.3672102998950462           0.41774299409912580            1.9146553896209932     
   2.3672102998950462           0.41774299409912580            2.0887149704956292     
   2.3672102998950462           0.41774299409912580            2.2627745513702648     
   2.3672102998950462           0.41774299409912580            2.4368341322449010     
   2.3672102998950462           0.41774299409912580            2.6108937131195367     
   2.3672102998950462           0.41774299409912580            2.7849532939941724     
   2.3672102998950462           0.41774299409912580            2.9590128748688080     
   2.3672102998950462           0.41774299409912580            3.1330724557434433     
   2.3672102998950462           0.55699065879883436            0.0000000000000000     
   2.3672102998950462           0.55699065879883436           0.17405958087463577     
   2.3672102998950462           0.55699065879883436           0.34811916174927154     
   2.3672102998950462           0.55699065879883436           0.52217874262390729     
   2.3672102998950462           0.55699065879883436           0.69623832349854309     
   2.3672102998950462           0.55699065879883436           0.87029790437317889     
   2.3672102998950462           0.55699065879883436            1.0443574852478146     
   2.3672102998950462           0.55699065879883436            1.2184170661224505     
   2.3672102998950462           0.55699065879883436            1.3924766469970862     
   2.3672102998950462           0.55699065879883436            1.5665362278717216     
   2.3672102998950462           0.55699065879883436            1.7405958087463578     
   2.3672102998950462           0.55699065879883436            1.9146553896209932     
   2.3672102998950462           0.55699065879883436            2.0887149704956292     
   2.3672102998950462           0.55699065879883436            2.2627745513702648     
   2.3672102998950462           0.55699065879883436            2.4368341322449010     
   2.3672102998950462           0.55699065879883436            2.6108937131195367     
   2.3672102998950462           0.55699065879883436            2.7849532939941724     
   2.3672102998950462           0.55699065879883436            2.9590128748688080     
   2.3672102998950462           0.55699065879883436            3.1330724557434433     
   2.3672102998950462           0.69623832349854298            0.0000000000000000     
   2.3672102998950462           0.69623832349854298           0.17405958087463577     
   2.3672102998950462           0.69623832349854298           0.34811916174927154     
   2.3672102998950462           0.69623832349854298           0.52217874262390729     
   2.3672102998950462           0.69623832349854298           0.69623832349854309     
   2.3672102998950462           0.69623832349854298           0.87029790437317889     
   2.3672102998950462           0.69623832349854298            1.0443574852478146     
   2.3672102998950462           0.69623832349854298            1.2184170661224505     
   2.3672102998950462           0.69623832349854298            1.3924766469970862     
   2.3672102998950462           0.69623832349854298            1.5665362278717216     
   2.3672102998950462           0.69623832349854298            1.7405958087463578     
   2.3672102998950462           0.69623832349854298            1.9146553896209932     
   2.3672102998950462           0.69623832349854298            2.0887149704956292     
   2.3672102998950462           0.69623832349854298            2.2627745513702648     
   2.3672102998950462           0.69623832349854298            2.4368341322449010     
   2.3672102998950462           0.69623832349854298            2.6108937131195367     
   2.3672102998950462           0.69623832349854298            2.7849532939941724     
   2.3672102998950462           0.69623832349854298            2.9590128748688080     
   2.3672102998950462           0.69623832349854298            3.1330724557434433     
   2.3672102998950462           0.83548598819825159            0.0000000000000000     
   2.3672102998950462           0.83548598819825159           0.17405958087463577     
   2.3672102998950462           0.83548598819825159           0.34811916174927154     
   2.3672102998950462           0.83548598819825159           0.52217874262390729     
   2.3672102998950462           0.83548598819825159           0.69623832349854309     
   2.3672102998950462           0.83548598819825159           0.87029790437317889     
   2.3672102998950462           0.83548598819825159            1.0443574852478146     
   2.3672102998950462           0.83548598819825159            1.2184170661224505     
   2.3672102998950462           0.83548598819825159            1.3924766469970862     
   2.3672102998950462           0.83548598819825159            1.5665362278717216     
   2.3672102998950462           0.83548598819825159            1.7405958087463578     
   2.3672102998950462           0.83548598819825159            1.9146553896209932     
   2.3672102998950462           0.83548598819825159            2.0887149704956292     
   2.3672102998950462           0.83548598819825159            2.2627745513702648     
   2.3672102998950462           0.83548598819825159            2.4368341322449010     
   2.3672102998950462           0.83548598819825159            2.6108937131195367     
   2.3672102998950462           0.83548598819825159            2.7849532939941724     
   2.3672102998950462           0.83548598819825159            2.9590128748688080     
   2.3672102998950462           0.83548598819825159            3.1330724557434433     
   2.3672102998950462           0.97473365289796032            0.0000000000000000     
   2.3672102998950462           0.97473365289796032           0.17405958087463577     
   2.3672102998950462           0.97473365289796032           0.34811916174927154     
   2.3672102998950462           0.97473365289796032           0.52217874262390729     
   2.3672102998950462           0.97473365289796032           0.69623832349854309     
   2.3672102998950462           0.97473365289796032           0.87029790437317889     
   2.3672102998950462           0.97473365289796032            1.0443574852478146     
   2.3672102998950462           0.97473365289796032            1.2184170661224505     
   2.3672102998950462           0.97473365289796032            1.3924766469970862     
   2.3672102998950462           0.97473365289796032            1.5665362278717216     
   2.3672102998950462           0.97473365289796032            1.7405958087463578     
   2.3672102998950462           0.97473365289796032            1.9146553896209932     
   2.3672102998950462           0.97473365289796032            2.0887149704956292     
   2.3672102998950462           0.97473365289796032            2.2627745513702648     
   2.3672102998950462           0.97473365289796032            2.4368341322449010     
   2.3672102998950462           0.97473365289796032            2.6108937131195367     
   2.3672102998950462           0.97473365289796032            2.7849532939941724     
   2.3672102998950462           0.97473365289796032            2.9590128748688080     
   2.3672102998950462           0.97473365289796032            3.1330724557434433     
   2.3672102998950462            1.1139813175976687            0.0000000000000000     
   2.3672102998950462            1.1139813175976687           0.17405958087463577     
   2.3672102998950462            1.1139813175976687           0.34811916174927154     
   2.3672102998950462            1.1139813175976687           0.52217874262390729     
   2.3672102998950462            1.1139813175976687           0.69623832349854309     
   2.3672102998950462            1.1139813175976687           0.87029790437317889     
   2.3672102998950462            1.1139813175976687            1.0443574852478146     
   2.3672102998950462            1.1139813175976687            1.2184170661224505     
   2.3672102998950462            1.1139813175976687            1.3924766469970862     
   2.3672102998950462            1.1139813175976687            1.5665362278717216     
   2.3672102998950462            1.1139813175976687            1.7405958087463578     
   2.3672102998950462            1.1139813175976687            1.9146553896209932     
   2.3672102998950462            1.1139813175976687            2.0887149704956292     
   2.3672102998950462            1.1139813175976687            2.2627745513702648     
   2.3672102998950462            1.1139813175976687            2.4368341322449010     
   2.3672102998950462            1.1139813175976687            2.6108937131195367     
   2.3672102998950462            1.1139813175976687            2.7849532939941724     
   2.3672102998950462            1.1139813175976687            2.9590128748688080     
   2.3672102998950462            1.1139813175976687            3.1330724557434433     
   2.3672102998950462            1.2532289822973772            0.0000000000000000     
   2.3672102998950462            1.2532289822973772           0.17405958087463577     
   2.3672102998950462            1.2532289822973772           0.34811916174927154     
   2.3672102998950462            1.2532289822973772           0.52217874262390729     
   2.3672102998950462            1.2532289822973772           0.69623832349854309     
   2.3672102998950462            1.2532289822973772           0.87029790437317889     
   2.3672102998950462            1.2532289822973772            1.0443574852478146     
   2.3672102998950462            1.2532289822973772            1.2184170661224505     
   2.3672102998950462            1.2532289822973772            1.3924766469970862     
   2.3672102998950462            1.2532289822973772            1.5665362278717216     
   2.3672102998950462            1.2532289822973772            1.7405958087463578     
   2.3672102998950462            1.2532289822973772            1.9146553896209932     
   2.3672102998950462            1.2532289822973772            2.0887149704956292     
   2.3672102998950462            1.2532289822973772            2.2627745513702648     
   2.3672102998950462            1.2532289822973772            2.4368341322449010     
   2.3672102998950462            1.2532289822973772            2.6108937131195367     
   2.3672102998950462            1.2532289822973772            2.7849532939941724     
   2.3672102998950462            1.2532289822973772            2.9590128748688080     
   2.3672102998950462            1.2532289822973772            3.1330724557434433     
   2.3672102998950462            1.3924766469970860            0.0000000000000000     
   2.3672102998950462            1.3924766469970860           0.17405958087463577     
   2.3672102998950462            1.3924766469970860           0.34811916174927154     
   2.3672102998950462            1.3924766469970860           0.52217874262390729     
   2.3672102998950462            1.3924766469970860           0.69623832349854309     
   2.3672102998950462            1.3924766469970860           0.87029790437317889     
   2.3672102998950462            1.3924766469970860            1.0443574852478146     
   2.3672102998950462            1.3924766469970860            1.2184170661224505     
   2.3672102998950462            1.3924766469970860            1.3924766469970862     
   2.3672102998950462            1.3924766469970860            1.5665362278717216     
   2.3672102998950462            1.3924766469970860            1.7405958087463578     
   2.3672102998950462            1.3924766469970860            1.9146553896209932     
   2.3672102998950462            1.3924766469970860            2.0887149704956292     
   2.3672102998950462            1.3924766469970860            2.2627745513702648     
   2.3672102998950462            1.3924766469970860            2.4368341322449010     
   2.3672102998950462            1.3924766469970860            2.6108937131195367     
   2.3672102998950462            1.3924766469970860            2.7849532939941724     
   2.3672102998950462            1.3924766469970860            2.9590128748688080     
   2.3672102998950462            1.3924766469970860            3.1330724557434433     
   2.3672102998950462            1.5317243116967947            0.0000000000000000     
   2.3672102998950462            1.5317243116967947           0.17405958087463577     
   2.3672102998950462            1.5317243116967947           0.34811916174927154     
   2.3672102998950462            1.5317243116967947           0.52217874262390729     
   2.3672102998950462            1.5317243116967947           0.69623832349854309     
   2.3672102998950462            1.5317243116967947           0.87029790437317889     
   2.3672102998950462            1.5317243116967947            1.0443574852478146     
   2.3672102998950462            1.5317243116967947            1.2184170661224505     
   2.3672102998950462            1.5317243116967947            1.3924766469970862     
   2.3672102998950462            1.5317243116967947            1.5665362278717216     
   2.3672102998950462            1.5317243116967947            1.7405958087463578     
   2.3672102998950462            1.5317243116967947            1.9146553896209932     
   2.3672102998950462            1.5317243116967947            2.0887149704956292     
   2.3672102998950462            1.5317243116967947            2.2627745513702648     
   2.3672102998950462            1.5317243116967947            2.4368341322449010     
   2.3672102998950462            1.5317243116967947            2.6108937131195367     
   2.3672102998950462            1.5317243116967947            2.7849532939941724     
   2.3672102998950462            1.5317243116967947            2.9590128748688080     
   2.3672102998950462            1.5317243116967947            3.1330724557434433     
   2.3672102998950462            1.6709719763965032            0.0000000000000000     
   2.3672102998950462            1.6709719763965032           0.17405958087463577     
   2.3672102998950462            1.6709719763965032           0.34811916174927154     
   2.3672102998950462            1.6709719763965032           0.52217874262390729     
   2.3672102998950462            1.6709719763965032           0.69623832349854309     
   2.3672102998950462            1.6709719763965032           0.87029790437317889     
   2.3672102998950462            1.6709719763965032            1.0443574852478146     
   2.3672102998950462            1.6709719763965032            1.2184170661224505     
   2.3672102998950462            1.6709719763965032            1.3924766469970862     
   2.3672102998950462            1.6709719763965032            1.5665362278717216     
   2.3672102998950462            1.6709719763965032            1.7405958087463578     
   2.3672102998950462            1.6709719763965032            1.9146553896209932     
   2.3672102998950462            1.6709719763965032            2.0887149704956292     
   2.3672102998950462            1.6709719763965032            2.2627745513702648     
   2.3672102998950462            1.6709719763965032            2.4368341322449010     
   2.3672102998950462            1.6709719763965032            2.6108937131195367     
   2.3672102998950462            1.6709719763965032            2.7849532939941724     
   2.3672102998950462            1.6709719763965032            2.9590128748688080     
   2.3672102998950462            1.6709719763965032            3.1330724557434433     
   2.3672102998950462            1.8102196410962119            0.0000000000000000     
   2.3672102998950462            1.8102196410962119           0.17405958087463577     
   2.3672102998950462            1.8102196410962119           0.34811916174927154     
   2.3672102998950462            1.8102196410962119           0.52217874262390729     
   2.3672102998950462            1.8102196410962119           0.69623832349854309     
   2.3672102998950462            1.8102196410962119           0.87029790437317889     
   2.3672102998950462            1.8102196410962119            1.0443574852478146     
   2.3672102998950462            1.8102196410962119            1.2184170661224505     
   2.3672102998950462            1.8102196410962119            1.3924766469970862     
   2.3672102998950462            1.8102196410962119            1.5665362278717216     
   2.3672102998950462            1.8102196410962119            1.7405958087463578     
   2.3672102998950462            1.8102196410962119            1.9146553896209932     
   2.3672102998950462            1.8102196410962119            2.0887149704956292     
   2.3672102998950462            1.8102196410962119            2.2627745513702648     
   2.3672102998950462            1.8102196410962119            2.4368341322449010     
   2.3672102998950462            1.8102196410962119            2.6108937131195367     
   2.3672102998950462            1.8102196410962119            2.7849532939941724     
   2.3672102998950462            1.8102196410962119            2.9590128748688080     
   2.3672102998950462            1.8102196410962119            3.1330724557434433     
   2.3672102998950462            1.9494673057959206            0.0000000000000000     
   2.3672102998950462            1.9494673057959206           0.17405958087463577     
   2.3672102998950462            1.9494673057959206           0.34811916174927154     
   2.3672102998950462            1.9494673057959206           0.52217874262390729     
   2.3672102998950462            1.9494673057959206           0.69623832349854309     
   2.3672102998950462            1.9494673057959206           0.87029790437317889     
   2.3672102998950462            1.9494673057959206            1.0443574852478146     
   2.3672102998950462            1.9494673057959206            1.2184170661224505     
   2.3672102998950462            1.9494673057959206            1.3924766469970862     
   2.3672102998950462            1.9494673057959206            1.5665362278717216     
   2.3672102998950462            1.9494673057959206            1.7405958087463578     
   2.3672102998950462            1.9494673057959206            1.9146553896209932     
   2.3672102998950462            1.9494673057959206            2.0887149704956292     
   2.3672102998950462            1.9494673057959206            2.2627745513702648     
   2.3672102998950462            1.9494673057959206            2.4368341322449010     
   2.3672102998950462            1.9494673057959206            2.6108937131195367     
   2.3672102998950462            1.9494673057959206            2.7849532939941724     
   2.3672102998950462            1.9494673057959206            2.9590128748688080     
   2.3672102998950462            1.9494673057959206            3.1330724557434433     
   2.3672102998950462            2.0887149704956292            0.0000000000000000     
   2.3672102998950462            2.0887149704956292           0.17405958087463577     
   2.3672102998950462            2.0887149704956292           0.34811916174927154     
   2.3672102998950462            2.0887149704956292           0.52217874262390729     
   2.3672102998950462            2.0887149704956292           0.69623832349854309     
   2.3672102998950462            2.0887149704956292           0.87029790437317889     
   2.3672102998950462            2.0887149704956292            1.0443574852478146     
   2.3672102998950462            2.0887149704956292            1.2184170661224505     
   2.3672102998950462            2.0887149704956292            1.3924766469970862     
   2.3672102998950462            2.0887149704956292            1.5665362278717216     
   2.3672102998950462            2.0887149704956292            1.7405958087463578     
   2.3672102998950462            2.0887149704956292            1.9146553896209932     
   2.3672102998950462            2.0887149704956292            2.0887149704956292     
   2.3672102998950462            2.0887149704956292            2.2627745513702648     
   2.3672102998950462            2.0887149704956292            2.4368341322449010     
   2.3672102998950462            2.0887149704956292            2.6108937131195367     
   2.3672102998950462            2.0887149704956292            2.7849532939941724     
   2.3672102998950462            2.0887149704956292            2.9590128748688080     
   2.3672102998950462            2.0887149704956292            3.1330724557434433     
   2.3672102998950462            2.2279626351953374            0.0000000000000000     
   2.3672102998950462            2.2279626351953374           0.17405958087463577     
   2.3672102998950462            2.2279626351953374           0.34811916174927154     
   2.3672102998950462            2.2279626351953374           0.52217874262390729     
   2.3672102998950462            2.2279626351953374           0.69623832349854309     
   2.3672102998950462            2.2279626351953374           0.87029790437317889     
   2.3672102998950462            2.2279626351953374            1.0443574852478146     
   2.3672102998950462            2.2279626351953374            1.2184170661224505     
   2.3672102998950462            2.2279626351953374            1.3924766469970862     
   2.3672102998950462            2.2279626351953374            1.5665362278717216     
   2.3672102998950462            2.2279626351953374            1.7405958087463578     
   2.3672102998950462            2.2279626351953374            1.9146553896209932     
   2.3672102998950462            2.2279626351953374            2.0887149704956292     
   2.3672102998950462            2.2279626351953374            2.2627745513702648     
   2.3672102998950462            2.2279626351953374            2.4368341322449010     
   2.3672102998950462            2.2279626351953374            2.6108937131195367     
   2.3672102998950462            2.2279626351953374            2.7849532939941724     
   2.3672102998950462            2.2279626351953374            2.9590128748688080     
   2.3672102998950462            2.2279626351953374            3.1330724557434433     
   2.3672102998950462            2.3672102998950462            0.0000000000000000     
   2.3672102998950462            2.3672102998950462           0.17405958087463577     
   2.3672102998950462            2.3672102998950462           0.34811916174927154     
   2.3672102998950462            2.3672102998950462           0.52217874262390729     
   2.3672102998950462            2.3672102998950462           0.69623832349854309     
   2.3672102998950462            2.3672102998950462           0.87029790437317889     
   2.3672102998950462            2.3672102998950462            1.0443574852478146     
   2.3672102998950462            2.3672102998950462            1.2184170661224505     
   2.3672102998950462            2.3672102998950462            1.3924766469970862     
   2.3672102998950462            2.3672102998950462            1.5665362278717216     
   2.3672102998950462            2.3672102998950462            1.7405958087463578     
   2.3672102998950462            2.3672102998950462            1.9146553896209932     
   2.3672102998950462            2.3672102998950462            2.0887149704956292     
   2.3672102998950462            2.3672102998950462            2.2627745513702648     
   2.3672102998950462            2.3672102998950462            2.4368341322449010     
   2.3672102998950462            2.3672102998950462            2.6108937131195367     
   2.3672102998950462            2.3672102998950462            2.7849532939941724     
   2.3672102998950462            2.3672102998950462            2.9590128748688080     
   2.3672102998950462            2.3672102998950462            3.1330724557434433     
   2.3672102998950462            2.5064579645947545            0.0000000000000000     
   2.3672102998950462            2.5064579645947545           0.17405958087463577     
   2.3672102998950462            2.5064579645947545           0.34811916174927154     
   2.3672102998950462            2.5064579645947545           0.52217874262390729     
   2.3672102998950462            2.5064579645947545           0.69623832349854309     
   2.3672102998950462            2.5064579645947545           0.87029790437317889     
   2.3672102998950462            2.5064579645947545            1.0443574852478146     
   2.3672102998950462            2.5064579645947545            1.2184170661224505     
   2.3672102998950462            2.5064579645947545            1.3924766469970862     
   2.3672102998950462            2.5064579645947545            1.5665362278717216     
   2.3672102998950462            2.5064579645947545            1.7405958087463578     
   2.3672102998950462            2.5064579645947545            1.9146553896209932     
   2.3672102998950462            2.5064579645947545            2.0887149704956292     
   2.3672102998950462            2.5064579645947545            2.2627745513702648     
   2.3672102998950462            2.5064579645947545            2.4368341322449010     
   2.3672102998950462            2.5064579645947545            2.6108937131195367     
   2.3672102998950462            2.5064579645947545            2.7849532939941724     
   2.3672102998950462            2.5064579645947545            2.9590128748688080     
   2.3672102998950462            2.5064579645947545            3.1330724557434433     
   2.5064579645947545            0.0000000000000000            0.0000000000000000     
   2.5064579645947545            0.0000000000000000           0.17405958087463577     
   2.5064579645947545            0.0000000000000000           0.34811916174927154     
   2.5064579645947545            0.0000000000000000           0.52217874262390729     
   2.5064579645947545            0.0000000000000000           0.69623832349854309     
   2.5064579645947545            0.0000000000000000           0.87029790437317889     
   2.5064579645947545            0.0000000000000000            1.0443574852478146     
   2.5064579645947545            0.0000000000000000            1.2184170661224505     
   2.5064579645947545            0.0000000000000000            1.3924766469970862     
   2.5064579645947545            0.0000000000000000            1.5665362278717216     
   2.5064579645947545            0.0000000000000000            1.7405958087463578     
   2.5064579645947545            0.0000000000000000            1.9146553896209932     
   2.5064579645947545            0.0000000000000000            2.0887149704956292     
   2.5064579645947545            0.0000000000000000            2.2627745513702648     
   2.5064579645947545            0.0000000000000000            2.4368341322449010     
   2.5064579645947545            0.0000000000000000            2.6108937131195367     
   2.5064579645947545            0.0000000000000000            2.7849532939941724     
   2.5064579645947545            0.0000000000000000            2.9590128748688080     
   2.5064579645947545            0.0000000000000000            3.1330724557434433     
   2.5064579645947545           0.13924766469970859            0.0000000000000000     
   2.5064579645947545           0.13924766469970859           0.17405958087463577     
   2.5064579645947545           0.13924766469970859           0.34811916174927154     
   2.5064579645947545           0.13924766469970859           0.52217874262390729     
   2.5064579645947545           0.13924766469970859           0.69623832349854309     
   2.5064579645947545           0.13924766469970859           0.87029790437317889     
   2.5064579645947545           0.13924766469970859            1.0443574852478146     
   2.5064579645947545           0.13924766469970859            1.2184170661224505     
   2.5064579645947545           0.13924766469970859            1.3924766469970862     
   2.5064579645947545           0.13924766469970859            1.5665362278717216     
   2.5064579645947545           0.13924766469970859            1.7405958087463578     
   2.5064579645947545           0.13924766469970859            1.9146553896209932     
   2.5064579645947545           0.13924766469970859            2.0887149704956292     
   2.5064579645947545           0.13924766469970859            2.2627745513702648     
   2.5064579645947545           0.13924766469970859            2.4368341322449010     
   2.5064579645947545           0.13924766469970859            2.6108937131195367     
   2.5064579645947545           0.13924766469970859            2.7849532939941724     
   2.5064579645947545           0.13924766469970859            2.9590128748688080     
   2.5064579645947545           0.13924766469970859            3.1330724557434433     
   2.5064579645947545           0.27849532939941718            0.0000000000000000     
   2.5064579645947545           0.27849532939941718           0.17405958087463577     
   2.5064579645947545           0.27849532939941718           0.34811916174927154     
   2.5064579645947545           0.27849532939941718           0.52217874262390729     
   2.5064579645947545           0.27849532939941718           0.69623832349854309     
   2.5064579645947545           0.27849532939941718           0.87029790437317889     
   2.5064579645947545           0.27849532939941718            1.0443574852478146     
   2.5064579645947545           0.27849532939941718            1.2184170661224505     
   2.5064579645947545           0.27849532939941718            1.3924766469970862     
   2.5064579645947545           0.27849532939941718            1.5665362278717216     
   2.5064579645947545           0.27849532939941718            1.7405958087463578     
   2.5064579645947545           0.27849532939941718            1.9146553896209932     
   2.5064579645947545           0.27849532939941718            2.0887149704956292     
   2.5064579645947545           0.27849532939941718            2.2627745513702648     
   2.5064579645947545           0.27849532939941718            2.4368341322449010     
   2.5064579645947545           0.27849532939941718            2.6108937131195367     
   2.5064579645947545           0.27849532939941718            2.7849532939941724     
   2.5064579645947545           0.27849532939941718            2.9590128748688080     
   2.5064579645947545           0.27849532939941718            3.1330724557434433     
   2.5064579645947545           0.41774299409912580            0.0000000000000000     
   2.5064579645947545           0.41774299409912580           0.17405958087463577     
   2.5064579645947545           0.41774299409912580           0.34811916174927154     
   2.5064579645947545           0.41774299409912580           0.52217874262390729     
   2.5064579645947545           0.41774299409912580           0.69623832349854309     
   2.5064579645947545           0.41774299409912580           0.87029790437317889     
   2.5064579645947545           0.41774299409912580            1.0443574852478146     
   2.5064579645947545           0.41774299409912580            1.2184170661224505     
   2.5064579645947545           0.41774299409912580            1.3924766469970862     
   2.5064579645947545           0.41774299409912580            1.5665362278717216     
   2.5064579645947545           0.41774299409912580            1.7405958087463578     
   2.5064579645947545           0.41774299409912580            1.9146553896209932     
   2.5064579645947545           0.41774299409912580            2.0887149704956292     
   2.5064579645947545           0.41774299409912580            2.2627745513702648     
   2.5064579645947545           0.41774299409912580            2.4368341322449010     
   2.5064579645947545           0.41774299409912580            2.6108937131195367     
   2.5064579645947545           0.41774299409912580            2.7849532939941724     
   2.5064579645947545           0.41774299409912580            2.9590128748688080     
   2.5064579645947545           0.41774299409912580            3.1330724557434433     
   2.5064579645947545           0.55699065879883436            0.0000000000000000     
   2.5064579645947545           0.55699065879883436           0.17405958087463577     
   2.5064579645947545           0.55699065879883436           0.34811916174927154     
   2.5064579645947545           0.55699065879883436           0.52217874262390729     
   2.5064579645947545           0.55699065879883436           0.69623832349854309     
   2.5064579645947545           0.55699065879883436           0.87029790437317889     
   2.5064579645947545           0.55699065879883436            1.0443574852478146     
   2.5064579645947545           0.55699065879883436            1.2184170661224505     
   2.5064579645947545           0.55699065879883436            1.3924766469970862     
   2.5064579645947545           0.55699065879883436            1.5665362278717216     
   2.5064579645947545           0.55699065879883436            1.7405958087463578     
   2.5064579645947545           0.55699065879883436            1.9146553896209932     
   2.5064579645947545           0.55699065879883436            2.0887149704956292     
   2.5064579645947545           0.55699065879883436            2.2627745513702648     
   2.5064579645947545           0.55699065879883436            2.4368341322449010     
   2.5064579645947545           0.55699065879883436            2.6108937131195367     
   2.5064579645947545           0.55699065879883436            2.7849532939941724     
   2.5064579645947545           0.55699065879883436            2.9590128748688080     
   2.5064579645947545           0.55699065879883436            3.1330724557434433     
   2.5064579645947545           0.69623832349854298            0.0000000000000000     
   2.5064579645947545           0.69623832349854298           0.17405958087463577     
   2.5064579645947545           0.69623832349854298           0.34811916174927154     
   2.5064579645947545           0.69623832349854298           0.52217874262390729     
   2.5064579645947545           0.69623832349854298           0.69623832349854309     
   2.5064579645947545           0.69623832349854298           0.87029790437317889     
   2.5064579645947545           0.69623832349854298            1.0443574852478146     
   2.5064579645947545           0.69623832349854298            1.2184170661224505     
   2.5064579645947545           0.69623832349854298            1.3924766469970862     
   2.5064579645947545           0.69623832349854298            1.5665362278717216     
   2.5064579645947545           0.69623832349854298            1.7405958087463578     
   2.5064579645947545           0.69623832349854298            1.9146553896209932     
   2.5064579645947545           0.69623832349854298            2.0887149704956292     
   2.5064579645947545           0.69623832349854298            2.2627745513702648     
   2.5064579645947545           0.69623832349854298            2.4368341322449010     
   2.5064579645947545           0.69623832349854298            2.6108937131195367     
   2.5064579645947545           0.69623832349854298            2.7849532939941724     
   2.5064579645947545           0.69623832349854298            2.9590128748688080     
   2.5064579645947545           0.69623832349854298            3.1330724557434433     
   2.5064579645947545           0.83548598819825159            0.0000000000000000     
   2.5064579645947545           0.83548598819825159           0.17405958087463577     
   2.5064579645947545           0.83548598819825159           0.34811916174927154     
   2.5064579645947545           0.83548598819825159           0.52217874262390729     
   2.5064579645947545           0.83548598819825159           0.69623832349854309     
   2.5064579645947545           0.83548598819825159           0.87029790437317889     
   2.5064579645947545           0.83548598819825159            1.0443574852478146     
   2.5064579645947545           0.83548598819825159            1.2184170661224505     
   2.5064579645947545           0.83548598819825159            1.3924766469970862     
   2.5064579645947545           0.83548598819825159            1.5665362278717216     
   2.5064579645947545           0.83548598819825159            1.7405958087463578     
   2.5064579645947545           0.83548598819825159            1.9146553896209932     
   2.5064579645947545           0.83548598819825159            2.0887149704956292     
   2.5064579645947545           0.83548598819825159            2.2627745513702648     
   2.5064579645947545           0.83548598819825159            2.4368341322449010     
   2.5064579645947545           0.83548598819825159            2.6108937131195367     
   2.5064579645947545           0.83548598819825159            2.7849532939941724     
   2.5064579645947545           0.83548598819825159            2.9590128748688080     
   2.5064579645947545           0.83548598819825159            3.1330724557434433     
   2.5064579645947545           0.97473365289796032            0.0000000000000000     
   2.5064579645947545           0.97473365289796032           0.17405958087463577     
   2.5064579645947545           0.97473365289796032           0.34811916174927154     
   2.5064579645947545           0.97473365289796032           0.52217874262390729     
   2.5064579645947545           0.97473365289796032           0.69623832349854309     
   2.5064579645947545           0.97473365289796032           0.87029790437317889     
   2.5064579645947545           0.97473365289796032            1.0443574852478146     
   2.5064579645947545           0.97473365289796032            1.2184170661224505     
   2.5064579645947545           0.97473365289796032            1.3924766469970862     
   2.5064579645947545           0.97473365289796032            1.5665362278717216     
   2.5064579645947545           0.97473365289796032            1.7405958087463578     
   2.5064579645947545           0.97473365289796032            1.9146553896209932     
   2.5064579645947545           0.97473365289796032            2.0887149704956292     
   2.5064579645947545           0.97473365289796032            2.2627745513702648     
   2.5064579645947545           0.97473365289796032            2.4368341322449010     
   2.5064579645947545           0.97473365289796032            2.6108937131195367     
   2.5064579645947545           0.97473365289796032            2.7849532939941724     
   2.5064579645947545           0.97473365289796032            2.9590128748688080     
   2.5064579645947545           0.97473365289796032            3.1330724557434433     
   2.5064579645947545            1.1139813175976687            0.0000000000000000     
   2.5064579645947545            1.1139813175976687           0.17405958087463577     
   2.5064579645947545            1.1139813175976687           0.34811916174927154     
   2.5064579645947545            1.1139813175976687           0.52217874262390729     
   2.5064579645947545            1.1139813175976687           0.69623832349854309     
   2.5064579645947545            1.1139813175976687           0.87029790437317889     
   2.5064579645947545            1.1139813175976687            1.0443574852478146     
   2.5064579645947545            1.1139813175976687            1.2184170661224505     
   2.5064579645947545            1.1139813175976687            1.3924766469970862     
   2.5064579645947545            1.1139813175976687            1.5665362278717216     
   2.5064579645947545            1.1139813175976687            1.7405958087463578     
   2.5064579645947545            1.1139813175976687            1.9146553896209932     
   2.5064579645947545            1.1139813175976687            2.0887149704956292     
   2.5064579645947545            1.1139813175976687            2.2627745513702648     
   2.5064579645947545            1.1139813175976687            2.4368341322449010     
   2.5064579645947545            1.1139813175976687            2.6108937131195367     
   2.5064579645947545            1.1139813175976687            2.7849532939941724     
   2.5064579645947545            1.1139813175976687            2.9590128748688080     
   2.5064579645947545            1.1139813175976687            3.1330724557434433     
   2.5064579645947545            1.2532289822973772            0.0000000000000000     
   2.5064579645947545            1.2532289822973772           0.17405958087463577     
   2.5064579645947545            1.2532289822973772           0.34811916174927154     
   2.5064579645947545            1.2532289822973772           0.52217874262390729     
   2.5064579645947545            1.2532289822973772           0.69623832349854309     
   2.5064579645947545            1.2532289822973772           0.87029790437317889     
   2.5064579645947545            1.2532289822973772            1.0443574852478146     
   2.5064579645947545            1.2532289822973772            1.2184170661224505     
   2.5064579645947545            1.2532289822973772            1.3924766469970862     
   2.5064579645947545            1.2532289822973772            1.5665362278717216     
   2.5064579645947545            1.2532289822973772            1.7405958087463578     
   2.5064579645947545            1.2532289822973772            1.9146553896209932     
   2.5064579645947545            1.2532289822973772            2.0887149704956292     
   2.5064579645947545            1.2532289822973772            2.2627745513702648     
   2.5064579645947545            1.2532289822973772            2.4368341322449010     
   2.5064579645947545            1.2532289822973772            2.6108937131195367     
   2.5064579645947545            1.2532289822973772            2.7849532939941724     
   2.5064579645947545            1.2532289822973772            2.9590128748688080     
   2.5064579645947545            1.2532289822973772            3.1330724557434433     
   2.5064579645947545            1.3924766469970860            0.0000000000000000     
   2.5064579645947545            1.3924766469970860           0.17405958087463577     
   2.5064579645947545            1.3924766469970860           0.34811916174927154     
   2.5064579645947545            1.3924766469970860           0.52217874262390729     
   2.5064579645947545            1.3924766469970860           0.69623832349854309     
   2.5064579645947545            1.3924766469970860           0.87029790437317889     
   2.5064579645947545            1.3924766469970860            1.0443574852478146     
   2.5064579645947545            1.3924766469970860            1.2184170661224505     
   2.5064579645947545            1.3924766469970860            1.3924766469970862     
   2.5064579645947545            1.3924766469970860            1.5665362278717216     
   2.5064579645947545            1.3924766469970860            1.7405958087463578     
   2.5064579645947545            1.3924766469970860            1.9146553896209932     
   2.5064579645947545            1.3924766469970860            2.0887149704956292     
   2.5064579645947545            1.3924766469970860            2.2627745513702648     
   2.5064579645947545            1.3924766469970860            2.4368341322449010     
   2.5064579645947545            1.3924766469970860            2.6108937131195367     
   2.5064579645947545            1.3924766469970860            2.7849532939941724     
   2.5064579645947545            1.3924766469970860            2.9590128748688080     
   2.5064579645947545            1.3924766469970860            3.1330724557434433     
   2.5064579645947545            1.5317243116967947            0.0000000000000000     
   2.5064579645947545            1.5317243116967947           0.17405958087463577     
   2.5064579645947545            1.5317243116967947           0.34811916174927154     
   2.5064579645947545            1.5317243116967947           0.52217874262390729     
   2.5064579645947545            1.5317243116967947           0.69623832349854309     
   2.5064579645947545            1.5317243116967947           0.87029790437317889     
   2.5064579645947545            1.5317243116967947            1.0443574852478146     
   2.5064579645947545            1.5317243116967947            1.2184170661224505     
   2.5064579645947545            1.5317243116967947            1.3924766469970862     
   2.5064579645947545            1.5317243116967947            1.5665362278717216     
   2.5064579645947545            1.5317243116967947            1.7405958087463578     
   2.5064579645947545            1.5317243116967947            1.9146553896209932     
   2.5064579645947545            1.5317243116967947            2.0887149704956292     
   2.5064579645947545            1.5317243116967947            2.2627745513702648     
   2.5064579645947545            1.5317243116967947            2.4368341322449010     
   2.5064579645947545            1.5317243116967947            2.6108937131195367     
   2.5064579645947545            1.5317243116967947            2.7849532939941724     
   2.5064579645947545            1.5317243116967947            2.9590128748688080     
   2.5064579645947545            1.5317243116967947            3.1330724557434433     
   2.5064579645947545            1.6709719763965032            0.0000000000000000     
   2.5064579645947545            1.6709719763965032           0.17405958087463577     
   2.5064579645947545            1.6709719763965032           0.34811916174927154     
   2.5064579645947545            1.6709719763965032           0.52217874262390729     
   2.5064579645947545            1.6709719763965032           0.69623832349854309     
   2.5064579645947545            1.6709719763965032           0.87029790437317889     
   2.5064579645947545            1.6709719763965032            1.0443574852478146     
   2.5064579645947545            1.6709719763965032            1.2184170661224505     
   2.5064579645947545            1.6709719763965032            1.3924766469970862     
   2.5064579645947545            1.6709719763965032            1.5665362278717216     
   2.5064579645947545            1.6709719763965032            1.7405958087463578     
   2.5064579645947545            1.6709719763965032            1.9146553896209932     
   2.5064579645947545            1.6709719763965032            2.0887149704956292     
   2.5064579645947545            1.6709719763965032            2.2627745513702648     
   2.5064579645947545            1.6709719763965032            2.4368341322449010     
   2.5064579645947545            1.6709719763965032            2.6108937131195367     
   2.5064579645947545            1.6709719763965032            2.7849532939941724     
   2.5064579645947545            1.6709719763965032            2.9590128748688080     
   2.5064579645947545            1.6709719763965032            3.1330724557434433     
   2.5064579645947545            1.8102196410962119            0.0000000000000000     
   2.5064579645947545            1.8102196410962119           0.17405958087463577     
   2.5064579645947545            1.8102196410962119           0.34811916174927154     
   2.5064579645947545            1.8102196410962119           0.52217874262390729     
   2.5064579645947545            1.8102196410962119           0.69623832349854309     
   2.5064579645947545            1.8102196410962119           0.87029790437317889     
   2.5064579645947545            1.8102196410962119            1.0443574852478146     
   2.5064579645947545            1.8102196410962119            1.2184170661224505     
   2.5064579645947545            1.8102196410962119            1.3924766469970862     
   2.5064579645947545            1.8102196410962119            1.5665362278717216     
   2.5064579645947545            1.8102196410962119            1.7405958087463578     
   2.5064579645947545            1.8102196410962119            1.9146553896209932     
   2.5064579645947545            1.8102196410962119            2.0887149704956292     
   2.5064579645947545            1.8102196410962119            2.2627745513702648     
   2.5064579645947545            1.8102196410962119            2.4368341322449010     
   2.5064579645947545            1.8102196410962119            2.6108937131195367     
   2.5064579645947545            1.8102196410962119            2.7849532939941724     
   2.5064579645947545            1.8102196410962119            2.9590128748688080     
   2.5064579645947545            1.8102196410962119            3.1330724557434433     
   2.5064579645947545            1.9494673057959206            0.0000000000000000     
   2.5064579645947545            1.9494673057959206           0.17405958087463577     
   2.5064579645947545            1.9494673057959206           0.34811916174927154     
   2.5064579645947545            1.9494673057959206           0.52217874262390729     
   2.5064579645947545            1.9494673057959206           0.69623832349854309     
   2.5064579645947545            1.9494673057959206           0.87029790437317889     
   2.5064579645947545            1.9494673057959206            1.0443574852478146     
   2.5064579645947545            1.9494673057959206            1.2184170661224505     
   2.5064579645947545            1.9494673057959206            1.3924766469970862     
   2.5064579645947545            1.9494673057959206            1.5665362278717216     
   2.5064579645947545            1.9494673057959206            1.7405958087463578     
   2.5064579645947545            1.9494673057959206            1.9146553896209932     
   2.5064579645947545            1.9494673057959206            2.0887149704956292     
   2.5064579645947545            1.9494673057959206            2.2627745513702648     
   2.5064579645947545            1.9494673057959206            2.4368341322449010     
   2.5064579645947545            1.9494673057959206            2.6108937131195367     
   2.5064579645947545            1.9494673057959206            2.7849532939941724     
   2.5064579645947545            1.9494673057959206            2.9590128748688080     
   2.5064579645947545            1.9494673057959206            3.1330724557434433     
   2.5064579645947545            2.0887149704956292            0.0000000000000000     
   2.5064579645947545            2.0887149704956292           0.17405958087463577     
   2.5064579645947545            2.0887149704956292           0.34811916174927154     
   2.5064579645947545            2.0887149704956292           0.52217874262390729     
   2.5064579645947545            2.0887149704956292           0.69623832349854309     
   2.5064579645947545            2.0887149704956292           0.87029790437317889     
   2.5064579645947545            2.0887149704956292            1.0443574852478146     
   2.5064579645947545            2.0887149704956292            1.2184170661224505     
   2.5064579645947545            2.0887149704956292            1.3924766469970862     
   2.5064579645947545            2.0887149704956292            1.5665362278717216     
   2.5064579645947545            2.0887149704956292            1.7405958087463578     
   2.5064579645947545            2.0887149704956292            1.9146553896209932     
   2.5064579645947545            2.0887149704956292            2.0887149704956292     
   2.5064579645947545            2.0887149704956292            2.2627745513702648     
   2.5064579645947545            2.0887149704956292            2.4368341322449010     
   2.5064579645947545            2.0887149704956292            2.6108937131195367     
   2.5064579645947545            2.0887149704956292            2.7849532939941724     
   2.5064579645947545            2.0887149704956292            2.9590128748688080     
   2.5064579645947545            2.0887149704956292            3.1330724557434433     
   2.5064579645947545            2.2279626351953374            0.0000000000000000     
   2.5064579645947545            2.2279626351953374           0.17405958087463577     
   2.5064579645947545            2.2279626351953374           0.34811916174927154     
   2.5064579645947545            2.2279626351953374           0.52217874262390729     
   2.5064579645947545            2.2279626351953374           0.69623832349854309     
   2.5064579645947545            2.2279626351953374           0.87029790437317889     
   2.5064579645947545            2.2279626351953374            1.0443574852478146     
   2.5064579645947545            2.2279626351953374            1.2184170661224505     
   2.5064579645947545            2.2279626351953374            1.3924766469970862     
   2.5064579645947545            2.2279626351953374            1.5665362278717216     
   2.5064579645947545            2.2279626351953374            1.7405958087463578     
   2.5064579645947545            2.2279626351953374            1.9146553896209932     
   2.5064579645947545            2.2279626351953374            2.0887149704956292     
   2.5064579645947545            2.2279626351953374            2.2627745513702648     
   2.5064579645947545            2.2279626351953374            2.4368341322449010     
   2.5064579645947545            2.2279626351953374            2.6108937131195367     
   2.5064579645947545            2.2279626351953374            2.7849532939941724     
   2.5064579645947545            2.2279626351953374            2.9590128748688080     
   2.5064579645947545            2.2279626351953374            3.1330724557434433     
   2.5064579645947545            2.3672102998950462            0.0000000000000000     
   2.5064579645947545            2.3672102998950462           0.17405958087463577     
   2.5064579645947545            2.3672102998950462           0.34811916174927154     
   2.5064579645947545            2.3672102998950462           0.52217874262390729     
   2.5064579645947545            2.3672102998950462           0.69623832349854309     
   2.5064579645947545            2.3672102998950462           0.87029790437317889     
   2.5064579645947545            2.3672102998950462            1.0443574852478146     
   2.5064579645947545            2.3672102998950462            1.2184170661224505     
   2.5064579645947545            2.3672102998950462            1.3924766469970862     
   2.5064579645947545            2.3672102998950462            1.5665362278717216     
   2.5064579645947545            2.3672102998950462            1.7405958087463578     
   2.5064579645947545            2.3672102998950462            1.9146553896209932     
   2.5064579645947545            2.3672102998950462            2.0887149704956292     
   2.5064579645947545            2.3672102998950462            2.2627745513702648     
   2.5064579645947545            2.3672102998950462            2.4368341322449010     
   2.5064579645947545            2.3672102998950462            2.6108937131195367     
   2.5064579645947545            2.3672102998950462            2.7849532939941724     
   2.5064579645947545            2.3672102998950462            2.9590128748688080     
   2.5064579645947545            2.3672102998950462            3.1330724557434433     
   2.5064579645947545            2.5064579645947545            0.0000000000000000     
   2.5064579645947545            2.5064579645947545           0.17405958087463577     
   2.5064579645947545            2.5064579645947545           0.34811916174927154     
   2.5064579645947545            2.5064579645947545           0.52217874262390729     
   2.5064579645947545            2.5064579645947545           0.69623832349854309     
   2.5064579645947545            2.5064579645947545           0.87029790437317889     
   2.5064579645947545            2.5064579645947545            1.0443574852478146     
   2.5064579645947545            2.5064579645947545            1.2184170661224505     
   2.5064579645947545            2.5064579645947545            1.3924766469970862     
   2.5064579645947545            2.5064579645947545            1.5665362278717216     
   2.5064579645947545            2.5064579645947545            1.7405958087463578     
   2.5064579645947545            2.5064579645947545            1.9146553896209932     
   2.5064579645947545            2.5064579645947545            2.0887149704956292     
   2.5064579645947545            2.5064579645947545            2.2627745513702648     
   2.5064579645947545            2.5064579645947545            2.4368341322449010     
   2.5064579645947545            2.5064579645947545            2.6108937131195367     
   2.5064579645947545            2.5064579645947545            2.7849532939941724     
   2.5064579645947545            2.5064579645947545            2.9590128748688080     
   2.5064579645947545            2.5064579645947545            3.1330724557434433     
CELL_DATA     5832
SCALARS avpol float 1
LOOKUP_TABLE default
   0.00000000    
   0.00000000    
   2.49822251E-02
  0.486260295    
  0.709251404    
  0.534481347    
  0.367673844    
  0.250298351    
  0.192552865    
  0.198896855    
  0.253842235    
  0.370083213    
  0.536207736    
  0.704932213    
  0.485382289    
   2.53606755E-02
   0.00000000    
   0.00000000    
   0.00000000    
   1.86490342E-05
  0.102052249    
  0.581611216    
  0.733062208    
  0.527066767    
  0.359436542    
  0.253884524    
  0.211458519    
  0.209013775    
  0.251547068    
  0.363376886    
  0.518135846    
  0.717670918    
  0.592493534    
  0.100757830    
   5.15793090E-06
   0.00000000    
   0.00000000    
   3.85194160E-02
  0.380878657    
  0.634560406    
  0.679413497    
  0.497282565    
  0.353860855    
  0.265292615    
  0.219080135    
  0.224523529    
  0.263569921    
  0.354725868    
  0.490278214    
  0.678774953    
  0.644649088    
  0.392120183    
   3.80566716E-02
   0.00000000    
  0.105758868    
  0.332928866    
  0.594887495    
  0.715008557    
  0.628275812    
  0.434613347    
  0.348143697    
  0.288593620    
  0.255430311    
  0.253588527    
  0.286922544    
  0.343544811    
  0.429683179    
  0.618681073    
  0.710537076    
  0.599728763    
  0.347943902    
  0.106220298    
  0.526503921    
  0.643794000    
  0.716696262    
  0.656637549    
  0.493758112    
  0.408076584    
  0.339889109    
  0.308740646    
  0.294525623    
  0.290100008    
  0.307590097    
  0.339122921    
  0.402427793    
  0.485621572    
  0.646263003    
  0.712529540    
  0.641184628    
  0.531256855    
  0.688083708    
  0.720593512    
  0.644353509    
  0.523004889    
  0.435197294    
  0.376266062    
  0.336294115    
  0.330340207    
  0.327114999    
  0.327711821    
  0.332056940    
  0.343514204    
  0.367751181    
  0.427741259    
  0.523700833    
  0.643611073    
  0.716887176    
  0.679686546    
  0.634587169    
  0.600565195    
  0.508626103    
  0.425619900    
  0.376259983    
  0.352964938    
  0.344088465    
  0.353662610    
  0.358219028    
  0.358349323    
  0.360309094    
  0.337779284    
  0.353902906    
  0.374811590    
  0.416806310    
  0.513803184    
  0.591186821    
  0.630589604    
  0.464786947    
  0.430258125    
  0.412662596    
  0.366447002    
  0.339987844    
  0.332724184    
  0.345702529    
  0.376889616    
  0.378204852    
  0.380052179    
  0.365256846    
  0.352339864    
  0.337096870    
  0.334241837    
  0.370719522    
  0.404971629    
  0.441264093    
  0.464258134    
  0.404252410    
  0.378902167    
  0.347347051    
  0.338355869    
  0.326181293    
  0.336536676    
  0.351046711    
  0.386598408    
  0.391399235    
  0.392402321    
  0.378950685    
  0.349903882    
  0.330764055    
  0.321029007    
  0.333487779    
  0.351089627    
  0.383880705    
  0.410600156    
  0.403027475    
  0.390100479    
  0.363613427    
  0.343059242    
  0.318766236    
  0.338245630    
  0.351332217    
  0.385645628    
  0.395682245    
  0.399679303    
  0.382917404    
  0.361296415    
  0.334691495    
  0.329527318    
  0.336045384    
  0.366671175    
  0.397996724    
  0.404454559    
  0.457001358    
  0.439391881    
  0.412133425    
  0.367549539    
  0.336641401    
  0.327987820    
  0.347582519    
  0.375096142    
  0.387821019    
  0.384245455    
  0.377078354    
  0.353716135    
  0.345367491    
  0.342232376    
  0.364669293    
  0.415105730    
  0.440257937    
  0.460078180    
  0.622516513    
  0.591546237    
  0.497414470    
  0.424221754    
  0.375702918    
  0.351645887    
  0.336069882    
  0.358783245    
  0.363690436    
  0.359101415    
  0.355856627    
  0.352572352    
  0.363908350    
  0.392432511    
  0.440638453    
  0.503592253    
  0.587567091    
  0.621952891    
  0.684768379    
  0.714525938    
  0.646106064    
  0.523663640    
  0.434083641    
  0.370757222    
  0.335517138    
  0.344448149    
  0.330252379    
  0.331744164    
  0.336188227    
  0.354121089    
  0.371692985    
  0.447722435    
  0.533263922    
  0.633559167    
  0.710569322    
  0.684390903    
  0.529941857    
  0.643010855    
  0.714029610    
  0.653011203    
  0.482835352    
  0.408038199    
  0.339673281    
  0.306736678    
  0.298605412    
  0.300636172    
  0.310707897    
  0.344854891    
  0.410021156    
  0.494024783    
  0.637133181    
  0.714564681    
  0.646161675    
  0.524025142    
  0.103591241    
  0.343081445    
  0.601746738    
  0.711989582    
  0.620383978    
  0.428104967    
  0.347401768    
  0.290027529    
  0.268972516    
  0.271158665    
  0.282985866    
  0.352585018    
  0.436240435    
  0.625122845    
  0.711132407    
  0.594798446    
  0.337884873    
  0.103991002    
   0.00000000    
   3.94224115E-02
  0.389726162    
  0.655215502    
  0.687119365    
  0.490174860    
  0.347350001    
  0.272964776    
  0.232916951    
  0.222992718    
  0.275563180    
  0.356815368    
  0.494217724    
  0.674123883    
  0.645209730    
  0.383300364    
   3.85102108E-02
   0.00000000    
   0.00000000    
   1.08556351E-05
  0.102877475    
  0.587574899    
  0.724617243    
  0.511884987    
  0.355999321    
  0.258154601    
  0.208781987    
  0.213099927    
  0.260001212    
  0.361477792    
  0.517506182    
  0.726513088    
  0.585254014    
  0.102844685    
   1.29299942E-05
   0.00000000    
   0.00000000    
   0.00000000    
   2.61754990E-02
  0.477253139    
  0.703539848    
  0.520908296    
  0.364703298    
  0.252386242    
  0.189576149    
  0.192609668    
  0.254435807    
  0.373151898    
  0.524787426    
  0.705097616    
  0.479277879    
   2.69460008E-02
   0.00000000    
   0.00000000    
   0.00000000    
   2.62452868E-05
   9.69571993E-02
  0.592529595    
  0.718899250    
  0.517099857    
  0.359427333    
  0.255743384    
  0.205322772    
  0.201549336    
  0.258669049    
  0.355555028    
  0.520814061    
  0.726113081    
  0.592873931    
  0.103748664    
   2.16283861E-05
   0.00000000    
   0.00000000    
   2.64334157E-02
  0.282088429    
  0.629365742    
  0.693827391    
  0.500669003    
  0.364644438    
  0.259355485    
  0.209977925    
  0.214632422    
  0.262168020    
  0.359023005    
  0.504334807    
  0.689320683    
  0.627491534    
  0.288885951    
   2.75077671E-02
   0.00000000    
   1.21047553E-02
  0.188310370    
  0.497298002    
  0.712735116    
  0.646822214    
  0.471007824    
  0.351797253    
  0.269380152    
  0.237957940    
  0.237342626    
  0.273670018    
  0.359735072    
  0.466244698    
  0.643005073    
  0.709152639    
  0.512176216    
  0.193133250    
   1.20843677E-02
  0.251337469    
  0.477134198    
  0.664091825    
  0.694297314    
  0.573792279    
  0.434303015    
  0.346257657    
  0.294817179    
  0.267767310    
  0.269742846    
  0.300949305    
  0.348560929    
  0.435603559    
  0.561670721    
  0.690253973    
  0.673650742    
  0.481331706    
  0.254521370    
  0.615020454    
  0.694447935    
  0.707182229    
  0.607333958    
  0.482229024    
  0.404914260    
  0.346531183    
  0.320900768    
  0.321003288    
  0.328798950    
  0.331096023    
  0.352861315    
  0.397800326    
  0.465374678    
  0.597330391    
  0.706298292    
  0.693323374    
  0.620275199    
  0.743408144    
  0.689349651    
  0.595610678    
  0.506347120    
  0.426029831    
  0.388472736    
  0.354311079    
  0.366248339    
  0.380071700    
  0.377407610    
  0.369719625    
  0.360709578    
  0.375836909    
  0.412563324    
  0.499560982    
  0.595291078    
  0.697963238    
  0.729617834    
  0.594378829    
  0.566132069    
  0.473860890    
  0.418439716    
  0.384592921    
  0.366988719    
  0.379509032    
  0.400632471    
  0.417566776    
  0.411882073    
  0.397980481    
  0.381699890    
  0.368094146    
  0.371950537    
  0.412679195    
  0.476078868    
  0.555392563    
  0.587176919    
  0.439866424    
  0.432750374    
  0.396244437    
  0.373207390    
  0.352809042    
  0.361686915    
  0.395972550    
  0.425012469    
  0.436937451    
  0.432974666    
  0.425990820    
  0.400459856    
  0.368087620    
  0.352323830    
  0.366101652    
  0.401790828    
  0.437355608    
  0.447500914    
  0.395307034    
  0.363733500    
  0.357801586    
  0.345840186    
  0.340643048    
  0.366513491    
  0.403178871    
  0.435268670    
  0.452590436    
  0.455288291    
  0.430537879    
  0.394978732    
  0.369477987    
  0.339365214    
  0.342865556    
  0.354995221    
  0.384681195    
  0.390519410    
  0.387316346    
  0.370549977    
  0.358413666    
  0.338086993    
  0.339845449    
  0.363130003    
  0.406600744    
  0.430522114    
  0.454799563    
  0.463108063    
  0.425140679    
  0.400755465    
  0.368963659    
  0.344231397    
  0.343420148    
  0.371044427    
  0.373121053    
  0.382303238    
  0.435917169    
  0.436665595    
  0.398327142    
  0.356973499    
  0.343325198    
  0.361355633    
  0.397319555    
  0.429752380    
  0.443276644    
  0.444580913    
  0.433111221    
  0.408641189    
  0.367259920    
  0.361908793    
  0.382465243    
  0.402416021    
  0.424205780    
  0.432270378    
  0.581387758    
  0.555086434    
  0.477187932    
  0.411364347    
  0.371881366    
  0.366217673    
  0.387095302    
  0.404436350    
  0.410929054    
  0.411051780    
  0.403927892    
  0.386712581    
  0.378779262    
  0.397896886    
  0.426486641    
  0.488100827    
  0.561029971    
  0.583069682    
  0.742971063    
  0.693149924    
  0.596380174    
  0.503925085    
  0.422824711    
  0.385625035    
  0.360085189    
  0.367400348    
  0.372845203    
  0.382757276    
  0.373207837    
  0.372166276    
  0.390744030    
  0.439505637    
  0.497683167    
  0.595663190    
  0.693836033    
  0.735997677    
  0.617012918    
  0.687159061    
  0.705903769    
  0.596165955    
  0.476189047    
  0.398091763    
  0.363849282    
  0.339583784    
  0.335185617    
  0.331403494    
  0.337278515    
  0.366610885    
  0.409731865    
  0.473082632    
  0.587652802    
  0.709735870    
  0.693597913    
  0.609886229    
  0.248020917    
  0.484786868    
  0.670948029    
  0.688804030    
  0.562173247    
  0.436590314    
  0.346794128    
  0.301905274    
  0.280753970    
  0.278936416    
  0.308941483    
  0.358621955    
  0.432256550    
  0.563707709    
  0.694782913    
  0.663998604    
  0.475489020    
  0.249909699    
   1.29442187E-02
  0.190001562    
  0.508703053    
  0.725514770    
  0.640175700    
  0.465755075    
  0.346077710    
  0.279085189    
  0.250530034    
  0.245470092    
  0.281642586    
  0.353353113    
  0.467020154    
  0.644473732    
  0.714188218    
  0.504081428    
  0.188009575    
   1.20714651E-02
   0.00000000    
   2.60951854E-02
  0.290047616    
  0.639567137    
  0.691077888    
  0.504530787    
  0.354651123    
  0.264092892    
  0.215497628    
  0.226335168    
  0.258133888    
  0.353169620    
  0.505246997    
  0.699037373    
  0.625911951    
  0.281261295    
   2.47220434E-02
   0.00000000    
   0.00000000    
   1.58914281E-06
  0.100288242    
  0.593616307    
  0.725149393    
  0.509407401    
  0.360542387    
  0.251524597    
  0.206809461    
  0.207226053    
  0.250575393    
  0.363523513    
  0.519331992    
  0.721737385    
  0.592525184    
  0.100663282    
   3.61266175E-05
   0.00000000    
   0.00000000    
   3.84319611E-02
  0.383593917    
  0.652137578    
  0.683671117    
  0.488744825    
  0.352136075    
  0.260757118    
  0.230116770    
  0.233454093    
  0.265469790    
  0.356272608    
  0.481214136    
  0.684568405    
  0.652817488    
  0.389027476    
   3.79424877E-02
   0.00000000    
   1.20896194E-02
  0.187483981    
  0.496125638    
  0.717018664    
  0.648786485    
  0.464007914    
  0.346561432    
  0.279833645    
  0.248020962    
  0.251586199    
  0.270174772    
  0.353591919    
  0.463736117    
  0.645736873    
  0.714699149    
  0.508682370    
  0.189200550    
   1.27739413E-02
  0.176341936    
  0.430028915    
  0.574148655    
  0.692753673    
  0.582010686    
  0.428525805    
  0.350013793    
  0.303475410    
  0.275646716    
  0.274433196    
  0.304476023    
  0.355269402    
  0.441464990    
  0.567396820    
  0.692877293    
  0.580079734    
  0.444880307    
  0.179613411    
  0.497249335    
  0.614585638    
  0.660779238    
  0.627043426    
  0.498949856    
  0.426308215    
  0.364255011    
  0.334544599    
  0.328224689    
  0.337170213    
  0.341614246    
  0.366953135    
  0.419084162    
  0.494605333    
  0.621584117    
  0.666093528    
  0.623469770    
  0.503111541    
  0.676771700    
  0.706900835    
  0.623429596    
  0.532684922    
  0.457947254    
  0.406223595    
  0.381340474    
  0.383250326    
  0.407304764    
  0.404675424    
  0.384850889    
  0.384744465    
  0.399274468    
  0.452788204    
  0.525321484    
  0.634589612    
  0.711493492    
  0.679973662    
  0.704743505    
  0.648292303    
  0.539872408    
  0.464943349    
  0.424271107    
  0.398561835    
  0.418815881    
  0.441938937    
  0.474507332    
  0.473471373    
  0.437575817    
  0.423923463    
  0.395997971    
  0.424562573    
  0.450985759    
  0.532890677    
  0.647984624    
  0.696292102    
  0.547075331    
  0.494441122    
  0.448629826    
  0.416924864    
  0.391814172    
  0.404676110    
  0.440365881    
  0.497426003    
  0.530537486    
  0.534868121    
  0.494581193    
  0.443064332    
  0.414899170    
  0.397343099    
  0.414504200    
  0.449611247    
  0.502136469    
  0.552228749    
  0.423229545    
  0.408663183    
  0.398719937    
  0.377068013    
  0.376263350    
  0.413434535    
  0.470089585    
  0.555292428    
  0.589374959    
  0.588456273    
  0.550336301    
  0.476664454    
  0.413472056    
  0.376795590    
  0.374688923    
  0.377618909    
  0.406100273    
  0.428382009    
  0.368896455    
  0.362612367    
  0.347890317    
  0.357857913    
  0.378705770    
  0.422944337    
  0.498249084    
  0.599256277    
  0.624304771    
  0.622570276    
  0.591307998    
  0.500582218    
  0.424679279    
  0.384057850    
  0.352854431    
  0.353263080    
  0.365183383    
  0.375907451    
  0.371205926    
  0.363382727    
  0.353427023    
  0.355088025    
  0.387635827    
  0.424526274    
  0.498315215    
  0.595584035    
  0.624650836    
  0.628814280    
  0.582265735    
  0.495211154    
  0.423761934    
  0.385271043    
  0.366266072    
  0.357409358    
  0.365769953    
  0.363020271    
  0.409868062    
  0.408985645    
  0.381610185    
  0.367980063    
  0.375532568    
  0.414203733    
  0.477317065    
  0.556681693    
  0.589838445    
  0.590803862    
  0.563332558    
  0.475456923    
  0.422942251    
  0.391317099    
  0.377361685    
  0.398389012    
  0.403984338    
  0.406591207    
  0.533012569    
  0.490336597    
  0.451471776    
  0.405945569    
  0.385666937    
  0.408152133    
  0.450442493    
  0.488038152    
  0.536073387    
  0.538169205    
  0.497810751    
  0.451139957    
  0.416523010    
  0.406977952    
  0.424217612    
  0.449372977    
  0.492763519    
  0.532437742    
  0.690417707    
  0.646394968    
  0.539626598    
  0.465847492    
  0.424796134    
  0.405777395    
  0.411536127    
  0.434307873    
  0.476932645    
  0.475290835    
  0.442097008    
  0.426544935    
  0.411928445    
  0.436742187    
  0.470124125    
  0.542409182    
  0.640623331    
  0.696499646    
  0.679851890    
  0.705258012    
  0.627060592    
  0.535497963    
  0.456945539    
  0.416198194    
  0.387571573    
  0.390681297    
  0.406831503    
  0.413958251    
  0.397663534    
  0.397293031    
  0.420303375    
  0.470294863    
  0.524563015    
  0.625062406    
  0.709615469    
  0.682002187    
  0.503258884    
  0.618802071    
  0.655825377    
  0.627655089    
  0.492420167    
  0.426435202    
  0.363436759    
  0.347571135    
  0.347298801    
  0.347582519    
  0.347536296    
  0.377465010    
  0.422589749    
  0.506688714    
  0.619170070    
  0.666161478    
  0.618272305    
  0.506752789    
  0.180704623    
  0.443834215    
  0.578322411    
  0.699285746    
  0.577386081    
  0.431173384    
  0.356845528    
  0.307416201    
  0.291246802    
  0.284749150    
  0.310863733    
  0.360166311    
  0.439985573    
  0.578562021    
  0.693672359    
  0.575114012    
  0.437895626    
  0.178332672    
   1.22319283E-02
  0.188084960    
  0.515733838    
  0.714576423    
  0.645128310    
  0.463011324    
  0.347201765    
  0.290418804    
  0.257780612    
  0.248806030    
  0.278051466    
  0.350810111    
  0.466602772    
  0.641829848    
  0.719060957    
  0.508533776    
  0.186454147    
   1.26609672E-02
   0.00000000    
   3.80090289E-02
  0.381557912    
  0.647844195    
  0.680359662    
  0.496968210    
  0.355790108    
  0.260177553    
  0.233328089    
  0.235007137    
  0.264793456    
  0.352802545    
  0.482010782    
  0.679477990    
  0.652568877    
  0.386606276    
   3.79374363E-02
   0.00000000    
  0.111021683    
  0.340625525    
  0.596361458    
  0.718539476    
  0.618941665    
  0.433091104    
  0.344418526    
  0.292427868    
  0.260857791    
  0.254683346    
  0.290475100    
  0.346668482    
  0.423047990    
  0.615954995    
  0.712154508    
  0.593171060    
  0.346745729    
  0.107201062    
  0.253818750    
  0.475792974    
  0.669419050    
  0.695647001    
  0.557229996    
  0.425974011    
  0.345118076    
  0.311093509    
  0.278723866    
  0.273881882    
  0.306875527    
  0.346186757    
  0.434782982    
  0.558898807    
  0.689037263    
  0.670598805    
  0.488438189    
  0.255592078    
  0.494256973    
  0.614003599    
  0.657864928    
  0.617738724    
  0.496070415    
  0.419919610    
  0.358334720    
  0.339604408    
  0.336211771    
  0.334948033    
  0.344634742    
  0.357329637    
  0.423450857    
  0.496560514    
  0.612929881    
  0.661511660    
  0.619965196    
  0.500725269    
  0.613008857    
  0.706564605    
  0.667185187    
  0.562036097    
  0.470144004    
  0.417598546    
  0.384585261    
  0.396718502    
  0.401811898    
  0.412388474    
  0.403704733    
  0.389443547    
  0.413282037    
  0.467048198    
  0.554207087    
  0.670199335    
  0.709960878    
  0.610825300    
  0.735190511    
  0.664850712    
  0.558790386    
  0.485016018    
  0.440619260    
  0.410015345    
  0.429371625    
  0.453743964    
  0.485614657    
  0.485381782    
  0.451584011    
  0.439566553    
  0.413790643    
  0.444884628    
  0.481456697    
  0.550178528    
  0.667657197    
  0.721822798    
  0.608177781    
  0.548370719    
  0.479906470    
  0.446692467    
  0.415053934    
  0.432807803    
  0.473664254    
  0.557173252    
  0.614038408    
  0.599160314    
  0.548545182    
  0.472496152    
  0.442275643    
  0.419067204    
  0.442403406    
  0.478957981    
  0.560871542    
  0.607766211    
  0.484919995    
  0.446518242    
  0.428595603    
  0.408451468    
  0.424120426    
  0.459904671    
  0.532223582    
  0.642971516    
  0.691167653    
  0.689341068    
  0.644704700    
  0.530907333    
  0.459737659    
  0.427755415    
  0.411723435    
  0.428978711    
  0.448405951    
  0.483958632    
  0.392966986    
  0.391683668    
  0.369093150    
  0.380524486    
  0.426361322    
  0.494509965    
  0.592976093    
  0.688934207    
  0.735809982    
  0.732512653    
  0.692647755    
  0.584997237    
  0.495786816    
  0.422990769    
  0.392877728    
  0.373174399    
  0.379285067    
  0.392060876    
  0.338001788    
  0.333057582    
  0.342527330    
  0.371934950    
  0.424248308    
  0.529431283    
  0.639226437    
  0.713479578    
  0.685890973    
  0.681460500    
  0.715123832    
  0.631394207    
  0.525928974    
  0.432840526    
  0.378403753    
  0.350318134    
  0.350472838    
  0.334200710    
  0.337826550    
  0.329389095    
  0.341558754    
  0.372856766    
  0.430399269    
  0.518856227    
  0.640754163    
  0.708493590    
  0.690177858    
  0.684267581    
  0.715102077    
  0.634598732    
  0.527455449    
  0.438438624    
  0.384136349    
  0.349275917    
  0.335799426    
  0.338930875    
  0.385962248    
  0.365841925    
  0.352616102    
  0.380442023    
  0.410246491    
  0.501440406    
  0.589912355    
  0.694782376    
  0.737134397    
  0.739426255    
  0.690337479    
  0.591080546    
  0.502784729    
  0.431464881    
  0.387725979    
  0.364372969    
  0.375455290    
  0.374934852    
  0.477829129    
  0.442381680    
  0.419991583    
  0.394642144    
  0.413481712    
  0.462152869    
  0.537137806    
  0.642067492    
  0.699635208    
  0.696532428    
  0.642112195    
  0.536096752    
  0.460526437    
  0.429285824    
  0.407453448    
  0.430421591    
  0.438373297    
  0.472620279    
  0.607532680    
  0.554937065    
  0.483067065    
  0.445527196    
  0.414513171    
  0.443647802    
  0.470823914    
  0.551341355    
  0.607016861    
  0.615802944    
  0.552600801    
  0.476816475    
  0.441747278    
  0.433921307    
  0.447372109    
  0.489188641    
  0.555406034    
  0.603807986    
  0.721222341    
  0.662702739    
  0.551137090    
  0.488549054    
  0.447563112    
  0.419298977    
  0.439238667    
  0.457461149    
  0.496485919    
  0.494009137    
  0.463317692    
  0.443075955    
  0.426848978    
  0.452596456    
  0.490171909    
  0.553512633    
  0.659692287    
  0.717693090    
  0.624614954    
  0.700783551    
  0.668554306    
  0.574873984    
  0.473373383    
  0.410888255    
  0.383166611    
  0.402221024    
  0.421388209    
  0.423442334    
  0.408431351    
  0.394995868    
  0.419810265    
  0.477884948    
  0.566420972    
  0.670166910    
  0.705910683    
  0.622445405    
  0.513160348    
  0.619790137    
  0.665833473    
  0.631487429    
  0.503906012    
  0.420790166    
  0.359316528    
  0.347943753    
  0.348933697    
  0.341193199    
  0.344881088    
  0.362102807    
  0.418097645    
  0.506249428    
  0.623096049    
  0.662784398    
  0.622616351    
  0.505105674    
  0.251517683    
  0.483346969    
  0.664855301    
  0.699379802    
  0.558781147    
  0.433007479    
  0.346441209    
  0.310827047    
  0.281106740    
  0.280868411    
  0.301755130    
  0.350905299    
  0.432152867    
  0.557408512    
  0.688290656    
  0.671355307    
  0.486627042    
  0.248939976    
  0.107615925    
  0.336973399    
  0.598293424    
  0.704227269    
  0.617220342    
  0.432378858    
  0.340818226    
  0.291133821    
  0.251303107    
  0.258576691    
  0.287804067    
  0.345059216    
  0.433409870    
  0.619257510    
  0.702975392    
  0.597212136    
  0.339839876    
  0.107896775    
  0.528184175    
  0.640024960    
  0.722690523    
  0.640296638    
  0.490704447    
  0.410599232    
  0.344340861    
  0.310396522    
  0.297530413    
  0.300805330    
  0.311198384    
  0.340046883    
  0.404967695    
  0.490490884    
  0.634911895    
  0.725934386    
  0.647382081    
  0.529035330    
  0.611730993    
  0.689232767    
  0.708704114    
  0.594192982    
  0.464853346    
  0.401832759    
  0.358738542    
  0.333426088    
  0.331482708    
  0.328016758    
  0.332430840    
  0.352979809    
  0.395430207    
  0.471000075    
  0.591054201    
  0.709476948    
  0.692563653    
  0.609507203    
  0.677992344    
  0.708480000    
  0.627924323    
  0.535257638    
  0.447863847    
  0.398202509    
  0.381876498    
  0.388048649    
  0.403494030    
  0.409962267    
  0.397193044    
  0.375125796    
  0.405852616    
  0.455312282    
  0.522044241    
  0.632309794    
  0.709296405    
  0.672791600    
  0.724033415    
  0.662543416    
  0.550621271    
  0.483843893    
  0.437355876    
  0.410825312    
  0.438180447    
  0.458667427    
  0.496129990    
  0.485882223    
  0.455547214    
  0.431572855    
  0.419065773    
  0.445649087    
  0.479034483    
  0.540571332    
  0.661019087    
  0.715389490    
  0.633214414    
  0.556218326    
  0.471458226    
  0.453657776    
  0.427309930    
  0.442764014    
  0.469961643    
  0.559296310    
  0.625664830    
  0.628821790    
  0.561139345    
  0.466738045    
  0.455686748    
  0.428770900    
  0.451791406    
  0.472540677    
  0.565414846    
  0.624446809    
  0.506544113    
  0.465822190    
  0.440319926    
  0.432087183    
  0.441261113    
  0.480617046    
  0.548736453    
  0.663259208    
  0.722383738    
  0.722911894    
  0.666775346    
  0.546705067    
  0.482572734    
  0.439651698    
  0.415431321    
  0.441584051    
  0.472046345    
  0.498348773    
  0.408707857    
  0.398111939    
  0.393271744    
  0.418140233    
  0.457971066    
  0.526059151    
  0.633591115    
  0.707011282    
  0.680759430    
  0.685100377    
  0.712927938    
  0.630306602    
  0.530637681    
  0.457023203    
  0.414672464    
  0.388718873    
  0.403744251    
  0.413995922    
  0.347832292    
  0.341409206    
  0.360575974    
  0.402558804    
  0.469863027    
  0.596581638    
  0.691980362    
  0.698608041    
  0.617099226    
  0.619507849    
  0.689276397    
  0.701649010    
  0.599493742    
  0.475364178    
  0.408957094    
  0.354110181    
  0.337820202    
  0.331827492    
  0.312879741    
  0.313742071    
  0.340662181    
  0.408443511    
  0.484419554    
  0.645643294    
  0.709029615    
  0.643975258    
  0.525818050    
  0.523083985    
  0.644554377    
  0.702905953    
  0.639036477    
  0.482663125    
  0.407580405    
  0.340696990    
  0.319577247    
  0.305529922    
  0.303365827    
  0.306700855    
  0.334315598    
  0.407265186    
  0.488399804    
  0.640710652    
  0.714664876    
  0.645031512    
  0.525476158    
  0.529685915    
  0.649641812    
  0.711716712    
  0.640609801    
  0.487962693    
  0.402797222    
  0.334720254    
  0.324789196    
  0.308619827    
  0.337742120    
  0.328692138    
  0.341309041    
  0.398435056    
  0.465994984    
  0.591518462    
  0.704007387    
  0.694753170    
  0.611492753    
  0.611166418    
  0.697984457    
  0.702670872    
  0.589415312    
  0.476205677    
  0.400306672    
  0.358009160    
  0.337873608    
  0.333974212    
  0.407860398    
  0.390132576    
  0.388768792    
  0.409140706    
  0.452656388    
  0.530155540    
  0.625408232    
  0.711538494    
  0.677730858    
  0.685389757    
  0.706581712    
  0.627474487    
  0.530218959    
  0.459909648    
  0.411381274    
  0.386055112    
  0.402939111    
  0.404088676    
  0.488902330    
  0.465326756    
  0.446730822    
  0.424645036    
  0.442334026    
  0.474780917    
  0.535578549    
  0.661914945    
  0.729731023    
  0.726206243    
  0.662716866    
  0.551418841    
  0.488200307    
  0.445578456    
  0.420856297    
  0.454338521    
  0.463375121    
  0.489876121    
  0.626593947    
  0.566304982    
  0.480317980    
  0.461403251    
  0.428929210    
  0.451341957    
  0.475626945    
  0.561351240    
  0.630718350    
  0.626330972    
  0.557301700    
  0.483584076    
  0.455098957    
  0.434900135    
  0.457811773    
  0.489951789    
  0.560840905    
  0.623608589    
  0.726666331    
  0.666920543    
  0.554978967    
  0.484336674    
  0.441421658    
  0.412243485    
  0.435035795    
  0.457606584    
  0.484762639    
  0.489687324    
  0.463846594    
  0.449810386    
  0.412296891    
  0.445213646    
  0.489449143    
  0.558888793    
  0.657503605    
  0.722155392    
  0.688772857    
  0.710498333    
  0.630800307    
  0.538490832    
  0.461116165    
  0.412912756    
  0.380409032    
  0.396895438    
  0.400580049    
  0.409119040    
  0.390436918    
  0.376372844    
  0.405272961    
  0.461228639    
  0.531019449    
  0.630897582    
  0.718943536    
  0.682391882    
  0.622513771    
  0.698737681    
  0.708036244    
  0.604005277    
  0.473742992    
  0.410682678    
  0.358494639    
  0.333280116    
  0.330933273    
  0.331550956    
  0.331365198    
  0.354525775    
  0.398846984    
  0.475619882    
  0.593057811    
  0.712492466    
  0.696064770    
  0.615613580    
  0.526095033    
  0.643139601    
  0.713035882    
  0.640136957    
  0.492423862    
  0.414641976    
  0.338056624    
  0.311764538    
  0.295991868    
  0.304558367    
  0.312540948    
  0.341841429    
  0.404516190    
  0.481765419    
  0.646703899    
  0.716260076    
  0.643303573    
  0.532850564    
  0.679161251    
  0.709831357    
  0.635347843    
  0.523022592    
  0.428194165    
  0.378425360    
  0.343317419    
  0.334757119    
  0.331520587    
  0.339338899    
  0.333298951    
  0.350284457    
  0.375261962    
  0.435119659    
  0.527538896    
  0.640609384    
  0.709431291    
  0.680399716    
  0.737282693    
  0.687541723    
  0.593916118    
  0.491236359    
  0.420192271    
  0.389611095    
  0.357647717    
  0.381678969    
  0.390340835    
  0.387498826    
  0.367902845    
  0.357306272    
  0.381924957    
  0.423023909    
  0.501233160    
  0.592507064    
  0.691217840    
  0.732178926    
  0.691077650    
  0.633246243    
  0.532763422    
  0.458246350    
  0.412822276    
  0.390656859    
  0.416098684    
  0.456359714    
  0.477049381    
  0.490403116    
  0.440922141    
  0.421651989    
  0.397331923    
  0.421256781    
  0.461026400    
  0.530503035    
  0.637722373    
  0.694200218    
  0.611178935    
  0.551833808    
  0.478492320    
  0.442156076    
  0.415548801    
  0.439000547    
  0.486809492    
  0.556380689    
  0.609034896    
  0.615624666    
  0.552244723    
  0.480593473    
  0.442308992    
  0.413881361    
  0.445757449    
  0.483967483    
  0.551944613    
  0.609405696    
  0.487914711    
  0.468848169    
  0.442048192    
  0.412024379    
  0.437517792    
  0.481180340    
  0.554767787    
  0.662864506    
  0.723276556    
  0.725219488    
  0.672903061    
  0.549920917    
  0.481635004    
  0.447082758    
  0.419755965    
  0.448217511    
  0.461656272    
  0.494036645    
  0.431440145    
  0.411541164    
  0.399973929    
  0.415112764    
  0.471398801    
  0.563179851    
  0.672875285    
  0.705916464    
  0.624183774    
  0.626664221    
  0.706655979    
  0.668654025    
  0.561800599    
  0.476959080    
  0.425380170    
  0.400636524    
  0.408419281    
  0.418159992    
  0.355682164    
  0.355111957    
  0.371166408    
  0.431510836    
  0.497364014    
  0.620686412    
  0.658411205    
  0.628244042    
  0.505640209    
  0.509513974    
  0.623274386    
  0.656741977    
  0.619757831    
  0.494840413    
  0.433583379    
  0.375640810    
  0.347268254    
  0.341889471    
  0.289197356    
  0.302946717    
  0.349294960    
  0.443046242    
  0.555163264    
  0.682624698    
  0.672741771    
  0.484510392    
  0.253293455    
  0.252205938    
  0.481491208    
  0.661493719    
  0.686158538    
  0.552547514    
  0.440711528    
  0.350926250    
  0.299526513    
  0.295591444    
  0.270751089    
  0.287687272    
  0.355888247    
  0.433030456    
  0.619678438    
  0.700721979    
  0.595014215    
  0.338511318    
  0.101157062    
  0.104955435    
  0.342438340    
  0.587767899    
  0.702887118    
  0.618080795    
  0.437076569    
  0.352111101    
  0.297895491    
  0.269972563    
  0.265752554    
  0.289379567    
  0.352016002    
  0.437091231    
  0.621345460    
  0.708371520    
  0.602494121    
  0.340211004    
  0.105217122    
  0.103069000    
  0.341196895    
  0.600066721    
  0.708746135    
  0.621523321    
  0.439545125    
  0.350625336    
  0.302642226    
  0.270287395    
  0.280818105    
  0.301125258    
  0.346186221    
  0.429555088    
  0.557804763    
  0.689113200    
  0.668818176    
  0.488077611    
  0.255214006    
  0.252813339    
  0.477548033    
  0.673899293    
  0.683622301    
  0.567310333    
  0.431547046    
  0.352159888    
  0.305324018    
  0.290059656    
  0.347864240    
  0.340491056    
  0.368789375    
  0.424797505    
  0.495972544    
  0.620782077    
  0.656164169    
  0.625125051    
  0.498997271    
  0.499870747    
  0.624801219    
  0.655877292    
  0.622310936    
  0.496523350    
  0.425579846    
  0.374490410    
  0.347841203    
  0.351917833    
  0.416377068    
  0.409515083    
  0.395819187    
  0.423785776    
  0.468077838    
  0.556417584    
  0.659246206    
  0.711295426    
  0.619889259    
  0.623624563    
  0.707871556    
  0.666712344    
  0.565476179    
  0.479303777    
  0.415191263    
  0.407219231    
  0.411311656    
  0.416887760    
  0.494430274    
  0.461342365    
  0.442218810    
  0.431240529    
  0.447057724    
  0.476970732    
  0.535915613    
  0.658623219    
  0.724026978    
  0.725014150    
  0.657826245    
  0.543692052    
  0.488765180    
  0.449481696    
  0.421280026    
  0.454251021    
  0.463238925    
  0.489585727    
  0.616725087    
  0.564887822    
  0.487756878    
  0.450303823    
  0.415798575    
  0.439514130    
  0.470229447    
  0.560621440    
  0.614096880    
  0.608035326    
  0.555226028    
  0.477633655    
  0.442533702    
  0.427631408    
  0.454903245    
  0.492982507    
  0.551776707    
  0.608421624    
  0.704107523    
  0.649411201    
  0.546403706    
  0.473815173    
  0.426704705    
  0.398849756    
  0.418509901    
  0.443829179    
  0.470499128    
  0.469769448    
  0.440105766    
  0.418177694    
  0.402927071    
  0.423902631    
  0.472826242    
  0.544278085    
  0.642489970    
  0.701283514    
  0.746463001    
  0.699015617    
  0.599831104    
  0.510151923    
  0.427108765    
  0.381375194    
  0.361484826    
  0.372497976    
  0.383201748    
  0.375716805    
  0.371144027    
  0.361887664    
  0.376367897    
  0.429031223    
  0.505483985    
  0.596606374    
  0.695513427    
  0.736271799    
  0.686360478    
  0.715081215    
  0.632833898    
  0.535974920    
  0.437317044    
  0.363238603    
  0.346261233    
  0.336418867    
  0.332038581    
  0.334180206    
  0.336781949    
  0.348385870    
  0.371846914    
  0.437764496    
  0.525142193    
  0.638723135    
  0.710461199    
  0.688414991    
  0.626405001    
  0.586076260    
  0.495501876    
  0.423864573    
  0.381564736    
  0.349524587    
  0.344505101    
  0.367687762    
  0.380005449    
  0.375998139    
  0.365367085    
  0.341708630    
  0.352496356    
  0.387362063    
  0.426922292    
  0.496347547    
  0.588484347    
  0.625320852    
  0.581175923    
  0.549606383    
  0.470015258    
  0.412315995    
  0.384236008    
  0.373439789    
  0.387208402    
  0.410639465    
  0.416954249    
  0.420188040    
  0.398512155    
  0.384031624    
  0.371406555    
  0.386311948    
  0.415933996    
  0.467765510    
  0.551069736    
  0.577009916    
  0.531237662    
  0.491535217    
  0.450938672    
  0.406874657    
  0.390405774    
  0.406309694    
  0.458869994    
  0.500236392    
  0.539167583    
  0.540910482    
  0.496693462    
  0.453253418    
  0.406646580    
  0.393633038    
  0.402341008    
  0.436347961    
  0.488308400    
  0.532121480    
  0.472911388    
  0.437153399    
  0.425989985    
  0.405036181    
  0.422116369    
  0.470130265    
  0.544012964    
  0.649658859    
  0.698332369    
  0.699118674    
  0.648556411    
  0.537629545    
  0.469874650    
  0.416791767    
  0.404456347    
  0.421197116    
  0.445516467    
  0.475114375    
  0.414124995    
  0.386762977    
  0.383857936    
  0.405758291    
  0.463007063    
  0.534131050    
  0.630768120    
  0.718006790    
  0.685513854    
  0.684882104    
  0.718439221    
  0.632435977    
  0.530342698    
  0.454337239    
  0.410895914    
  0.387633234    
  0.395760030    
  0.410501570    
  0.345720530    
  0.349526048    
  0.362445712    
  0.424328148    
  0.500228643    
  0.623623610    
  0.657080591    
  0.620827854    
  0.511927128    
  0.507389188    
  0.628194988    
  0.657463253    
  0.627314866    
  0.497368217    
  0.424646676    
  0.368349105    
  0.347590655    
  0.340633869    
  0.286861807    
  0.309350163    
  0.364179909    
  0.431106865    
  0.566114068    
  0.687283576    
  0.581711233    
  0.442460448    
  0.176493347    
  0.175539508    
  0.443547875    
  0.579012871    
  0.688590825    
  0.567193329    
  0.433687806    
  0.360452771    
  0.317525148    
  0.285909444    
  0.251467019    
  0.288454950    
  0.362638921    
  0.470646560    
  0.633379996    
  0.708367229    
  0.511013150    
  0.187850907    
   1.24625107E-02
   1.34353712E-02
  0.191747427    
  0.507058144    
  0.705686152    
  0.640961647    
  0.467110246    
  0.356087118    
  0.287796438    
  0.251356363    
  0.233783916    
  0.266495585    
  0.356766790    
  0.492119223    
  0.674007535    
  0.646511793    
  0.388590544    
   3.56177986E-02
   0.00000000    
   0.00000000    
   3.46842222E-02
  0.387432456    
  0.642731309    
  0.681763828    
  0.497252971    
  0.362406522    
  0.268889874    
  0.225624681    
  0.227966309    
  0.261177093    
  0.355720252    
  0.497312635    
  0.676503301    
  0.648537159    
  0.385539234    
   3.81405354E-02
   0.00000000    
   0.00000000    
   3.87593992E-02
  0.387346685    
  0.646167457    
  0.676905572    
  0.499386132    
  0.355162144    
  0.270942748    
  0.230170578    
  0.247092769    
  0.277083099    
  0.353906810    
  0.470095813    
  0.641134977    
  0.720022202    
  0.511045158    
  0.188359827    
   1.24815246E-02
   1.18093146E-02
  0.188042015    
  0.506986976    
  0.715906560    
  0.651250601    
  0.471552104    
  0.353184938    
  0.290803492    
  0.261344165    
  0.296684504    
  0.295585781    
  0.354681671    
  0.436563313    
  0.571664572    
  0.690739810    
  0.571693659    
  0.440134853    
  0.176682010    
  0.174558178    
  0.435893595    
  0.573356330    
  0.694519401    
  0.581220269    
  0.428260863    
  0.358144164    
  0.312612087    
  0.283251584    
  0.344521910    
  0.337867230    
  0.368061334    
  0.429805249    
  0.494025052    
  0.612303197    
  0.661097825    
  0.622081757    
  0.503496051    
  0.498306483    
  0.622988999    
  0.661191344    
  0.626262546    
  0.502874434    
  0.421052426    
  0.371849239    
  0.353255451    
  0.352711260    
  0.412718743    
  0.392078280    
  0.384427458    
  0.411522388    
  0.447049588    
  0.522740722    
  0.627959967    
  0.714959562    
  0.683441520    
  0.684975624    
  0.709911704    
  0.635546446    
  0.538525045    
  0.458151072    
  0.409769535    
  0.394122899    
  0.398021936    
  0.412719816    
  0.472279459    
  0.443959475    
  0.425903291    
  0.394393057    
  0.419786006    
  0.460520625    
  0.535081625    
  0.647897065    
  0.698396802    
  0.700122654    
  0.646077812    
  0.531924248    
  0.467417747    
  0.417609453    
  0.406038105    
  0.434312016    
  0.448562145    
  0.470964402    
  0.542533398    
  0.498780280    
  0.450567156    
  0.411515653    
  0.390621305    
  0.407931417    
  0.439266711    
  0.490980029    
  0.530393958    
  0.530503154    
  0.491120428    
  0.439576507    
  0.401239276    
  0.391124904    
  0.421020806    
  0.459092408    
  0.494829386    
  0.530489266    
  0.595487118    
  0.557984233    
  0.477183849    
  0.418498605    
  0.383958608    
  0.360270619    
  0.377114803    
  0.403614074    
  0.409401327    
  0.413740337    
  0.407910824    
  0.382039696    
  0.356046975    
  0.377627194    
  0.422918260    
  0.476690382    
  0.557694674    
  0.592622817    
  0.617753923    
  0.582649887    
  0.502086282    
  0.432655275    
  0.379655838    
  0.346255511    
  0.343252033    
  0.362516731    
  0.375006348    
  0.381666303    
  0.357424676    
  0.345337421    
  0.353966802    
  0.380198747    
  0.430558175    
  0.507183790    
  0.593425095    
  0.615378857    
  0.452804297    
  0.433477372    
  0.402887970    
  0.384270310    
  0.347268939    
  0.336403698    
  0.358748585    
  0.381613970    
  0.396737933    
  0.396151841    
  0.368646652    
  0.358599484    
  0.343239605    
  0.344128698    
  0.366464525    
  0.406504303    
  0.436640561    
  0.453100264    
  0.443889350    
  0.431073695    
  0.405650258    
  0.376714259    
  0.365205526    
  0.363994330    
  0.405477971    
  0.435372829    
  0.452934384    
  0.447864205    
  0.427913874    
  0.398641348    
  0.368557096    
  0.358384401    
  0.371450365    
  0.400696576    
  0.428220600    
  0.443419307    
  0.411290586    
  0.399864882    
  0.390950322    
  0.375750244    
  0.387581468    
  0.429042488    
  0.480422497    
  0.566614568    
  0.586349905    
  0.595231950    
  0.559385478    
  0.475282192    
  0.424493194    
  0.380764872    
  0.371367782    
  0.378146738    
  0.405226797    
  0.421840131    
  0.387087107    
  0.377632141    
  0.363395661    
  0.392540395    
  0.424057364    
  0.507109165    
  0.607540190    
  0.698628902    
  0.735710263    
  0.737862051    
  0.696929455    
  0.594023645    
  0.502939820    
  0.424254298    
  0.381711960    
  0.358580351    
  0.373981625    
  0.393799007    
  0.328840733    
  0.341568440    
  0.353791684    
  0.406696290    
  0.480650932    
  0.602850556    
  0.702821672    
  0.692560554    
  0.615663111    
  0.620972753    
  0.694820404    
  0.704175353    
  0.593351960    
  0.466291070    
  0.403908521    
  0.354859561    
  0.341507614    
  0.338063359    
  0.288380980    
  0.316619068    
  0.351872951    
  0.435407341    
  0.571389437    
  0.689432561    
  0.667453229    
  0.479048252    
  0.245517999    
  0.251446843    
  0.484051794    
  0.663017690    
  0.695056200    
  0.553772151    
  0.424842805    
  0.352563143    
  0.317858040    
  0.291702032    
  0.254794866    
  0.289941788    
  0.357661664    
  0.475291342    
  0.646458447    
  0.703982651    
  0.507725060    
  0.187739417    
   1.39694251E-02
   1.24701234E-02
  0.188320085    
  0.501483262    
  0.707430124    
  0.637980998    
  0.460518122    
  0.362149328    
  0.292441607    
  0.256049424    
  0.217025220    
  0.261930704    
  0.370284587    
  0.504131138    
  0.687726498    
  0.631537020    
  0.286250025    
   2.54775453E-02
   0.00000000    
   0.00000000    
   2.73287557E-02
  0.278846920    
  0.624590933    
  0.687813520    
  0.498937875    
  0.360919774    
  0.271480232    
  0.226755425    
  0.215467811    
  0.261285424    
  0.369954377    
  0.510233641    
  0.721352875    
  0.584585607    
  0.103450343    
   3.29985937E-06
   0.00000000    
   0.00000000    
   5.04556920E-05
  0.101130158    
  0.584204018    
  0.720105410    
  0.511853039    
  0.360357255    
  0.253680617    
  0.206577554    
  0.205680519    
  0.260990500    
  0.368857145    
  0.517351091    
  0.725679576    
  0.585693777    
  0.103357106    
   1.57107079E-05
   0.00000000    
   0.00000000    
   7.22778850E-06
   9.88950133E-02
  0.593903244    
  0.724815190    
  0.520254135    
  0.357925177    
  0.248464420    
  0.204938412    
  0.224144891    
  0.272231430    
  0.363779426    
  0.509981930    
  0.685910404    
  0.632468820    
  0.281618655    
   2.65737697E-02
   0.00000000    
   0.00000000    
   2.41151433E-02
  0.279620826    
  0.640259504    
  0.700449765    
  0.506912112    
  0.363125235    
  0.265104324    
  0.222417951    
  0.251535952    
  0.285901695    
  0.355035305    
  0.475326508    
  0.635511637    
  0.714611650    
  0.508641601    
  0.190741315    
   1.27811767E-02
   1.37353530E-02
  0.186943740    
  0.507591963    
  0.707254350    
  0.648358345    
  0.463787913    
  0.346161336    
  0.281120718    
  0.257929593    
  0.287822247    
  0.307430089    
  0.348933727    
  0.430290163    
  0.557463944    
  0.689709008    
  0.670784831    
  0.483347833    
  0.246990561    
  0.249294996    
  0.483197749    
  0.661797702    
  0.692266583    
  0.561115861    
  0.422180951    
  0.349822372    
  0.310454279    
  0.278265089    
  0.326750338    
  0.344276130    
  0.356397063    
  0.402809590    
  0.463372260    
  0.590692520    
  0.706994414    
  0.687476456    
  0.618632019    
  0.616154611    
  0.691336215    
  0.704149067    
  0.597290456    
  0.478315502    
  0.392528117    
  0.356559604    
  0.337509513    
  0.333143115    
  0.377730310    
  0.375147790    
  0.361156046    
  0.385584593    
  0.418493718    
  0.490725666    
  0.596542120    
  0.696499646    
  0.732000947    
  0.731749713    
  0.688849747    
  0.596732259    
  0.501216531    
  0.423360080    
  0.383258402    
  0.365901709    
  0.376688749    
  0.382436395    
  0.413859934    
  0.397682786    
  0.378284812    
  0.366627395    
  0.377927542    
  0.417420864    
  0.473046482    
  0.547784388    
  0.576408386    
  0.592322230    
  0.546966493    
  0.467615068    
  0.416954666    
  0.369056642    
  0.369191855    
  0.379950911    
  0.399791509    
  0.403902680    
  0.441133380    
  0.434033006    
  0.400435269    
  0.362937987    
  0.348317951    
  0.362329185    
  0.404034942    
  0.426943481    
  0.444203705    
  0.441457272    
  0.435186327    
  0.405805498    
  0.362097859    
  0.346976697    
  0.369820297    
  0.405655980    
  0.427410036    
  0.432268023    
  0.460311115    
  0.436202019    
  0.409070134    
  0.378653169    
  0.338506311    
  0.335889548    
  0.352737606    
  0.379198968    
  0.391493887    
  0.394445598    
  0.385005563    
  0.356533706    
  0.339602888    
  0.338408798    
  0.375589341    
  0.408435822    
  0.432638913    
  0.458192319    
  0.400170565    
  0.385871053    
  0.357916951    
  0.339936405    
  0.319879800    
  0.334834039    
  0.356478542    
  0.397523433    
  0.404711217    
  0.403644711    
  0.383460402    
  0.360255718    
  0.340153515    
  0.324133366    
  0.335059106    
  0.354517102    
  0.385338545    
  0.397586584    
  0.387199461    
  0.372948915    
  0.366439015    
  0.355512023    
  0.350700259    
  0.374049544    
  0.410942644    
  0.447228372    
  0.460868329    
  0.463519931    
  0.440309078    
  0.406178504    
  0.378077686    
  0.326398224    
  0.334160864    
  0.352627426    
  0.370759338    
  0.389997959    
  0.376132995    
  0.359912455    
  0.348567963    
  0.361368060    
  0.399519145    
  0.437387258    
  0.514148474    
  0.596019089    
  0.627312243    
  0.625037014    
  0.598415494    
  0.505598187    
  0.431700826    
  0.379666626    
  0.352936655    
  0.344069153    
  0.359672934    
  0.371847391    
  0.338857144    
  0.342244625    
  0.345861763    
  0.378507555    
  0.446583211    
  0.540469766    
  0.646128595    
  0.709383070    
  0.677980065    
  0.684518158    
  0.707811058    
  0.644398987    
  0.529478312    
  0.431069404    
  0.376095653    
  0.335918278    
  0.337025166    
  0.332906544    
  0.303369612    
  0.316332251    
  0.343917310    
  0.401130974    
  0.491017461    
  0.641542554    
  0.713065624    
  0.641565621    
  0.519352198    
  0.525405228    
  0.639332592    
  0.717204809    
  0.648183227    
  0.488910943    
  0.403987706    
  0.341713071    
  0.314565718    
  0.306860000    
  0.262570739    
  0.296724319    
  0.356211483    
  0.436630875    
  0.621565998    
  0.704095662    
  0.588198006    
  0.340215027    
  0.104653291    
  0.107226118    
  0.346692413    
  0.591323078    
  0.704988241    
  0.620676279    
  0.430894315    
  0.349970877    
  0.294420421    
  0.281490773    
  0.233788773    
  0.266111225    
  0.361450970    
  0.491526604    
  0.676865995    
  0.648382068    
  0.387511998    
   3.64204943E-02
   0.00000000    
   0.00000000    
   3.64626497E-02
  0.389723748    
  0.647014678    
  0.679714739    
  0.489431947    
  0.353207171    
  0.269753635    
  0.236161724    
  0.215756625    
  0.265337825    
  0.364055872    
  0.513502955    
  0.720778644    
  0.580184698    
  0.103618741    
   1.02412559E-05
   0.00000000    
   0.00000000    
   2.21409118E-06
  0.105002992    
  0.588712931    
  0.727747500    
  0.516971946    
  0.363465339    
  0.253433317    
  0.202630565    
  0.197688371    
  0.258126736    
  0.366297632    
  0.530367613    
  0.701961040    
  0.477094740    
   2.76174415E-02
   0.00000000    
   0.00000000    
   0.00000000    
   0.00000000    
   2.50972901E-02
  0.481237382    
  0.703521252    
  0.526191533    
  0.366147816    
  0.253186405    
  0.190515399    
  0.197087571    
  0.268302560    
  0.370719433    
  0.537482083    
  0.703108311    
  0.475662857    
   2.72383317E-02
   0.00000000    
   0.00000000    
   0.00000000    
   0.00000000    
   2.52925530E-02
  0.475340247    
  0.704307139    
  0.534135222    
  0.373108596    
  0.247212350    
  0.191600218    
  0.208843991    
  0.257794976    
  0.366905153    
  0.522904038    
  0.715610504    
  0.590270400    
  0.102755137    
   1.07202795E-05
   0.00000000    
   0.00000000    
   9.79129472E-05
   9.87976938E-02
  0.589562595    
  0.724414051    
  0.531039894    
  0.367586404    
  0.247655630    
  0.205104679    
  0.226466328    
  0.266757399    
  0.361423105    
  0.493014961    
  0.677491903    
  0.644519031    
  0.389720947    
   3.57375592E-02
   0.00000000    
   0.00000000    
   3.63848396E-02
  0.384659708    
  0.638406515    
  0.682897210    
  0.496519744    
  0.351300627    
  0.264424711    
  0.229497150    
  0.257537335    
  0.279951483    
  0.336106241    
  0.427818865    
  0.622380495    
  0.707993567    
  0.596434772    
  0.338448316    
  0.103907816    
  0.104908228    
  0.339447826    
  0.590663910    
  0.714453220    
  0.622628689    
  0.426608711    
  0.346038461    
  0.285208881    
  0.265222341    
  0.303392142    
  0.314230174    
  0.344884962    
  0.403129011    
  0.477600783    
  0.647176683    
  0.712381661    
  0.646313846    
  0.521037698    
  0.530763686    
  0.645551205    
  0.716589928    
  0.649913192    
  0.495341808    
  0.406945646    
  0.335497856    
  0.306258708    
  0.294869542    
  0.336884141    
  0.332965940    
  0.344272196    
  0.363365263    
  0.425905108    
  0.516750634    
  0.630944252    
  0.718198419    
  0.670067787    
  0.677390695    
  0.711272061    
  0.644107223    
  0.524124980    
  0.432915628    
  0.372633636    
  0.340870172    
  0.323822081    
  0.324829161    
  0.358946294    
  0.363242388    
  0.350313962    
  0.352753371    
  0.373117924    
  0.421510607    
  0.501807153    
  0.585899591    
  0.617387652    
  0.620977461    
  0.584564269    
  0.500276387    
  0.424445510    
  0.378797114    
  0.345512420    
  0.342349857    
  0.355603665    
  0.364107013    
  0.376569480    
  0.371026933    
  0.349718541    
  0.341100276    
  0.332587779    
  0.360102445    
  0.401299924    
  0.441485435    
  0.453248978    
  0.464646548    
  0.432639331    
  0.405714422    
  0.359590203    
  0.336214751    
  0.337940812    
  0.353014380    
  0.366009772    
  0.378007323    
  0.391989589    
  0.382642061    
  0.358395725    
  0.339560181    
  0.319000751    
  0.330265731    
  0.361588299    
  0.390771896    
  0.411805689    
  0.407059222    
  0.386761755    
  0.350749493    
  0.330033720    
  0.322581619    
  0.336192846    
  0.351694494    
  0.382049769    
  0.393050671    
  0.399785042    
  0.383012891    
  0.361343175    
  0.334760785    
  0.329093099    
  0.336141050    
  0.366673172    
  0.398098409    
  0.404473782    
  0.403143644    
  0.390112907    
  0.363676250    
  0.342898935    
  0.318749726    
  0.338469297    
  0.351522863    
  0.385268897    
  0.395607024    
  0.384398639    
  0.377197474    
  0.353617936    
  0.345433205    
  0.342417806    
  0.364758521    
  0.415053338    
  0.440178692    
  0.460106105    
  0.457080305    
  0.439231724    
  0.412372708    
  0.367641985    
  0.336383849    
  0.328533560    
  0.347576976    
  0.375257373    
  0.387874037    
  0.358988285    
  0.355820447    
  0.352625608    
  0.364279807    
  0.392380714    
  0.441003352    
  0.503131330    
  0.587659597    
  0.622166336    
  0.622444928    
  0.591359556    
  0.496939927    
  0.424217522    
  0.375896990    
  0.351179004    
  0.336130738    
  0.358784705    
  0.363554865    
  0.331918478    
  0.336341560    
  0.354155928    
  0.371931225    
  0.447581083    
  0.533429563    
  0.633666813    
  0.710556030    
  0.684451163    
  0.684829295    
  0.714883447    
  0.646634221    
  0.523838639    
  0.434152097    
  0.371059448    
  0.335895002    
  0.344447732    
  0.330095291    
  0.300633669    
  0.310363144    
  0.344958276    
  0.410404235    
  0.494014651    
  0.636998892    
  0.715113163    
  0.646129906    
  0.523938835    
  0.529921591    
  0.643340945    
  0.713689864    
  0.652948916    
  0.483030766    
  0.407932729    
  0.339140296    
  0.306598961    
  0.299141794    
  0.271079153    
  0.283063978    
  0.352395564    
  0.436299056    
  0.624431729    
  0.711359143    
  0.594909012    
  0.337845236    
  0.103984155    
  0.103508405    
  0.343168616    
  0.601634562    
  0.712116659    
  0.620147824    
  0.428400546    
  0.347674966    
  0.290123612    
  0.268924326    
  0.222938508    
  0.275434643    
  0.356568277    
  0.494300872    
  0.674008906    
  0.645513952    
  0.383151352    
   3.85825224E-02
   0.00000000    
   0.00000000    
   3.93300690E-02
  0.389505655    
  0.655387998    
  0.687194943    
  0.490256131    
  0.347379029    
  0.272879869    
  0.232843578    
  0.213316441    
  0.259973437    
  0.361565500    
  0.517563045    
  0.726620197    
  0.585433722    
  0.102728754    
   1.29147347E-05
   0.00000000    
   0.00000000    
   1.08380464E-05
  0.102918558    
  0.587828934    
  0.724491417    
  0.511822641    
  0.355789423    
  0.258251786    
  0.208649293    
  0.192559794    
  0.254427075    
  0.373135209    
  0.524894714    
  0.705071390    
  0.479114801    
   2.68688388E-02
   0.00000000    
   0.00000000    
   0.00000000    
   0.00000000    
   2.61372011E-02
  0.477340162    
  0.703606844    
  0.520828247    
  0.364625484    
  0.252539426    
  0.189650401    
  0.198869288    
  0.253842622    
  0.370040357    
  0.536080360    
  0.704829872    
  0.485426277    
   2.54338291E-02
   0.00000000    
   0.00000000    
   0.00000000    
   0.00000000    
   2.50628702E-02
  0.486147493    
  0.709346056    
  0.534503758    
  0.367730558    
  0.250289589    
  0.192628756    
  0.209255576    
  0.251626402    
  0.363101840    
  0.518009424    
  0.717513621    
  0.592605233    
  0.100627527    
   5.12362703E-06
   0.00000000    
   0.00000000    
   1.86429679E-05
  0.101924345    
  0.581567109    
  0.732960880    
  0.527271569    
  0.359809935    
  0.253691554    
  0.211679801    
  0.224494681    
  0.263390720    
  0.355037659    
  0.490379333    
  0.678834736    
  0.645076156    
  0.392092466    
   3.80136110E-02
   0.00000000    
   0.00000000    
   3.85142006E-02
  0.380645186    
  0.634678364    
  0.679223895    
  0.497509390    
  0.353855878    
  0.265181452    
  0.219046384    
  0.253326476    
  0.286802322    
  0.343328446    
  0.430261433    
  0.618285060    
  0.710845053    
  0.599766493    
  0.347648650    
  0.106262803    
  0.105706640    
  0.332794309    
  0.594968021    
  0.715149879    
  0.627969980    
  0.434347749    
  0.348175406    
  0.288616002    
  0.255239964    
  0.290060997    
  0.307409465    
  0.339961261    
  0.402219623    
  0.485710084    
  0.646269679    
  0.712940156    
  0.641291440    
  0.531226933    
  0.526529551    
  0.644077003    
  0.716782153    
  0.656656742    
  0.493946522    
  0.408309281    
  0.339877397    
  0.308579534    
  0.294996828    
  0.328174204    
  0.332453251    
  0.342708915    
  0.367996484    
  0.427462161    
  0.523706198    
  0.643432975    
  0.717000842    
  0.679818690    
  0.687824786    
  0.720998347    
  0.644052923    
  0.523044348    
  0.435215026    
  0.376362801    
  0.336134613    
  0.330405802    
  0.326826006    
  0.358118743    
  0.360403389    
  0.337793201    
  0.353942364    
  0.374787569    
  0.416516513    
  0.513789117    
  0.591171503    
  0.630713165    
  0.634771228    
  0.600400567    
  0.508584142    
  0.425593615    
  0.376384795    
  0.352935165    
  0.344291717    
  0.353667140    
  0.358057439    
  0.380064011    
  0.365358174    
  0.352300853    
  0.336920589    
  0.333984017    
  0.370761752    
  0.404841572    
  0.441287369    
  0.464117527    
  0.464365780    
  0.430005372    
  0.412645698    
  0.366302967    
  0.340103358    
  0.332489580    
  0.345334589    
  0.376954228    
  0.378286302    
  0.392312735    
  0.378548861    
  0.349732637    
  0.330624074    
  0.321014047    
  0.333752513    
  0.350976020    
  0.383692235    
  0.410753429    
  0.404273480    
  0.378907561    
  0.347302705    
  0.338395774    
  0.326189965    
  0.335966855    
  0.350934833    
  0.386606544    
  0.391466975    
  0.463471085    
  0.424951643    
  0.401061028    
  0.369062155    
  0.344439447    
  0.343226701    
  0.371376634    
  0.373022079    
  0.382302731    
  0.387298942    
  0.370510876    
  0.358532637    
  0.338065118    
  0.339708775    
  0.363592178    
  0.406416684    
  0.430834055    
  0.454632878    
  0.444128543    
  0.433000296    
  0.408578575    
  0.367130071    
  0.361872286    
  0.382253259    
  0.402396619    
  0.424147248    
  0.432219446    
  0.435874581    
  0.436553746    
  0.398219496    
  0.356879830    
  0.343496442    
  0.360638231    
  0.397313058    
  0.429310232    
  0.443389535    
  0.410965264    
  0.404099613    
  0.386574417    
  0.378447950    
  0.397789448    
  0.426724494    
  0.487990141    
  0.561131358    
  0.582853556    
  0.581425667    
  0.555429041    
  0.477497667    
  0.411504716    
  0.371818423    
  0.366361350    
  0.386942923    
  0.404617846    
  0.410751432    
  0.382727951    
  0.373163581    
  0.372293830    
  0.391236216    
  0.439649314    
  0.497663826    
  0.595725894    
  0.693489432    
  0.736039639    
  0.743067265    
  0.692726433    
  0.596165717    
  0.503552318    
  0.422717065    
  0.385662794    
  0.360238403    
  0.367373139    
  0.373186886    
  0.331357002    
  0.337601483    
  0.366753846    
  0.409611702    
  0.473054796    
  0.587557077    
  0.709333956    
  0.693997860    
  0.609595299    
  0.617019355    
  0.687029064    
  0.706129432    
  0.596180320    
  0.475859612    
  0.398074448    
  0.363820106    
  0.339761764    
  0.334848911    
  0.279004246    
  0.308925182    
  0.358696103    
  0.432170779    
  0.563881993    
  0.694482923    
  0.663645685    
  0.475218564    
  0.249972016    
  0.248132154    
  0.484817713    
  0.670674562    
  0.688499987    
  0.562025011    
  0.436417371    
  0.346832842    
  0.301889181    
  0.280645519    
  0.245398834    
  0.281628489    
  0.353387296    
  0.466978550    
  0.644366384    
  0.714204311    
  0.504134536    
  0.187878206    
   1.19720669E-02
   1.29452050E-02
  0.189943284    
  0.508393228    
  0.725473940    
  0.639974952    
  0.466019928    
  0.345933110    
  0.279032290    
  0.250581622    
  0.226292342    
  0.257916480    
  0.353586048    
  0.505246222    
  0.698964059    
  0.626007080    
  0.281502753    
   2.46643070E-02
   0.00000000    
   0.00000000    
   2.62377951E-02
  0.290025651    
  0.639501154    
  0.691269338    
  0.504427612    
  0.354693860    
  0.264261633    
  0.215703845    
  0.207417414    
  0.250743836    
  0.363442957    
  0.519431651    
  0.721679032    
  0.592577398    
  0.100743793    
   3.75654745E-05
   0.00000000    
   0.00000000    
   1.02348404E-05
  0.100242011    
  0.593570352    
  0.725399494    
  0.509270549    
  0.360763460    
  0.251476228    
  0.206770852    
  0.201224089    
  0.258608878    
  0.355494142    
  0.520881176    
  0.726309955    
  0.592956245    
  0.103835203    
   2.16271328E-05
   0.00000000    
   0.00000000    
   2.62411377E-05
   9.70267057E-02
  0.592610776    
  0.718592882    
  0.517104208    
  0.359660178    
  0.255408555    
  0.205398247    
  0.214200899    
  0.262350112    
  0.359073728    
  0.504378557    
  0.689404964    
  0.627432466    
  0.289234370    
   2.76043080E-02
   0.00000000    
   0.00000000    
   2.63754278E-02
  0.282156646    
  0.629467785    
  0.693866849    
  0.500715971    
  0.364131361    
  0.259471178    
  0.209790125    
  0.237362325    
  0.274045765    
  0.359665930    
  0.466327995    
  0.642748892    
  0.708960116    
  0.512001157    
  0.193067893    
   1.20851472E-02
   1.21419132E-02
  0.188412458    
  0.497229427    
  0.712799847    
  0.646689415    
  0.470650434    
  0.351970553    
  0.269572854    
  0.238234609    
  0.269976497    
  0.300948501    
  0.348541528    
  0.435554177    
  0.561420739    
  0.690313339    
  0.673420191    
  0.481316596    
  0.254452497    
  0.251417488    
  0.476855427    
  0.663756311    
  0.694118619    
  0.573637903    
  0.434837043    
  0.346314102    
  0.294940174    
  0.267750174    
  0.328667104    
  0.331075430    
  0.352861196    
  0.397910029    
  0.465760201    
  0.597118795    
  0.705961227    
  0.693173170    
  0.620057762    
  0.615127802    
  0.694282770    
  0.706967294    
  0.607121706    
  0.482230008    
  0.404855847    
  0.346366346    
  0.320961833    
  0.320913941    
  0.376953095    
  0.370177507    
  0.360881805    
  0.375832349    
  0.412434787    
  0.499417007    
  0.595190406    
  0.698104620    
  0.729519665    
  0.743507028    
  0.689097047    
  0.595694363    
  0.506558955    
  0.425950080    
  0.388111502    
  0.354592353    
  0.366092950    
  0.379958004    
  0.411846370    
  0.397691995    
  0.381610483    
  0.368066221    
  0.371959865    
  0.413044661    
  0.476063579    
  0.555298924    
  0.587040544    
  0.594706833    
  0.566138089    
  0.473370522    
  0.418444276    
  0.384522945    
  0.367005885    
  0.379201114    
  0.400654912    
  0.417598039    
  0.432813972    
  0.426239133    
  0.400664657    
  0.368342370    
  0.352184117    
  0.366182983    
  0.401880264    
  0.437396526    
  0.447385192    
  0.440009356    
  0.432869017    
  0.396216154    
  0.373244733    
  0.352726251    
  0.361754000    
  0.395876825    
  0.425192565    
  0.437076151    
  0.455315977    
  0.430690825    
  0.394958526    
  0.369383335    
  0.339497924    
  0.342668563    
  0.355053335    
  0.384820104    
  0.390352190    
  0.395254254    
  0.363721579    
  0.357823610    
  0.345801681    
  0.340815216    
  0.366746604    
  0.403642893    
  0.435220718    
  0.452767551    
  0.628758132    
  0.582417190    
  0.495432884    
  0.423951596    
  0.385287523    
  0.366072387    
  0.357370049    
  0.365882099    
  0.362760782    
  0.371204346    
  0.363426328    
  0.353584886    
  0.355090499    
  0.387499928    
  0.424485624    
  0.498698622    
  0.595703244    
  0.624491811    
  0.590919197    
  0.563186526    
  0.475436360    
  0.422894597    
  0.391427010    
  0.377540737    
  0.398277432    
  0.404042959    
  0.406588674    
  0.409767807    
  0.409378320    
  0.381388187    
  0.367837429    
  0.375584155    
  0.414404750    
  0.477188915    
  0.556561112    
  0.589745343    
  0.538227499    
  0.497738183    
  0.451090902    
  0.416621983    
  0.407125801    
  0.424018294    
  0.449496210    
  0.492622465    
  0.532263935    
  0.533177793    
  0.490196675    
  0.451311886    
  0.405991346    
  0.385646224    
  0.407918543    
  0.450805843    
  0.488081276    
  0.536252916    
  0.475064665    
  0.442017734    
  0.426733643    
  0.411705226    
  0.436548382    
  0.470102638    
  0.542271852    
  0.641016483    
  0.696625292    
  0.690306783    
  0.646599889    
  0.539529443    
  0.466077745    
  0.424486399    
  0.406258613    
  0.411141902    
  0.434400618    
  0.476844907    
  0.414102793    
  0.397700489    
  0.397258610    
  0.420938671    
  0.470183671    
  0.524737060    
  0.625037551    
  0.709758878    
  0.682173729    
  0.679702103    
  0.705316842    
  0.626903236    
  0.535453916    
  0.457224935    
  0.416278839    
  0.387578011    
  0.390460074    
  0.407298625    
  0.347533941    
  0.347656459    
  0.377690732    
  0.421984076    
  0.506541431    
  0.619132817    
  0.666337550    
  0.618362129    
  0.506589949    
  0.503253043    
  0.618835509    
  0.656111717    
  0.627664864    
  0.492364317    
  0.426246315    
  0.363227457    
  0.347443223    
  0.346652448    
  0.284665227    
  0.310774565    
  0.360081136    
  0.439983308    
  0.578821480    
  0.693577945    
  0.575197279    
  0.438075334    
  0.178591788    
  0.180846751    
  0.443955213    
  0.578424931    
  0.699210942    
  0.577479839    
  0.431196451    
  0.357113600    
  0.307515949    
  0.291284412    
  0.248895615    
  0.277857363    
  0.350739062    
  0.466229022    
  0.641869307    
  0.718847454    
  0.508664787    
  0.186564863    
   1.27725648E-02
   1.22276451E-02
  0.188047007    
  0.515636683    
  0.714472830    
  0.645358682    
  0.462956607    
  0.347208351    
  0.290339679    
  0.257776618    
  0.234999686    
  0.265070260    
  0.352970511    
  0.481946766    
  0.679202259    
  0.652127504    
  0.386591285    
   3.78948599E-02
   0.00000000    
   0.00000000    
   3.79490741E-02
  0.381607741    
  0.647583604    
  0.679912508    
  0.497058094    
  0.355707198    
  0.260266006    
  0.233272359    
  0.233718917    
  0.265221745    
  0.356129289    
  0.481181443    
  0.684786916    
  0.653364539    
  0.388886213    
   3.79290134E-02
   0.00000000    
   0.00000000    
   3.84822972E-02
  0.383383155    
  0.652348936    
  0.684155226    
  0.488898098    
  0.352052093    
  0.260359764    
  0.230017602    
  0.251598418    
  0.270190597    
  0.353588760    
  0.463847011    
  0.645726681    
  0.714728832    
  0.508434415    
  0.189250350    
   1.27836438E-02
   1.21046910E-02
  0.187499970    
  0.496170223    
  0.717169762    
  0.648581386    
  0.463965803    
  0.346669376    
  0.279905051    
  0.248115405    
  0.274620295    
  0.304154634    
  0.355266303    
  0.441239625    
  0.567479134    
  0.692945182    
  0.580215871    
  0.444941044    
  0.179515094    
  0.176337615    
  0.429964572    
  0.573972940    
  0.693312705    
  0.582122743    
  0.428311586    
  0.349916011    
  0.303567022    
  0.275946945    
  0.337029904    
  0.341642559    
  0.367114544    
  0.418970823    
  0.494568378    
  0.621530592    
  0.666361213    
  0.623721719    
  0.502984285    
  0.497292429    
  0.614745259    
  0.661077499    
  0.626623333    
  0.498966187    
  0.426333398    
  0.364090234    
  0.334530979    
  0.327748507    
  0.404415905    
  0.385275364    
  0.384441853    
  0.398993701    
  0.452774793    
  0.525352657    
  0.634669542    
  0.711676300    
  0.680026948    
  0.676788092    
  0.706809163    
  0.623548210    
  0.532717824    
  0.458275259    
  0.406206489    
  0.381211400    
  0.383155197    
  0.407328278    
  0.473313361    
  0.437495917    
  0.424020708    
  0.396024823    
  0.424496353    
  0.450889289    
  0.532780349    
  0.648062706    
  0.696344614    
  0.704470336    
  0.648199379    
  0.539831460    
  0.464748979    
  0.423882574    
  0.398893356    
  0.418717086    
  0.441698134    
  0.474626422    
  0.534976900    
  0.494442344    
  0.443444550    
  0.414834529    
  0.397371501    
  0.414313793    
  0.449654877    
  0.502347052    
  0.552285314    
  0.547021210    
  0.494321167    
  0.448851258    
  0.416776389    
  0.391929150    
  0.404806137    
  0.440550447    
  0.497527421    
  0.530426800    
  0.588507116    
  0.550311148    
  0.476427615    
  0.413391978    
  0.376651496    
  0.374253273    
  0.377619267    
  0.406293333    
  0.428317100    
  0.423188210    
  0.408843249    
  0.398686439    
  0.377220541    
  0.375297636    
  0.413605303    
  0.470161736    
  0.555198312    
  0.589440823    
  0.622508347    
  0.591106296    
  0.500554204    
  0.424598277    
  0.383935422    
  0.353520989    
  0.353038996    
  0.365171701    
  0.376193643    
  0.368850619    
  0.362483740    
  0.347832143    
  0.357872874    
  0.379445195    
  0.423048317    
  0.497648239    
  0.599147260    
  0.624422848    
  0.684391797    
  0.714850366    
  0.634639323    
  0.527174234    
  0.438445330    
  0.384229034    
  0.349175632    
  0.335808516    
  0.338749200    
  0.337960303    
  0.329529107    
  0.341340512    
  0.372848004    
  0.430714667    
  0.518595994    
  0.640671611    
  0.708354414    
  0.690306425    
  0.739424050    
  0.690548420    
  0.591352165    
  0.502809823    
  0.431115419    
  0.387584001    
  0.364421099    
  0.375401407    
  0.374946713    
  0.385825992    
  0.365414232    
  0.352780312    
  0.380455822    
  0.410158038    
  0.501528382    
  0.589856803    
  0.694952011    
  0.737115324    
  0.696400940    
  0.642042220    
  0.535796940    
  0.460548997    
  0.429688483    
  0.407555103    
  0.430322975    
  0.438553751    
  0.472805142    
  0.477731317    
  0.442522854    
  0.420220405    
  0.394437611    
  0.413680434    
  0.462586462    
  0.537167013    
  0.641724408    
  0.699620247    
  0.615792453    
  0.552838862    
  0.476375073    
  0.442234904    
  0.433764040    
  0.447299093    
  0.489300728    
  0.555288911    
  0.603803933    
  0.607658088    
  0.554944932    
  0.483109027    
  0.445677668    
  0.414596200    
  0.443327069    
  0.470998555    
  0.551183820    
  0.607093155    
  0.494193286    
  0.463175982    
  0.443172783    
  0.426840901    
  0.452638745    
  0.490053177    
  0.553661764    
  0.659480572    
  0.717675328    
  0.721360743    
  0.662707031    
  0.551032424    
  0.488661945    
  0.447402239    
  0.419104010    
  0.439253509    
  0.457675725    
  0.496284783    
  0.423642516    
  0.408173501    
  0.394910336    
  0.419654816    
  0.478172868    
  0.566567123    
  0.670063078    
  0.705982268    
  0.622573972    
  0.624484837    
  0.700654566    
  0.668542862    
  0.574777484    
  0.473221689    
  0.411041558    
  0.383155406    
  0.402534664    
  0.421465278    
  0.341161549    
  0.344939083    
  0.362116039    
  0.418179601    
  0.506090343    
  0.622942507    
  0.662803590    
  0.622598886    
  0.505282104    
  0.512948811    
  0.619867146    
  0.665822983    
  0.631566644    
  0.503873229    
  0.420640111    
  0.359044552    
  0.348025262    
  0.348894477    
  0.280797511    
  0.302142262    
  0.350912154    
  0.432340115    
  0.557359457    
  0.688777983    
  0.671559095    
  0.486161798    
  0.248961300    
  0.251814276    
  0.483411640    
  0.664753973    
  0.699802935    
  0.558662415    
  0.433075488    
  0.346486598    
  0.310784191    
  0.280592918    
  0.258454978    
  0.287575722    
  0.345074058    
  0.433244467    
  0.619654238    
  0.702470899    
  0.596814454    
  0.340187669    
  0.107829697    
  0.107539386    
  0.337093204    
  0.598397195    
  0.704062462    
  0.617030919    
  0.432471126    
  0.340694219    
  0.291237175    
  0.251785308    
  0.254740745    
  0.290525943    
  0.346632332    
  0.423338890    
  0.615833223    
  0.712536991    
  0.593543649    
  0.346564382    
  0.107151277    
  0.111068033    
  0.340563148    
  0.596871614    
  0.718506038    
  0.619370520    
  0.432945460    
  0.344461620    
  0.292863935    
  0.260823220    
  0.273880333    
  0.306774259    
  0.346059084    
  0.434670120    
  0.558717787    
  0.688983738    
  0.670494497    
  0.488268405    
  0.255623370    
  0.253745735    
  0.475600511    
  0.668966174    
  0.695326746    
  0.557273388    
  0.425645977    
  0.345292658    
  0.310809016    
  0.278733820    
  0.335014522    
  0.344748974    
  0.357363850    
  0.423681796    
  0.496819735    
  0.612701654    
  0.661516905    
  0.620160520    
  0.500736296    
  0.494068652    
  0.614188313    
  0.658377945    
  0.617539525    
  0.496114165    
  0.420248002    
  0.358186275    
  0.339492440    
  0.336225390    
  0.412359387    
  0.403558195    
  0.389608651    
  0.413173795    
  0.466939479    
  0.554048061    
  0.670288324    
  0.709807217    
  0.610783994    
  0.612982094    
  0.706437588    
  0.667354584    
  0.562092960    
  0.469891101    
  0.417234182    
  0.384728521    
  0.396678269    
  0.401816010    
  0.485404015    
  0.451567680    
  0.439627439    
  0.413992852    
  0.444503665    
  0.481734157    
  0.550333142    
  0.667635620    
  0.721942842    
  0.735295653    
  0.665068626    
  0.558608651    
  0.485175520    
  0.440680355    
  0.409907818    
  0.429394692    
  0.453733146    
  0.485625863    
  0.598704278    
  0.548570871    
  0.472368896    
  0.442039341    
  0.419378817    
  0.442308247    
  0.479166418    
  0.560428858    
  0.607753634    
  0.608263314    
  0.548545122    
  0.479787052    
  0.446766436    
  0.414896667    
  0.432550460    
  0.473730028    
  0.557380855    
  0.613857806    
  0.689680219    
  0.644804537    
  0.530911386    
  0.459997475    
  0.427730918    
  0.411635220    
  0.428920388    
  0.448736310    
  0.483868897    
  0.484837860    
  0.446566939    
  0.428613633    
  0.408508688    
  0.424036413    
  0.459619492    
  0.532273889    
  0.643324792    
  0.691040158    
  0.732536674    
  0.692628324    
  0.584967732    
  0.495663673    
  0.422926009    
  0.392946661    
  0.372993797    
  0.379115671    
  0.391904652    
  0.393022925    
  0.391711205    
  0.368879050    
  0.380542040    
  0.426610172    
  0.494342804    
  0.592929184    
  0.689167082    
  0.735795856    
  0.681322753    
  0.715078473    
  0.630887926    
  0.526037157    
  0.432883859    
  0.378309548    
  0.350544065    
  0.350406826    
  0.334158123    
  0.338122159    
  0.332916170    
  0.342525363    
  0.371839941    
  0.423890322    
  0.529419601    
  0.639244318    
  0.713295460    
  0.685868144    
  0.529799581    
  0.649523079    
  0.711585939    
  0.640672624    
  0.488132089    
  0.402669430    
  0.334728867    
  0.324929178    
  0.308838099    
  0.303364158    
  0.306882650    
  0.334346175    
  0.407625526    
  0.488474637    
  0.640776277    
  0.714633107    
  0.645063937    
  0.525453269    
  0.611029923    
  0.698124945    
  0.702762306    
  0.589279830    
  0.476188183    
  0.400369257    
  0.357794791    
  0.337812841    
  0.334161073    
  0.337852657    
  0.328879416    
  0.340982378    
  0.398179054    
  0.465874970    
  0.591625452    
  0.703998983    
  0.694834709    
  0.611413240    
  0.685399473    
  0.706412911    
  0.627432227    
  0.530297756    
  0.459547997    
  0.411565870    
  0.386422694    
  0.402948827    
  0.403893262    
  0.407995582    
  0.390063614    
  0.388957590    
  0.409038812    
  0.452726990    
  0.530074298    
  0.625260115    
  0.711621761    
  0.677854776    
  0.726251364    
  0.662619174    
  0.551589131    
  0.487952560    
  0.445861518    
  0.420698822    
  0.454239875    
  0.463375866    
  0.489860952    
  0.488756180    
  0.465392858    
  0.446769178    
  0.424588144    
  0.442333221    
  0.474760264    
  0.535667241    
  0.661695182    
  0.729661107    
  0.626296461    
  0.557241797    
  0.483615845    
  0.455076277    
  0.435128242    
  0.457846493    
  0.489988476    
  0.560704470    
  0.623535395    
  0.626661062    
  0.566301048    
  0.480316728    
  0.461126059    
  0.429076642    
  0.451464355    
  0.475538313    
  0.561398923    
  0.630963504    
  0.489597797    
  0.464531511    
  0.449790508    
  0.412261546    
  0.445252031    
  0.489568025    
  0.558902204    
  0.657553732    
  0.722143114    
  0.726772666    
  0.667112231    
  0.555045426    
  0.484473467    
  0.441599727    
  0.412219554    
  0.435558408    
  0.457601905    
  0.484994501    
  0.409160942    
  0.390506327    
  0.376298636    
  0.405215085    
  0.460996032    
  0.531063080    
  0.631018579    
  0.718911886    
  0.682233870    
  0.688984096    
  0.710266709    
  0.630867302    
  0.538493216    
  0.460931122    
  0.413195014    
  0.380441666    
  0.396676630    
  0.400665402    
  0.331797957    
  0.331293374    
  0.354593307    
  0.398972839    
  0.475576609    
  0.592928171    
  0.712957859    
  0.695837319    
  0.615577459    
  0.622464836    
  0.698864996    
  0.708200216    
  0.603972852    
  0.473741889    
  0.410656065    
  0.358558714    
  0.333431691    
  0.330853730    
  0.304560423    
  0.312560409    
  0.341965407    
  0.404690921    
  0.481919587    
  0.646942258    
  0.715740502    
  0.643462777    
  0.532605410    
  0.526071966    
  0.643320382    
  0.713183284    
  0.640176237    
  0.491997302    
  0.414760619    
  0.337979078    
  0.311670035    
  0.296115279    
  0.300516814    
  0.310994327    
  0.340240985    
  0.404879093    
  0.490401328    
  0.634786785    
  0.725826383    
  0.647331417    
  0.529313028    
  0.528079689    
  0.640074253    
  0.722751856    
  0.640132248    
  0.491046280    
  0.410428941    
  0.344264627    
  0.310587704    
  0.297587126    
  0.328219056    
  0.332646221    
  0.352975368    
  0.395233154    
  0.470843941    
  0.590715349    
  0.709764600    
  0.692568541    
  0.609674513    
  0.611839831    
  0.689082503    
  0.708635628    
  0.594517946    
  0.464848220    
  0.401957661    
  0.358370245    
  0.333371729    
  0.331721157    
  0.409913838    
  0.397177219    
  0.374987483    
  0.405905545    
  0.455194265    
  0.522518277    
  0.631967068    
  0.709212124    
  0.672753811    
  0.678182900    
  0.708608806    
  0.628082991    
  0.534975588    
  0.447627276    
  0.398049623    
  0.381948948    
  0.388298243    
  0.403441429    
  0.485810012    
  0.455720097    
  0.431343287    
  0.419062644    
  0.445703715    
  0.478891313    
  0.540750921    
  0.660951078    
  0.715392053    
  0.723962843    
  0.662419975    
  0.550727367    
  0.483742833    
  0.437669694    
  0.410893381    
  0.438381761    
  0.458565950    
  0.496241122    
  0.628733516    
  0.561330259    
  0.466898710    
  0.455862850    
  0.429046273    
  0.451792777    
  0.472351223    
  0.565391362    
  0.624505162    
  0.633198380    
  0.556264102    
  0.471530139    
  0.453625977    
  0.427281767    
  0.442646295    
  0.470413268    
  0.559318006    
  0.625862181    
  0.722898304    
  0.666656911    
  0.546707988    
  0.482677788    
  0.439622462    
  0.415627003    
  0.441829979    
  0.471999526    
  0.498482734    
  0.506598890    
  0.465882540    
  0.440147728    
  0.432127118    
  0.441458076    
  0.480851531    
  0.548736215    
  0.663359404    
  0.722416878    
  0.685154259    
  0.713096201    
  0.630235136    
  0.530544281    
  0.457174450    
  0.414309591    
  0.388541013    
  0.403633505    
  0.414167106    
  0.408613116    
  0.398046166    
  0.393294752    
  0.418137252    
  0.457824349    
  0.525976777    
  0.633304417    
  0.706987858    
  0.680830121    
  0.619444132    
  0.689321339    
  0.701644719    
  0.599262059    
  0.474961102    
  0.409039319    
  0.354434311    
  0.337949872    
  0.332135886    
  0.347555548    
  0.341140687    
  0.360814452    
  0.402343273    
  0.469812363    
  0.596730828    
  0.691810846    
  0.698607981    
  0.616796494    
  0.523115098    
  0.644758582    
  0.703181863    
  0.639455676    
  0.482699692    
  0.407778293    
  0.340691984    
  0.319349498    
  0.305584162    
  0.312883139    
  0.313830316    
  0.340761930    
  0.408521622    
  0.484561741    
  0.645491600    
  0.709418118    
  0.643959105    
  0.525812626    
  0.103133082    
  0.341187626    
  0.599590540    
  0.708513439    
  0.621003032    
  0.439702630    
  0.350857049    
  0.302479863    
  0.270212203    
  0.266019762    
  0.289102674    
  0.352073789    
  0.436905414    
  0.621516943    
  0.708048224    
  0.602265060    
  0.340056479    
  0.105213724    
  0.252812445    
  0.477588952    
  0.674301863    
  0.683908463    
  0.567401290    
  0.431291848    
  0.352043271    
  0.305588245    
  0.290291429    
  0.280603737    
  0.301135778    
  0.346310765    
  0.429827422    
  0.558021009    
  0.689346194    
  0.668995976    
  0.488042146    
  0.255146682    
  0.499705762    
  0.624821603    
  0.655561566    
  0.622270644    
  0.496634215    
  0.425543457    
  0.374284476    
  0.347535849    
  0.351937830    
  0.347714007    
  0.340653360    
  0.368568122    
  0.424918920    
  0.495554984    
  0.620603800    
  0.656329393    
  0.625235021    
  0.498903245    
  0.623747289    
  0.707942486    
  0.666913211    
  0.565497518    
  0.479483813    
  0.415162951    
  0.407116711    
  0.411241978    
  0.417321563    
  0.416333288    
  0.409291118    
  0.395850569    
  0.423865378    
  0.468160331    
  0.556866229    
  0.658964694    
  0.711503327    
  0.620025218    
  0.724826694    
  0.657932401    
  0.543688595    
  0.488644898    
  0.449211657    
  0.421370059    
  0.454145461    
  0.463221282    
  0.489522964    
  0.494475186    
  0.461135477    
  0.442045212    
  0.431386143    
  0.446963191    
  0.476593554    
  0.535907507    
  0.658576787    
  0.723931849    
  0.608047545    
  0.554772615    
  0.477571130    
  0.442552298    
  0.427697778    
  0.454679489    
  0.493096977    
  0.551820636    
  0.608140051    
  0.616750300    
  0.564996779    
  0.487738401    
  0.450234234    
  0.415847391    
  0.439420521    
  0.469563425    
  0.560571611    
  0.614003301    
  0.469756573    
  0.440125495    
  0.418264896    
  0.402849972    
  0.424183547    
  0.472948790    
  0.544189930    
  0.642444193    
  0.701679409    
  0.703974068    
  0.649313033    
  0.546405435    
  0.474006385    
  0.426595658    
  0.398860455    
  0.418861240    
  0.443610191    
  0.470398784    
  0.375699133    
  0.370930821    
  0.361866266    
  0.376389295    
  0.428939641    
  0.505267143    
  0.596743226    
  0.695345759    
  0.736081600    
  0.746560574    
  0.698882163    
  0.599502563    
  0.510469019    
  0.427115053    
  0.381434143    
  0.361376315    
  0.372619063    
  0.383239448    
  0.334002435    
  0.336884439    
  0.347996294    
  0.372132540    
  0.437625319    
  0.525641561    
  0.638625622    
  0.710533142    
  0.688686669    
  0.686372995    
  0.715073586    
  0.633143008    
  0.535985351    
  0.437427908    
  0.363174856    
  0.346302450    
  0.336457878    
  0.332036912    
  0.339723259    
  0.333237469    
  0.350421458    
  0.375168473    
  0.434977770    
  0.527359664    
  0.640650213    
  0.709479868    
  0.680385113    
  0.679113507    
  0.709889174    
  0.635250270    
  0.522906482    
  0.428125620    
  0.378692597    
  0.343125701    
  0.334725380    
  0.331350297    
  0.387483269    
  0.368033856    
  0.357240170    
  0.381902784    
  0.422995299    
  0.501241446    
  0.592523515    
  0.691322207    
  0.731997013    
  0.737304091    
  0.687676430    
  0.594059408    
  0.491246492    
  0.420363426    
  0.389413655    
  0.358086765    
  0.381584853    
  0.390049845    
  0.490281671    
  0.440943688    
  0.421696663    
  0.397366822    
  0.421499431    
  0.460712731    
  0.530690134    
  0.637675583    
  0.694105625    
  0.691122234    
  0.633255661    
  0.532484591    
  0.458201677    
  0.412632585    
  0.390703171    
  0.415713131    
  0.456216812    
  0.477160215    
  0.615617692    
  0.552254796    
  0.480589896    
  0.442040384    
  0.413892537    
  0.445753068    
  0.483798563    
  0.552187443    
  0.609456778    
  0.611212790    
  0.551958203    
  0.478349149    
  0.442475826    
  0.415530682    
  0.438818872    
  0.487072378    
  0.556687295    
  0.608927429    
  0.725305557    
  0.672637045    
  0.549957156    
  0.481469423    
  0.447125793    
  0.419634849    
  0.448445022    
  0.461346656    
  0.494198650    
  0.487852812    
  0.468862712    
  0.441826314    
  0.411976367    
  0.437419295    
  0.481297761    
  0.554338396    
  0.662988544    
  0.723291337    
  0.626563430    
  0.706698298    
  0.668282390    
  0.561875224    
  0.477016658    
  0.425433069    
  0.400262952    
  0.408172190    
  0.417826504    
  0.431923300    
  0.411182523    
  0.400037646    
  0.415179014    
  0.471205741    
  0.562992036    
  0.672770441    
  0.706026375    
  0.624235809    
  0.509760380    
  0.623255253    
  0.656932056    
  0.620024800    
  0.494776785    
  0.433684617    
  0.375631362    
  0.347213000    
  0.342127681    
  0.355670303    
  0.355093300    
  0.371184856    
  0.431717336    
  0.497686923    
  0.620792508    
  0.658705056    
  0.628298879    
  0.505650043    
  0.252455592    
  0.481657594    
  0.661574721    
  0.685769200    
  0.552555323    
  0.440493852    
  0.350641310    
  0.299566299    
  0.295650899    
  0.289490402    
  0.302964777    
  0.349369973    
  0.443039626    
  0.555133402    
  0.682554126    
  0.672284067    
  0.484428555    
  0.253439963    
  0.104880348    
  0.342142880    
  0.587661445    
  0.703011572    
  0.618315518    
  0.436993361    
  0.352121353    
  0.297989160    
  0.269740701    
  0.270419747    
  0.287761986    
  0.355962992    
  0.432964623    
  0.619167864    
  0.700850666    
  0.595219791    
  0.338654548    
  0.101176091    
   0.00000000    
   3.88170592E-02
  0.387063116    
  0.645642042    
  0.676357269    
  0.499181420    
  0.355246931    
  0.270687371    
  0.230171978    
  0.227808446    
  0.261419177    
  0.355844438    
  0.497390985    
  0.676034927    
  0.648148954    
  0.385816395    
   3.81018296E-02
   0.00000000    
   1.17724519E-02
  0.188158542    
  0.507124603    
  0.716261089    
  0.651331663    
  0.471662730    
  0.353198588    
  0.290683895    
  0.261295736    
  0.247114867    
  0.277033925    
  0.353871346    
  0.470073670    
  0.641339839    
  0.719931662    
  0.511030614    
  0.188421220    
   1.24771455E-02
  0.174562961    
  0.436010003    
  0.573477626    
  0.694778979    
  0.581281185    
  0.428564668    
  0.358124435    
  0.312657297    
  0.283225447    
  0.296661824    
  0.295583129    
  0.354932427    
  0.436410278    
  0.571720243    
  0.690715492    
  0.571790338    
  0.440201223    
  0.176595181    
  0.498358786    
  0.623049557    
  0.661304355    
  0.625849426    
  0.502723396    
  0.421081692    
  0.371861219    
  0.353408754    
  0.352251053    
  0.344525307    
  0.337897480    
  0.367896438    
  0.429754227    
  0.494149387    
  0.612303138    
  0.661487460    
  0.621705651    
  0.503558517    
  0.685176432    
  0.709786594    
  0.635421813    
  0.538594902    
  0.458130687    
  0.409750819    
  0.394074112    
  0.398146927    
  0.412623823    
  0.412623018    
  0.392521769    
  0.384252399    
  0.411507696    
  0.447066844    
  0.522828400    
  0.627817750    
  0.714962721    
  0.683396399    
  0.700230181    
  0.645997465    
  0.531816721    
  0.467355669    
  0.417575151    
  0.406144410    
  0.434025198    
  0.448657453    
  0.471026629    
  0.472487777    
  0.443795413    
  0.426051944    
  0.394438028    
  0.419884413    
  0.460543752    
  0.535176277    
  0.648011684    
  0.698194325    
  0.530596018    
  0.491195947    
  0.439674944    
  0.401069999    
  0.391185462    
  0.420928717    
  0.459026724    
  0.494583130    
  0.530496716    
  0.542456388    
  0.498844206    
  0.450544477    
  0.411385864    
  0.390581459    
  0.407582968    
  0.439370394    
  0.491201162    
  0.530574977    
  0.413580298    
  0.407972962    
  0.382041693    
  0.355992109    
  0.377619207    
  0.422832727    
  0.476724386    
  0.557619810    
  0.592514277    
  0.595266342    
  0.557917178    
  0.477129638    
  0.418320984    
  0.383885235    
  0.360128224    
  0.377209991    
  0.403460324    
  0.409448534    
  0.381874084    
  0.357417285    
  0.345266163    
  0.354197234    
  0.379971564    
  0.430529565    
  0.507337153    
  0.593513548    
  0.615411878    
  0.617717922    
  0.582649827    
  0.502122700    
  0.432581395    
  0.379824042    
  0.346233100    
  0.343200773    
  0.362252772    
  0.374845713    
  0.375709623    
  0.365356982    
  0.341726154    
  0.352803051    
  0.387641042    
  0.426834643    
  0.496390462    
  0.588359416    
  0.625174344    
  0.626751959    
  0.585821331    
  0.495568544    
  0.423740447    
  0.381783992    
  0.349225104    
  0.344668090    
  0.367720515    
  0.380560756    
  0.420019895    
  0.398554921    
  0.384160072    
  0.371283710    
  0.386203706    
  0.416108876    
  0.467595875    
  0.551050305    
  0.577111423    
  0.581063986    
  0.549692690    
  0.469950080    
  0.412427306    
  0.384022266    
  0.373551399    
  0.387187868    
  0.410596162    
  0.416834950    
  0.541009068    
  0.496855110    
  0.453125238    
  0.406499028    
  0.393525779    
  0.402523071    
  0.436163992    
  0.488273650    
  0.532126963    
  0.531270444    
  0.491474479    
  0.450812310    
  0.406628311    
  0.390574783    
  0.406095535    
  0.458907068    
  0.500086427    
  0.539010286    
  0.698951364    
  0.648548722    
  0.537717998    
  0.469982117    
  0.416981161    
  0.404039532    
  0.421287507    
  0.445514917    
  0.475075006    
  0.472936034    
  0.437158257    
  0.426006973    
  0.405050457    
  0.422174245    
  0.470208555    
  0.544455528    
  0.649411976    
  0.698430300    
  0.684815645    
  0.718489647    
  0.632333279    
  0.530618429    
  0.454066426    
  0.410982907    
  0.387615889    
  0.395855963    
  0.410574406    
  0.414016753    
  0.386914790    
  0.383910805    
  0.405853331    
  0.463016868    
  0.534328341    
  0.630617440    
  0.718005598    
  0.685512424    
  0.507502854    
  0.628077090    
  0.657964230    
  0.627181113    
  0.497072577    
  0.424839467    
  0.368485898    
  0.347680598    
  0.340626568    
  0.345605075    
  0.349653691    
  0.362546653    
  0.424211234    
  0.500241995    
  0.623587251    
  0.657563448    
  0.620947003    
  0.511857092    
  0.175467730    
  0.443519533    
  0.579039812    
  0.688575447    
  0.567281246    
  0.433678836    
  0.360163122    
  0.317449868    
  0.285745382    
  0.286792874    
  0.309260488    
  0.364007711    
  0.431016415    
  0.566301823    
  0.686972201    
  0.581727862    
  0.442381978    
  0.176568642    
   1.34276049E-02
  0.191595718    
  0.507095337    
  0.705665112    
  0.640880644    
  0.467033356    
  0.356328279    
  0.287753761    
  0.251535833    
  0.251459479    
  0.288441151    
  0.362541944    
  0.470398366    
  0.633120477    
  0.708324134    
  0.511012733    
  0.187861800    
   1.24355787E-02
   0.00000000    
   3.47293727E-02
  0.387453496    
  0.642928898    
  0.682160079    
  0.497397959    
  0.362274677    
  0.268928856    
  0.225600004    
  0.233726993    
  0.266405016    
  0.356720358    
  0.492021292    
  0.674481511    
  0.646807194    
  0.388603836    
   3.56228091E-02
   0.00000000    
   0.00000000    
   7.25274776E-06
   9.89046693E-02
  0.594702780    
  0.724720001    
  0.520479620    
  0.358215868    
  0.248790503    
  0.205256045    
  0.205685496    
  0.261072636    
  0.368681550    
  0.517225981    
  0.725556195    
  0.586421788    
  0.103206813    
   1.57961313E-05
   0.00000000    
   0.00000000    
   2.41291821E-02
  0.279742599    
  0.639743924    
  0.700476408    
  0.507191062    
  0.362875551    
  0.265171170    
  0.222376645    
  0.224240363    
  0.272127330    
  0.363965034    
  0.510126829    
  0.686064124    
  0.632664442    
  0.281437010    
   2.65088901E-02
   0.00000000    
   1.37455491E-02
  0.186988980    
  0.507560909    
  0.707410395    
  0.648844779    
  0.463696986    
  0.346255928    
  0.281327367    
  0.257925391    
  0.251179218    
  0.286322623    
  0.354958326    
  0.475412160    
  0.635074437    
  0.714934647    
  0.508817732    
  0.190857634    
   1.27755590E-02
  0.249507681    
  0.483235508    
  0.661468029    
  0.691980362    
  0.560616136    
  0.422064185    
  0.349746853    
  0.310306460    
  0.278242439    
  0.287936240    
  0.307264954    
  0.349148452    
  0.430379033    
  0.557563186    
  0.689658701    
  0.670348167    
  0.483096451    
  0.246781185    
  0.615878701    
  0.691616356    
  0.704315424    
  0.597447515    
  0.478424877    
  0.392495900    
  0.356503636    
  0.337586910    
  0.333366334    
  0.327320457    
  0.343714535    
  0.356391996    
  0.402742565    
  0.463303536    
  0.590551674    
  0.707174599    
  0.687533438    
  0.618744731    
  0.731741607    
  0.688682437    
  0.597003937    
  0.501119256    
  0.423528463    
  0.383046538    
  0.366129994    
  0.376643866    
  0.382386595    
  0.377531558    
  0.375246584    
  0.360881090    
  0.385804087    
  0.418496251    
  0.490724474    
  0.596741199    
  0.696428835    
  0.732149243    
  0.592308164    
  0.547377527    
  0.467692673    
  0.416996688    
  0.368852943    
  0.369613945    
  0.380147457    
  0.399724841    
  0.404020429    
  0.413682014    
  0.397947729    
  0.378403395    
  0.366647512    
  0.378333926    
  0.417572409    
  0.472913891    
  0.547997296    
  0.576338589    
  0.441783845    
  0.435061783    
  0.406226665    
  0.361874610    
  0.347719520    
  0.369978160    
  0.405592173    
  0.427476704    
  0.432252795    
  0.441350043    
  0.433655709    
  0.400389522    
  0.363024026    
  0.348163635    
  0.362862200    
  0.403931439    
  0.427148402    
  0.444119960    
  0.394562334    
  0.385251582    
  0.356318235    
  0.339357644    
  0.337884784    
  0.375446975    
  0.408646435    
  0.433002621    
  0.458004206    
  0.460391968    
  0.436449230    
  0.409038931    
  0.378545612    
  0.338553160    
  0.335549772    
  0.352881372    
  0.379298776    
  0.391473293    
  0.396184623    
  0.368520528    
  0.358616382    
  0.342871159    
  0.343937755    
  0.366687119    
  0.406464905    
  0.436598837    
  0.453171343    
  0.452561826    
  0.433493316    
  0.403096974    
  0.384247273    
  0.347382128    
  0.336252600    
  0.358681560    
  0.381517559    
  0.396489739    
  0.447849810    
  0.428209215    
  0.398759216    
  0.368358076    
  0.358888686    
  0.371209592    
  0.400675207    
  0.428226888    
  0.443682224    
  0.443919450    
  0.430992365    
  0.405416459    
  0.376881421    
  0.365237594    
  0.363958359    
  0.405458301    
  0.435766548    
  0.452957481    
  0.595523953    
  0.559332132    
  0.475398749    
  0.424707443    
  0.380702078    
  0.371436000    
  0.377964288    
  0.405287147    
  0.421633005    
  0.411316574    
  0.400165558    
  0.390731215    
  0.375592887    
  0.387718350    
  0.429408014    
  0.480264455    
  0.566605568    
  0.586568475    
  0.737957299    
  0.697002411    
  0.593886316    
  0.502756298    
  0.424303502    
  0.381748408    
  0.358666062    
  0.373987317    
  0.393829554    
  0.387190551    
  0.377663761    
  0.363641471    
  0.392704070    
  0.423951656    
  0.506952226    
  0.607255459    
  0.698709249    
  0.735817313    
  0.620864153    
  0.694878399    
  0.704375565    
  0.593630731    
  0.466285348    
  0.403980076    
  0.354987353    
  0.341314524    
  0.338124692    
  0.328722328    
  0.341091067    
  0.353990167    
  0.406837225    
  0.480767399    
  0.603050113    
  0.702846467    
  0.692581832    
  0.615583181    
  0.251594037    
  0.484146178    
  0.662624657    
  0.694774806    
  0.553658724    
  0.424703658    
  0.352918357    
  0.317808598    
  0.291721821    
  0.288244009    
  0.316910118    
  0.351953208    
  0.435421586    
  0.571263433    
  0.689437389    
  0.667116821    
  0.479120106    
  0.245384291    
   1.24292979E-02
  0.188501462    
  0.501491129    
  0.707753003    
  0.638047338    
  0.460570544    
  0.361967415    
  0.292556018    
  0.256055564    
  0.254872203    
  0.289953142    
  0.357497901    
  0.475138754    
  0.646130979    
  0.704319000    
  0.507783175    
  0.187901586    
   1.40184769E-02
   0.00000000    
   2.73246840E-02
  0.278894395    
  0.624480367    
  0.688220799    
  0.499192655    
  0.360610574    
  0.271582097    
  0.226969510    
  0.216968104    
  0.262093753    
  0.370281130    
  0.504046798    
  0.687832475    
  0.632038355    
  0.286102474    
   2.54698098E-02
   0.00000000    
   0.00000000    
   5.03720112E-05
  0.101049006    
  0.584179223    
  0.720244050    
  0.511461139    
  0.360562444    
  0.253640264    
  0.205974475    
  0.215486616    
  0.261014551    
  0.370097816    
  0.510586441    
  0.721667528    
  0.584288776    
  0.103449851    
   3.29374143E-06
   0.00000000    
   0.00000000    
   0.00000000    
   2.53089909E-02
  0.474969536    
  0.704376757    
  0.534014106    
  0.373206198    
  0.247136220    
  0.191437304    
  0.196988434    
  0.268187255    
  0.370872468    
  0.537571788    
  0.703135371    
  0.475219488    
   2.73193959E-02
   0.00000000    
   0.00000000    
   0.00000000    
   9.79114047E-05
   9.87482220E-02
  0.589528739    
  0.724279106    
  0.531103134    
  0.367788196    
  0.247524723    
  0.205438808    
  0.208548993    
  0.257918537    
  0.366717249    
  0.522658706    
  0.715410054    
  0.590061903    
  0.102717385    
   1.06703574E-05
   0.00000000    
   0.00000000    
   3.64060961E-02
  0.384618044    
  0.638659298    
  0.682597399    
  0.496518135    
  0.351321191    
  0.264335960    
  0.229565352    
  0.226366669    
  0.266587794    
  0.361271113    
  0.493214995    
  0.677644372    
  0.644328415    
  0.389661908    
   3.56396586E-02
   0.00000000    
  0.104684152    
  0.339568317    
  0.590700626    
  0.714693010    
  0.622146010    
  0.426690131    
  0.346014977    
  0.285105944    
  0.264969170    
  0.257254541    
  0.280086339    
  0.336186886    
  0.428146452    
  0.621783435    
  0.708464384    
  0.596264005    
  0.338530630    
  0.104036510    
  0.531013072    
  0.645834208    
  0.716552019    
  0.649724305    
  0.495563209    
  0.407014549    
  0.335607767    
  0.306150258    
  0.295046568    
  0.303330928    
  0.314397812    
  0.345036685    
  0.403274626    
  0.478110075    
  0.647063971    
  0.712504327    
  0.646294534    
  0.520844877    
  0.677102566    
  0.711410940    
  0.643686175    
  0.524289608    
  0.432740867    
  0.372470051    
  0.340893775    
  0.323929459    
  0.324536651    
  0.337551564    
  0.333179325    
  0.344478190    
  0.363342017    
  0.425551772    
  0.516635060    
  0.630543351    
  0.718811750    
  0.670171201    
  0.621266663    
  0.583857000    
  0.500221610    
  0.424525052    
  0.379044920    
  0.345648706    
  0.342510194    
  0.355496466    
  0.364307463    
  0.358287007    
  0.363405198    
  0.350084782    
  0.352794617    
  0.372685701    
  0.421673149    
  0.501762927    
  0.585370660    
  0.617268384    
  0.464325398    
  0.432637125    
  0.405357987    
  0.359845072    
  0.336296558    
  0.337611377    
  0.352647454    
  0.366015822    
  0.377989858    
  0.376496047    
  0.371217459    
  0.349896073    
  0.341126174    
  0.332654625    
  0.360243887    
  0.401344508    
  0.441369772    
  0.453251541    
  0.407036066    
  0.386569291    
  0.350855559    
  0.329753309    
  0.322408527    
  0.336008102    
  0.351357609    
  0.382072031    
  0.393004686    
  0.391786456    
  0.381920815    
  0.358345240    
  0.339526683    
  0.319039017    
  0.329725504    
  0.361434996    
  0.390577048    
  0.411889613    
  0.403689802    
  0.383402199    
  0.360357702    
  0.340451598    
  0.324155152    
  0.334918499    
  0.354803473    
  0.385336429    
  0.397716343    
  0.400041103    
  0.386065602    
  0.357972890    
  0.339875758    
  0.319659054    
  0.335277647    
  0.356474549    
  0.397580117    
  0.404488742    
  0.463700175    
  0.439947397    
  0.406068236    
  0.378247708    
  0.326299936    
  0.334647536    
  0.352682203    
  0.370696247    
  0.390126079    
  0.387674689    
  0.373263925    
  0.366441548    
  0.355774075    
  0.350555807    
  0.374068946    
  0.411157191    
  0.446950793    
  0.460927010    
  0.624905765    
  0.598359764    
  0.505401433    
  0.431751609    
  0.379383802    
  0.352526248    
  0.344169766    
  0.359799504    
  0.371139705    
  0.376106679    
  0.359810621    
  0.348440558    
  0.361633927    
  0.399133146    
  0.437574953    
  0.513667881    
  0.596233964    
  0.627493441    
  0.684588373    
  0.708149195    
  0.644173384    
  0.529732108    
  0.431155413    
  0.376500309    
  0.335936159    
  0.336728901    
  0.333411038    
  0.338791937    
  0.342171758    
  0.345848471    
  0.378682733    
  0.446952462    
  0.540564418    
  0.646351933    
  0.709321082    
  0.678133547    
  0.525448799    
  0.639382243    
  0.717146993    
  0.647459686    
  0.488784045    
  0.403747618    
  0.341571510    
  0.314782888    
  0.307057738    
  0.303390592    
  0.316476434    
  0.343843549    
  0.401296407    
  0.490725547    
  0.641042709    
  0.713128209    
  0.641601980    
  0.519219160    
  0.107189097    
  0.346725732    
  0.590989590    
  0.705348313    
  0.620549917    
  0.431060582    
  0.349928558    
  0.294634283    
  0.281278074    
  0.262728572    
  0.296645939    
  0.356086224    
  0.436738729    
  0.621289253    
  0.704161108    
  0.588465095    
  0.340153486    
  0.104804501    
   0.00000000    
   3.63689959E-02
  0.389686793    
  0.647238612    
  0.679618716    
  0.489268839    
  0.353309929    
  0.269602954    
  0.236256212    
  0.233567074    
  0.266109943    
  0.361395538    
  0.491640449    
  0.676890969    
  0.648598552    
  0.387307972    
   3.64771299E-02
   0.00000000    
   0.00000000    
   2.20919219E-06
  0.104985476    
  0.588636398    
  0.727320492    
  0.516938686    
  0.363265038    
  0.253263593    
  0.202682048    
  0.215679392    
  0.265135229    
  0.364227742    
  0.513469398    
  0.720809340    
  0.579856217    
  0.103738904    
   1.09093962E-05
   0.00000000    
   0.00000000    
   0.00000000    
   2.51606442E-02
  0.481308162    
  0.703538477    
  0.526264846    
  0.366163611    
  0.253449470    
  0.190530017    
  0.197691903    
  0.258382887    
  0.366216689    
  0.530341744    
  0.701734841    
  0.477356225    
   2.76098046E-02
   0.00000000    
   0.00000000    
