# vtk DataFile Version 2.0
avsol
ASCII
DATASET STRUCTURED_GRID 
DIMENSIONS   19    19    19
POINTS     6859 float
   0.0000000000000000            0.0000000000000000            0.0000000000000000     
   0.0000000000000000            0.0000000000000000           0.17405958087463577     
   0.0000000000000000            0.0000000000000000           0.34811916174927154     
   0.0000000000000000            0.0000000000000000           0.52217874262390729     
   0.0000000000000000            0.0000000000000000           0.69623832349854309     
   0.0000000000000000            0.0000000000000000           0.87029790437317889     
   0.0000000000000000            0.0000000000000000            1.0443574852478146     
   0.0000000000000000            0.0000000000000000            1.2184170661224505     
   0.0000000000000000            0.0000000000000000            1.3924766469970862     
   0.0000000000000000            0.0000000000000000            1.5665362278717216     
   0.0000000000000000            0.0000000000000000            1.7405958087463578     
   0.0000000000000000            0.0000000000000000            1.9146553896209932     
   0.0000000000000000            0.0000000000000000            2.0887149704956292     
   0.0000000000000000            0.0000000000000000            2.2627745513702648     
   0.0000000000000000            0.0000000000000000            2.4368341322449010     
   0.0000000000000000            0.0000000000000000            2.6108937131195367     
   0.0000000000000000            0.0000000000000000            2.7849532939941724     
   0.0000000000000000            0.0000000000000000            2.9590128748688080     
   0.0000000000000000            0.0000000000000000            3.1330724557434433     
   0.0000000000000000           0.13924766469970859            0.0000000000000000     
   0.0000000000000000           0.13924766469970859           0.17405958087463577     
   0.0000000000000000           0.13924766469970859           0.34811916174927154     
   0.0000000000000000           0.13924766469970859           0.52217874262390729     
   0.0000000000000000           0.13924766469970859           0.69623832349854309     
   0.0000000000000000           0.13924766469970859           0.87029790437317889     
   0.0000000000000000           0.13924766469970859            1.0443574852478146     
   0.0000000000000000           0.13924766469970859            1.2184170661224505     
   0.0000000000000000           0.13924766469970859            1.3924766469970862     
   0.0000000000000000           0.13924766469970859            1.5665362278717216     
   0.0000000000000000           0.13924766469970859            1.7405958087463578     
   0.0000000000000000           0.13924766469970859            1.9146553896209932     
   0.0000000000000000           0.13924766469970859            2.0887149704956292     
   0.0000000000000000           0.13924766469970859            2.2627745513702648     
   0.0000000000000000           0.13924766469970859            2.4368341322449010     
   0.0000000000000000           0.13924766469970859            2.6108937131195367     
   0.0000000000000000           0.13924766469970859            2.7849532939941724     
   0.0000000000000000           0.13924766469970859            2.9590128748688080     
   0.0000000000000000           0.13924766469970859            3.1330724557434433     
   0.0000000000000000           0.27849532939941718            0.0000000000000000     
   0.0000000000000000           0.27849532939941718           0.17405958087463577     
   0.0000000000000000           0.27849532939941718           0.34811916174927154     
   0.0000000000000000           0.27849532939941718           0.52217874262390729     
   0.0000000000000000           0.27849532939941718           0.69623832349854309     
   0.0000000000000000           0.27849532939941718           0.87029790437317889     
   0.0000000000000000           0.27849532939941718            1.0443574852478146     
   0.0000000000000000           0.27849532939941718            1.2184170661224505     
   0.0000000000000000           0.27849532939941718            1.3924766469970862     
   0.0000000000000000           0.27849532939941718            1.5665362278717216     
   0.0000000000000000           0.27849532939941718            1.7405958087463578     
   0.0000000000000000           0.27849532939941718            1.9146553896209932     
   0.0000000000000000           0.27849532939941718            2.0887149704956292     
   0.0000000000000000           0.27849532939941718            2.2627745513702648     
   0.0000000000000000           0.27849532939941718            2.4368341322449010     
   0.0000000000000000           0.27849532939941718            2.6108937131195367     
   0.0000000000000000           0.27849532939941718            2.7849532939941724     
   0.0000000000000000           0.27849532939941718            2.9590128748688080     
   0.0000000000000000           0.27849532939941718            3.1330724557434433     
   0.0000000000000000           0.41774299409912580            0.0000000000000000     
   0.0000000000000000           0.41774299409912580           0.17405958087463577     
   0.0000000000000000           0.41774299409912580           0.34811916174927154     
   0.0000000000000000           0.41774299409912580           0.52217874262390729     
   0.0000000000000000           0.41774299409912580           0.69623832349854309     
   0.0000000000000000           0.41774299409912580           0.87029790437317889     
   0.0000000000000000           0.41774299409912580            1.0443574852478146     
   0.0000000000000000           0.41774299409912580            1.2184170661224505     
   0.0000000000000000           0.41774299409912580            1.3924766469970862     
   0.0000000000000000           0.41774299409912580            1.5665362278717216     
   0.0000000000000000           0.41774299409912580            1.7405958087463578     
   0.0000000000000000           0.41774299409912580            1.9146553896209932     
   0.0000000000000000           0.41774299409912580            2.0887149704956292     
   0.0000000000000000           0.41774299409912580            2.2627745513702648     
   0.0000000000000000           0.41774299409912580            2.4368341322449010     
   0.0000000000000000           0.41774299409912580            2.6108937131195367     
   0.0000000000000000           0.41774299409912580            2.7849532939941724     
   0.0000000000000000           0.41774299409912580            2.9590128748688080     
   0.0000000000000000           0.41774299409912580            3.1330724557434433     
   0.0000000000000000           0.55699065879883436            0.0000000000000000     
   0.0000000000000000           0.55699065879883436           0.17405958087463577     
   0.0000000000000000           0.55699065879883436           0.34811916174927154     
   0.0000000000000000           0.55699065879883436           0.52217874262390729     
   0.0000000000000000           0.55699065879883436           0.69623832349854309     
   0.0000000000000000           0.55699065879883436           0.87029790437317889     
   0.0000000000000000           0.55699065879883436            1.0443574852478146     
   0.0000000000000000           0.55699065879883436            1.2184170661224505     
   0.0000000000000000           0.55699065879883436            1.3924766469970862     
   0.0000000000000000           0.55699065879883436            1.5665362278717216     
   0.0000000000000000           0.55699065879883436            1.7405958087463578     
   0.0000000000000000           0.55699065879883436            1.9146553896209932     
   0.0000000000000000           0.55699065879883436            2.0887149704956292     
   0.0000000000000000           0.55699065879883436            2.2627745513702648     
   0.0000000000000000           0.55699065879883436            2.4368341322449010     
   0.0000000000000000           0.55699065879883436            2.6108937131195367     
   0.0000000000000000           0.55699065879883436            2.7849532939941724     
   0.0000000000000000           0.55699065879883436            2.9590128748688080     
   0.0000000000000000           0.55699065879883436            3.1330724557434433     
   0.0000000000000000           0.69623832349854298            0.0000000000000000     
   0.0000000000000000           0.69623832349854298           0.17405958087463577     
   0.0000000000000000           0.69623832349854298           0.34811916174927154     
   0.0000000000000000           0.69623832349854298           0.52217874262390729     
   0.0000000000000000           0.69623832349854298           0.69623832349854309     
   0.0000000000000000           0.69623832349854298           0.87029790437317889     
   0.0000000000000000           0.69623832349854298            1.0443574852478146     
   0.0000000000000000           0.69623832349854298            1.2184170661224505     
   0.0000000000000000           0.69623832349854298            1.3924766469970862     
   0.0000000000000000           0.69623832349854298            1.5665362278717216     
   0.0000000000000000           0.69623832349854298            1.7405958087463578     
   0.0000000000000000           0.69623832349854298            1.9146553896209932     
   0.0000000000000000           0.69623832349854298            2.0887149704956292     
   0.0000000000000000           0.69623832349854298            2.2627745513702648     
   0.0000000000000000           0.69623832349854298            2.4368341322449010     
   0.0000000000000000           0.69623832349854298            2.6108937131195367     
   0.0000000000000000           0.69623832349854298            2.7849532939941724     
   0.0000000000000000           0.69623832349854298            2.9590128748688080     
   0.0000000000000000           0.69623832349854298            3.1330724557434433     
   0.0000000000000000           0.83548598819825159            0.0000000000000000     
   0.0000000000000000           0.83548598819825159           0.17405958087463577     
   0.0000000000000000           0.83548598819825159           0.34811916174927154     
   0.0000000000000000           0.83548598819825159           0.52217874262390729     
   0.0000000000000000           0.83548598819825159           0.69623832349854309     
   0.0000000000000000           0.83548598819825159           0.87029790437317889     
   0.0000000000000000           0.83548598819825159            1.0443574852478146     
   0.0000000000000000           0.83548598819825159            1.2184170661224505     
   0.0000000000000000           0.83548598819825159            1.3924766469970862     
   0.0000000000000000           0.83548598819825159            1.5665362278717216     
   0.0000000000000000           0.83548598819825159            1.7405958087463578     
   0.0000000000000000           0.83548598819825159            1.9146553896209932     
   0.0000000000000000           0.83548598819825159            2.0887149704956292     
   0.0000000000000000           0.83548598819825159            2.2627745513702648     
   0.0000000000000000           0.83548598819825159            2.4368341322449010     
   0.0000000000000000           0.83548598819825159            2.6108937131195367     
   0.0000000000000000           0.83548598819825159            2.7849532939941724     
   0.0000000000000000           0.83548598819825159            2.9590128748688080     
   0.0000000000000000           0.83548598819825159            3.1330724557434433     
   0.0000000000000000           0.97473365289796032            0.0000000000000000     
   0.0000000000000000           0.97473365289796032           0.17405958087463577     
   0.0000000000000000           0.97473365289796032           0.34811916174927154     
   0.0000000000000000           0.97473365289796032           0.52217874262390729     
   0.0000000000000000           0.97473365289796032           0.69623832349854309     
   0.0000000000000000           0.97473365289796032           0.87029790437317889     
   0.0000000000000000           0.97473365289796032            1.0443574852478146     
   0.0000000000000000           0.97473365289796032            1.2184170661224505     
   0.0000000000000000           0.97473365289796032            1.3924766469970862     
   0.0000000000000000           0.97473365289796032            1.5665362278717216     
   0.0000000000000000           0.97473365289796032            1.7405958087463578     
   0.0000000000000000           0.97473365289796032            1.9146553896209932     
   0.0000000000000000           0.97473365289796032            2.0887149704956292     
   0.0000000000000000           0.97473365289796032            2.2627745513702648     
   0.0000000000000000           0.97473365289796032            2.4368341322449010     
   0.0000000000000000           0.97473365289796032            2.6108937131195367     
   0.0000000000000000           0.97473365289796032            2.7849532939941724     
   0.0000000000000000           0.97473365289796032            2.9590128748688080     
   0.0000000000000000           0.97473365289796032            3.1330724557434433     
   0.0000000000000000            1.1139813175976687            0.0000000000000000     
   0.0000000000000000            1.1139813175976687           0.17405958087463577     
   0.0000000000000000            1.1139813175976687           0.34811916174927154     
   0.0000000000000000            1.1139813175976687           0.52217874262390729     
   0.0000000000000000            1.1139813175976687           0.69623832349854309     
   0.0000000000000000            1.1139813175976687           0.87029790437317889     
   0.0000000000000000            1.1139813175976687            1.0443574852478146     
   0.0000000000000000            1.1139813175976687            1.2184170661224505     
   0.0000000000000000            1.1139813175976687            1.3924766469970862     
   0.0000000000000000            1.1139813175976687            1.5665362278717216     
   0.0000000000000000            1.1139813175976687            1.7405958087463578     
   0.0000000000000000            1.1139813175976687            1.9146553896209932     
   0.0000000000000000            1.1139813175976687            2.0887149704956292     
   0.0000000000000000            1.1139813175976687            2.2627745513702648     
   0.0000000000000000            1.1139813175976687            2.4368341322449010     
   0.0000000000000000            1.1139813175976687            2.6108937131195367     
   0.0000000000000000            1.1139813175976687            2.7849532939941724     
   0.0000000000000000            1.1139813175976687            2.9590128748688080     
   0.0000000000000000            1.1139813175976687            3.1330724557434433     
   0.0000000000000000            1.2532289822973772            0.0000000000000000     
   0.0000000000000000            1.2532289822973772           0.17405958087463577     
   0.0000000000000000            1.2532289822973772           0.34811916174927154     
   0.0000000000000000            1.2532289822973772           0.52217874262390729     
   0.0000000000000000            1.2532289822973772           0.69623832349854309     
   0.0000000000000000            1.2532289822973772           0.87029790437317889     
   0.0000000000000000            1.2532289822973772            1.0443574852478146     
   0.0000000000000000            1.2532289822973772            1.2184170661224505     
   0.0000000000000000            1.2532289822973772            1.3924766469970862     
   0.0000000000000000            1.2532289822973772            1.5665362278717216     
   0.0000000000000000            1.2532289822973772            1.7405958087463578     
   0.0000000000000000            1.2532289822973772            1.9146553896209932     
   0.0000000000000000            1.2532289822973772            2.0887149704956292     
   0.0000000000000000            1.2532289822973772            2.2627745513702648     
   0.0000000000000000            1.2532289822973772            2.4368341322449010     
   0.0000000000000000            1.2532289822973772            2.6108937131195367     
   0.0000000000000000            1.2532289822973772            2.7849532939941724     
   0.0000000000000000            1.2532289822973772            2.9590128748688080     
   0.0000000000000000            1.2532289822973772            3.1330724557434433     
   0.0000000000000000            1.3924766469970860            0.0000000000000000     
   0.0000000000000000            1.3924766469970860           0.17405958087463577     
   0.0000000000000000            1.3924766469970860           0.34811916174927154     
   0.0000000000000000            1.3924766469970860           0.52217874262390729     
   0.0000000000000000            1.3924766469970860           0.69623832349854309     
   0.0000000000000000            1.3924766469970860           0.87029790437317889     
   0.0000000000000000            1.3924766469970860            1.0443574852478146     
   0.0000000000000000            1.3924766469970860            1.2184170661224505     
   0.0000000000000000            1.3924766469970860            1.3924766469970862     
   0.0000000000000000            1.3924766469970860            1.5665362278717216     
   0.0000000000000000            1.3924766469970860            1.7405958087463578     
   0.0000000000000000            1.3924766469970860            1.9146553896209932     
   0.0000000000000000            1.3924766469970860            2.0887149704956292     
   0.0000000000000000            1.3924766469970860            2.2627745513702648     
   0.0000000000000000            1.3924766469970860            2.4368341322449010     
   0.0000000000000000            1.3924766469970860            2.6108937131195367     
   0.0000000000000000            1.3924766469970860            2.7849532939941724     
   0.0000000000000000            1.3924766469970860            2.9590128748688080     
   0.0000000000000000            1.3924766469970860            3.1330724557434433     
   0.0000000000000000            1.5317243116967947            0.0000000000000000     
   0.0000000000000000            1.5317243116967947           0.17405958087463577     
   0.0000000000000000            1.5317243116967947           0.34811916174927154     
   0.0000000000000000            1.5317243116967947           0.52217874262390729     
   0.0000000000000000            1.5317243116967947           0.69623832349854309     
   0.0000000000000000            1.5317243116967947           0.87029790437317889     
   0.0000000000000000            1.5317243116967947            1.0443574852478146     
   0.0000000000000000            1.5317243116967947            1.2184170661224505     
   0.0000000000000000            1.5317243116967947            1.3924766469970862     
   0.0000000000000000            1.5317243116967947            1.5665362278717216     
   0.0000000000000000            1.5317243116967947            1.7405958087463578     
   0.0000000000000000            1.5317243116967947            1.9146553896209932     
   0.0000000000000000            1.5317243116967947            2.0887149704956292     
   0.0000000000000000            1.5317243116967947            2.2627745513702648     
   0.0000000000000000            1.5317243116967947            2.4368341322449010     
   0.0000000000000000            1.5317243116967947            2.6108937131195367     
   0.0000000000000000            1.5317243116967947            2.7849532939941724     
   0.0000000000000000            1.5317243116967947            2.9590128748688080     
   0.0000000000000000            1.5317243116967947            3.1330724557434433     
   0.0000000000000000            1.6709719763965032            0.0000000000000000     
   0.0000000000000000            1.6709719763965032           0.17405958087463577     
   0.0000000000000000            1.6709719763965032           0.34811916174927154     
   0.0000000000000000            1.6709719763965032           0.52217874262390729     
   0.0000000000000000            1.6709719763965032           0.69623832349854309     
   0.0000000000000000            1.6709719763965032           0.87029790437317889     
   0.0000000000000000            1.6709719763965032            1.0443574852478146     
   0.0000000000000000            1.6709719763965032            1.2184170661224505     
   0.0000000000000000            1.6709719763965032            1.3924766469970862     
   0.0000000000000000            1.6709719763965032            1.5665362278717216     
   0.0000000000000000            1.6709719763965032            1.7405958087463578     
   0.0000000000000000            1.6709719763965032            1.9146553896209932     
   0.0000000000000000            1.6709719763965032            2.0887149704956292     
   0.0000000000000000            1.6709719763965032            2.2627745513702648     
   0.0000000000000000            1.6709719763965032            2.4368341322449010     
   0.0000000000000000            1.6709719763965032            2.6108937131195367     
   0.0000000000000000            1.6709719763965032            2.7849532939941724     
   0.0000000000000000            1.6709719763965032            2.9590128748688080     
   0.0000000000000000            1.6709719763965032            3.1330724557434433     
   0.0000000000000000            1.8102196410962119            0.0000000000000000     
   0.0000000000000000            1.8102196410962119           0.17405958087463577     
   0.0000000000000000            1.8102196410962119           0.34811916174927154     
   0.0000000000000000            1.8102196410962119           0.52217874262390729     
   0.0000000000000000            1.8102196410962119           0.69623832349854309     
   0.0000000000000000            1.8102196410962119           0.87029790437317889     
   0.0000000000000000            1.8102196410962119            1.0443574852478146     
   0.0000000000000000            1.8102196410962119            1.2184170661224505     
   0.0000000000000000            1.8102196410962119            1.3924766469970862     
   0.0000000000000000            1.8102196410962119            1.5665362278717216     
   0.0000000000000000            1.8102196410962119            1.7405958087463578     
   0.0000000000000000            1.8102196410962119            1.9146553896209932     
   0.0000000000000000            1.8102196410962119            2.0887149704956292     
   0.0000000000000000            1.8102196410962119            2.2627745513702648     
   0.0000000000000000            1.8102196410962119            2.4368341322449010     
   0.0000000000000000            1.8102196410962119            2.6108937131195367     
   0.0000000000000000            1.8102196410962119            2.7849532939941724     
   0.0000000000000000            1.8102196410962119            2.9590128748688080     
   0.0000000000000000            1.8102196410962119            3.1330724557434433     
   0.0000000000000000            1.9494673057959206            0.0000000000000000     
   0.0000000000000000            1.9494673057959206           0.17405958087463577     
   0.0000000000000000            1.9494673057959206           0.34811916174927154     
   0.0000000000000000            1.9494673057959206           0.52217874262390729     
   0.0000000000000000            1.9494673057959206           0.69623832349854309     
   0.0000000000000000            1.9494673057959206           0.87029790437317889     
   0.0000000000000000            1.9494673057959206            1.0443574852478146     
   0.0000000000000000            1.9494673057959206            1.2184170661224505     
   0.0000000000000000            1.9494673057959206            1.3924766469970862     
   0.0000000000000000            1.9494673057959206            1.5665362278717216     
   0.0000000000000000            1.9494673057959206            1.7405958087463578     
   0.0000000000000000            1.9494673057959206            1.9146553896209932     
   0.0000000000000000            1.9494673057959206            2.0887149704956292     
   0.0000000000000000            1.9494673057959206            2.2627745513702648     
   0.0000000000000000            1.9494673057959206            2.4368341322449010     
   0.0000000000000000            1.9494673057959206            2.6108937131195367     
   0.0000000000000000            1.9494673057959206            2.7849532939941724     
   0.0000000000000000            1.9494673057959206            2.9590128748688080     
   0.0000000000000000            1.9494673057959206            3.1330724557434433     
   0.0000000000000000            2.0887149704956292            0.0000000000000000     
   0.0000000000000000            2.0887149704956292           0.17405958087463577     
   0.0000000000000000            2.0887149704956292           0.34811916174927154     
   0.0000000000000000            2.0887149704956292           0.52217874262390729     
   0.0000000000000000            2.0887149704956292           0.69623832349854309     
   0.0000000000000000            2.0887149704956292           0.87029790437317889     
   0.0000000000000000            2.0887149704956292            1.0443574852478146     
   0.0000000000000000            2.0887149704956292            1.2184170661224505     
   0.0000000000000000            2.0887149704956292            1.3924766469970862     
   0.0000000000000000            2.0887149704956292            1.5665362278717216     
   0.0000000000000000            2.0887149704956292            1.7405958087463578     
   0.0000000000000000            2.0887149704956292            1.9146553896209932     
   0.0000000000000000            2.0887149704956292            2.0887149704956292     
   0.0000000000000000            2.0887149704956292            2.2627745513702648     
   0.0000000000000000            2.0887149704956292            2.4368341322449010     
   0.0000000000000000            2.0887149704956292            2.6108937131195367     
   0.0000000000000000            2.0887149704956292            2.7849532939941724     
   0.0000000000000000            2.0887149704956292            2.9590128748688080     
   0.0000000000000000            2.0887149704956292            3.1330724557434433     
   0.0000000000000000            2.2279626351953374            0.0000000000000000     
   0.0000000000000000            2.2279626351953374           0.17405958087463577     
   0.0000000000000000            2.2279626351953374           0.34811916174927154     
   0.0000000000000000            2.2279626351953374           0.52217874262390729     
   0.0000000000000000            2.2279626351953374           0.69623832349854309     
   0.0000000000000000            2.2279626351953374           0.87029790437317889     
   0.0000000000000000            2.2279626351953374            1.0443574852478146     
   0.0000000000000000            2.2279626351953374            1.2184170661224505     
   0.0000000000000000            2.2279626351953374            1.3924766469970862     
   0.0000000000000000            2.2279626351953374            1.5665362278717216     
   0.0000000000000000            2.2279626351953374            1.7405958087463578     
   0.0000000000000000            2.2279626351953374            1.9146553896209932     
   0.0000000000000000            2.2279626351953374            2.0887149704956292     
   0.0000000000000000            2.2279626351953374            2.2627745513702648     
   0.0000000000000000            2.2279626351953374            2.4368341322449010     
   0.0000000000000000            2.2279626351953374            2.6108937131195367     
   0.0000000000000000            2.2279626351953374            2.7849532939941724     
   0.0000000000000000            2.2279626351953374            2.9590128748688080     
   0.0000000000000000            2.2279626351953374            3.1330724557434433     
   0.0000000000000000            2.3672102998950462            0.0000000000000000     
   0.0000000000000000            2.3672102998950462           0.17405958087463577     
   0.0000000000000000            2.3672102998950462           0.34811916174927154     
   0.0000000000000000            2.3672102998950462           0.52217874262390729     
   0.0000000000000000            2.3672102998950462           0.69623832349854309     
   0.0000000000000000            2.3672102998950462           0.87029790437317889     
   0.0000000000000000            2.3672102998950462            1.0443574852478146     
   0.0000000000000000            2.3672102998950462            1.2184170661224505     
   0.0000000000000000            2.3672102998950462            1.3924766469970862     
   0.0000000000000000            2.3672102998950462            1.5665362278717216     
   0.0000000000000000            2.3672102998950462            1.7405958087463578     
   0.0000000000000000            2.3672102998950462            1.9146553896209932     
   0.0000000000000000            2.3672102998950462            2.0887149704956292     
   0.0000000000000000            2.3672102998950462            2.2627745513702648     
   0.0000000000000000            2.3672102998950462            2.4368341322449010     
   0.0000000000000000            2.3672102998950462            2.6108937131195367     
   0.0000000000000000            2.3672102998950462            2.7849532939941724     
   0.0000000000000000            2.3672102998950462            2.9590128748688080     
   0.0000000000000000            2.3672102998950462            3.1330724557434433     
   0.0000000000000000            2.5064579645947545            0.0000000000000000     
   0.0000000000000000            2.5064579645947545           0.17405958087463577     
   0.0000000000000000            2.5064579645947545           0.34811916174927154     
   0.0000000000000000            2.5064579645947545           0.52217874262390729     
   0.0000000000000000            2.5064579645947545           0.69623832349854309     
   0.0000000000000000            2.5064579645947545           0.87029790437317889     
   0.0000000000000000            2.5064579645947545            1.0443574852478146     
   0.0000000000000000            2.5064579645947545            1.2184170661224505     
   0.0000000000000000            2.5064579645947545            1.3924766469970862     
   0.0000000000000000            2.5064579645947545            1.5665362278717216     
   0.0000000000000000            2.5064579645947545            1.7405958087463578     
   0.0000000000000000            2.5064579645947545            1.9146553896209932     
   0.0000000000000000            2.5064579645947545            2.0887149704956292     
   0.0000000000000000            2.5064579645947545            2.2627745513702648     
   0.0000000000000000            2.5064579645947545            2.4368341322449010     
   0.0000000000000000            2.5064579645947545            2.6108937131195367     
   0.0000000000000000            2.5064579645947545            2.7849532939941724     
   0.0000000000000000            2.5064579645947545            2.9590128748688080     
   0.0000000000000000            2.5064579645947545            3.1330724557434433     
  0.13924766469970859            0.0000000000000000            0.0000000000000000     
  0.13924766469970859            0.0000000000000000           0.17405958087463577     
  0.13924766469970859            0.0000000000000000           0.34811916174927154     
  0.13924766469970859            0.0000000000000000           0.52217874262390729     
  0.13924766469970859            0.0000000000000000           0.69623832349854309     
  0.13924766469970859            0.0000000000000000           0.87029790437317889     
  0.13924766469970859            0.0000000000000000            1.0443574852478146     
  0.13924766469970859            0.0000000000000000            1.2184170661224505     
  0.13924766469970859            0.0000000000000000            1.3924766469970862     
  0.13924766469970859            0.0000000000000000            1.5665362278717216     
  0.13924766469970859            0.0000000000000000            1.7405958087463578     
  0.13924766469970859            0.0000000000000000            1.9146553896209932     
  0.13924766469970859            0.0000000000000000            2.0887149704956292     
  0.13924766469970859            0.0000000000000000            2.2627745513702648     
  0.13924766469970859            0.0000000000000000            2.4368341322449010     
  0.13924766469970859            0.0000000000000000            2.6108937131195367     
  0.13924766469970859            0.0000000000000000            2.7849532939941724     
  0.13924766469970859            0.0000000000000000            2.9590128748688080     
  0.13924766469970859            0.0000000000000000            3.1330724557434433     
  0.13924766469970859           0.13924766469970859            0.0000000000000000     
  0.13924766469970859           0.13924766469970859           0.17405958087463577     
  0.13924766469970859           0.13924766469970859           0.34811916174927154     
  0.13924766469970859           0.13924766469970859           0.52217874262390729     
  0.13924766469970859           0.13924766469970859           0.69623832349854309     
  0.13924766469970859           0.13924766469970859           0.87029790437317889     
  0.13924766469970859           0.13924766469970859            1.0443574852478146     
  0.13924766469970859           0.13924766469970859            1.2184170661224505     
  0.13924766469970859           0.13924766469970859            1.3924766469970862     
  0.13924766469970859           0.13924766469970859            1.5665362278717216     
  0.13924766469970859           0.13924766469970859            1.7405958087463578     
  0.13924766469970859           0.13924766469970859            1.9146553896209932     
  0.13924766469970859           0.13924766469970859            2.0887149704956292     
  0.13924766469970859           0.13924766469970859            2.2627745513702648     
  0.13924766469970859           0.13924766469970859            2.4368341322449010     
  0.13924766469970859           0.13924766469970859            2.6108937131195367     
  0.13924766469970859           0.13924766469970859            2.7849532939941724     
  0.13924766469970859           0.13924766469970859            2.9590128748688080     
  0.13924766469970859           0.13924766469970859            3.1330724557434433     
  0.13924766469970859           0.27849532939941718            0.0000000000000000     
  0.13924766469970859           0.27849532939941718           0.17405958087463577     
  0.13924766469970859           0.27849532939941718           0.34811916174927154     
  0.13924766469970859           0.27849532939941718           0.52217874262390729     
  0.13924766469970859           0.27849532939941718           0.69623832349854309     
  0.13924766469970859           0.27849532939941718           0.87029790437317889     
  0.13924766469970859           0.27849532939941718            1.0443574852478146     
  0.13924766469970859           0.27849532939941718            1.2184170661224505     
  0.13924766469970859           0.27849532939941718            1.3924766469970862     
  0.13924766469970859           0.27849532939941718            1.5665362278717216     
  0.13924766469970859           0.27849532939941718            1.7405958087463578     
  0.13924766469970859           0.27849532939941718            1.9146553896209932     
  0.13924766469970859           0.27849532939941718            2.0887149704956292     
  0.13924766469970859           0.27849532939941718            2.2627745513702648     
  0.13924766469970859           0.27849532939941718            2.4368341322449010     
  0.13924766469970859           0.27849532939941718            2.6108937131195367     
  0.13924766469970859           0.27849532939941718            2.7849532939941724     
  0.13924766469970859           0.27849532939941718            2.9590128748688080     
  0.13924766469970859           0.27849532939941718            3.1330724557434433     
  0.13924766469970859           0.41774299409912580            0.0000000000000000     
  0.13924766469970859           0.41774299409912580           0.17405958087463577     
  0.13924766469970859           0.41774299409912580           0.34811916174927154     
  0.13924766469970859           0.41774299409912580           0.52217874262390729     
  0.13924766469970859           0.41774299409912580           0.69623832349854309     
  0.13924766469970859           0.41774299409912580           0.87029790437317889     
  0.13924766469970859           0.41774299409912580            1.0443574852478146     
  0.13924766469970859           0.41774299409912580            1.2184170661224505     
  0.13924766469970859           0.41774299409912580            1.3924766469970862     
  0.13924766469970859           0.41774299409912580            1.5665362278717216     
  0.13924766469970859           0.41774299409912580            1.7405958087463578     
  0.13924766469970859           0.41774299409912580            1.9146553896209932     
  0.13924766469970859           0.41774299409912580            2.0887149704956292     
  0.13924766469970859           0.41774299409912580            2.2627745513702648     
  0.13924766469970859           0.41774299409912580            2.4368341322449010     
  0.13924766469970859           0.41774299409912580            2.6108937131195367     
  0.13924766469970859           0.41774299409912580            2.7849532939941724     
  0.13924766469970859           0.41774299409912580            2.9590128748688080     
  0.13924766469970859           0.41774299409912580            3.1330724557434433     
  0.13924766469970859           0.55699065879883436            0.0000000000000000     
  0.13924766469970859           0.55699065879883436           0.17405958087463577     
  0.13924766469970859           0.55699065879883436           0.34811916174927154     
  0.13924766469970859           0.55699065879883436           0.52217874262390729     
  0.13924766469970859           0.55699065879883436           0.69623832349854309     
  0.13924766469970859           0.55699065879883436           0.87029790437317889     
  0.13924766469970859           0.55699065879883436            1.0443574852478146     
  0.13924766469970859           0.55699065879883436            1.2184170661224505     
  0.13924766469970859           0.55699065879883436            1.3924766469970862     
  0.13924766469970859           0.55699065879883436            1.5665362278717216     
  0.13924766469970859           0.55699065879883436            1.7405958087463578     
  0.13924766469970859           0.55699065879883436            1.9146553896209932     
  0.13924766469970859           0.55699065879883436            2.0887149704956292     
  0.13924766469970859           0.55699065879883436            2.2627745513702648     
  0.13924766469970859           0.55699065879883436            2.4368341322449010     
  0.13924766469970859           0.55699065879883436            2.6108937131195367     
  0.13924766469970859           0.55699065879883436            2.7849532939941724     
  0.13924766469970859           0.55699065879883436            2.9590128748688080     
  0.13924766469970859           0.55699065879883436            3.1330724557434433     
  0.13924766469970859           0.69623832349854298            0.0000000000000000     
  0.13924766469970859           0.69623832349854298           0.17405958087463577     
  0.13924766469970859           0.69623832349854298           0.34811916174927154     
  0.13924766469970859           0.69623832349854298           0.52217874262390729     
  0.13924766469970859           0.69623832349854298           0.69623832349854309     
  0.13924766469970859           0.69623832349854298           0.87029790437317889     
  0.13924766469970859           0.69623832349854298            1.0443574852478146     
  0.13924766469970859           0.69623832349854298            1.2184170661224505     
  0.13924766469970859           0.69623832349854298            1.3924766469970862     
  0.13924766469970859           0.69623832349854298            1.5665362278717216     
  0.13924766469970859           0.69623832349854298            1.7405958087463578     
  0.13924766469970859           0.69623832349854298            1.9146553896209932     
  0.13924766469970859           0.69623832349854298            2.0887149704956292     
  0.13924766469970859           0.69623832349854298            2.2627745513702648     
  0.13924766469970859           0.69623832349854298            2.4368341322449010     
  0.13924766469970859           0.69623832349854298            2.6108937131195367     
  0.13924766469970859           0.69623832349854298            2.7849532939941724     
  0.13924766469970859           0.69623832349854298            2.9590128748688080     
  0.13924766469970859           0.69623832349854298            3.1330724557434433     
  0.13924766469970859           0.83548598819825159            0.0000000000000000     
  0.13924766469970859           0.83548598819825159           0.17405958087463577     
  0.13924766469970859           0.83548598819825159           0.34811916174927154     
  0.13924766469970859           0.83548598819825159           0.52217874262390729     
  0.13924766469970859           0.83548598819825159           0.69623832349854309     
  0.13924766469970859           0.83548598819825159           0.87029790437317889     
  0.13924766469970859           0.83548598819825159            1.0443574852478146     
  0.13924766469970859           0.83548598819825159            1.2184170661224505     
  0.13924766469970859           0.83548598819825159            1.3924766469970862     
  0.13924766469970859           0.83548598819825159            1.5665362278717216     
  0.13924766469970859           0.83548598819825159            1.7405958087463578     
  0.13924766469970859           0.83548598819825159            1.9146553896209932     
  0.13924766469970859           0.83548598819825159            2.0887149704956292     
  0.13924766469970859           0.83548598819825159            2.2627745513702648     
  0.13924766469970859           0.83548598819825159            2.4368341322449010     
  0.13924766469970859           0.83548598819825159            2.6108937131195367     
  0.13924766469970859           0.83548598819825159            2.7849532939941724     
  0.13924766469970859           0.83548598819825159            2.9590128748688080     
  0.13924766469970859           0.83548598819825159            3.1330724557434433     
  0.13924766469970859           0.97473365289796032            0.0000000000000000     
  0.13924766469970859           0.97473365289796032           0.17405958087463577     
  0.13924766469970859           0.97473365289796032           0.34811916174927154     
  0.13924766469970859           0.97473365289796032           0.52217874262390729     
  0.13924766469970859           0.97473365289796032           0.69623832349854309     
  0.13924766469970859           0.97473365289796032           0.87029790437317889     
  0.13924766469970859           0.97473365289796032            1.0443574852478146     
  0.13924766469970859           0.97473365289796032            1.2184170661224505     
  0.13924766469970859           0.97473365289796032            1.3924766469970862     
  0.13924766469970859           0.97473365289796032            1.5665362278717216     
  0.13924766469970859           0.97473365289796032            1.7405958087463578     
  0.13924766469970859           0.97473365289796032            1.9146553896209932     
  0.13924766469970859           0.97473365289796032            2.0887149704956292     
  0.13924766469970859           0.97473365289796032            2.2627745513702648     
  0.13924766469970859           0.97473365289796032            2.4368341322449010     
  0.13924766469970859           0.97473365289796032            2.6108937131195367     
  0.13924766469970859           0.97473365289796032            2.7849532939941724     
  0.13924766469970859           0.97473365289796032            2.9590128748688080     
  0.13924766469970859           0.97473365289796032            3.1330724557434433     
  0.13924766469970859            1.1139813175976687            0.0000000000000000     
  0.13924766469970859            1.1139813175976687           0.17405958087463577     
  0.13924766469970859            1.1139813175976687           0.34811916174927154     
  0.13924766469970859            1.1139813175976687           0.52217874262390729     
  0.13924766469970859            1.1139813175976687           0.69623832349854309     
  0.13924766469970859            1.1139813175976687           0.87029790437317889     
  0.13924766469970859            1.1139813175976687            1.0443574852478146     
  0.13924766469970859            1.1139813175976687            1.2184170661224505     
  0.13924766469970859            1.1139813175976687            1.3924766469970862     
  0.13924766469970859            1.1139813175976687            1.5665362278717216     
  0.13924766469970859            1.1139813175976687            1.7405958087463578     
  0.13924766469970859            1.1139813175976687            1.9146553896209932     
  0.13924766469970859            1.1139813175976687            2.0887149704956292     
  0.13924766469970859            1.1139813175976687            2.2627745513702648     
  0.13924766469970859            1.1139813175976687            2.4368341322449010     
  0.13924766469970859            1.1139813175976687            2.6108937131195367     
  0.13924766469970859            1.1139813175976687            2.7849532939941724     
  0.13924766469970859            1.1139813175976687            2.9590128748688080     
  0.13924766469970859            1.1139813175976687            3.1330724557434433     
  0.13924766469970859            1.2532289822973772            0.0000000000000000     
  0.13924766469970859            1.2532289822973772           0.17405958087463577     
  0.13924766469970859            1.2532289822973772           0.34811916174927154     
  0.13924766469970859            1.2532289822973772           0.52217874262390729     
  0.13924766469970859            1.2532289822973772           0.69623832349854309     
  0.13924766469970859            1.2532289822973772           0.87029790437317889     
  0.13924766469970859            1.2532289822973772            1.0443574852478146     
  0.13924766469970859            1.2532289822973772            1.2184170661224505     
  0.13924766469970859            1.2532289822973772            1.3924766469970862     
  0.13924766469970859            1.2532289822973772            1.5665362278717216     
  0.13924766469970859            1.2532289822973772            1.7405958087463578     
  0.13924766469970859            1.2532289822973772            1.9146553896209932     
  0.13924766469970859            1.2532289822973772            2.0887149704956292     
  0.13924766469970859            1.2532289822973772            2.2627745513702648     
  0.13924766469970859            1.2532289822973772            2.4368341322449010     
  0.13924766469970859            1.2532289822973772            2.6108937131195367     
  0.13924766469970859            1.2532289822973772            2.7849532939941724     
  0.13924766469970859            1.2532289822973772            2.9590128748688080     
  0.13924766469970859            1.2532289822973772            3.1330724557434433     
  0.13924766469970859            1.3924766469970860            0.0000000000000000     
  0.13924766469970859            1.3924766469970860           0.17405958087463577     
  0.13924766469970859            1.3924766469970860           0.34811916174927154     
  0.13924766469970859            1.3924766469970860           0.52217874262390729     
  0.13924766469970859            1.3924766469970860           0.69623832349854309     
  0.13924766469970859            1.3924766469970860           0.87029790437317889     
  0.13924766469970859            1.3924766469970860            1.0443574852478146     
  0.13924766469970859            1.3924766469970860            1.2184170661224505     
  0.13924766469970859            1.3924766469970860            1.3924766469970862     
  0.13924766469970859            1.3924766469970860            1.5665362278717216     
  0.13924766469970859            1.3924766469970860            1.7405958087463578     
  0.13924766469970859            1.3924766469970860            1.9146553896209932     
  0.13924766469970859            1.3924766469970860            2.0887149704956292     
  0.13924766469970859            1.3924766469970860            2.2627745513702648     
  0.13924766469970859            1.3924766469970860            2.4368341322449010     
  0.13924766469970859            1.3924766469970860            2.6108937131195367     
  0.13924766469970859            1.3924766469970860            2.7849532939941724     
  0.13924766469970859            1.3924766469970860            2.9590128748688080     
  0.13924766469970859            1.3924766469970860            3.1330724557434433     
  0.13924766469970859            1.5317243116967947            0.0000000000000000     
  0.13924766469970859            1.5317243116967947           0.17405958087463577     
  0.13924766469970859            1.5317243116967947           0.34811916174927154     
  0.13924766469970859            1.5317243116967947           0.52217874262390729     
  0.13924766469970859            1.5317243116967947           0.69623832349854309     
  0.13924766469970859            1.5317243116967947           0.87029790437317889     
  0.13924766469970859            1.5317243116967947            1.0443574852478146     
  0.13924766469970859            1.5317243116967947            1.2184170661224505     
  0.13924766469970859            1.5317243116967947            1.3924766469970862     
  0.13924766469970859            1.5317243116967947            1.5665362278717216     
  0.13924766469970859            1.5317243116967947            1.7405958087463578     
  0.13924766469970859            1.5317243116967947            1.9146553896209932     
  0.13924766469970859            1.5317243116967947            2.0887149704956292     
  0.13924766469970859            1.5317243116967947            2.2627745513702648     
  0.13924766469970859            1.5317243116967947            2.4368341322449010     
  0.13924766469970859            1.5317243116967947            2.6108937131195367     
  0.13924766469970859            1.5317243116967947            2.7849532939941724     
  0.13924766469970859            1.5317243116967947            2.9590128748688080     
  0.13924766469970859            1.5317243116967947            3.1330724557434433     
  0.13924766469970859            1.6709719763965032            0.0000000000000000     
  0.13924766469970859            1.6709719763965032           0.17405958087463577     
  0.13924766469970859            1.6709719763965032           0.34811916174927154     
  0.13924766469970859            1.6709719763965032           0.52217874262390729     
  0.13924766469970859            1.6709719763965032           0.69623832349854309     
  0.13924766469970859            1.6709719763965032           0.87029790437317889     
  0.13924766469970859            1.6709719763965032            1.0443574852478146     
  0.13924766469970859            1.6709719763965032            1.2184170661224505     
  0.13924766469970859            1.6709719763965032            1.3924766469970862     
  0.13924766469970859            1.6709719763965032            1.5665362278717216     
  0.13924766469970859            1.6709719763965032            1.7405958087463578     
  0.13924766469970859            1.6709719763965032            1.9146553896209932     
  0.13924766469970859            1.6709719763965032            2.0887149704956292     
  0.13924766469970859            1.6709719763965032            2.2627745513702648     
  0.13924766469970859            1.6709719763965032            2.4368341322449010     
  0.13924766469970859            1.6709719763965032            2.6108937131195367     
  0.13924766469970859            1.6709719763965032            2.7849532939941724     
  0.13924766469970859            1.6709719763965032            2.9590128748688080     
  0.13924766469970859            1.6709719763965032            3.1330724557434433     
  0.13924766469970859            1.8102196410962119            0.0000000000000000     
  0.13924766469970859            1.8102196410962119           0.17405958087463577     
  0.13924766469970859            1.8102196410962119           0.34811916174927154     
  0.13924766469970859            1.8102196410962119           0.52217874262390729     
  0.13924766469970859            1.8102196410962119           0.69623832349854309     
  0.13924766469970859            1.8102196410962119           0.87029790437317889     
  0.13924766469970859            1.8102196410962119            1.0443574852478146     
  0.13924766469970859            1.8102196410962119            1.2184170661224505     
  0.13924766469970859            1.8102196410962119            1.3924766469970862     
  0.13924766469970859            1.8102196410962119            1.5665362278717216     
  0.13924766469970859            1.8102196410962119            1.7405958087463578     
  0.13924766469970859            1.8102196410962119            1.9146553896209932     
  0.13924766469970859            1.8102196410962119            2.0887149704956292     
  0.13924766469970859            1.8102196410962119            2.2627745513702648     
  0.13924766469970859            1.8102196410962119            2.4368341322449010     
  0.13924766469970859            1.8102196410962119            2.6108937131195367     
  0.13924766469970859            1.8102196410962119            2.7849532939941724     
  0.13924766469970859            1.8102196410962119            2.9590128748688080     
  0.13924766469970859            1.8102196410962119            3.1330724557434433     
  0.13924766469970859            1.9494673057959206            0.0000000000000000     
  0.13924766469970859            1.9494673057959206           0.17405958087463577     
  0.13924766469970859            1.9494673057959206           0.34811916174927154     
  0.13924766469970859            1.9494673057959206           0.52217874262390729     
  0.13924766469970859            1.9494673057959206           0.69623832349854309     
  0.13924766469970859            1.9494673057959206           0.87029790437317889     
  0.13924766469970859            1.9494673057959206            1.0443574852478146     
  0.13924766469970859            1.9494673057959206            1.2184170661224505     
  0.13924766469970859            1.9494673057959206            1.3924766469970862     
  0.13924766469970859            1.9494673057959206            1.5665362278717216     
  0.13924766469970859            1.9494673057959206            1.7405958087463578     
  0.13924766469970859            1.9494673057959206            1.9146553896209932     
  0.13924766469970859            1.9494673057959206            2.0887149704956292     
  0.13924766469970859            1.9494673057959206            2.2627745513702648     
  0.13924766469970859            1.9494673057959206            2.4368341322449010     
  0.13924766469970859            1.9494673057959206            2.6108937131195367     
  0.13924766469970859            1.9494673057959206            2.7849532939941724     
  0.13924766469970859            1.9494673057959206            2.9590128748688080     
  0.13924766469970859            1.9494673057959206            3.1330724557434433     
  0.13924766469970859            2.0887149704956292            0.0000000000000000     
  0.13924766469970859            2.0887149704956292           0.17405958087463577     
  0.13924766469970859            2.0887149704956292           0.34811916174927154     
  0.13924766469970859            2.0887149704956292           0.52217874262390729     
  0.13924766469970859            2.0887149704956292           0.69623832349854309     
  0.13924766469970859            2.0887149704956292           0.87029790437317889     
  0.13924766469970859            2.0887149704956292            1.0443574852478146     
  0.13924766469970859            2.0887149704956292            1.2184170661224505     
  0.13924766469970859            2.0887149704956292            1.3924766469970862     
  0.13924766469970859            2.0887149704956292            1.5665362278717216     
  0.13924766469970859            2.0887149704956292            1.7405958087463578     
  0.13924766469970859            2.0887149704956292            1.9146553896209932     
  0.13924766469970859            2.0887149704956292            2.0887149704956292     
  0.13924766469970859            2.0887149704956292            2.2627745513702648     
  0.13924766469970859            2.0887149704956292            2.4368341322449010     
  0.13924766469970859            2.0887149704956292            2.6108937131195367     
  0.13924766469970859            2.0887149704956292            2.7849532939941724     
  0.13924766469970859            2.0887149704956292            2.9590128748688080     
  0.13924766469970859            2.0887149704956292            3.1330724557434433     
  0.13924766469970859            2.2279626351953374            0.0000000000000000     
  0.13924766469970859            2.2279626351953374           0.17405958087463577     
  0.13924766469970859            2.2279626351953374           0.34811916174927154     
  0.13924766469970859            2.2279626351953374           0.52217874262390729     
  0.13924766469970859            2.2279626351953374           0.69623832349854309     
  0.13924766469970859            2.2279626351953374           0.87029790437317889     
  0.13924766469970859            2.2279626351953374            1.0443574852478146     
  0.13924766469970859            2.2279626351953374            1.2184170661224505     
  0.13924766469970859            2.2279626351953374            1.3924766469970862     
  0.13924766469970859            2.2279626351953374            1.5665362278717216     
  0.13924766469970859            2.2279626351953374            1.7405958087463578     
  0.13924766469970859            2.2279626351953374            1.9146553896209932     
  0.13924766469970859            2.2279626351953374            2.0887149704956292     
  0.13924766469970859            2.2279626351953374            2.2627745513702648     
  0.13924766469970859            2.2279626351953374            2.4368341322449010     
  0.13924766469970859            2.2279626351953374            2.6108937131195367     
  0.13924766469970859            2.2279626351953374            2.7849532939941724     
  0.13924766469970859            2.2279626351953374            2.9590128748688080     
  0.13924766469970859            2.2279626351953374            3.1330724557434433     
  0.13924766469970859            2.3672102998950462            0.0000000000000000     
  0.13924766469970859            2.3672102998950462           0.17405958087463577     
  0.13924766469970859            2.3672102998950462           0.34811916174927154     
  0.13924766469970859            2.3672102998950462           0.52217874262390729     
  0.13924766469970859            2.3672102998950462           0.69623832349854309     
  0.13924766469970859            2.3672102998950462           0.87029790437317889     
  0.13924766469970859            2.3672102998950462            1.0443574852478146     
  0.13924766469970859            2.3672102998950462            1.2184170661224505     
  0.13924766469970859            2.3672102998950462            1.3924766469970862     
  0.13924766469970859            2.3672102998950462            1.5665362278717216     
  0.13924766469970859            2.3672102998950462            1.7405958087463578     
  0.13924766469970859            2.3672102998950462            1.9146553896209932     
  0.13924766469970859            2.3672102998950462            2.0887149704956292     
  0.13924766469970859            2.3672102998950462            2.2627745513702648     
  0.13924766469970859            2.3672102998950462            2.4368341322449010     
  0.13924766469970859            2.3672102998950462            2.6108937131195367     
  0.13924766469970859            2.3672102998950462            2.7849532939941724     
  0.13924766469970859            2.3672102998950462            2.9590128748688080     
  0.13924766469970859            2.3672102998950462            3.1330724557434433     
  0.13924766469970859            2.5064579645947545            0.0000000000000000     
  0.13924766469970859            2.5064579645947545           0.17405958087463577     
  0.13924766469970859            2.5064579645947545           0.34811916174927154     
  0.13924766469970859            2.5064579645947545           0.52217874262390729     
  0.13924766469970859            2.5064579645947545           0.69623832349854309     
  0.13924766469970859            2.5064579645947545           0.87029790437317889     
  0.13924766469970859            2.5064579645947545            1.0443574852478146     
  0.13924766469970859            2.5064579645947545            1.2184170661224505     
  0.13924766469970859            2.5064579645947545            1.3924766469970862     
  0.13924766469970859            2.5064579645947545            1.5665362278717216     
  0.13924766469970859            2.5064579645947545            1.7405958087463578     
  0.13924766469970859            2.5064579645947545            1.9146553896209932     
  0.13924766469970859            2.5064579645947545            2.0887149704956292     
  0.13924766469970859            2.5064579645947545            2.2627745513702648     
  0.13924766469970859            2.5064579645947545            2.4368341322449010     
  0.13924766469970859            2.5064579645947545            2.6108937131195367     
  0.13924766469970859            2.5064579645947545            2.7849532939941724     
  0.13924766469970859            2.5064579645947545            2.9590128748688080     
  0.13924766469970859            2.5064579645947545            3.1330724557434433     
  0.27849532939941718            0.0000000000000000            0.0000000000000000     
  0.27849532939941718            0.0000000000000000           0.17405958087463577     
  0.27849532939941718            0.0000000000000000           0.34811916174927154     
  0.27849532939941718            0.0000000000000000           0.52217874262390729     
  0.27849532939941718            0.0000000000000000           0.69623832349854309     
  0.27849532939941718            0.0000000000000000           0.87029790437317889     
  0.27849532939941718            0.0000000000000000            1.0443574852478146     
  0.27849532939941718            0.0000000000000000            1.2184170661224505     
  0.27849532939941718            0.0000000000000000            1.3924766469970862     
  0.27849532939941718            0.0000000000000000            1.5665362278717216     
  0.27849532939941718            0.0000000000000000            1.7405958087463578     
  0.27849532939941718            0.0000000000000000            1.9146553896209932     
  0.27849532939941718            0.0000000000000000            2.0887149704956292     
  0.27849532939941718            0.0000000000000000            2.2627745513702648     
  0.27849532939941718            0.0000000000000000            2.4368341322449010     
  0.27849532939941718            0.0000000000000000            2.6108937131195367     
  0.27849532939941718            0.0000000000000000            2.7849532939941724     
  0.27849532939941718            0.0000000000000000            2.9590128748688080     
  0.27849532939941718            0.0000000000000000            3.1330724557434433     
  0.27849532939941718           0.13924766469970859            0.0000000000000000     
  0.27849532939941718           0.13924766469970859           0.17405958087463577     
  0.27849532939941718           0.13924766469970859           0.34811916174927154     
  0.27849532939941718           0.13924766469970859           0.52217874262390729     
  0.27849532939941718           0.13924766469970859           0.69623832349854309     
  0.27849532939941718           0.13924766469970859           0.87029790437317889     
  0.27849532939941718           0.13924766469970859            1.0443574852478146     
  0.27849532939941718           0.13924766469970859            1.2184170661224505     
  0.27849532939941718           0.13924766469970859            1.3924766469970862     
  0.27849532939941718           0.13924766469970859            1.5665362278717216     
  0.27849532939941718           0.13924766469970859            1.7405958087463578     
  0.27849532939941718           0.13924766469970859            1.9146553896209932     
  0.27849532939941718           0.13924766469970859            2.0887149704956292     
  0.27849532939941718           0.13924766469970859            2.2627745513702648     
  0.27849532939941718           0.13924766469970859            2.4368341322449010     
  0.27849532939941718           0.13924766469970859            2.6108937131195367     
  0.27849532939941718           0.13924766469970859            2.7849532939941724     
  0.27849532939941718           0.13924766469970859            2.9590128748688080     
  0.27849532939941718           0.13924766469970859            3.1330724557434433     
  0.27849532939941718           0.27849532939941718            0.0000000000000000     
  0.27849532939941718           0.27849532939941718           0.17405958087463577     
  0.27849532939941718           0.27849532939941718           0.34811916174927154     
  0.27849532939941718           0.27849532939941718           0.52217874262390729     
  0.27849532939941718           0.27849532939941718           0.69623832349854309     
  0.27849532939941718           0.27849532939941718           0.87029790437317889     
  0.27849532939941718           0.27849532939941718            1.0443574852478146     
  0.27849532939941718           0.27849532939941718            1.2184170661224505     
  0.27849532939941718           0.27849532939941718            1.3924766469970862     
  0.27849532939941718           0.27849532939941718            1.5665362278717216     
  0.27849532939941718           0.27849532939941718            1.7405958087463578     
  0.27849532939941718           0.27849532939941718            1.9146553896209932     
  0.27849532939941718           0.27849532939941718            2.0887149704956292     
  0.27849532939941718           0.27849532939941718            2.2627745513702648     
  0.27849532939941718           0.27849532939941718            2.4368341322449010     
  0.27849532939941718           0.27849532939941718            2.6108937131195367     
  0.27849532939941718           0.27849532939941718            2.7849532939941724     
  0.27849532939941718           0.27849532939941718            2.9590128748688080     
  0.27849532939941718           0.27849532939941718            3.1330724557434433     
  0.27849532939941718           0.41774299409912580            0.0000000000000000     
  0.27849532939941718           0.41774299409912580           0.17405958087463577     
  0.27849532939941718           0.41774299409912580           0.34811916174927154     
  0.27849532939941718           0.41774299409912580           0.52217874262390729     
  0.27849532939941718           0.41774299409912580           0.69623832349854309     
  0.27849532939941718           0.41774299409912580           0.87029790437317889     
  0.27849532939941718           0.41774299409912580            1.0443574852478146     
  0.27849532939941718           0.41774299409912580            1.2184170661224505     
  0.27849532939941718           0.41774299409912580            1.3924766469970862     
  0.27849532939941718           0.41774299409912580            1.5665362278717216     
  0.27849532939941718           0.41774299409912580            1.7405958087463578     
  0.27849532939941718           0.41774299409912580            1.9146553896209932     
  0.27849532939941718           0.41774299409912580            2.0887149704956292     
  0.27849532939941718           0.41774299409912580            2.2627745513702648     
  0.27849532939941718           0.41774299409912580            2.4368341322449010     
  0.27849532939941718           0.41774299409912580            2.6108937131195367     
  0.27849532939941718           0.41774299409912580            2.7849532939941724     
  0.27849532939941718           0.41774299409912580            2.9590128748688080     
  0.27849532939941718           0.41774299409912580            3.1330724557434433     
  0.27849532939941718           0.55699065879883436            0.0000000000000000     
  0.27849532939941718           0.55699065879883436           0.17405958087463577     
  0.27849532939941718           0.55699065879883436           0.34811916174927154     
  0.27849532939941718           0.55699065879883436           0.52217874262390729     
  0.27849532939941718           0.55699065879883436           0.69623832349854309     
  0.27849532939941718           0.55699065879883436           0.87029790437317889     
  0.27849532939941718           0.55699065879883436            1.0443574852478146     
  0.27849532939941718           0.55699065879883436            1.2184170661224505     
  0.27849532939941718           0.55699065879883436            1.3924766469970862     
  0.27849532939941718           0.55699065879883436            1.5665362278717216     
  0.27849532939941718           0.55699065879883436            1.7405958087463578     
  0.27849532939941718           0.55699065879883436            1.9146553896209932     
  0.27849532939941718           0.55699065879883436            2.0887149704956292     
  0.27849532939941718           0.55699065879883436            2.2627745513702648     
  0.27849532939941718           0.55699065879883436            2.4368341322449010     
  0.27849532939941718           0.55699065879883436            2.6108937131195367     
  0.27849532939941718           0.55699065879883436            2.7849532939941724     
  0.27849532939941718           0.55699065879883436            2.9590128748688080     
  0.27849532939941718           0.55699065879883436            3.1330724557434433     
  0.27849532939941718           0.69623832349854298            0.0000000000000000     
  0.27849532939941718           0.69623832349854298           0.17405958087463577     
  0.27849532939941718           0.69623832349854298           0.34811916174927154     
  0.27849532939941718           0.69623832349854298           0.52217874262390729     
  0.27849532939941718           0.69623832349854298           0.69623832349854309     
  0.27849532939941718           0.69623832349854298           0.87029790437317889     
  0.27849532939941718           0.69623832349854298            1.0443574852478146     
  0.27849532939941718           0.69623832349854298            1.2184170661224505     
  0.27849532939941718           0.69623832349854298            1.3924766469970862     
  0.27849532939941718           0.69623832349854298            1.5665362278717216     
  0.27849532939941718           0.69623832349854298            1.7405958087463578     
  0.27849532939941718           0.69623832349854298            1.9146553896209932     
  0.27849532939941718           0.69623832349854298            2.0887149704956292     
  0.27849532939941718           0.69623832349854298            2.2627745513702648     
  0.27849532939941718           0.69623832349854298            2.4368341322449010     
  0.27849532939941718           0.69623832349854298            2.6108937131195367     
  0.27849532939941718           0.69623832349854298            2.7849532939941724     
  0.27849532939941718           0.69623832349854298            2.9590128748688080     
  0.27849532939941718           0.69623832349854298            3.1330724557434433     
  0.27849532939941718           0.83548598819825159            0.0000000000000000     
  0.27849532939941718           0.83548598819825159           0.17405958087463577     
  0.27849532939941718           0.83548598819825159           0.34811916174927154     
  0.27849532939941718           0.83548598819825159           0.52217874262390729     
  0.27849532939941718           0.83548598819825159           0.69623832349854309     
  0.27849532939941718           0.83548598819825159           0.87029790437317889     
  0.27849532939941718           0.83548598819825159            1.0443574852478146     
  0.27849532939941718           0.83548598819825159            1.2184170661224505     
  0.27849532939941718           0.83548598819825159            1.3924766469970862     
  0.27849532939941718           0.83548598819825159            1.5665362278717216     
  0.27849532939941718           0.83548598819825159            1.7405958087463578     
  0.27849532939941718           0.83548598819825159            1.9146553896209932     
  0.27849532939941718           0.83548598819825159            2.0887149704956292     
  0.27849532939941718           0.83548598819825159            2.2627745513702648     
  0.27849532939941718           0.83548598819825159            2.4368341322449010     
  0.27849532939941718           0.83548598819825159            2.6108937131195367     
  0.27849532939941718           0.83548598819825159            2.7849532939941724     
  0.27849532939941718           0.83548598819825159            2.9590128748688080     
  0.27849532939941718           0.83548598819825159            3.1330724557434433     
  0.27849532939941718           0.97473365289796032            0.0000000000000000     
  0.27849532939941718           0.97473365289796032           0.17405958087463577     
  0.27849532939941718           0.97473365289796032           0.34811916174927154     
  0.27849532939941718           0.97473365289796032           0.52217874262390729     
  0.27849532939941718           0.97473365289796032           0.69623832349854309     
  0.27849532939941718           0.97473365289796032           0.87029790437317889     
  0.27849532939941718           0.97473365289796032            1.0443574852478146     
  0.27849532939941718           0.97473365289796032            1.2184170661224505     
  0.27849532939941718           0.97473365289796032            1.3924766469970862     
  0.27849532939941718           0.97473365289796032            1.5665362278717216     
  0.27849532939941718           0.97473365289796032            1.7405958087463578     
  0.27849532939941718           0.97473365289796032            1.9146553896209932     
  0.27849532939941718           0.97473365289796032            2.0887149704956292     
  0.27849532939941718           0.97473365289796032            2.2627745513702648     
  0.27849532939941718           0.97473365289796032            2.4368341322449010     
  0.27849532939941718           0.97473365289796032            2.6108937131195367     
  0.27849532939941718           0.97473365289796032            2.7849532939941724     
  0.27849532939941718           0.97473365289796032            2.9590128748688080     
  0.27849532939941718           0.97473365289796032            3.1330724557434433     
  0.27849532939941718            1.1139813175976687            0.0000000000000000     
  0.27849532939941718            1.1139813175976687           0.17405958087463577     
  0.27849532939941718            1.1139813175976687           0.34811916174927154     
  0.27849532939941718            1.1139813175976687           0.52217874262390729     
  0.27849532939941718            1.1139813175976687           0.69623832349854309     
  0.27849532939941718            1.1139813175976687           0.87029790437317889     
  0.27849532939941718            1.1139813175976687            1.0443574852478146     
  0.27849532939941718            1.1139813175976687            1.2184170661224505     
  0.27849532939941718            1.1139813175976687            1.3924766469970862     
  0.27849532939941718            1.1139813175976687            1.5665362278717216     
  0.27849532939941718            1.1139813175976687            1.7405958087463578     
  0.27849532939941718            1.1139813175976687            1.9146553896209932     
  0.27849532939941718            1.1139813175976687            2.0887149704956292     
  0.27849532939941718            1.1139813175976687            2.2627745513702648     
  0.27849532939941718            1.1139813175976687            2.4368341322449010     
  0.27849532939941718            1.1139813175976687            2.6108937131195367     
  0.27849532939941718            1.1139813175976687            2.7849532939941724     
  0.27849532939941718            1.1139813175976687            2.9590128748688080     
  0.27849532939941718            1.1139813175976687            3.1330724557434433     
  0.27849532939941718            1.2532289822973772            0.0000000000000000     
  0.27849532939941718            1.2532289822973772           0.17405958087463577     
  0.27849532939941718            1.2532289822973772           0.34811916174927154     
  0.27849532939941718            1.2532289822973772           0.52217874262390729     
  0.27849532939941718            1.2532289822973772           0.69623832349854309     
  0.27849532939941718            1.2532289822973772           0.87029790437317889     
  0.27849532939941718            1.2532289822973772            1.0443574852478146     
  0.27849532939941718            1.2532289822973772            1.2184170661224505     
  0.27849532939941718            1.2532289822973772            1.3924766469970862     
  0.27849532939941718            1.2532289822973772            1.5665362278717216     
  0.27849532939941718            1.2532289822973772            1.7405958087463578     
  0.27849532939941718            1.2532289822973772            1.9146553896209932     
  0.27849532939941718            1.2532289822973772            2.0887149704956292     
  0.27849532939941718            1.2532289822973772            2.2627745513702648     
  0.27849532939941718            1.2532289822973772            2.4368341322449010     
  0.27849532939941718            1.2532289822973772            2.6108937131195367     
  0.27849532939941718            1.2532289822973772            2.7849532939941724     
  0.27849532939941718            1.2532289822973772            2.9590128748688080     
  0.27849532939941718            1.2532289822973772            3.1330724557434433     
  0.27849532939941718            1.3924766469970860            0.0000000000000000     
  0.27849532939941718            1.3924766469970860           0.17405958087463577     
  0.27849532939941718            1.3924766469970860           0.34811916174927154     
  0.27849532939941718            1.3924766469970860           0.52217874262390729     
  0.27849532939941718            1.3924766469970860           0.69623832349854309     
  0.27849532939941718            1.3924766469970860           0.87029790437317889     
  0.27849532939941718            1.3924766469970860            1.0443574852478146     
  0.27849532939941718            1.3924766469970860            1.2184170661224505     
  0.27849532939941718            1.3924766469970860            1.3924766469970862     
  0.27849532939941718            1.3924766469970860            1.5665362278717216     
  0.27849532939941718            1.3924766469970860            1.7405958087463578     
  0.27849532939941718            1.3924766469970860            1.9146553896209932     
  0.27849532939941718            1.3924766469970860            2.0887149704956292     
  0.27849532939941718            1.3924766469970860            2.2627745513702648     
  0.27849532939941718            1.3924766469970860            2.4368341322449010     
  0.27849532939941718            1.3924766469970860            2.6108937131195367     
  0.27849532939941718            1.3924766469970860            2.7849532939941724     
  0.27849532939941718            1.3924766469970860            2.9590128748688080     
  0.27849532939941718            1.3924766469970860            3.1330724557434433     
  0.27849532939941718            1.5317243116967947            0.0000000000000000     
  0.27849532939941718            1.5317243116967947           0.17405958087463577     
  0.27849532939941718            1.5317243116967947           0.34811916174927154     
  0.27849532939941718            1.5317243116967947           0.52217874262390729     
  0.27849532939941718            1.5317243116967947           0.69623832349854309     
  0.27849532939941718            1.5317243116967947           0.87029790437317889     
  0.27849532939941718            1.5317243116967947            1.0443574852478146     
  0.27849532939941718            1.5317243116967947            1.2184170661224505     
  0.27849532939941718            1.5317243116967947            1.3924766469970862     
  0.27849532939941718            1.5317243116967947            1.5665362278717216     
  0.27849532939941718            1.5317243116967947            1.7405958087463578     
  0.27849532939941718            1.5317243116967947            1.9146553896209932     
  0.27849532939941718            1.5317243116967947            2.0887149704956292     
  0.27849532939941718            1.5317243116967947            2.2627745513702648     
  0.27849532939941718            1.5317243116967947            2.4368341322449010     
  0.27849532939941718            1.5317243116967947            2.6108937131195367     
  0.27849532939941718            1.5317243116967947            2.7849532939941724     
  0.27849532939941718            1.5317243116967947            2.9590128748688080     
  0.27849532939941718            1.5317243116967947            3.1330724557434433     
  0.27849532939941718            1.6709719763965032            0.0000000000000000     
  0.27849532939941718            1.6709719763965032           0.17405958087463577     
  0.27849532939941718            1.6709719763965032           0.34811916174927154     
  0.27849532939941718            1.6709719763965032           0.52217874262390729     
  0.27849532939941718            1.6709719763965032           0.69623832349854309     
  0.27849532939941718            1.6709719763965032           0.87029790437317889     
  0.27849532939941718            1.6709719763965032            1.0443574852478146     
  0.27849532939941718            1.6709719763965032            1.2184170661224505     
  0.27849532939941718            1.6709719763965032            1.3924766469970862     
  0.27849532939941718            1.6709719763965032            1.5665362278717216     
  0.27849532939941718            1.6709719763965032            1.7405958087463578     
  0.27849532939941718            1.6709719763965032            1.9146553896209932     
  0.27849532939941718            1.6709719763965032            2.0887149704956292     
  0.27849532939941718            1.6709719763965032            2.2627745513702648     
  0.27849532939941718            1.6709719763965032            2.4368341322449010     
  0.27849532939941718            1.6709719763965032            2.6108937131195367     
  0.27849532939941718            1.6709719763965032            2.7849532939941724     
  0.27849532939941718            1.6709719763965032            2.9590128748688080     
  0.27849532939941718            1.6709719763965032            3.1330724557434433     
  0.27849532939941718            1.8102196410962119            0.0000000000000000     
  0.27849532939941718            1.8102196410962119           0.17405958087463577     
  0.27849532939941718            1.8102196410962119           0.34811916174927154     
  0.27849532939941718            1.8102196410962119           0.52217874262390729     
  0.27849532939941718            1.8102196410962119           0.69623832349854309     
  0.27849532939941718            1.8102196410962119           0.87029790437317889     
  0.27849532939941718            1.8102196410962119            1.0443574852478146     
  0.27849532939941718            1.8102196410962119            1.2184170661224505     
  0.27849532939941718            1.8102196410962119            1.3924766469970862     
  0.27849532939941718            1.8102196410962119            1.5665362278717216     
  0.27849532939941718            1.8102196410962119            1.7405958087463578     
  0.27849532939941718            1.8102196410962119            1.9146553896209932     
  0.27849532939941718            1.8102196410962119            2.0887149704956292     
  0.27849532939941718            1.8102196410962119            2.2627745513702648     
  0.27849532939941718            1.8102196410962119            2.4368341322449010     
  0.27849532939941718            1.8102196410962119            2.6108937131195367     
  0.27849532939941718            1.8102196410962119            2.7849532939941724     
  0.27849532939941718            1.8102196410962119            2.9590128748688080     
  0.27849532939941718            1.8102196410962119            3.1330724557434433     
  0.27849532939941718            1.9494673057959206            0.0000000000000000     
  0.27849532939941718            1.9494673057959206           0.17405958087463577     
  0.27849532939941718            1.9494673057959206           0.34811916174927154     
  0.27849532939941718            1.9494673057959206           0.52217874262390729     
  0.27849532939941718            1.9494673057959206           0.69623832349854309     
  0.27849532939941718            1.9494673057959206           0.87029790437317889     
  0.27849532939941718            1.9494673057959206            1.0443574852478146     
  0.27849532939941718            1.9494673057959206            1.2184170661224505     
  0.27849532939941718            1.9494673057959206            1.3924766469970862     
  0.27849532939941718            1.9494673057959206            1.5665362278717216     
  0.27849532939941718            1.9494673057959206            1.7405958087463578     
  0.27849532939941718            1.9494673057959206            1.9146553896209932     
  0.27849532939941718            1.9494673057959206            2.0887149704956292     
  0.27849532939941718            1.9494673057959206            2.2627745513702648     
  0.27849532939941718            1.9494673057959206            2.4368341322449010     
  0.27849532939941718            1.9494673057959206            2.6108937131195367     
  0.27849532939941718            1.9494673057959206            2.7849532939941724     
  0.27849532939941718            1.9494673057959206            2.9590128748688080     
  0.27849532939941718            1.9494673057959206            3.1330724557434433     
  0.27849532939941718            2.0887149704956292            0.0000000000000000     
  0.27849532939941718            2.0887149704956292           0.17405958087463577     
  0.27849532939941718            2.0887149704956292           0.34811916174927154     
  0.27849532939941718            2.0887149704956292           0.52217874262390729     
  0.27849532939941718            2.0887149704956292           0.69623832349854309     
  0.27849532939941718            2.0887149704956292           0.87029790437317889     
  0.27849532939941718            2.0887149704956292            1.0443574852478146     
  0.27849532939941718            2.0887149704956292            1.2184170661224505     
  0.27849532939941718            2.0887149704956292            1.3924766469970862     
  0.27849532939941718            2.0887149704956292            1.5665362278717216     
  0.27849532939941718            2.0887149704956292            1.7405958087463578     
  0.27849532939941718            2.0887149704956292            1.9146553896209932     
  0.27849532939941718            2.0887149704956292            2.0887149704956292     
  0.27849532939941718            2.0887149704956292            2.2627745513702648     
  0.27849532939941718            2.0887149704956292            2.4368341322449010     
  0.27849532939941718            2.0887149704956292            2.6108937131195367     
  0.27849532939941718            2.0887149704956292            2.7849532939941724     
  0.27849532939941718            2.0887149704956292            2.9590128748688080     
  0.27849532939941718            2.0887149704956292            3.1330724557434433     
  0.27849532939941718            2.2279626351953374            0.0000000000000000     
  0.27849532939941718            2.2279626351953374           0.17405958087463577     
  0.27849532939941718            2.2279626351953374           0.34811916174927154     
  0.27849532939941718            2.2279626351953374           0.52217874262390729     
  0.27849532939941718            2.2279626351953374           0.69623832349854309     
  0.27849532939941718            2.2279626351953374           0.87029790437317889     
  0.27849532939941718            2.2279626351953374            1.0443574852478146     
  0.27849532939941718            2.2279626351953374            1.2184170661224505     
  0.27849532939941718            2.2279626351953374            1.3924766469970862     
  0.27849532939941718            2.2279626351953374            1.5665362278717216     
  0.27849532939941718            2.2279626351953374            1.7405958087463578     
  0.27849532939941718            2.2279626351953374            1.9146553896209932     
  0.27849532939941718            2.2279626351953374            2.0887149704956292     
  0.27849532939941718            2.2279626351953374            2.2627745513702648     
  0.27849532939941718            2.2279626351953374            2.4368341322449010     
  0.27849532939941718            2.2279626351953374            2.6108937131195367     
  0.27849532939941718            2.2279626351953374            2.7849532939941724     
  0.27849532939941718            2.2279626351953374            2.9590128748688080     
  0.27849532939941718            2.2279626351953374            3.1330724557434433     
  0.27849532939941718            2.3672102998950462            0.0000000000000000     
  0.27849532939941718            2.3672102998950462           0.17405958087463577     
  0.27849532939941718            2.3672102998950462           0.34811916174927154     
  0.27849532939941718            2.3672102998950462           0.52217874262390729     
  0.27849532939941718            2.3672102998950462           0.69623832349854309     
  0.27849532939941718            2.3672102998950462           0.87029790437317889     
  0.27849532939941718            2.3672102998950462            1.0443574852478146     
  0.27849532939941718            2.3672102998950462            1.2184170661224505     
  0.27849532939941718            2.3672102998950462            1.3924766469970862     
  0.27849532939941718            2.3672102998950462            1.5665362278717216     
  0.27849532939941718            2.3672102998950462            1.7405958087463578     
  0.27849532939941718            2.3672102998950462            1.9146553896209932     
  0.27849532939941718            2.3672102998950462            2.0887149704956292     
  0.27849532939941718            2.3672102998950462            2.2627745513702648     
  0.27849532939941718            2.3672102998950462            2.4368341322449010     
  0.27849532939941718            2.3672102998950462            2.6108937131195367     
  0.27849532939941718            2.3672102998950462            2.7849532939941724     
  0.27849532939941718            2.3672102998950462            2.9590128748688080     
  0.27849532939941718            2.3672102998950462            3.1330724557434433     
  0.27849532939941718            2.5064579645947545            0.0000000000000000     
  0.27849532939941718            2.5064579645947545           0.17405958087463577     
  0.27849532939941718            2.5064579645947545           0.34811916174927154     
  0.27849532939941718            2.5064579645947545           0.52217874262390729     
  0.27849532939941718            2.5064579645947545           0.69623832349854309     
  0.27849532939941718            2.5064579645947545           0.87029790437317889     
  0.27849532939941718            2.5064579645947545            1.0443574852478146     
  0.27849532939941718            2.5064579645947545            1.2184170661224505     
  0.27849532939941718            2.5064579645947545            1.3924766469970862     
  0.27849532939941718            2.5064579645947545            1.5665362278717216     
  0.27849532939941718            2.5064579645947545            1.7405958087463578     
  0.27849532939941718            2.5064579645947545            1.9146553896209932     
  0.27849532939941718            2.5064579645947545            2.0887149704956292     
  0.27849532939941718            2.5064579645947545            2.2627745513702648     
  0.27849532939941718            2.5064579645947545            2.4368341322449010     
  0.27849532939941718            2.5064579645947545            2.6108937131195367     
  0.27849532939941718            2.5064579645947545            2.7849532939941724     
  0.27849532939941718            2.5064579645947545            2.9590128748688080     
  0.27849532939941718            2.5064579645947545            3.1330724557434433     
  0.41774299409912580            0.0000000000000000            0.0000000000000000     
  0.41774299409912580            0.0000000000000000           0.17405958087463577     
  0.41774299409912580            0.0000000000000000           0.34811916174927154     
  0.41774299409912580            0.0000000000000000           0.52217874262390729     
  0.41774299409912580            0.0000000000000000           0.69623832349854309     
  0.41774299409912580            0.0000000000000000           0.87029790437317889     
  0.41774299409912580            0.0000000000000000            1.0443574852478146     
  0.41774299409912580            0.0000000000000000            1.2184170661224505     
  0.41774299409912580            0.0000000000000000            1.3924766469970862     
  0.41774299409912580            0.0000000000000000            1.5665362278717216     
  0.41774299409912580            0.0000000000000000            1.7405958087463578     
  0.41774299409912580            0.0000000000000000            1.9146553896209932     
  0.41774299409912580            0.0000000000000000            2.0887149704956292     
  0.41774299409912580            0.0000000000000000            2.2627745513702648     
  0.41774299409912580            0.0000000000000000            2.4368341322449010     
  0.41774299409912580            0.0000000000000000            2.6108937131195367     
  0.41774299409912580            0.0000000000000000            2.7849532939941724     
  0.41774299409912580            0.0000000000000000            2.9590128748688080     
  0.41774299409912580            0.0000000000000000            3.1330724557434433     
  0.41774299409912580           0.13924766469970859            0.0000000000000000     
  0.41774299409912580           0.13924766469970859           0.17405958087463577     
  0.41774299409912580           0.13924766469970859           0.34811916174927154     
  0.41774299409912580           0.13924766469970859           0.52217874262390729     
  0.41774299409912580           0.13924766469970859           0.69623832349854309     
  0.41774299409912580           0.13924766469970859           0.87029790437317889     
  0.41774299409912580           0.13924766469970859            1.0443574852478146     
  0.41774299409912580           0.13924766469970859            1.2184170661224505     
  0.41774299409912580           0.13924766469970859            1.3924766469970862     
  0.41774299409912580           0.13924766469970859            1.5665362278717216     
  0.41774299409912580           0.13924766469970859            1.7405958087463578     
  0.41774299409912580           0.13924766469970859            1.9146553896209932     
  0.41774299409912580           0.13924766469970859            2.0887149704956292     
  0.41774299409912580           0.13924766469970859            2.2627745513702648     
  0.41774299409912580           0.13924766469970859            2.4368341322449010     
  0.41774299409912580           0.13924766469970859            2.6108937131195367     
  0.41774299409912580           0.13924766469970859            2.7849532939941724     
  0.41774299409912580           0.13924766469970859            2.9590128748688080     
  0.41774299409912580           0.13924766469970859            3.1330724557434433     
  0.41774299409912580           0.27849532939941718            0.0000000000000000     
  0.41774299409912580           0.27849532939941718           0.17405958087463577     
  0.41774299409912580           0.27849532939941718           0.34811916174927154     
  0.41774299409912580           0.27849532939941718           0.52217874262390729     
  0.41774299409912580           0.27849532939941718           0.69623832349854309     
  0.41774299409912580           0.27849532939941718           0.87029790437317889     
  0.41774299409912580           0.27849532939941718            1.0443574852478146     
  0.41774299409912580           0.27849532939941718            1.2184170661224505     
  0.41774299409912580           0.27849532939941718            1.3924766469970862     
  0.41774299409912580           0.27849532939941718            1.5665362278717216     
  0.41774299409912580           0.27849532939941718            1.7405958087463578     
  0.41774299409912580           0.27849532939941718            1.9146553896209932     
  0.41774299409912580           0.27849532939941718            2.0887149704956292     
  0.41774299409912580           0.27849532939941718            2.2627745513702648     
  0.41774299409912580           0.27849532939941718            2.4368341322449010     
  0.41774299409912580           0.27849532939941718            2.6108937131195367     
  0.41774299409912580           0.27849532939941718            2.7849532939941724     
  0.41774299409912580           0.27849532939941718            2.9590128748688080     
  0.41774299409912580           0.27849532939941718            3.1330724557434433     
  0.41774299409912580           0.41774299409912580            0.0000000000000000     
  0.41774299409912580           0.41774299409912580           0.17405958087463577     
  0.41774299409912580           0.41774299409912580           0.34811916174927154     
  0.41774299409912580           0.41774299409912580           0.52217874262390729     
  0.41774299409912580           0.41774299409912580           0.69623832349854309     
  0.41774299409912580           0.41774299409912580           0.87029790437317889     
  0.41774299409912580           0.41774299409912580            1.0443574852478146     
  0.41774299409912580           0.41774299409912580            1.2184170661224505     
  0.41774299409912580           0.41774299409912580            1.3924766469970862     
  0.41774299409912580           0.41774299409912580            1.5665362278717216     
  0.41774299409912580           0.41774299409912580            1.7405958087463578     
  0.41774299409912580           0.41774299409912580            1.9146553896209932     
  0.41774299409912580           0.41774299409912580            2.0887149704956292     
  0.41774299409912580           0.41774299409912580            2.2627745513702648     
  0.41774299409912580           0.41774299409912580            2.4368341322449010     
  0.41774299409912580           0.41774299409912580            2.6108937131195367     
  0.41774299409912580           0.41774299409912580            2.7849532939941724     
  0.41774299409912580           0.41774299409912580            2.9590128748688080     
  0.41774299409912580           0.41774299409912580            3.1330724557434433     
  0.41774299409912580           0.55699065879883436            0.0000000000000000     
  0.41774299409912580           0.55699065879883436           0.17405958087463577     
  0.41774299409912580           0.55699065879883436           0.34811916174927154     
  0.41774299409912580           0.55699065879883436           0.52217874262390729     
  0.41774299409912580           0.55699065879883436           0.69623832349854309     
  0.41774299409912580           0.55699065879883436           0.87029790437317889     
  0.41774299409912580           0.55699065879883436            1.0443574852478146     
  0.41774299409912580           0.55699065879883436            1.2184170661224505     
  0.41774299409912580           0.55699065879883436            1.3924766469970862     
  0.41774299409912580           0.55699065879883436            1.5665362278717216     
  0.41774299409912580           0.55699065879883436            1.7405958087463578     
  0.41774299409912580           0.55699065879883436            1.9146553896209932     
  0.41774299409912580           0.55699065879883436            2.0887149704956292     
  0.41774299409912580           0.55699065879883436            2.2627745513702648     
  0.41774299409912580           0.55699065879883436            2.4368341322449010     
  0.41774299409912580           0.55699065879883436            2.6108937131195367     
  0.41774299409912580           0.55699065879883436            2.7849532939941724     
  0.41774299409912580           0.55699065879883436            2.9590128748688080     
  0.41774299409912580           0.55699065879883436            3.1330724557434433     
  0.41774299409912580           0.69623832349854298            0.0000000000000000     
  0.41774299409912580           0.69623832349854298           0.17405958087463577     
  0.41774299409912580           0.69623832349854298           0.34811916174927154     
  0.41774299409912580           0.69623832349854298           0.52217874262390729     
  0.41774299409912580           0.69623832349854298           0.69623832349854309     
  0.41774299409912580           0.69623832349854298           0.87029790437317889     
  0.41774299409912580           0.69623832349854298            1.0443574852478146     
  0.41774299409912580           0.69623832349854298            1.2184170661224505     
  0.41774299409912580           0.69623832349854298            1.3924766469970862     
  0.41774299409912580           0.69623832349854298            1.5665362278717216     
  0.41774299409912580           0.69623832349854298            1.7405958087463578     
  0.41774299409912580           0.69623832349854298            1.9146553896209932     
  0.41774299409912580           0.69623832349854298            2.0887149704956292     
  0.41774299409912580           0.69623832349854298            2.2627745513702648     
  0.41774299409912580           0.69623832349854298            2.4368341322449010     
  0.41774299409912580           0.69623832349854298            2.6108937131195367     
  0.41774299409912580           0.69623832349854298            2.7849532939941724     
  0.41774299409912580           0.69623832349854298            2.9590128748688080     
  0.41774299409912580           0.69623832349854298            3.1330724557434433     
  0.41774299409912580           0.83548598819825159            0.0000000000000000     
  0.41774299409912580           0.83548598819825159           0.17405958087463577     
  0.41774299409912580           0.83548598819825159           0.34811916174927154     
  0.41774299409912580           0.83548598819825159           0.52217874262390729     
  0.41774299409912580           0.83548598819825159           0.69623832349854309     
  0.41774299409912580           0.83548598819825159           0.87029790437317889     
  0.41774299409912580           0.83548598819825159            1.0443574852478146     
  0.41774299409912580           0.83548598819825159            1.2184170661224505     
  0.41774299409912580           0.83548598819825159            1.3924766469970862     
  0.41774299409912580           0.83548598819825159            1.5665362278717216     
  0.41774299409912580           0.83548598819825159            1.7405958087463578     
  0.41774299409912580           0.83548598819825159            1.9146553896209932     
  0.41774299409912580           0.83548598819825159            2.0887149704956292     
  0.41774299409912580           0.83548598819825159            2.2627745513702648     
  0.41774299409912580           0.83548598819825159            2.4368341322449010     
  0.41774299409912580           0.83548598819825159            2.6108937131195367     
  0.41774299409912580           0.83548598819825159            2.7849532939941724     
  0.41774299409912580           0.83548598819825159            2.9590128748688080     
  0.41774299409912580           0.83548598819825159            3.1330724557434433     
  0.41774299409912580           0.97473365289796032            0.0000000000000000     
  0.41774299409912580           0.97473365289796032           0.17405958087463577     
  0.41774299409912580           0.97473365289796032           0.34811916174927154     
  0.41774299409912580           0.97473365289796032           0.52217874262390729     
  0.41774299409912580           0.97473365289796032           0.69623832349854309     
  0.41774299409912580           0.97473365289796032           0.87029790437317889     
  0.41774299409912580           0.97473365289796032            1.0443574852478146     
  0.41774299409912580           0.97473365289796032            1.2184170661224505     
  0.41774299409912580           0.97473365289796032            1.3924766469970862     
  0.41774299409912580           0.97473365289796032            1.5665362278717216     
  0.41774299409912580           0.97473365289796032            1.7405958087463578     
  0.41774299409912580           0.97473365289796032            1.9146553896209932     
  0.41774299409912580           0.97473365289796032            2.0887149704956292     
  0.41774299409912580           0.97473365289796032            2.2627745513702648     
  0.41774299409912580           0.97473365289796032            2.4368341322449010     
  0.41774299409912580           0.97473365289796032            2.6108937131195367     
  0.41774299409912580           0.97473365289796032            2.7849532939941724     
  0.41774299409912580           0.97473365289796032            2.9590128748688080     
  0.41774299409912580           0.97473365289796032            3.1330724557434433     
  0.41774299409912580            1.1139813175976687            0.0000000000000000     
  0.41774299409912580            1.1139813175976687           0.17405958087463577     
  0.41774299409912580            1.1139813175976687           0.34811916174927154     
  0.41774299409912580            1.1139813175976687           0.52217874262390729     
  0.41774299409912580            1.1139813175976687           0.69623832349854309     
  0.41774299409912580            1.1139813175976687           0.87029790437317889     
  0.41774299409912580            1.1139813175976687            1.0443574852478146     
  0.41774299409912580            1.1139813175976687            1.2184170661224505     
  0.41774299409912580            1.1139813175976687            1.3924766469970862     
  0.41774299409912580            1.1139813175976687            1.5665362278717216     
  0.41774299409912580            1.1139813175976687            1.7405958087463578     
  0.41774299409912580            1.1139813175976687            1.9146553896209932     
  0.41774299409912580            1.1139813175976687            2.0887149704956292     
  0.41774299409912580            1.1139813175976687            2.2627745513702648     
  0.41774299409912580            1.1139813175976687            2.4368341322449010     
  0.41774299409912580            1.1139813175976687            2.6108937131195367     
  0.41774299409912580            1.1139813175976687            2.7849532939941724     
  0.41774299409912580            1.1139813175976687            2.9590128748688080     
  0.41774299409912580            1.1139813175976687            3.1330724557434433     
  0.41774299409912580            1.2532289822973772            0.0000000000000000     
  0.41774299409912580            1.2532289822973772           0.17405958087463577     
  0.41774299409912580            1.2532289822973772           0.34811916174927154     
  0.41774299409912580            1.2532289822973772           0.52217874262390729     
  0.41774299409912580            1.2532289822973772           0.69623832349854309     
  0.41774299409912580            1.2532289822973772           0.87029790437317889     
  0.41774299409912580            1.2532289822973772            1.0443574852478146     
  0.41774299409912580            1.2532289822973772            1.2184170661224505     
  0.41774299409912580            1.2532289822973772            1.3924766469970862     
  0.41774299409912580            1.2532289822973772            1.5665362278717216     
  0.41774299409912580            1.2532289822973772            1.7405958087463578     
  0.41774299409912580            1.2532289822973772            1.9146553896209932     
  0.41774299409912580            1.2532289822973772            2.0887149704956292     
  0.41774299409912580            1.2532289822973772            2.2627745513702648     
  0.41774299409912580            1.2532289822973772            2.4368341322449010     
  0.41774299409912580            1.2532289822973772            2.6108937131195367     
  0.41774299409912580            1.2532289822973772            2.7849532939941724     
  0.41774299409912580            1.2532289822973772            2.9590128748688080     
  0.41774299409912580            1.2532289822973772            3.1330724557434433     
  0.41774299409912580            1.3924766469970860            0.0000000000000000     
  0.41774299409912580            1.3924766469970860           0.17405958087463577     
  0.41774299409912580            1.3924766469970860           0.34811916174927154     
  0.41774299409912580            1.3924766469970860           0.52217874262390729     
  0.41774299409912580            1.3924766469970860           0.69623832349854309     
  0.41774299409912580            1.3924766469970860           0.87029790437317889     
  0.41774299409912580            1.3924766469970860            1.0443574852478146     
  0.41774299409912580            1.3924766469970860            1.2184170661224505     
  0.41774299409912580            1.3924766469970860            1.3924766469970862     
  0.41774299409912580            1.3924766469970860            1.5665362278717216     
  0.41774299409912580            1.3924766469970860            1.7405958087463578     
  0.41774299409912580            1.3924766469970860            1.9146553896209932     
  0.41774299409912580            1.3924766469970860            2.0887149704956292     
  0.41774299409912580            1.3924766469970860            2.2627745513702648     
  0.41774299409912580            1.3924766469970860            2.4368341322449010     
  0.41774299409912580            1.3924766469970860            2.6108937131195367     
  0.41774299409912580            1.3924766469970860            2.7849532939941724     
  0.41774299409912580            1.3924766469970860            2.9590128748688080     
  0.41774299409912580            1.3924766469970860            3.1330724557434433     
  0.41774299409912580            1.5317243116967947            0.0000000000000000     
  0.41774299409912580            1.5317243116967947           0.17405958087463577     
  0.41774299409912580            1.5317243116967947           0.34811916174927154     
  0.41774299409912580            1.5317243116967947           0.52217874262390729     
  0.41774299409912580            1.5317243116967947           0.69623832349854309     
  0.41774299409912580            1.5317243116967947           0.87029790437317889     
  0.41774299409912580            1.5317243116967947            1.0443574852478146     
  0.41774299409912580            1.5317243116967947            1.2184170661224505     
  0.41774299409912580            1.5317243116967947            1.3924766469970862     
  0.41774299409912580            1.5317243116967947            1.5665362278717216     
  0.41774299409912580            1.5317243116967947            1.7405958087463578     
  0.41774299409912580            1.5317243116967947            1.9146553896209932     
  0.41774299409912580            1.5317243116967947            2.0887149704956292     
  0.41774299409912580            1.5317243116967947            2.2627745513702648     
  0.41774299409912580            1.5317243116967947            2.4368341322449010     
  0.41774299409912580            1.5317243116967947            2.6108937131195367     
  0.41774299409912580            1.5317243116967947            2.7849532939941724     
  0.41774299409912580            1.5317243116967947            2.9590128748688080     
  0.41774299409912580            1.5317243116967947            3.1330724557434433     
  0.41774299409912580            1.6709719763965032            0.0000000000000000     
  0.41774299409912580            1.6709719763965032           0.17405958087463577     
  0.41774299409912580            1.6709719763965032           0.34811916174927154     
  0.41774299409912580            1.6709719763965032           0.52217874262390729     
  0.41774299409912580            1.6709719763965032           0.69623832349854309     
  0.41774299409912580            1.6709719763965032           0.87029790437317889     
  0.41774299409912580            1.6709719763965032            1.0443574852478146     
  0.41774299409912580            1.6709719763965032            1.2184170661224505     
  0.41774299409912580            1.6709719763965032            1.3924766469970862     
  0.41774299409912580            1.6709719763965032            1.5665362278717216     
  0.41774299409912580            1.6709719763965032            1.7405958087463578     
  0.41774299409912580            1.6709719763965032            1.9146553896209932     
  0.41774299409912580            1.6709719763965032            2.0887149704956292     
  0.41774299409912580            1.6709719763965032            2.2627745513702648     
  0.41774299409912580            1.6709719763965032            2.4368341322449010     
  0.41774299409912580            1.6709719763965032            2.6108937131195367     
  0.41774299409912580            1.6709719763965032            2.7849532939941724     
  0.41774299409912580            1.6709719763965032            2.9590128748688080     
  0.41774299409912580            1.6709719763965032            3.1330724557434433     
  0.41774299409912580            1.8102196410962119            0.0000000000000000     
  0.41774299409912580            1.8102196410962119           0.17405958087463577     
  0.41774299409912580            1.8102196410962119           0.34811916174927154     
  0.41774299409912580            1.8102196410962119           0.52217874262390729     
  0.41774299409912580            1.8102196410962119           0.69623832349854309     
  0.41774299409912580            1.8102196410962119           0.87029790437317889     
  0.41774299409912580            1.8102196410962119            1.0443574852478146     
  0.41774299409912580            1.8102196410962119            1.2184170661224505     
  0.41774299409912580            1.8102196410962119            1.3924766469970862     
  0.41774299409912580            1.8102196410962119            1.5665362278717216     
  0.41774299409912580            1.8102196410962119            1.7405958087463578     
  0.41774299409912580            1.8102196410962119            1.9146553896209932     
  0.41774299409912580            1.8102196410962119            2.0887149704956292     
  0.41774299409912580            1.8102196410962119            2.2627745513702648     
  0.41774299409912580            1.8102196410962119            2.4368341322449010     
  0.41774299409912580            1.8102196410962119            2.6108937131195367     
  0.41774299409912580            1.8102196410962119            2.7849532939941724     
  0.41774299409912580            1.8102196410962119            2.9590128748688080     
  0.41774299409912580            1.8102196410962119            3.1330724557434433     
  0.41774299409912580            1.9494673057959206            0.0000000000000000     
  0.41774299409912580            1.9494673057959206           0.17405958087463577     
  0.41774299409912580            1.9494673057959206           0.34811916174927154     
  0.41774299409912580            1.9494673057959206           0.52217874262390729     
  0.41774299409912580            1.9494673057959206           0.69623832349854309     
  0.41774299409912580            1.9494673057959206           0.87029790437317889     
  0.41774299409912580            1.9494673057959206            1.0443574852478146     
  0.41774299409912580            1.9494673057959206            1.2184170661224505     
  0.41774299409912580            1.9494673057959206            1.3924766469970862     
  0.41774299409912580            1.9494673057959206            1.5665362278717216     
  0.41774299409912580            1.9494673057959206            1.7405958087463578     
  0.41774299409912580            1.9494673057959206            1.9146553896209932     
  0.41774299409912580            1.9494673057959206            2.0887149704956292     
  0.41774299409912580            1.9494673057959206            2.2627745513702648     
  0.41774299409912580            1.9494673057959206            2.4368341322449010     
  0.41774299409912580            1.9494673057959206            2.6108937131195367     
  0.41774299409912580            1.9494673057959206            2.7849532939941724     
  0.41774299409912580            1.9494673057959206            2.9590128748688080     
  0.41774299409912580            1.9494673057959206            3.1330724557434433     
  0.41774299409912580            2.0887149704956292            0.0000000000000000     
  0.41774299409912580            2.0887149704956292           0.17405958087463577     
  0.41774299409912580            2.0887149704956292           0.34811916174927154     
  0.41774299409912580            2.0887149704956292           0.52217874262390729     
  0.41774299409912580            2.0887149704956292           0.69623832349854309     
  0.41774299409912580            2.0887149704956292           0.87029790437317889     
  0.41774299409912580            2.0887149704956292            1.0443574852478146     
  0.41774299409912580            2.0887149704956292            1.2184170661224505     
  0.41774299409912580            2.0887149704956292            1.3924766469970862     
  0.41774299409912580            2.0887149704956292            1.5665362278717216     
  0.41774299409912580            2.0887149704956292            1.7405958087463578     
  0.41774299409912580            2.0887149704956292            1.9146553896209932     
  0.41774299409912580            2.0887149704956292            2.0887149704956292     
  0.41774299409912580            2.0887149704956292            2.2627745513702648     
  0.41774299409912580            2.0887149704956292            2.4368341322449010     
  0.41774299409912580            2.0887149704956292            2.6108937131195367     
  0.41774299409912580            2.0887149704956292            2.7849532939941724     
  0.41774299409912580            2.0887149704956292            2.9590128748688080     
  0.41774299409912580            2.0887149704956292            3.1330724557434433     
  0.41774299409912580            2.2279626351953374            0.0000000000000000     
  0.41774299409912580            2.2279626351953374           0.17405958087463577     
  0.41774299409912580            2.2279626351953374           0.34811916174927154     
  0.41774299409912580            2.2279626351953374           0.52217874262390729     
  0.41774299409912580            2.2279626351953374           0.69623832349854309     
  0.41774299409912580            2.2279626351953374           0.87029790437317889     
  0.41774299409912580            2.2279626351953374            1.0443574852478146     
  0.41774299409912580            2.2279626351953374            1.2184170661224505     
  0.41774299409912580            2.2279626351953374            1.3924766469970862     
  0.41774299409912580            2.2279626351953374            1.5665362278717216     
  0.41774299409912580            2.2279626351953374            1.7405958087463578     
  0.41774299409912580            2.2279626351953374            1.9146553896209932     
  0.41774299409912580            2.2279626351953374            2.0887149704956292     
  0.41774299409912580            2.2279626351953374            2.2627745513702648     
  0.41774299409912580            2.2279626351953374            2.4368341322449010     
  0.41774299409912580            2.2279626351953374            2.6108937131195367     
  0.41774299409912580            2.2279626351953374            2.7849532939941724     
  0.41774299409912580            2.2279626351953374            2.9590128748688080     
  0.41774299409912580            2.2279626351953374            3.1330724557434433     
  0.41774299409912580            2.3672102998950462            0.0000000000000000     
  0.41774299409912580            2.3672102998950462           0.17405958087463577     
  0.41774299409912580            2.3672102998950462           0.34811916174927154     
  0.41774299409912580            2.3672102998950462           0.52217874262390729     
  0.41774299409912580            2.3672102998950462           0.69623832349854309     
  0.41774299409912580            2.3672102998950462           0.87029790437317889     
  0.41774299409912580            2.3672102998950462            1.0443574852478146     
  0.41774299409912580            2.3672102998950462            1.2184170661224505     
  0.41774299409912580            2.3672102998950462            1.3924766469970862     
  0.41774299409912580            2.3672102998950462            1.5665362278717216     
  0.41774299409912580            2.3672102998950462            1.7405958087463578     
  0.41774299409912580            2.3672102998950462            1.9146553896209932     
  0.41774299409912580            2.3672102998950462            2.0887149704956292     
  0.41774299409912580            2.3672102998950462            2.2627745513702648     
  0.41774299409912580            2.3672102998950462            2.4368341322449010     
  0.41774299409912580            2.3672102998950462            2.6108937131195367     
  0.41774299409912580            2.3672102998950462            2.7849532939941724     
  0.41774299409912580            2.3672102998950462            2.9590128748688080     
  0.41774299409912580            2.3672102998950462            3.1330724557434433     
  0.41774299409912580            2.5064579645947545            0.0000000000000000     
  0.41774299409912580            2.5064579645947545           0.17405958087463577     
  0.41774299409912580            2.5064579645947545           0.34811916174927154     
  0.41774299409912580            2.5064579645947545           0.52217874262390729     
  0.41774299409912580            2.5064579645947545           0.69623832349854309     
  0.41774299409912580            2.5064579645947545           0.87029790437317889     
  0.41774299409912580            2.5064579645947545            1.0443574852478146     
  0.41774299409912580            2.5064579645947545            1.2184170661224505     
  0.41774299409912580            2.5064579645947545            1.3924766469970862     
  0.41774299409912580            2.5064579645947545            1.5665362278717216     
  0.41774299409912580            2.5064579645947545            1.7405958087463578     
  0.41774299409912580            2.5064579645947545            1.9146553896209932     
  0.41774299409912580            2.5064579645947545            2.0887149704956292     
  0.41774299409912580            2.5064579645947545            2.2627745513702648     
  0.41774299409912580            2.5064579645947545            2.4368341322449010     
  0.41774299409912580            2.5064579645947545            2.6108937131195367     
  0.41774299409912580            2.5064579645947545            2.7849532939941724     
  0.41774299409912580            2.5064579645947545            2.9590128748688080     
  0.41774299409912580            2.5064579645947545            3.1330724557434433     
  0.55699065879883436            0.0000000000000000            0.0000000000000000     
  0.55699065879883436            0.0000000000000000           0.17405958087463577     
  0.55699065879883436            0.0000000000000000           0.34811916174927154     
  0.55699065879883436            0.0000000000000000           0.52217874262390729     
  0.55699065879883436            0.0000000000000000           0.69623832349854309     
  0.55699065879883436            0.0000000000000000           0.87029790437317889     
  0.55699065879883436            0.0000000000000000            1.0443574852478146     
  0.55699065879883436            0.0000000000000000            1.2184170661224505     
  0.55699065879883436            0.0000000000000000            1.3924766469970862     
  0.55699065879883436            0.0000000000000000            1.5665362278717216     
  0.55699065879883436            0.0000000000000000            1.7405958087463578     
  0.55699065879883436            0.0000000000000000            1.9146553896209932     
  0.55699065879883436            0.0000000000000000            2.0887149704956292     
  0.55699065879883436            0.0000000000000000            2.2627745513702648     
  0.55699065879883436            0.0000000000000000            2.4368341322449010     
  0.55699065879883436            0.0000000000000000            2.6108937131195367     
  0.55699065879883436            0.0000000000000000            2.7849532939941724     
  0.55699065879883436            0.0000000000000000            2.9590128748688080     
  0.55699065879883436            0.0000000000000000            3.1330724557434433     
  0.55699065879883436           0.13924766469970859            0.0000000000000000     
  0.55699065879883436           0.13924766469970859           0.17405958087463577     
  0.55699065879883436           0.13924766469970859           0.34811916174927154     
  0.55699065879883436           0.13924766469970859           0.52217874262390729     
  0.55699065879883436           0.13924766469970859           0.69623832349854309     
  0.55699065879883436           0.13924766469970859           0.87029790437317889     
  0.55699065879883436           0.13924766469970859            1.0443574852478146     
  0.55699065879883436           0.13924766469970859            1.2184170661224505     
  0.55699065879883436           0.13924766469970859            1.3924766469970862     
  0.55699065879883436           0.13924766469970859            1.5665362278717216     
  0.55699065879883436           0.13924766469970859            1.7405958087463578     
  0.55699065879883436           0.13924766469970859            1.9146553896209932     
  0.55699065879883436           0.13924766469970859            2.0887149704956292     
  0.55699065879883436           0.13924766469970859            2.2627745513702648     
  0.55699065879883436           0.13924766469970859            2.4368341322449010     
  0.55699065879883436           0.13924766469970859            2.6108937131195367     
  0.55699065879883436           0.13924766469970859            2.7849532939941724     
  0.55699065879883436           0.13924766469970859            2.9590128748688080     
  0.55699065879883436           0.13924766469970859            3.1330724557434433     
  0.55699065879883436           0.27849532939941718            0.0000000000000000     
  0.55699065879883436           0.27849532939941718           0.17405958087463577     
  0.55699065879883436           0.27849532939941718           0.34811916174927154     
  0.55699065879883436           0.27849532939941718           0.52217874262390729     
  0.55699065879883436           0.27849532939941718           0.69623832349854309     
  0.55699065879883436           0.27849532939941718           0.87029790437317889     
  0.55699065879883436           0.27849532939941718            1.0443574852478146     
  0.55699065879883436           0.27849532939941718            1.2184170661224505     
  0.55699065879883436           0.27849532939941718            1.3924766469970862     
  0.55699065879883436           0.27849532939941718            1.5665362278717216     
  0.55699065879883436           0.27849532939941718            1.7405958087463578     
  0.55699065879883436           0.27849532939941718            1.9146553896209932     
  0.55699065879883436           0.27849532939941718            2.0887149704956292     
  0.55699065879883436           0.27849532939941718            2.2627745513702648     
  0.55699065879883436           0.27849532939941718            2.4368341322449010     
  0.55699065879883436           0.27849532939941718            2.6108937131195367     
  0.55699065879883436           0.27849532939941718            2.7849532939941724     
  0.55699065879883436           0.27849532939941718            2.9590128748688080     
  0.55699065879883436           0.27849532939941718            3.1330724557434433     
  0.55699065879883436           0.41774299409912580            0.0000000000000000     
  0.55699065879883436           0.41774299409912580           0.17405958087463577     
  0.55699065879883436           0.41774299409912580           0.34811916174927154     
  0.55699065879883436           0.41774299409912580           0.52217874262390729     
  0.55699065879883436           0.41774299409912580           0.69623832349854309     
  0.55699065879883436           0.41774299409912580           0.87029790437317889     
  0.55699065879883436           0.41774299409912580            1.0443574852478146     
  0.55699065879883436           0.41774299409912580            1.2184170661224505     
  0.55699065879883436           0.41774299409912580            1.3924766469970862     
  0.55699065879883436           0.41774299409912580            1.5665362278717216     
  0.55699065879883436           0.41774299409912580            1.7405958087463578     
  0.55699065879883436           0.41774299409912580            1.9146553896209932     
  0.55699065879883436           0.41774299409912580            2.0887149704956292     
  0.55699065879883436           0.41774299409912580            2.2627745513702648     
  0.55699065879883436           0.41774299409912580            2.4368341322449010     
  0.55699065879883436           0.41774299409912580            2.6108937131195367     
  0.55699065879883436           0.41774299409912580            2.7849532939941724     
  0.55699065879883436           0.41774299409912580            2.9590128748688080     
  0.55699065879883436           0.41774299409912580            3.1330724557434433     
  0.55699065879883436           0.55699065879883436            0.0000000000000000     
  0.55699065879883436           0.55699065879883436           0.17405958087463577     
  0.55699065879883436           0.55699065879883436           0.34811916174927154     
  0.55699065879883436           0.55699065879883436           0.52217874262390729     
  0.55699065879883436           0.55699065879883436           0.69623832349854309     
  0.55699065879883436           0.55699065879883436           0.87029790437317889     
  0.55699065879883436           0.55699065879883436            1.0443574852478146     
  0.55699065879883436           0.55699065879883436            1.2184170661224505     
  0.55699065879883436           0.55699065879883436            1.3924766469970862     
  0.55699065879883436           0.55699065879883436            1.5665362278717216     
  0.55699065879883436           0.55699065879883436            1.7405958087463578     
  0.55699065879883436           0.55699065879883436            1.9146553896209932     
  0.55699065879883436           0.55699065879883436            2.0887149704956292     
  0.55699065879883436           0.55699065879883436            2.2627745513702648     
  0.55699065879883436           0.55699065879883436            2.4368341322449010     
  0.55699065879883436           0.55699065879883436            2.6108937131195367     
  0.55699065879883436           0.55699065879883436            2.7849532939941724     
  0.55699065879883436           0.55699065879883436            2.9590128748688080     
  0.55699065879883436           0.55699065879883436            3.1330724557434433     
  0.55699065879883436           0.69623832349854298            0.0000000000000000     
  0.55699065879883436           0.69623832349854298           0.17405958087463577     
  0.55699065879883436           0.69623832349854298           0.34811916174927154     
  0.55699065879883436           0.69623832349854298           0.52217874262390729     
  0.55699065879883436           0.69623832349854298           0.69623832349854309     
  0.55699065879883436           0.69623832349854298           0.87029790437317889     
  0.55699065879883436           0.69623832349854298            1.0443574852478146     
  0.55699065879883436           0.69623832349854298            1.2184170661224505     
  0.55699065879883436           0.69623832349854298            1.3924766469970862     
  0.55699065879883436           0.69623832349854298            1.5665362278717216     
  0.55699065879883436           0.69623832349854298            1.7405958087463578     
  0.55699065879883436           0.69623832349854298            1.9146553896209932     
  0.55699065879883436           0.69623832349854298            2.0887149704956292     
  0.55699065879883436           0.69623832349854298            2.2627745513702648     
  0.55699065879883436           0.69623832349854298            2.4368341322449010     
  0.55699065879883436           0.69623832349854298            2.6108937131195367     
  0.55699065879883436           0.69623832349854298            2.7849532939941724     
  0.55699065879883436           0.69623832349854298            2.9590128748688080     
  0.55699065879883436           0.69623832349854298            3.1330724557434433     
  0.55699065879883436           0.83548598819825159            0.0000000000000000     
  0.55699065879883436           0.83548598819825159           0.17405958087463577     
  0.55699065879883436           0.83548598819825159           0.34811916174927154     
  0.55699065879883436           0.83548598819825159           0.52217874262390729     
  0.55699065879883436           0.83548598819825159           0.69623832349854309     
  0.55699065879883436           0.83548598819825159           0.87029790437317889     
  0.55699065879883436           0.83548598819825159            1.0443574852478146     
  0.55699065879883436           0.83548598819825159            1.2184170661224505     
  0.55699065879883436           0.83548598819825159            1.3924766469970862     
  0.55699065879883436           0.83548598819825159            1.5665362278717216     
  0.55699065879883436           0.83548598819825159            1.7405958087463578     
  0.55699065879883436           0.83548598819825159            1.9146553896209932     
  0.55699065879883436           0.83548598819825159            2.0887149704956292     
  0.55699065879883436           0.83548598819825159            2.2627745513702648     
  0.55699065879883436           0.83548598819825159            2.4368341322449010     
  0.55699065879883436           0.83548598819825159            2.6108937131195367     
  0.55699065879883436           0.83548598819825159            2.7849532939941724     
  0.55699065879883436           0.83548598819825159            2.9590128748688080     
  0.55699065879883436           0.83548598819825159            3.1330724557434433     
  0.55699065879883436           0.97473365289796032            0.0000000000000000     
  0.55699065879883436           0.97473365289796032           0.17405958087463577     
  0.55699065879883436           0.97473365289796032           0.34811916174927154     
  0.55699065879883436           0.97473365289796032           0.52217874262390729     
  0.55699065879883436           0.97473365289796032           0.69623832349854309     
  0.55699065879883436           0.97473365289796032           0.87029790437317889     
  0.55699065879883436           0.97473365289796032            1.0443574852478146     
  0.55699065879883436           0.97473365289796032            1.2184170661224505     
  0.55699065879883436           0.97473365289796032            1.3924766469970862     
  0.55699065879883436           0.97473365289796032            1.5665362278717216     
  0.55699065879883436           0.97473365289796032            1.7405958087463578     
  0.55699065879883436           0.97473365289796032            1.9146553896209932     
  0.55699065879883436           0.97473365289796032            2.0887149704956292     
  0.55699065879883436           0.97473365289796032            2.2627745513702648     
  0.55699065879883436           0.97473365289796032            2.4368341322449010     
  0.55699065879883436           0.97473365289796032            2.6108937131195367     
  0.55699065879883436           0.97473365289796032            2.7849532939941724     
  0.55699065879883436           0.97473365289796032            2.9590128748688080     
  0.55699065879883436           0.97473365289796032            3.1330724557434433     
  0.55699065879883436            1.1139813175976687            0.0000000000000000     
  0.55699065879883436            1.1139813175976687           0.17405958087463577     
  0.55699065879883436            1.1139813175976687           0.34811916174927154     
  0.55699065879883436            1.1139813175976687           0.52217874262390729     
  0.55699065879883436            1.1139813175976687           0.69623832349854309     
  0.55699065879883436            1.1139813175976687           0.87029790437317889     
  0.55699065879883436            1.1139813175976687            1.0443574852478146     
  0.55699065879883436            1.1139813175976687            1.2184170661224505     
  0.55699065879883436            1.1139813175976687            1.3924766469970862     
  0.55699065879883436            1.1139813175976687            1.5665362278717216     
  0.55699065879883436            1.1139813175976687            1.7405958087463578     
  0.55699065879883436            1.1139813175976687            1.9146553896209932     
  0.55699065879883436            1.1139813175976687            2.0887149704956292     
  0.55699065879883436            1.1139813175976687            2.2627745513702648     
  0.55699065879883436            1.1139813175976687            2.4368341322449010     
  0.55699065879883436            1.1139813175976687            2.6108937131195367     
  0.55699065879883436            1.1139813175976687            2.7849532939941724     
  0.55699065879883436            1.1139813175976687            2.9590128748688080     
  0.55699065879883436            1.1139813175976687            3.1330724557434433     
  0.55699065879883436            1.2532289822973772            0.0000000000000000     
  0.55699065879883436            1.2532289822973772           0.17405958087463577     
  0.55699065879883436            1.2532289822973772           0.34811916174927154     
  0.55699065879883436            1.2532289822973772           0.52217874262390729     
  0.55699065879883436            1.2532289822973772           0.69623832349854309     
  0.55699065879883436            1.2532289822973772           0.87029790437317889     
  0.55699065879883436            1.2532289822973772            1.0443574852478146     
  0.55699065879883436            1.2532289822973772            1.2184170661224505     
  0.55699065879883436            1.2532289822973772            1.3924766469970862     
  0.55699065879883436            1.2532289822973772            1.5665362278717216     
  0.55699065879883436            1.2532289822973772            1.7405958087463578     
  0.55699065879883436            1.2532289822973772            1.9146553896209932     
  0.55699065879883436            1.2532289822973772            2.0887149704956292     
  0.55699065879883436            1.2532289822973772            2.2627745513702648     
  0.55699065879883436            1.2532289822973772            2.4368341322449010     
  0.55699065879883436            1.2532289822973772            2.6108937131195367     
  0.55699065879883436            1.2532289822973772            2.7849532939941724     
  0.55699065879883436            1.2532289822973772            2.9590128748688080     
  0.55699065879883436            1.2532289822973772            3.1330724557434433     
  0.55699065879883436            1.3924766469970860            0.0000000000000000     
  0.55699065879883436            1.3924766469970860           0.17405958087463577     
  0.55699065879883436            1.3924766469970860           0.34811916174927154     
  0.55699065879883436            1.3924766469970860           0.52217874262390729     
  0.55699065879883436            1.3924766469970860           0.69623832349854309     
  0.55699065879883436            1.3924766469970860           0.87029790437317889     
  0.55699065879883436            1.3924766469970860            1.0443574852478146     
  0.55699065879883436            1.3924766469970860            1.2184170661224505     
  0.55699065879883436            1.3924766469970860            1.3924766469970862     
  0.55699065879883436            1.3924766469970860            1.5665362278717216     
  0.55699065879883436            1.3924766469970860            1.7405958087463578     
  0.55699065879883436            1.3924766469970860            1.9146553896209932     
  0.55699065879883436            1.3924766469970860            2.0887149704956292     
  0.55699065879883436            1.3924766469970860            2.2627745513702648     
  0.55699065879883436            1.3924766469970860            2.4368341322449010     
  0.55699065879883436            1.3924766469970860            2.6108937131195367     
  0.55699065879883436            1.3924766469970860            2.7849532939941724     
  0.55699065879883436            1.3924766469970860            2.9590128748688080     
  0.55699065879883436            1.3924766469970860            3.1330724557434433     
  0.55699065879883436            1.5317243116967947            0.0000000000000000     
  0.55699065879883436            1.5317243116967947           0.17405958087463577     
  0.55699065879883436            1.5317243116967947           0.34811916174927154     
  0.55699065879883436            1.5317243116967947           0.52217874262390729     
  0.55699065879883436            1.5317243116967947           0.69623832349854309     
  0.55699065879883436            1.5317243116967947           0.87029790437317889     
  0.55699065879883436            1.5317243116967947            1.0443574852478146     
  0.55699065879883436            1.5317243116967947            1.2184170661224505     
  0.55699065879883436            1.5317243116967947            1.3924766469970862     
  0.55699065879883436            1.5317243116967947            1.5665362278717216     
  0.55699065879883436            1.5317243116967947            1.7405958087463578     
  0.55699065879883436            1.5317243116967947            1.9146553896209932     
  0.55699065879883436            1.5317243116967947            2.0887149704956292     
  0.55699065879883436            1.5317243116967947            2.2627745513702648     
  0.55699065879883436            1.5317243116967947            2.4368341322449010     
  0.55699065879883436            1.5317243116967947            2.6108937131195367     
  0.55699065879883436            1.5317243116967947            2.7849532939941724     
  0.55699065879883436            1.5317243116967947            2.9590128748688080     
  0.55699065879883436            1.5317243116967947            3.1330724557434433     
  0.55699065879883436            1.6709719763965032            0.0000000000000000     
  0.55699065879883436            1.6709719763965032           0.17405958087463577     
  0.55699065879883436            1.6709719763965032           0.34811916174927154     
  0.55699065879883436            1.6709719763965032           0.52217874262390729     
  0.55699065879883436            1.6709719763965032           0.69623832349854309     
  0.55699065879883436            1.6709719763965032           0.87029790437317889     
  0.55699065879883436            1.6709719763965032            1.0443574852478146     
  0.55699065879883436            1.6709719763965032            1.2184170661224505     
  0.55699065879883436            1.6709719763965032            1.3924766469970862     
  0.55699065879883436            1.6709719763965032            1.5665362278717216     
  0.55699065879883436            1.6709719763965032            1.7405958087463578     
  0.55699065879883436            1.6709719763965032            1.9146553896209932     
  0.55699065879883436            1.6709719763965032            2.0887149704956292     
  0.55699065879883436            1.6709719763965032            2.2627745513702648     
  0.55699065879883436            1.6709719763965032            2.4368341322449010     
  0.55699065879883436            1.6709719763965032            2.6108937131195367     
  0.55699065879883436            1.6709719763965032            2.7849532939941724     
  0.55699065879883436            1.6709719763965032            2.9590128748688080     
  0.55699065879883436            1.6709719763965032            3.1330724557434433     
  0.55699065879883436            1.8102196410962119            0.0000000000000000     
  0.55699065879883436            1.8102196410962119           0.17405958087463577     
  0.55699065879883436            1.8102196410962119           0.34811916174927154     
  0.55699065879883436            1.8102196410962119           0.52217874262390729     
  0.55699065879883436            1.8102196410962119           0.69623832349854309     
  0.55699065879883436            1.8102196410962119           0.87029790437317889     
  0.55699065879883436            1.8102196410962119            1.0443574852478146     
  0.55699065879883436            1.8102196410962119            1.2184170661224505     
  0.55699065879883436            1.8102196410962119            1.3924766469970862     
  0.55699065879883436            1.8102196410962119            1.5665362278717216     
  0.55699065879883436            1.8102196410962119            1.7405958087463578     
  0.55699065879883436            1.8102196410962119            1.9146553896209932     
  0.55699065879883436            1.8102196410962119            2.0887149704956292     
  0.55699065879883436            1.8102196410962119            2.2627745513702648     
  0.55699065879883436            1.8102196410962119            2.4368341322449010     
  0.55699065879883436            1.8102196410962119            2.6108937131195367     
  0.55699065879883436            1.8102196410962119            2.7849532939941724     
  0.55699065879883436            1.8102196410962119            2.9590128748688080     
  0.55699065879883436            1.8102196410962119            3.1330724557434433     
  0.55699065879883436            1.9494673057959206            0.0000000000000000     
  0.55699065879883436            1.9494673057959206           0.17405958087463577     
  0.55699065879883436            1.9494673057959206           0.34811916174927154     
  0.55699065879883436            1.9494673057959206           0.52217874262390729     
  0.55699065879883436            1.9494673057959206           0.69623832349854309     
  0.55699065879883436            1.9494673057959206           0.87029790437317889     
  0.55699065879883436            1.9494673057959206            1.0443574852478146     
  0.55699065879883436            1.9494673057959206            1.2184170661224505     
  0.55699065879883436            1.9494673057959206            1.3924766469970862     
  0.55699065879883436            1.9494673057959206            1.5665362278717216     
  0.55699065879883436            1.9494673057959206            1.7405958087463578     
  0.55699065879883436            1.9494673057959206            1.9146553896209932     
  0.55699065879883436            1.9494673057959206            2.0887149704956292     
  0.55699065879883436            1.9494673057959206            2.2627745513702648     
  0.55699065879883436            1.9494673057959206            2.4368341322449010     
  0.55699065879883436            1.9494673057959206            2.6108937131195367     
  0.55699065879883436            1.9494673057959206            2.7849532939941724     
  0.55699065879883436            1.9494673057959206            2.9590128748688080     
  0.55699065879883436            1.9494673057959206            3.1330724557434433     
  0.55699065879883436            2.0887149704956292            0.0000000000000000     
  0.55699065879883436            2.0887149704956292           0.17405958087463577     
  0.55699065879883436            2.0887149704956292           0.34811916174927154     
  0.55699065879883436            2.0887149704956292           0.52217874262390729     
  0.55699065879883436            2.0887149704956292           0.69623832349854309     
  0.55699065879883436            2.0887149704956292           0.87029790437317889     
  0.55699065879883436            2.0887149704956292            1.0443574852478146     
  0.55699065879883436            2.0887149704956292            1.2184170661224505     
  0.55699065879883436            2.0887149704956292            1.3924766469970862     
  0.55699065879883436            2.0887149704956292            1.5665362278717216     
  0.55699065879883436            2.0887149704956292            1.7405958087463578     
  0.55699065879883436            2.0887149704956292            1.9146553896209932     
  0.55699065879883436            2.0887149704956292            2.0887149704956292     
  0.55699065879883436            2.0887149704956292            2.2627745513702648     
  0.55699065879883436            2.0887149704956292            2.4368341322449010     
  0.55699065879883436            2.0887149704956292            2.6108937131195367     
  0.55699065879883436            2.0887149704956292            2.7849532939941724     
  0.55699065879883436            2.0887149704956292            2.9590128748688080     
  0.55699065879883436            2.0887149704956292            3.1330724557434433     
  0.55699065879883436            2.2279626351953374            0.0000000000000000     
  0.55699065879883436            2.2279626351953374           0.17405958087463577     
  0.55699065879883436            2.2279626351953374           0.34811916174927154     
  0.55699065879883436            2.2279626351953374           0.52217874262390729     
  0.55699065879883436            2.2279626351953374           0.69623832349854309     
  0.55699065879883436            2.2279626351953374           0.87029790437317889     
  0.55699065879883436            2.2279626351953374            1.0443574852478146     
  0.55699065879883436            2.2279626351953374            1.2184170661224505     
  0.55699065879883436            2.2279626351953374            1.3924766469970862     
  0.55699065879883436            2.2279626351953374            1.5665362278717216     
  0.55699065879883436            2.2279626351953374            1.7405958087463578     
  0.55699065879883436            2.2279626351953374            1.9146553896209932     
  0.55699065879883436            2.2279626351953374            2.0887149704956292     
  0.55699065879883436            2.2279626351953374            2.2627745513702648     
  0.55699065879883436            2.2279626351953374            2.4368341322449010     
  0.55699065879883436            2.2279626351953374            2.6108937131195367     
  0.55699065879883436            2.2279626351953374            2.7849532939941724     
  0.55699065879883436            2.2279626351953374            2.9590128748688080     
  0.55699065879883436            2.2279626351953374            3.1330724557434433     
  0.55699065879883436            2.3672102998950462            0.0000000000000000     
  0.55699065879883436            2.3672102998950462           0.17405958087463577     
  0.55699065879883436            2.3672102998950462           0.34811916174927154     
  0.55699065879883436            2.3672102998950462           0.52217874262390729     
  0.55699065879883436            2.3672102998950462           0.69623832349854309     
  0.55699065879883436            2.3672102998950462           0.87029790437317889     
  0.55699065879883436            2.3672102998950462            1.0443574852478146     
  0.55699065879883436            2.3672102998950462            1.2184170661224505     
  0.55699065879883436            2.3672102998950462            1.3924766469970862     
  0.55699065879883436            2.3672102998950462            1.5665362278717216     
  0.55699065879883436            2.3672102998950462            1.7405958087463578     
  0.55699065879883436            2.3672102998950462            1.9146553896209932     
  0.55699065879883436            2.3672102998950462            2.0887149704956292     
  0.55699065879883436            2.3672102998950462            2.2627745513702648     
  0.55699065879883436            2.3672102998950462            2.4368341322449010     
  0.55699065879883436            2.3672102998950462            2.6108937131195367     
  0.55699065879883436            2.3672102998950462            2.7849532939941724     
  0.55699065879883436            2.3672102998950462            2.9590128748688080     
  0.55699065879883436            2.3672102998950462            3.1330724557434433     
  0.55699065879883436            2.5064579645947545            0.0000000000000000     
  0.55699065879883436            2.5064579645947545           0.17405958087463577     
  0.55699065879883436            2.5064579645947545           0.34811916174927154     
  0.55699065879883436            2.5064579645947545           0.52217874262390729     
  0.55699065879883436            2.5064579645947545           0.69623832349854309     
  0.55699065879883436            2.5064579645947545           0.87029790437317889     
  0.55699065879883436            2.5064579645947545            1.0443574852478146     
  0.55699065879883436            2.5064579645947545            1.2184170661224505     
  0.55699065879883436            2.5064579645947545            1.3924766469970862     
  0.55699065879883436            2.5064579645947545            1.5665362278717216     
  0.55699065879883436            2.5064579645947545            1.7405958087463578     
  0.55699065879883436            2.5064579645947545            1.9146553896209932     
  0.55699065879883436            2.5064579645947545            2.0887149704956292     
  0.55699065879883436            2.5064579645947545            2.2627745513702648     
  0.55699065879883436            2.5064579645947545            2.4368341322449010     
  0.55699065879883436            2.5064579645947545            2.6108937131195367     
  0.55699065879883436            2.5064579645947545            2.7849532939941724     
  0.55699065879883436            2.5064579645947545            2.9590128748688080     
  0.55699065879883436            2.5064579645947545            3.1330724557434433     
  0.69623832349854298            0.0000000000000000            0.0000000000000000     
  0.69623832349854298            0.0000000000000000           0.17405958087463577     
  0.69623832349854298            0.0000000000000000           0.34811916174927154     
  0.69623832349854298            0.0000000000000000           0.52217874262390729     
  0.69623832349854298            0.0000000000000000           0.69623832349854309     
  0.69623832349854298            0.0000000000000000           0.87029790437317889     
  0.69623832349854298            0.0000000000000000            1.0443574852478146     
  0.69623832349854298            0.0000000000000000            1.2184170661224505     
  0.69623832349854298            0.0000000000000000            1.3924766469970862     
  0.69623832349854298            0.0000000000000000            1.5665362278717216     
  0.69623832349854298            0.0000000000000000            1.7405958087463578     
  0.69623832349854298            0.0000000000000000            1.9146553896209932     
  0.69623832349854298            0.0000000000000000            2.0887149704956292     
  0.69623832349854298            0.0000000000000000            2.2627745513702648     
  0.69623832349854298            0.0000000000000000            2.4368341322449010     
  0.69623832349854298            0.0000000000000000            2.6108937131195367     
  0.69623832349854298            0.0000000000000000            2.7849532939941724     
  0.69623832349854298            0.0000000000000000            2.9590128748688080     
  0.69623832349854298            0.0000000000000000            3.1330724557434433     
  0.69623832349854298           0.13924766469970859            0.0000000000000000     
  0.69623832349854298           0.13924766469970859           0.17405958087463577     
  0.69623832349854298           0.13924766469970859           0.34811916174927154     
  0.69623832349854298           0.13924766469970859           0.52217874262390729     
  0.69623832349854298           0.13924766469970859           0.69623832349854309     
  0.69623832349854298           0.13924766469970859           0.87029790437317889     
  0.69623832349854298           0.13924766469970859            1.0443574852478146     
  0.69623832349854298           0.13924766469970859            1.2184170661224505     
  0.69623832349854298           0.13924766469970859            1.3924766469970862     
  0.69623832349854298           0.13924766469970859            1.5665362278717216     
  0.69623832349854298           0.13924766469970859            1.7405958087463578     
  0.69623832349854298           0.13924766469970859            1.9146553896209932     
  0.69623832349854298           0.13924766469970859            2.0887149704956292     
  0.69623832349854298           0.13924766469970859            2.2627745513702648     
  0.69623832349854298           0.13924766469970859            2.4368341322449010     
  0.69623832349854298           0.13924766469970859            2.6108937131195367     
  0.69623832349854298           0.13924766469970859            2.7849532939941724     
  0.69623832349854298           0.13924766469970859            2.9590128748688080     
  0.69623832349854298           0.13924766469970859            3.1330724557434433     
  0.69623832349854298           0.27849532939941718            0.0000000000000000     
  0.69623832349854298           0.27849532939941718           0.17405958087463577     
  0.69623832349854298           0.27849532939941718           0.34811916174927154     
  0.69623832349854298           0.27849532939941718           0.52217874262390729     
  0.69623832349854298           0.27849532939941718           0.69623832349854309     
  0.69623832349854298           0.27849532939941718           0.87029790437317889     
  0.69623832349854298           0.27849532939941718            1.0443574852478146     
  0.69623832349854298           0.27849532939941718            1.2184170661224505     
  0.69623832349854298           0.27849532939941718            1.3924766469970862     
  0.69623832349854298           0.27849532939941718            1.5665362278717216     
  0.69623832349854298           0.27849532939941718            1.7405958087463578     
  0.69623832349854298           0.27849532939941718            1.9146553896209932     
  0.69623832349854298           0.27849532939941718            2.0887149704956292     
  0.69623832349854298           0.27849532939941718            2.2627745513702648     
  0.69623832349854298           0.27849532939941718            2.4368341322449010     
  0.69623832349854298           0.27849532939941718            2.6108937131195367     
  0.69623832349854298           0.27849532939941718            2.7849532939941724     
  0.69623832349854298           0.27849532939941718            2.9590128748688080     
  0.69623832349854298           0.27849532939941718            3.1330724557434433     
  0.69623832349854298           0.41774299409912580            0.0000000000000000     
  0.69623832349854298           0.41774299409912580           0.17405958087463577     
  0.69623832349854298           0.41774299409912580           0.34811916174927154     
  0.69623832349854298           0.41774299409912580           0.52217874262390729     
  0.69623832349854298           0.41774299409912580           0.69623832349854309     
  0.69623832349854298           0.41774299409912580           0.87029790437317889     
  0.69623832349854298           0.41774299409912580            1.0443574852478146     
  0.69623832349854298           0.41774299409912580            1.2184170661224505     
  0.69623832349854298           0.41774299409912580            1.3924766469970862     
  0.69623832349854298           0.41774299409912580            1.5665362278717216     
  0.69623832349854298           0.41774299409912580            1.7405958087463578     
  0.69623832349854298           0.41774299409912580            1.9146553896209932     
  0.69623832349854298           0.41774299409912580            2.0887149704956292     
  0.69623832349854298           0.41774299409912580            2.2627745513702648     
  0.69623832349854298           0.41774299409912580            2.4368341322449010     
  0.69623832349854298           0.41774299409912580            2.6108937131195367     
  0.69623832349854298           0.41774299409912580            2.7849532939941724     
  0.69623832349854298           0.41774299409912580            2.9590128748688080     
  0.69623832349854298           0.41774299409912580            3.1330724557434433     
  0.69623832349854298           0.55699065879883436            0.0000000000000000     
  0.69623832349854298           0.55699065879883436           0.17405958087463577     
  0.69623832349854298           0.55699065879883436           0.34811916174927154     
  0.69623832349854298           0.55699065879883436           0.52217874262390729     
  0.69623832349854298           0.55699065879883436           0.69623832349854309     
  0.69623832349854298           0.55699065879883436           0.87029790437317889     
  0.69623832349854298           0.55699065879883436            1.0443574852478146     
  0.69623832349854298           0.55699065879883436            1.2184170661224505     
  0.69623832349854298           0.55699065879883436            1.3924766469970862     
  0.69623832349854298           0.55699065879883436            1.5665362278717216     
  0.69623832349854298           0.55699065879883436            1.7405958087463578     
  0.69623832349854298           0.55699065879883436            1.9146553896209932     
  0.69623832349854298           0.55699065879883436            2.0887149704956292     
  0.69623832349854298           0.55699065879883436            2.2627745513702648     
  0.69623832349854298           0.55699065879883436            2.4368341322449010     
  0.69623832349854298           0.55699065879883436            2.6108937131195367     
  0.69623832349854298           0.55699065879883436            2.7849532939941724     
  0.69623832349854298           0.55699065879883436            2.9590128748688080     
  0.69623832349854298           0.55699065879883436            3.1330724557434433     
  0.69623832349854298           0.69623832349854298            0.0000000000000000     
  0.69623832349854298           0.69623832349854298           0.17405958087463577     
  0.69623832349854298           0.69623832349854298           0.34811916174927154     
  0.69623832349854298           0.69623832349854298           0.52217874262390729     
  0.69623832349854298           0.69623832349854298           0.69623832349854309     
  0.69623832349854298           0.69623832349854298           0.87029790437317889     
  0.69623832349854298           0.69623832349854298            1.0443574852478146     
  0.69623832349854298           0.69623832349854298            1.2184170661224505     
  0.69623832349854298           0.69623832349854298            1.3924766469970862     
  0.69623832349854298           0.69623832349854298            1.5665362278717216     
  0.69623832349854298           0.69623832349854298            1.7405958087463578     
  0.69623832349854298           0.69623832349854298            1.9146553896209932     
  0.69623832349854298           0.69623832349854298            2.0887149704956292     
  0.69623832349854298           0.69623832349854298            2.2627745513702648     
  0.69623832349854298           0.69623832349854298            2.4368341322449010     
  0.69623832349854298           0.69623832349854298            2.6108937131195367     
  0.69623832349854298           0.69623832349854298            2.7849532939941724     
  0.69623832349854298           0.69623832349854298            2.9590128748688080     
  0.69623832349854298           0.69623832349854298            3.1330724557434433     
  0.69623832349854298           0.83548598819825159            0.0000000000000000     
  0.69623832349854298           0.83548598819825159           0.17405958087463577     
  0.69623832349854298           0.83548598819825159           0.34811916174927154     
  0.69623832349854298           0.83548598819825159           0.52217874262390729     
  0.69623832349854298           0.83548598819825159           0.69623832349854309     
  0.69623832349854298           0.83548598819825159           0.87029790437317889     
  0.69623832349854298           0.83548598819825159            1.0443574852478146     
  0.69623832349854298           0.83548598819825159            1.2184170661224505     
  0.69623832349854298           0.83548598819825159            1.3924766469970862     
  0.69623832349854298           0.83548598819825159            1.5665362278717216     
  0.69623832349854298           0.83548598819825159            1.7405958087463578     
  0.69623832349854298           0.83548598819825159            1.9146553896209932     
  0.69623832349854298           0.83548598819825159            2.0887149704956292     
  0.69623832349854298           0.83548598819825159            2.2627745513702648     
  0.69623832349854298           0.83548598819825159            2.4368341322449010     
  0.69623832349854298           0.83548598819825159            2.6108937131195367     
  0.69623832349854298           0.83548598819825159            2.7849532939941724     
  0.69623832349854298           0.83548598819825159            2.9590128748688080     
  0.69623832349854298           0.83548598819825159            3.1330724557434433     
  0.69623832349854298           0.97473365289796032            0.0000000000000000     
  0.69623832349854298           0.97473365289796032           0.17405958087463577     
  0.69623832349854298           0.97473365289796032           0.34811916174927154     
  0.69623832349854298           0.97473365289796032           0.52217874262390729     
  0.69623832349854298           0.97473365289796032           0.69623832349854309     
  0.69623832349854298           0.97473365289796032           0.87029790437317889     
  0.69623832349854298           0.97473365289796032            1.0443574852478146     
  0.69623832349854298           0.97473365289796032            1.2184170661224505     
  0.69623832349854298           0.97473365289796032            1.3924766469970862     
  0.69623832349854298           0.97473365289796032            1.5665362278717216     
  0.69623832349854298           0.97473365289796032            1.7405958087463578     
  0.69623832349854298           0.97473365289796032            1.9146553896209932     
  0.69623832349854298           0.97473365289796032            2.0887149704956292     
  0.69623832349854298           0.97473365289796032            2.2627745513702648     
  0.69623832349854298           0.97473365289796032            2.4368341322449010     
  0.69623832349854298           0.97473365289796032            2.6108937131195367     
  0.69623832349854298           0.97473365289796032            2.7849532939941724     
  0.69623832349854298           0.97473365289796032            2.9590128748688080     
  0.69623832349854298           0.97473365289796032            3.1330724557434433     
  0.69623832349854298            1.1139813175976687            0.0000000000000000     
  0.69623832349854298            1.1139813175976687           0.17405958087463577     
  0.69623832349854298            1.1139813175976687           0.34811916174927154     
  0.69623832349854298            1.1139813175976687           0.52217874262390729     
  0.69623832349854298            1.1139813175976687           0.69623832349854309     
  0.69623832349854298            1.1139813175976687           0.87029790437317889     
  0.69623832349854298            1.1139813175976687            1.0443574852478146     
  0.69623832349854298            1.1139813175976687            1.2184170661224505     
  0.69623832349854298            1.1139813175976687            1.3924766469970862     
  0.69623832349854298            1.1139813175976687            1.5665362278717216     
  0.69623832349854298            1.1139813175976687            1.7405958087463578     
  0.69623832349854298            1.1139813175976687            1.9146553896209932     
  0.69623832349854298            1.1139813175976687            2.0887149704956292     
  0.69623832349854298            1.1139813175976687            2.2627745513702648     
  0.69623832349854298            1.1139813175976687            2.4368341322449010     
  0.69623832349854298            1.1139813175976687            2.6108937131195367     
  0.69623832349854298            1.1139813175976687            2.7849532939941724     
  0.69623832349854298            1.1139813175976687            2.9590128748688080     
  0.69623832349854298            1.1139813175976687            3.1330724557434433     
  0.69623832349854298            1.2532289822973772            0.0000000000000000     
  0.69623832349854298            1.2532289822973772           0.17405958087463577     
  0.69623832349854298            1.2532289822973772           0.34811916174927154     
  0.69623832349854298            1.2532289822973772           0.52217874262390729     
  0.69623832349854298            1.2532289822973772           0.69623832349854309     
  0.69623832349854298            1.2532289822973772           0.87029790437317889     
  0.69623832349854298            1.2532289822973772            1.0443574852478146     
  0.69623832349854298            1.2532289822973772            1.2184170661224505     
  0.69623832349854298            1.2532289822973772            1.3924766469970862     
  0.69623832349854298            1.2532289822973772            1.5665362278717216     
  0.69623832349854298            1.2532289822973772            1.7405958087463578     
  0.69623832349854298            1.2532289822973772            1.9146553896209932     
  0.69623832349854298            1.2532289822973772            2.0887149704956292     
  0.69623832349854298            1.2532289822973772            2.2627745513702648     
  0.69623832349854298            1.2532289822973772            2.4368341322449010     
  0.69623832349854298            1.2532289822973772            2.6108937131195367     
  0.69623832349854298            1.2532289822973772            2.7849532939941724     
  0.69623832349854298            1.2532289822973772            2.9590128748688080     
  0.69623832349854298            1.2532289822973772            3.1330724557434433     
  0.69623832349854298            1.3924766469970860            0.0000000000000000     
  0.69623832349854298            1.3924766469970860           0.17405958087463577     
  0.69623832349854298            1.3924766469970860           0.34811916174927154     
  0.69623832349854298            1.3924766469970860           0.52217874262390729     
  0.69623832349854298            1.3924766469970860           0.69623832349854309     
  0.69623832349854298            1.3924766469970860           0.87029790437317889     
  0.69623832349854298            1.3924766469970860            1.0443574852478146     
  0.69623832349854298            1.3924766469970860            1.2184170661224505     
  0.69623832349854298            1.3924766469970860            1.3924766469970862     
  0.69623832349854298            1.3924766469970860            1.5665362278717216     
  0.69623832349854298            1.3924766469970860            1.7405958087463578     
  0.69623832349854298            1.3924766469970860            1.9146553896209932     
  0.69623832349854298            1.3924766469970860            2.0887149704956292     
  0.69623832349854298            1.3924766469970860            2.2627745513702648     
  0.69623832349854298            1.3924766469970860            2.4368341322449010     
  0.69623832349854298            1.3924766469970860            2.6108937131195367     
  0.69623832349854298            1.3924766469970860            2.7849532939941724     
  0.69623832349854298            1.3924766469970860            2.9590128748688080     
  0.69623832349854298            1.3924766469970860            3.1330724557434433     
  0.69623832349854298            1.5317243116967947            0.0000000000000000     
  0.69623832349854298            1.5317243116967947           0.17405958087463577     
  0.69623832349854298            1.5317243116967947           0.34811916174927154     
  0.69623832349854298            1.5317243116967947           0.52217874262390729     
  0.69623832349854298            1.5317243116967947           0.69623832349854309     
  0.69623832349854298            1.5317243116967947           0.87029790437317889     
  0.69623832349854298            1.5317243116967947            1.0443574852478146     
  0.69623832349854298            1.5317243116967947            1.2184170661224505     
  0.69623832349854298            1.5317243116967947            1.3924766469970862     
  0.69623832349854298            1.5317243116967947            1.5665362278717216     
  0.69623832349854298            1.5317243116967947            1.7405958087463578     
  0.69623832349854298            1.5317243116967947            1.9146553896209932     
  0.69623832349854298            1.5317243116967947            2.0887149704956292     
  0.69623832349854298            1.5317243116967947            2.2627745513702648     
  0.69623832349854298            1.5317243116967947            2.4368341322449010     
  0.69623832349854298            1.5317243116967947            2.6108937131195367     
  0.69623832349854298            1.5317243116967947            2.7849532939941724     
  0.69623832349854298            1.5317243116967947            2.9590128748688080     
  0.69623832349854298            1.5317243116967947            3.1330724557434433     
  0.69623832349854298            1.6709719763965032            0.0000000000000000     
  0.69623832349854298            1.6709719763965032           0.17405958087463577     
  0.69623832349854298            1.6709719763965032           0.34811916174927154     
  0.69623832349854298            1.6709719763965032           0.52217874262390729     
  0.69623832349854298            1.6709719763965032           0.69623832349854309     
  0.69623832349854298            1.6709719763965032           0.87029790437317889     
  0.69623832349854298            1.6709719763965032            1.0443574852478146     
  0.69623832349854298            1.6709719763965032            1.2184170661224505     
  0.69623832349854298            1.6709719763965032            1.3924766469970862     
  0.69623832349854298            1.6709719763965032            1.5665362278717216     
  0.69623832349854298            1.6709719763965032            1.7405958087463578     
  0.69623832349854298            1.6709719763965032            1.9146553896209932     
  0.69623832349854298            1.6709719763965032            2.0887149704956292     
  0.69623832349854298            1.6709719763965032            2.2627745513702648     
  0.69623832349854298            1.6709719763965032            2.4368341322449010     
  0.69623832349854298            1.6709719763965032            2.6108937131195367     
  0.69623832349854298            1.6709719763965032            2.7849532939941724     
  0.69623832349854298            1.6709719763965032            2.9590128748688080     
  0.69623832349854298            1.6709719763965032            3.1330724557434433     
  0.69623832349854298            1.8102196410962119            0.0000000000000000     
  0.69623832349854298            1.8102196410962119           0.17405958087463577     
  0.69623832349854298            1.8102196410962119           0.34811916174927154     
  0.69623832349854298            1.8102196410962119           0.52217874262390729     
  0.69623832349854298            1.8102196410962119           0.69623832349854309     
  0.69623832349854298            1.8102196410962119           0.87029790437317889     
  0.69623832349854298            1.8102196410962119            1.0443574852478146     
  0.69623832349854298            1.8102196410962119            1.2184170661224505     
  0.69623832349854298            1.8102196410962119            1.3924766469970862     
  0.69623832349854298            1.8102196410962119            1.5665362278717216     
  0.69623832349854298            1.8102196410962119            1.7405958087463578     
  0.69623832349854298            1.8102196410962119            1.9146553896209932     
  0.69623832349854298            1.8102196410962119            2.0887149704956292     
  0.69623832349854298            1.8102196410962119            2.2627745513702648     
  0.69623832349854298            1.8102196410962119            2.4368341322449010     
  0.69623832349854298            1.8102196410962119            2.6108937131195367     
  0.69623832349854298            1.8102196410962119            2.7849532939941724     
  0.69623832349854298            1.8102196410962119            2.9590128748688080     
  0.69623832349854298            1.8102196410962119            3.1330724557434433     
  0.69623832349854298            1.9494673057959206            0.0000000000000000     
  0.69623832349854298            1.9494673057959206           0.17405958087463577     
  0.69623832349854298            1.9494673057959206           0.34811916174927154     
  0.69623832349854298            1.9494673057959206           0.52217874262390729     
  0.69623832349854298            1.9494673057959206           0.69623832349854309     
  0.69623832349854298            1.9494673057959206           0.87029790437317889     
  0.69623832349854298            1.9494673057959206            1.0443574852478146     
  0.69623832349854298            1.9494673057959206            1.2184170661224505     
  0.69623832349854298            1.9494673057959206            1.3924766469970862     
  0.69623832349854298            1.9494673057959206            1.5665362278717216     
  0.69623832349854298            1.9494673057959206            1.7405958087463578     
  0.69623832349854298            1.9494673057959206            1.9146553896209932     
  0.69623832349854298            1.9494673057959206            2.0887149704956292     
  0.69623832349854298            1.9494673057959206            2.2627745513702648     
  0.69623832349854298            1.9494673057959206            2.4368341322449010     
  0.69623832349854298            1.9494673057959206            2.6108937131195367     
  0.69623832349854298            1.9494673057959206            2.7849532939941724     
  0.69623832349854298            1.9494673057959206            2.9590128748688080     
  0.69623832349854298            1.9494673057959206            3.1330724557434433     
  0.69623832349854298            2.0887149704956292            0.0000000000000000     
  0.69623832349854298            2.0887149704956292           0.17405958087463577     
  0.69623832349854298            2.0887149704956292           0.34811916174927154     
  0.69623832349854298            2.0887149704956292           0.52217874262390729     
  0.69623832349854298            2.0887149704956292           0.69623832349854309     
  0.69623832349854298            2.0887149704956292           0.87029790437317889     
  0.69623832349854298            2.0887149704956292            1.0443574852478146     
  0.69623832349854298            2.0887149704956292            1.2184170661224505     
  0.69623832349854298            2.0887149704956292            1.3924766469970862     
  0.69623832349854298            2.0887149704956292            1.5665362278717216     
  0.69623832349854298            2.0887149704956292            1.7405958087463578     
  0.69623832349854298            2.0887149704956292            1.9146553896209932     
  0.69623832349854298            2.0887149704956292            2.0887149704956292     
  0.69623832349854298            2.0887149704956292            2.2627745513702648     
  0.69623832349854298            2.0887149704956292            2.4368341322449010     
  0.69623832349854298            2.0887149704956292            2.6108937131195367     
  0.69623832349854298            2.0887149704956292            2.7849532939941724     
  0.69623832349854298            2.0887149704956292            2.9590128748688080     
  0.69623832349854298            2.0887149704956292            3.1330724557434433     
  0.69623832349854298            2.2279626351953374            0.0000000000000000     
  0.69623832349854298            2.2279626351953374           0.17405958087463577     
  0.69623832349854298            2.2279626351953374           0.34811916174927154     
  0.69623832349854298            2.2279626351953374           0.52217874262390729     
  0.69623832349854298            2.2279626351953374           0.69623832349854309     
  0.69623832349854298            2.2279626351953374           0.87029790437317889     
  0.69623832349854298            2.2279626351953374            1.0443574852478146     
  0.69623832349854298            2.2279626351953374            1.2184170661224505     
  0.69623832349854298            2.2279626351953374            1.3924766469970862     
  0.69623832349854298            2.2279626351953374            1.5665362278717216     
  0.69623832349854298            2.2279626351953374            1.7405958087463578     
  0.69623832349854298            2.2279626351953374            1.9146553896209932     
  0.69623832349854298            2.2279626351953374            2.0887149704956292     
  0.69623832349854298            2.2279626351953374            2.2627745513702648     
  0.69623832349854298            2.2279626351953374            2.4368341322449010     
  0.69623832349854298            2.2279626351953374            2.6108937131195367     
  0.69623832349854298            2.2279626351953374            2.7849532939941724     
  0.69623832349854298            2.2279626351953374            2.9590128748688080     
  0.69623832349854298            2.2279626351953374            3.1330724557434433     
  0.69623832349854298            2.3672102998950462            0.0000000000000000     
  0.69623832349854298            2.3672102998950462           0.17405958087463577     
  0.69623832349854298            2.3672102998950462           0.34811916174927154     
  0.69623832349854298            2.3672102998950462           0.52217874262390729     
  0.69623832349854298            2.3672102998950462           0.69623832349854309     
  0.69623832349854298            2.3672102998950462           0.87029790437317889     
  0.69623832349854298            2.3672102998950462            1.0443574852478146     
  0.69623832349854298            2.3672102998950462            1.2184170661224505     
  0.69623832349854298            2.3672102998950462            1.3924766469970862     
  0.69623832349854298            2.3672102998950462            1.5665362278717216     
  0.69623832349854298            2.3672102998950462            1.7405958087463578     
  0.69623832349854298            2.3672102998950462            1.9146553896209932     
  0.69623832349854298            2.3672102998950462            2.0887149704956292     
  0.69623832349854298            2.3672102998950462            2.2627745513702648     
  0.69623832349854298            2.3672102998950462            2.4368341322449010     
  0.69623832349854298            2.3672102998950462            2.6108937131195367     
  0.69623832349854298            2.3672102998950462            2.7849532939941724     
  0.69623832349854298            2.3672102998950462            2.9590128748688080     
  0.69623832349854298            2.3672102998950462            3.1330724557434433     
  0.69623832349854298            2.5064579645947545            0.0000000000000000     
  0.69623832349854298            2.5064579645947545           0.17405958087463577     
  0.69623832349854298            2.5064579645947545           0.34811916174927154     
  0.69623832349854298            2.5064579645947545           0.52217874262390729     
  0.69623832349854298            2.5064579645947545           0.69623832349854309     
  0.69623832349854298            2.5064579645947545           0.87029790437317889     
  0.69623832349854298            2.5064579645947545            1.0443574852478146     
  0.69623832349854298            2.5064579645947545            1.2184170661224505     
  0.69623832349854298            2.5064579645947545            1.3924766469970862     
  0.69623832349854298            2.5064579645947545            1.5665362278717216     
  0.69623832349854298            2.5064579645947545            1.7405958087463578     
  0.69623832349854298            2.5064579645947545            1.9146553896209932     
  0.69623832349854298            2.5064579645947545            2.0887149704956292     
  0.69623832349854298            2.5064579645947545            2.2627745513702648     
  0.69623832349854298            2.5064579645947545            2.4368341322449010     
  0.69623832349854298            2.5064579645947545            2.6108937131195367     
  0.69623832349854298            2.5064579645947545            2.7849532939941724     
  0.69623832349854298            2.5064579645947545            2.9590128748688080     
  0.69623832349854298            2.5064579645947545            3.1330724557434433     
  0.83548598819825159            0.0000000000000000            0.0000000000000000     
  0.83548598819825159            0.0000000000000000           0.17405958087463577     
  0.83548598819825159            0.0000000000000000           0.34811916174927154     
  0.83548598819825159            0.0000000000000000           0.52217874262390729     
  0.83548598819825159            0.0000000000000000           0.69623832349854309     
  0.83548598819825159            0.0000000000000000           0.87029790437317889     
  0.83548598819825159            0.0000000000000000            1.0443574852478146     
  0.83548598819825159            0.0000000000000000            1.2184170661224505     
  0.83548598819825159            0.0000000000000000            1.3924766469970862     
  0.83548598819825159            0.0000000000000000            1.5665362278717216     
  0.83548598819825159            0.0000000000000000            1.7405958087463578     
  0.83548598819825159            0.0000000000000000            1.9146553896209932     
  0.83548598819825159            0.0000000000000000            2.0887149704956292     
  0.83548598819825159            0.0000000000000000            2.2627745513702648     
  0.83548598819825159            0.0000000000000000            2.4368341322449010     
  0.83548598819825159            0.0000000000000000            2.6108937131195367     
  0.83548598819825159            0.0000000000000000            2.7849532939941724     
  0.83548598819825159            0.0000000000000000            2.9590128748688080     
  0.83548598819825159            0.0000000000000000            3.1330724557434433     
  0.83548598819825159           0.13924766469970859            0.0000000000000000     
  0.83548598819825159           0.13924766469970859           0.17405958087463577     
  0.83548598819825159           0.13924766469970859           0.34811916174927154     
  0.83548598819825159           0.13924766469970859           0.52217874262390729     
  0.83548598819825159           0.13924766469970859           0.69623832349854309     
  0.83548598819825159           0.13924766469970859           0.87029790437317889     
  0.83548598819825159           0.13924766469970859            1.0443574852478146     
  0.83548598819825159           0.13924766469970859            1.2184170661224505     
  0.83548598819825159           0.13924766469970859            1.3924766469970862     
  0.83548598819825159           0.13924766469970859            1.5665362278717216     
  0.83548598819825159           0.13924766469970859            1.7405958087463578     
  0.83548598819825159           0.13924766469970859            1.9146553896209932     
  0.83548598819825159           0.13924766469970859            2.0887149704956292     
  0.83548598819825159           0.13924766469970859            2.2627745513702648     
  0.83548598819825159           0.13924766469970859            2.4368341322449010     
  0.83548598819825159           0.13924766469970859            2.6108937131195367     
  0.83548598819825159           0.13924766469970859            2.7849532939941724     
  0.83548598819825159           0.13924766469970859            2.9590128748688080     
  0.83548598819825159           0.13924766469970859            3.1330724557434433     
  0.83548598819825159           0.27849532939941718            0.0000000000000000     
  0.83548598819825159           0.27849532939941718           0.17405958087463577     
  0.83548598819825159           0.27849532939941718           0.34811916174927154     
  0.83548598819825159           0.27849532939941718           0.52217874262390729     
  0.83548598819825159           0.27849532939941718           0.69623832349854309     
  0.83548598819825159           0.27849532939941718           0.87029790437317889     
  0.83548598819825159           0.27849532939941718            1.0443574852478146     
  0.83548598819825159           0.27849532939941718            1.2184170661224505     
  0.83548598819825159           0.27849532939941718            1.3924766469970862     
  0.83548598819825159           0.27849532939941718            1.5665362278717216     
  0.83548598819825159           0.27849532939941718            1.7405958087463578     
  0.83548598819825159           0.27849532939941718            1.9146553896209932     
  0.83548598819825159           0.27849532939941718            2.0887149704956292     
  0.83548598819825159           0.27849532939941718            2.2627745513702648     
  0.83548598819825159           0.27849532939941718            2.4368341322449010     
  0.83548598819825159           0.27849532939941718            2.6108937131195367     
  0.83548598819825159           0.27849532939941718            2.7849532939941724     
  0.83548598819825159           0.27849532939941718            2.9590128748688080     
  0.83548598819825159           0.27849532939941718            3.1330724557434433     
  0.83548598819825159           0.41774299409912580            0.0000000000000000     
  0.83548598819825159           0.41774299409912580           0.17405958087463577     
  0.83548598819825159           0.41774299409912580           0.34811916174927154     
  0.83548598819825159           0.41774299409912580           0.52217874262390729     
  0.83548598819825159           0.41774299409912580           0.69623832349854309     
  0.83548598819825159           0.41774299409912580           0.87029790437317889     
  0.83548598819825159           0.41774299409912580            1.0443574852478146     
  0.83548598819825159           0.41774299409912580            1.2184170661224505     
  0.83548598819825159           0.41774299409912580            1.3924766469970862     
  0.83548598819825159           0.41774299409912580            1.5665362278717216     
  0.83548598819825159           0.41774299409912580            1.7405958087463578     
  0.83548598819825159           0.41774299409912580            1.9146553896209932     
  0.83548598819825159           0.41774299409912580            2.0887149704956292     
  0.83548598819825159           0.41774299409912580            2.2627745513702648     
  0.83548598819825159           0.41774299409912580            2.4368341322449010     
  0.83548598819825159           0.41774299409912580            2.6108937131195367     
  0.83548598819825159           0.41774299409912580            2.7849532939941724     
  0.83548598819825159           0.41774299409912580            2.9590128748688080     
  0.83548598819825159           0.41774299409912580            3.1330724557434433     
  0.83548598819825159           0.55699065879883436            0.0000000000000000     
  0.83548598819825159           0.55699065879883436           0.17405958087463577     
  0.83548598819825159           0.55699065879883436           0.34811916174927154     
  0.83548598819825159           0.55699065879883436           0.52217874262390729     
  0.83548598819825159           0.55699065879883436           0.69623832349854309     
  0.83548598819825159           0.55699065879883436           0.87029790437317889     
  0.83548598819825159           0.55699065879883436            1.0443574852478146     
  0.83548598819825159           0.55699065879883436            1.2184170661224505     
  0.83548598819825159           0.55699065879883436            1.3924766469970862     
  0.83548598819825159           0.55699065879883436            1.5665362278717216     
  0.83548598819825159           0.55699065879883436            1.7405958087463578     
  0.83548598819825159           0.55699065879883436            1.9146553896209932     
  0.83548598819825159           0.55699065879883436            2.0887149704956292     
  0.83548598819825159           0.55699065879883436            2.2627745513702648     
  0.83548598819825159           0.55699065879883436            2.4368341322449010     
  0.83548598819825159           0.55699065879883436            2.6108937131195367     
  0.83548598819825159           0.55699065879883436            2.7849532939941724     
  0.83548598819825159           0.55699065879883436            2.9590128748688080     
  0.83548598819825159           0.55699065879883436            3.1330724557434433     
  0.83548598819825159           0.69623832349854298            0.0000000000000000     
  0.83548598819825159           0.69623832349854298           0.17405958087463577     
  0.83548598819825159           0.69623832349854298           0.34811916174927154     
  0.83548598819825159           0.69623832349854298           0.52217874262390729     
  0.83548598819825159           0.69623832349854298           0.69623832349854309     
  0.83548598819825159           0.69623832349854298           0.87029790437317889     
  0.83548598819825159           0.69623832349854298            1.0443574852478146     
  0.83548598819825159           0.69623832349854298            1.2184170661224505     
  0.83548598819825159           0.69623832349854298            1.3924766469970862     
  0.83548598819825159           0.69623832349854298            1.5665362278717216     
  0.83548598819825159           0.69623832349854298            1.7405958087463578     
  0.83548598819825159           0.69623832349854298            1.9146553896209932     
  0.83548598819825159           0.69623832349854298            2.0887149704956292     
  0.83548598819825159           0.69623832349854298            2.2627745513702648     
  0.83548598819825159           0.69623832349854298            2.4368341322449010     
  0.83548598819825159           0.69623832349854298            2.6108937131195367     
  0.83548598819825159           0.69623832349854298            2.7849532939941724     
  0.83548598819825159           0.69623832349854298            2.9590128748688080     
  0.83548598819825159           0.69623832349854298            3.1330724557434433     
  0.83548598819825159           0.83548598819825159            0.0000000000000000     
  0.83548598819825159           0.83548598819825159           0.17405958087463577     
  0.83548598819825159           0.83548598819825159           0.34811916174927154     
  0.83548598819825159           0.83548598819825159           0.52217874262390729     
  0.83548598819825159           0.83548598819825159           0.69623832349854309     
  0.83548598819825159           0.83548598819825159           0.87029790437317889     
  0.83548598819825159           0.83548598819825159            1.0443574852478146     
  0.83548598819825159           0.83548598819825159            1.2184170661224505     
  0.83548598819825159           0.83548598819825159            1.3924766469970862     
  0.83548598819825159           0.83548598819825159            1.5665362278717216     
  0.83548598819825159           0.83548598819825159            1.7405958087463578     
  0.83548598819825159           0.83548598819825159            1.9146553896209932     
  0.83548598819825159           0.83548598819825159            2.0887149704956292     
  0.83548598819825159           0.83548598819825159            2.2627745513702648     
  0.83548598819825159           0.83548598819825159            2.4368341322449010     
  0.83548598819825159           0.83548598819825159            2.6108937131195367     
  0.83548598819825159           0.83548598819825159            2.7849532939941724     
  0.83548598819825159           0.83548598819825159            2.9590128748688080     
  0.83548598819825159           0.83548598819825159            3.1330724557434433     
  0.83548598819825159           0.97473365289796032            0.0000000000000000     
  0.83548598819825159           0.97473365289796032           0.17405958087463577     
  0.83548598819825159           0.97473365289796032           0.34811916174927154     
  0.83548598819825159           0.97473365289796032           0.52217874262390729     
  0.83548598819825159           0.97473365289796032           0.69623832349854309     
  0.83548598819825159           0.97473365289796032           0.87029790437317889     
  0.83548598819825159           0.97473365289796032            1.0443574852478146     
  0.83548598819825159           0.97473365289796032            1.2184170661224505     
  0.83548598819825159           0.97473365289796032            1.3924766469970862     
  0.83548598819825159           0.97473365289796032            1.5665362278717216     
  0.83548598819825159           0.97473365289796032            1.7405958087463578     
  0.83548598819825159           0.97473365289796032            1.9146553896209932     
  0.83548598819825159           0.97473365289796032            2.0887149704956292     
  0.83548598819825159           0.97473365289796032            2.2627745513702648     
  0.83548598819825159           0.97473365289796032            2.4368341322449010     
  0.83548598819825159           0.97473365289796032            2.6108937131195367     
  0.83548598819825159           0.97473365289796032            2.7849532939941724     
  0.83548598819825159           0.97473365289796032            2.9590128748688080     
  0.83548598819825159           0.97473365289796032            3.1330724557434433     
  0.83548598819825159            1.1139813175976687            0.0000000000000000     
  0.83548598819825159            1.1139813175976687           0.17405958087463577     
  0.83548598819825159            1.1139813175976687           0.34811916174927154     
  0.83548598819825159            1.1139813175976687           0.52217874262390729     
  0.83548598819825159            1.1139813175976687           0.69623832349854309     
  0.83548598819825159            1.1139813175976687           0.87029790437317889     
  0.83548598819825159            1.1139813175976687            1.0443574852478146     
  0.83548598819825159            1.1139813175976687            1.2184170661224505     
  0.83548598819825159            1.1139813175976687            1.3924766469970862     
  0.83548598819825159            1.1139813175976687            1.5665362278717216     
  0.83548598819825159            1.1139813175976687            1.7405958087463578     
  0.83548598819825159            1.1139813175976687            1.9146553896209932     
  0.83548598819825159            1.1139813175976687            2.0887149704956292     
  0.83548598819825159            1.1139813175976687            2.2627745513702648     
  0.83548598819825159            1.1139813175976687            2.4368341322449010     
  0.83548598819825159            1.1139813175976687            2.6108937131195367     
  0.83548598819825159            1.1139813175976687            2.7849532939941724     
  0.83548598819825159            1.1139813175976687            2.9590128748688080     
  0.83548598819825159            1.1139813175976687            3.1330724557434433     
  0.83548598819825159            1.2532289822973772            0.0000000000000000     
  0.83548598819825159            1.2532289822973772           0.17405958087463577     
  0.83548598819825159            1.2532289822973772           0.34811916174927154     
  0.83548598819825159            1.2532289822973772           0.52217874262390729     
  0.83548598819825159            1.2532289822973772           0.69623832349854309     
  0.83548598819825159            1.2532289822973772           0.87029790437317889     
  0.83548598819825159            1.2532289822973772            1.0443574852478146     
  0.83548598819825159            1.2532289822973772            1.2184170661224505     
  0.83548598819825159            1.2532289822973772            1.3924766469970862     
  0.83548598819825159            1.2532289822973772            1.5665362278717216     
  0.83548598819825159            1.2532289822973772            1.7405958087463578     
  0.83548598819825159            1.2532289822973772            1.9146553896209932     
  0.83548598819825159            1.2532289822973772            2.0887149704956292     
  0.83548598819825159            1.2532289822973772            2.2627745513702648     
  0.83548598819825159            1.2532289822973772            2.4368341322449010     
  0.83548598819825159            1.2532289822973772            2.6108937131195367     
  0.83548598819825159            1.2532289822973772            2.7849532939941724     
  0.83548598819825159            1.2532289822973772            2.9590128748688080     
  0.83548598819825159            1.2532289822973772            3.1330724557434433     
  0.83548598819825159            1.3924766469970860            0.0000000000000000     
  0.83548598819825159            1.3924766469970860           0.17405958087463577     
  0.83548598819825159            1.3924766469970860           0.34811916174927154     
  0.83548598819825159            1.3924766469970860           0.52217874262390729     
  0.83548598819825159            1.3924766469970860           0.69623832349854309     
  0.83548598819825159            1.3924766469970860           0.87029790437317889     
  0.83548598819825159            1.3924766469970860            1.0443574852478146     
  0.83548598819825159            1.3924766469970860            1.2184170661224505     
  0.83548598819825159            1.3924766469970860            1.3924766469970862     
  0.83548598819825159            1.3924766469970860            1.5665362278717216     
  0.83548598819825159            1.3924766469970860            1.7405958087463578     
  0.83548598819825159            1.3924766469970860            1.9146553896209932     
  0.83548598819825159            1.3924766469970860            2.0887149704956292     
  0.83548598819825159            1.3924766469970860            2.2627745513702648     
  0.83548598819825159            1.3924766469970860            2.4368341322449010     
  0.83548598819825159            1.3924766469970860            2.6108937131195367     
  0.83548598819825159            1.3924766469970860            2.7849532939941724     
  0.83548598819825159            1.3924766469970860            2.9590128748688080     
  0.83548598819825159            1.3924766469970860            3.1330724557434433     
  0.83548598819825159            1.5317243116967947            0.0000000000000000     
  0.83548598819825159            1.5317243116967947           0.17405958087463577     
  0.83548598819825159            1.5317243116967947           0.34811916174927154     
  0.83548598819825159            1.5317243116967947           0.52217874262390729     
  0.83548598819825159            1.5317243116967947           0.69623832349854309     
  0.83548598819825159            1.5317243116967947           0.87029790437317889     
  0.83548598819825159            1.5317243116967947            1.0443574852478146     
  0.83548598819825159            1.5317243116967947            1.2184170661224505     
  0.83548598819825159            1.5317243116967947            1.3924766469970862     
  0.83548598819825159            1.5317243116967947            1.5665362278717216     
  0.83548598819825159            1.5317243116967947            1.7405958087463578     
  0.83548598819825159            1.5317243116967947            1.9146553896209932     
  0.83548598819825159            1.5317243116967947            2.0887149704956292     
  0.83548598819825159            1.5317243116967947            2.2627745513702648     
  0.83548598819825159            1.5317243116967947            2.4368341322449010     
  0.83548598819825159            1.5317243116967947            2.6108937131195367     
  0.83548598819825159            1.5317243116967947            2.7849532939941724     
  0.83548598819825159            1.5317243116967947            2.9590128748688080     
  0.83548598819825159            1.5317243116967947            3.1330724557434433     
  0.83548598819825159            1.6709719763965032            0.0000000000000000     
  0.83548598819825159            1.6709719763965032           0.17405958087463577     
  0.83548598819825159            1.6709719763965032           0.34811916174927154     
  0.83548598819825159            1.6709719763965032           0.52217874262390729     
  0.83548598819825159            1.6709719763965032           0.69623832349854309     
  0.83548598819825159            1.6709719763965032           0.87029790437317889     
  0.83548598819825159            1.6709719763965032            1.0443574852478146     
  0.83548598819825159            1.6709719763965032            1.2184170661224505     
  0.83548598819825159            1.6709719763965032            1.3924766469970862     
  0.83548598819825159            1.6709719763965032            1.5665362278717216     
  0.83548598819825159            1.6709719763965032            1.7405958087463578     
  0.83548598819825159            1.6709719763965032            1.9146553896209932     
  0.83548598819825159            1.6709719763965032            2.0887149704956292     
  0.83548598819825159            1.6709719763965032            2.2627745513702648     
  0.83548598819825159            1.6709719763965032            2.4368341322449010     
  0.83548598819825159            1.6709719763965032            2.6108937131195367     
  0.83548598819825159            1.6709719763965032            2.7849532939941724     
  0.83548598819825159            1.6709719763965032            2.9590128748688080     
  0.83548598819825159            1.6709719763965032            3.1330724557434433     
  0.83548598819825159            1.8102196410962119            0.0000000000000000     
  0.83548598819825159            1.8102196410962119           0.17405958087463577     
  0.83548598819825159            1.8102196410962119           0.34811916174927154     
  0.83548598819825159            1.8102196410962119           0.52217874262390729     
  0.83548598819825159            1.8102196410962119           0.69623832349854309     
  0.83548598819825159            1.8102196410962119           0.87029790437317889     
  0.83548598819825159            1.8102196410962119            1.0443574852478146     
  0.83548598819825159            1.8102196410962119            1.2184170661224505     
  0.83548598819825159            1.8102196410962119            1.3924766469970862     
  0.83548598819825159            1.8102196410962119            1.5665362278717216     
  0.83548598819825159            1.8102196410962119            1.7405958087463578     
  0.83548598819825159            1.8102196410962119            1.9146553896209932     
  0.83548598819825159            1.8102196410962119            2.0887149704956292     
  0.83548598819825159            1.8102196410962119            2.2627745513702648     
  0.83548598819825159            1.8102196410962119            2.4368341322449010     
  0.83548598819825159            1.8102196410962119            2.6108937131195367     
  0.83548598819825159            1.8102196410962119            2.7849532939941724     
  0.83548598819825159            1.8102196410962119            2.9590128748688080     
  0.83548598819825159            1.8102196410962119            3.1330724557434433     
  0.83548598819825159            1.9494673057959206            0.0000000000000000     
  0.83548598819825159            1.9494673057959206           0.17405958087463577     
  0.83548598819825159            1.9494673057959206           0.34811916174927154     
  0.83548598819825159            1.9494673057959206           0.52217874262390729     
  0.83548598819825159            1.9494673057959206           0.69623832349854309     
  0.83548598819825159            1.9494673057959206           0.87029790437317889     
  0.83548598819825159            1.9494673057959206            1.0443574852478146     
  0.83548598819825159            1.9494673057959206            1.2184170661224505     
  0.83548598819825159            1.9494673057959206            1.3924766469970862     
  0.83548598819825159            1.9494673057959206            1.5665362278717216     
  0.83548598819825159            1.9494673057959206            1.7405958087463578     
  0.83548598819825159            1.9494673057959206            1.9146553896209932     
  0.83548598819825159            1.9494673057959206            2.0887149704956292     
  0.83548598819825159            1.9494673057959206            2.2627745513702648     
  0.83548598819825159            1.9494673057959206            2.4368341322449010     
  0.83548598819825159            1.9494673057959206            2.6108937131195367     
  0.83548598819825159            1.9494673057959206            2.7849532939941724     
  0.83548598819825159            1.9494673057959206            2.9590128748688080     
  0.83548598819825159            1.9494673057959206            3.1330724557434433     
  0.83548598819825159            2.0887149704956292            0.0000000000000000     
  0.83548598819825159            2.0887149704956292           0.17405958087463577     
  0.83548598819825159            2.0887149704956292           0.34811916174927154     
  0.83548598819825159            2.0887149704956292           0.52217874262390729     
  0.83548598819825159            2.0887149704956292           0.69623832349854309     
  0.83548598819825159            2.0887149704956292           0.87029790437317889     
  0.83548598819825159            2.0887149704956292            1.0443574852478146     
  0.83548598819825159            2.0887149704956292            1.2184170661224505     
  0.83548598819825159            2.0887149704956292            1.3924766469970862     
  0.83548598819825159            2.0887149704956292            1.5665362278717216     
  0.83548598819825159            2.0887149704956292            1.7405958087463578     
  0.83548598819825159            2.0887149704956292            1.9146553896209932     
  0.83548598819825159            2.0887149704956292            2.0887149704956292     
  0.83548598819825159            2.0887149704956292            2.2627745513702648     
  0.83548598819825159            2.0887149704956292            2.4368341322449010     
  0.83548598819825159            2.0887149704956292            2.6108937131195367     
  0.83548598819825159            2.0887149704956292            2.7849532939941724     
  0.83548598819825159            2.0887149704956292            2.9590128748688080     
  0.83548598819825159            2.0887149704956292            3.1330724557434433     
  0.83548598819825159            2.2279626351953374            0.0000000000000000     
  0.83548598819825159            2.2279626351953374           0.17405958087463577     
  0.83548598819825159            2.2279626351953374           0.34811916174927154     
  0.83548598819825159            2.2279626351953374           0.52217874262390729     
  0.83548598819825159            2.2279626351953374           0.69623832349854309     
  0.83548598819825159            2.2279626351953374           0.87029790437317889     
  0.83548598819825159            2.2279626351953374            1.0443574852478146     
  0.83548598819825159            2.2279626351953374            1.2184170661224505     
  0.83548598819825159            2.2279626351953374            1.3924766469970862     
  0.83548598819825159            2.2279626351953374            1.5665362278717216     
  0.83548598819825159            2.2279626351953374            1.7405958087463578     
  0.83548598819825159            2.2279626351953374            1.9146553896209932     
  0.83548598819825159            2.2279626351953374            2.0887149704956292     
  0.83548598819825159            2.2279626351953374            2.2627745513702648     
  0.83548598819825159            2.2279626351953374            2.4368341322449010     
  0.83548598819825159            2.2279626351953374            2.6108937131195367     
  0.83548598819825159            2.2279626351953374            2.7849532939941724     
  0.83548598819825159            2.2279626351953374            2.9590128748688080     
  0.83548598819825159            2.2279626351953374            3.1330724557434433     
  0.83548598819825159            2.3672102998950462            0.0000000000000000     
  0.83548598819825159            2.3672102998950462           0.17405958087463577     
  0.83548598819825159            2.3672102998950462           0.34811916174927154     
  0.83548598819825159            2.3672102998950462           0.52217874262390729     
  0.83548598819825159            2.3672102998950462           0.69623832349854309     
  0.83548598819825159            2.3672102998950462           0.87029790437317889     
  0.83548598819825159            2.3672102998950462            1.0443574852478146     
  0.83548598819825159            2.3672102998950462            1.2184170661224505     
  0.83548598819825159            2.3672102998950462            1.3924766469970862     
  0.83548598819825159            2.3672102998950462            1.5665362278717216     
  0.83548598819825159            2.3672102998950462            1.7405958087463578     
  0.83548598819825159            2.3672102998950462            1.9146553896209932     
  0.83548598819825159            2.3672102998950462            2.0887149704956292     
  0.83548598819825159            2.3672102998950462            2.2627745513702648     
  0.83548598819825159            2.3672102998950462            2.4368341322449010     
  0.83548598819825159            2.3672102998950462            2.6108937131195367     
  0.83548598819825159            2.3672102998950462            2.7849532939941724     
  0.83548598819825159            2.3672102998950462            2.9590128748688080     
  0.83548598819825159            2.3672102998950462            3.1330724557434433     
  0.83548598819825159            2.5064579645947545            0.0000000000000000     
  0.83548598819825159            2.5064579645947545           0.17405958087463577     
  0.83548598819825159            2.5064579645947545           0.34811916174927154     
  0.83548598819825159            2.5064579645947545           0.52217874262390729     
  0.83548598819825159            2.5064579645947545           0.69623832349854309     
  0.83548598819825159            2.5064579645947545           0.87029790437317889     
  0.83548598819825159            2.5064579645947545            1.0443574852478146     
  0.83548598819825159            2.5064579645947545            1.2184170661224505     
  0.83548598819825159            2.5064579645947545            1.3924766469970862     
  0.83548598819825159            2.5064579645947545            1.5665362278717216     
  0.83548598819825159            2.5064579645947545            1.7405958087463578     
  0.83548598819825159            2.5064579645947545            1.9146553896209932     
  0.83548598819825159            2.5064579645947545            2.0887149704956292     
  0.83548598819825159            2.5064579645947545            2.2627745513702648     
  0.83548598819825159            2.5064579645947545            2.4368341322449010     
  0.83548598819825159            2.5064579645947545            2.6108937131195367     
  0.83548598819825159            2.5064579645947545            2.7849532939941724     
  0.83548598819825159            2.5064579645947545            2.9590128748688080     
  0.83548598819825159            2.5064579645947545            3.1330724557434433     
  0.97473365289796032            0.0000000000000000            0.0000000000000000     
  0.97473365289796032            0.0000000000000000           0.17405958087463577     
  0.97473365289796032            0.0000000000000000           0.34811916174927154     
  0.97473365289796032            0.0000000000000000           0.52217874262390729     
  0.97473365289796032            0.0000000000000000           0.69623832349854309     
  0.97473365289796032            0.0000000000000000           0.87029790437317889     
  0.97473365289796032            0.0000000000000000            1.0443574852478146     
  0.97473365289796032            0.0000000000000000            1.2184170661224505     
  0.97473365289796032            0.0000000000000000            1.3924766469970862     
  0.97473365289796032            0.0000000000000000            1.5665362278717216     
  0.97473365289796032            0.0000000000000000            1.7405958087463578     
  0.97473365289796032            0.0000000000000000            1.9146553896209932     
  0.97473365289796032            0.0000000000000000            2.0887149704956292     
  0.97473365289796032            0.0000000000000000            2.2627745513702648     
  0.97473365289796032            0.0000000000000000            2.4368341322449010     
  0.97473365289796032            0.0000000000000000            2.6108937131195367     
  0.97473365289796032            0.0000000000000000            2.7849532939941724     
  0.97473365289796032            0.0000000000000000            2.9590128748688080     
  0.97473365289796032            0.0000000000000000            3.1330724557434433     
  0.97473365289796032           0.13924766469970859            0.0000000000000000     
  0.97473365289796032           0.13924766469970859           0.17405958087463577     
  0.97473365289796032           0.13924766469970859           0.34811916174927154     
  0.97473365289796032           0.13924766469970859           0.52217874262390729     
  0.97473365289796032           0.13924766469970859           0.69623832349854309     
  0.97473365289796032           0.13924766469970859           0.87029790437317889     
  0.97473365289796032           0.13924766469970859            1.0443574852478146     
  0.97473365289796032           0.13924766469970859            1.2184170661224505     
  0.97473365289796032           0.13924766469970859            1.3924766469970862     
  0.97473365289796032           0.13924766469970859            1.5665362278717216     
  0.97473365289796032           0.13924766469970859            1.7405958087463578     
  0.97473365289796032           0.13924766469970859            1.9146553896209932     
  0.97473365289796032           0.13924766469970859            2.0887149704956292     
  0.97473365289796032           0.13924766469970859            2.2627745513702648     
  0.97473365289796032           0.13924766469970859            2.4368341322449010     
  0.97473365289796032           0.13924766469970859            2.6108937131195367     
  0.97473365289796032           0.13924766469970859            2.7849532939941724     
  0.97473365289796032           0.13924766469970859            2.9590128748688080     
  0.97473365289796032           0.13924766469970859            3.1330724557434433     
  0.97473365289796032           0.27849532939941718            0.0000000000000000     
  0.97473365289796032           0.27849532939941718           0.17405958087463577     
  0.97473365289796032           0.27849532939941718           0.34811916174927154     
  0.97473365289796032           0.27849532939941718           0.52217874262390729     
  0.97473365289796032           0.27849532939941718           0.69623832349854309     
  0.97473365289796032           0.27849532939941718           0.87029790437317889     
  0.97473365289796032           0.27849532939941718            1.0443574852478146     
  0.97473365289796032           0.27849532939941718            1.2184170661224505     
  0.97473365289796032           0.27849532939941718            1.3924766469970862     
  0.97473365289796032           0.27849532939941718            1.5665362278717216     
  0.97473365289796032           0.27849532939941718            1.7405958087463578     
  0.97473365289796032           0.27849532939941718            1.9146553896209932     
  0.97473365289796032           0.27849532939941718            2.0887149704956292     
  0.97473365289796032           0.27849532939941718            2.2627745513702648     
  0.97473365289796032           0.27849532939941718            2.4368341322449010     
  0.97473365289796032           0.27849532939941718            2.6108937131195367     
  0.97473365289796032           0.27849532939941718            2.7849532939941724     
  0.97473365289796032           0.27849532939941718            2.9590128748688080     
  0.97473365289796032           0.27849532939941718            3.1330724557434433     
  0.97473365289796032           0.41774299409912580            0.0000000000000000     
  0.97473365289796032           0.41774299409912580           0.17405958087463577     
  0.97473365289796032           0.41774299409912580           0.34811916174927154     
  0.97473365289796032           0.41774299409912580           0.52217874262390729     
  0.97473365289796032           0.41774299409912580           0.69623832349854309     
  0.97473365289796032           0.41774299409912580           0.87029790437317889     
  0.97473365289796032           0.41774299409912580            1.0443574852478146     
  0.97473365289796032           0.41774299409912580            1.2184170661224505     
  0.97473365289796032           0.41774299409912580            1.3924766469970862     
  0.97473365289796032           0.41774299409912580            1.5665362278717216     
  0.97473365289796032           0.41774299409912580            1.7405958087463578     
  0.97473365289796032           0.41774299409912580            1.9146553896209932     
  0.97473365289796032           0.41774299409912580            2.0887149704956292     
  0.97473365289796032           0.41774299409912580            2.2627745513702648     
  0.97473365289796032           0.41774299409912580            2.4368341322449010     
  0.97473365289796032           0.41774299409912580            2.6108937131195367     
  0.97473365289796032           0.41774299409912580            2.7849532939941724     
  0.97473365289796032           0.41774299409912580            2.9590128748688080     
  0.97473365289796032           0.41774299409912580            3.1330724557434433     
  0.97473365289796032           0.55699065879883436            0.0000000000000000     
  0.97473365289796032           0.55699065879883436           0.17405958087463577     
  0.97473365289796032           0.55699065879883436           0.34811916174927154     
  0.97473365289796032           0.55699065879883436           0.52217874262390729     
  0.97473365289796032           0.55699065879883436           0.69623832349854309     
  0.97473365289796032           0.55699065879883436           0.87029790437317889     
  0.97473365289796032           0.55699065879883436            1.0443574852478146     
  0.97473365289796032           0.55699065879883436            1.2184170661224505     
  0.97473365289796032           0.55699065879883436            1.3924766469970862     
  0.97473365289796032           0.55699065879883436            1.5665362278717216     
  0.97473365289796032           0.55699065879883436            1.7405958087463578     
  0.97473365289796032           0.55699065879883436            1.9146553896209932     
  0.97473365289796032           0.55699065879883436            2.0887149704956292     
  0.97473365289796032           0.55699065879883436            2.2627745513702648     
  0.97473365289796032           0.55699065879883436            2.4368341322449010     
  0.97473365289796032           0.55699065879883436            2.6108937131195367     
  0.97473365289796032           0.55699065879883436            2.7849532939941724     
  0.97473365289796032           0.55699065879883436            2.9590128748688080     
  0.97473365289796032           0.55699065879883436            3.1330724557434433     
  0.97473365289796032           0.69623832349854298            0.0000000000000000     
  0.97473365289796032           0.69623832349854298           0.17405958087463577     
  0.97473365289796032           0.69623832349854298           0.34811916174927154     
  0.97473365289796032           0.69623832349854298           0.52217874262390729     
  0.97473365289796032           0.69623832349854298           0.69623832349854309     
  0.97473365289796032           0.69623832349854298           0.87029790437317889     
  0.97473365289796032           0.69623832349854298            1.0443574852478146     
  0.97473365289796032           0.69623832349854298            1.2184170661224505     
  0.97473365289796032           0.69623832349854298            1.3924766469970862     
  0.97473365289796032           0.69623832349854298            1.5665362278717216     
  0.97473365289796032           0.69623832349854298            1.7405958087463578     
  0.97473365289796032           0.69623832349854298            1.9146553896209932     
  0.97473365289796032           0.69623832349854298            2.0887149704956292     
  0.97473365289796032           0.69623832349854298            2.2627745513702648     
  0.97473365289796032           0.69623832349854298            2.4368341322449010     
  0.97473365289796032           0.69623832349854298            2.6108937131195367     
  0.97473365289796032           0.69623832349854298            2.7849532939941724     
  0.97473365289796032           0.69623832349854298            2.9590128748688080     
  0.97473365289796032           0.69623832349854298            3.1330724557434433     
  0.97473365289796032           0.83548598819825159            0.0000000000000000     
  0.97473365289796032           0.83548598819825159           0.17405958087463577     
  0.97473365289796032           0.83548598819825159           0.34811916174927154     
  0.97473365289796032           0.83548598819825159           0.52217874262390729     
  0.97473365289796032           0.83548598819825159           0.69623832349854309     
  0.97473365289796032           0.83548598819825159           0.87029790437317889     
  0.97473365289796032           0.83548598819825159            1.0443574852478146     
  0.97473365289796032           0.83548598819825159            1.2184170661224505     
  0.97473365289796032           0.83548598819825159            1.3924766469970862     
  0.97473365289796032           0.83548598819825159            1.5665362278717216     
  0.97473365289796032           0.83548598819825159            1.7405958087463578     
  0.97473365289796032           0.83548598819825159            1.9146553896209932     
  0.97473365289796032           0.83548598819825159            2.0887149704956292     
  0.97473365289796032           0.83548598819825159            2.2627745513702648     
  0.97473365289796032           0.83548598819825159            2.4368341322449010     
  0.97473365289796032           0.83548598819825159            2.6108937131195367     
  0.97473365289796032           0.83548598819825159            2.7849532939941724     
  0.97473365289796032           0.83548598819825159            2.9590128748688080     
  0.97473365289796032           0.83548598819825159            3.1330724557434433     
  0.97473365289796032           0.97473365289796032            0.0000000000000000     
  0.97473365289796032           0.97473365289796032           0.17405958087463577     
  0.97473365289796032           0.97473365289796032           0.34811916174927154     
  0.97473365289796032           0.97473365289796032           0.52217874262390729     
  0.97473365289796032           0.97473365289796032           0.69623832349854309     
  0.97473365289796032           0.97473365289796032           0.87029790437317889     
  0.97473365289796032           0.97473365289796032            1.0443574852478146     
  0.97473365289796032           0.97473365289796032            1.2184170661224505     
  0.97473365289796032           0.97473365289796032            1.3924766469970862     
  0.97473365289796032           0.97473365289796032            1.5665362278717216     
  0.97473365289796032           0.97473365289796032            1.7405958087463578     
  0.97473365289796032           0.97473365289796032            1.9146553896209932     
  0.97473365289796032           0.97473365289796032            2.0887149704956292     
  0.97473365289796032           0.97473365289796032            2.2627745513702648     
  0.97473365289796032           0.97473365289796032            2.4368341322449010     
  0.97473365289796032           0.97473365289796032            2.6108937131195367     
  0.97473365289796032           0.97473365289796032            2.7849532939941724     
  0.97473365289796032           0.97473365289796032            2.9590128748688080     
  0.97473365289796032           0.97473365289796032            3.1330724557434433     
  0.97473365289796032            1.1139813175976687            0.0000000000000000     
  0.97473365289796032            1.1139813175976687           0.17405958087463577     
  0.97473365289796032            1.1139813175976687           0.34811916174927154     
  0.97473365289796032            1.1139813175976687           0.52217874262390729     
  0.97473365289796032            1.1139813175976687           0.69623832349854309     
  0.97473365289796032            1.1139813175976687           0.87029790437317889     
  0.97473365289796032            1.1139813175976687            1.0443574852478146     
  0.97473365289796032            1.1139813175976687            1.2184170661224505     
  0.97473365289796032            1.1139813175976687            1.3924766469970862     
  0.97473365289796032            1.1139813175976687            1.5665362278717216     
  0.97473365289796032            1.1139813175976687            1.7405958087463578     
  0.97473365289796032            1.1139813175976687            1.9146553896209932     
  0.97473365289796032            1.1139813175976687            2.0887149704956292     
  0.97473365289796032            1.1139813175976687            2.2627745513702648     
  0.97473365289796032            1.1139813175976687            2.4368341322449010     
  0.97473365289796032            1.1139813175976687            2.6108937131195367     
  0.97473365289796032            1.1139813175976687            2.7849532939941724     
  0.97473365289796032            1.1139813175976687            2.9590128748688080     
  0.97473365289796032            1.1139813175976687            3.1330724557434433     
  0.97473365289796032            1.2532289822973772            0.0000000000000000     
  0.97473365289796032            1.2532289822973772           0.17405958087463577     
  0.97473365289796032            1.2532289822973772           0.34811916174927154     
  0.97473365289796032            1.2532289822973772           0.52217874262390729     
  0.97473365289796032            1.2532289822973772           0.69623832349854309     
  0.97473365289796032            1.2532289822973772           0.87029790437317889     
  0.97473365289796032            1.2532289822973772            1.0443574852478146     
  0.97473365289796032            1.2532289822973772            1.2184170661224505     
  0.97473365289796032            1.2532289822973772            1.3924766469970862     
  0.97473365289796032            1.2532289822973772            1.5665362278717216     
  0.97473365289796032            1.2532289822973772            1.7405958087463578     
  0.97473365289796032            1.2532289822973772            1.9146553896209932     
  0.97473365289796032            1.2532289822973772            2.0887149704956292     
  0.97473365289796032            1.2532289822973772            2.2627745513702648     
  0.97473365289796032            1.2532289822973772            2.4368341322449010     
  0.97473365289796032            1.2532289822973772            2.6108937131195367     
  0.97473365289796032            1.2532289822973772            2.7849532939941724     
  0.97473365289796032            1.2532289822973772            2.9590128748688080     
  0.97473365289796032            1.2532289822973772            3.1330724557434433     
  0.97473365289796032            1.3924766469970860            0.0000000000000000     
  0.97473365289796032            1.3924766469970860           0.17405958087463577     
  0.97473365289796032            1.3924766469970860           0.34811916174927154     
  0.97473365289796032            1.3924766469970860           0.52217874262390729     
  0.97473365289796032            1.3924766469970860           0.69623832349854309     
  0.97473365289796032            1.3924766469970860           0.87029790437317889     
  0.97473365289796032            1.3924766469970860            1.0443574852478146     
  0.97473365289796032            1.3924766469970860            1.2184170661224505     
  0.97473365289796032            1.3924766469970860            1.3924766469970862     
  0.97473365289796032            1.3924766469970860            1.5665362278717216     
  0.97473365289796032            1.3924766469970860            1.7405958087463578     
  0.97473365289796032            1.3924766469970860            1.9146553896209932     
  0.97473365289796032            1.3924766469970860            2.0887149704956292     
  0.97473365289796032            1.3924766469970860            2.2627745513702648     
  0.97473365289796032            1.3924766469970860            2.4368341322449010     
  0.97473365289796032            1.3924766469970860            2.6108937131195367     
  0.97473365289796032            1.3924766469970860            2.7849532939941724     
  0.97473365289796032            1.3924766469970860            2.9590128748688080     
  0.97473365289796032            1.3924766469970860            3.1330724557434433     
  0.97473365289796032            1.5317243116967947            0.0000000000000000     
  0.97473365289796032            1.5317243116967947           0.17405958087463577     
  0.97473365289796032            1.5317243116967947           0.34811916174927154     
  0.97473365289796032            1.5317243116967947           0.52217874262390729     
  0.97473365289796032            1.5317243116967947           0.69623832349854309     
  0.97473365289796032            1.5317243116967947           0.87029790437317889     
  0.97473365289796032            1.5317243116967947            1.0443574852478146     
  0.97473365289796032            1.5317243116967947            1.2184170661224505     
  0.97473365289796032            1.5317243116967947            1.3924766469970862     
  0.97473365289796032            1.5317243116967947            1.5665362278717216     
  0.97473365289796032            1.5317243116967947            1.7405958087463578     
  0.97473365289796032            1.5317243116967947            1.9146553896209932     
  0.97473365289796032            1.5317243116967947            2.0887149704956292     
  0.97473365289796032            1.5317243116967947            2.2627745513702648     
  0.97473365289796032            1.5317243116967947            2.4368341322449010     
  0.97473365289796032            1.5317243116967947            2.6108937131195367     
  0.97473365289796032            1.5317243116967947            2.7849532939941724     
  0.97473365289796032            1.5317243116967947            2.9590128748688080     
  0.97473365289796032            1.5317243116967947            3.1330724557434433     
  0.97473365289796032            1.6709719763965032            0.0000000000000000     
  0.97473365289796032            1.6709719763965032           0.17405958087463577     
  0.97473365289796032            1.6709719763965032           0.34811916174927154     
  0.97473365289796032            1.6709719763965032           0.52217874262390729     
  0.97473365289796032            1.6709719763965032           0.69623832349854309     
  0.97473365289796032            1.6709719763965032           0.87029790437317889     
  0.97473365289796032            1.6709719763965032            1.0443574852478146     
  0.97473365289796032            1.6709719763965032            1.2184170661224505     
  0.97473365289796032            1.6709719763965032            1.3924766469970862     
  0.97473365289796032            1.6709719763965032            1.5665362278717216     
  0.97473365289796032            1.6709719763965032            1.7405958087463578     
  0.97473365289796032            1.6709719763965032            1.9146553896209932     
  0.97473365289796032            1.6709719763965032            2.0887149704956292     
  0.97473365289796032            1.6709719763965032            2.2627745513702648     
  0.97473365289796032            1.6709719763965032            2.4368341322449010     
  0.97473365289796032            1.6709719763965032            2.6108937131195367     
  0.97473365289796032            1.6709719763965032            2.7849532939941724     
  0.97473365289796032            1.6709719763965032            2.9590128748688080     
  0.97473365289796032            1.6709719763965032            3.1330724557434433     
  0.97473365289796032            1.8102196410962119            0.0000000000000000     
  0.97473365289796032            1.8102196410962119           0.17405958087463577     
  0.97473365289796032            1.8102196410962119           0.34811916174927154     
  0.97473365289796032            1.8102196410962119           0.52217874262390729     
  0.97473365289796032            1.8102196410962119           0.69623832349854309     
  0.97473365289796032            1.8102196410962119           0.87029790437317889     
  0.97473365289796032            1.8102196410962119            1.0443574852478146     
  0.97473365289796032            1.8102196410962119            1.2184170661224505     
  0.97473365289796032            1.8102196410962119            1.3924766469970862     
  0.97473365289796032            1.8102196410962119            1.5665362278717216     
  0.97473365289796032            1.8102196410962119            1.7405958087463578     
  0.97473365289796032            1.8102196410962119            1.9146553896209932     
  0.97473365289796032            1.8102196410962119            2.0887149704956292     
  0.97473365289796032            1.8102196410962119            2.2627745513702648     
  0.97473365289796032            1.8102196410962119            2.4368341322449010     
  0.97473365289796032            1.8102196410962119            2.6108937131195367     
  0.97473365289796032            1.8102196410962119            2.7849532939941724     
  0.97473365289796032            1.8102196410962119            2.9590128748688080     
  0.97473365289796032            1.8102196410962119            3.1330724557434433     
  0.97473365289796032            1.9494673057959206            0.0000000000000000     
  0.97473365289796032            1.9494673057959206           0.17405958087463577     
  0.97473365289796032            1.9494673057959206           0.34811916174927154     
  0.97473365289796032            1.9494673057959206           0.52217874262390729     
  0.97473365289796032            1.9494673057959206           0.69623832349854309     
  0.97473365289796032            1.9494673057959206           0.87029790437317889     
  0.97473365289796032            1.9494673057959206            1.0443574852478146     
  0.97473365289796032            1.9494673057959206            1.2184170661224505     
  0.97473365289796032            1.9494673057959206            1.3924766469970862     
  0.97473365289796032            1.9494673057959206            1.5665362278717216     
  0.97473365289796032            1.9494673057959206            1.7405958087463578     
  0.97473365289796032            1.9494673057959206            1.9146553896209932     
  0.97473365289796032            1.9494673057959206            2.0887149704956292     
  0.97473365289796032            1.9494673057959206            2.2627745513702648     
  0.97473365289796032            1.9494673057959206            2.4368341322449010     
  0.97473365289796032            1.9494673057959206            2.6108937131195367     
  0.97473365289796032            1.9494673057959206            2.7849532939941724     
  0.97473365289796032            1.9494673057959206            2.9590128748688080     
  0.97473365289796032            1.9494673057959206            3.1330724557434433     
  0.97473365289796032            2.0887149704956292            0.0000000000000000     
  0.97473365289796032            2.0887149704956292           0.17405958087463577     
  0.97473365289796032            2.0887149704956292           0.34811916174927154     
  0.97473365289796032            2.0887149704956292           0.52217874262390729     
  0.97473365289796032            2.0887149704956292           0.69623832349854309     
  0.97473365289796032            2.0887149704956292           0.87029790437317889     
  0.97473365289796032            2.0887149704956292            1.0443574852478146     
  0.97473365289796032            2.0887149704956292            1.2184170661224505     
  0.97473365289796032            2.0887149704956292            1.3924766469970862     
  0.97473365289796032            2.0887149704956292            1.5665362278717216     
  0.97473365289796032            2.0887149704956292            1.7405958087463578     
  0.97473365289796032            2.0887149704956292            1.9146553896209932     
  0.97473365289796032            2.0887149704956292            2.0887149704956292     
  0.97473365289796032            2.0887149704956292            2.2627745513702648     
  0.97473365289796032            2.0887149704956292            2.4368341322449010     
  0.97473365289796032            2.0887149704956292            2.6108937131195367     
  0.97473365289796032            2.0887149704956292            2.7849532939941724     
  0.97473365289796032            2.0887149704956292            2.9590128748688080     
  0.97473365289796032            2.0887149704956292            3.1330724557434433     
  0.97473365289796032            2.2279626351953374            0.0000000000000000     
  0.97473365289796032            2.2279626351953374           0.17405958087463577     
  0.97473365289796032            2.2279626351953374           0.34811916174927154     
  0.97473365289796032            2.2279626351953374           0.52217874262390729     
  0.97473365289796032            2.2279626351953374           0.69623832349854309     
  0.97473365289796032            2.2279626351953374           0.87029790437317889     
  0.97473365289796032            2.2279626351953374            1.0443574852478146     
  0.97473365289796032            2.2279626351953374            1.2184170661224505     
  0.97473365289796032            2.2279626351953374            1.3924766469970862     
  0.97473365289796032            2.2279626351953374            1.5665362278717216     
  0.97473365289796032            2.2279626351953374            1.7405958087463578     
  0.97473365289796032            2.2279626351953374            1.9146553896209932     
  0.97473365289796032            2.2279626351953374            2.0887149704956292     
  0.97473365289796032            2.2279626351953374            2.2627745513702648     
  0.97473365289796032            2.2279626351953374            2.4368341322449010     
  0.97473365289796032            2.2279626351953374            2.6108937131195367     
  0.97473365289796032            2.2279626351953374            2.7849532939941724     
  0.97473365289796032            2.2279626351953374            2.9590128748688080     
  0.97473365289796032            2.2279626351953374            3.1330724557434433     
  0.97473365289796032            2.3672102998950462            0.0000000000000000     
  0.97473365289796032            2.3672102998950462           0.17405958087463577     
  0.97473365289796032            2.3672102998950462           0.34811916174927154     
  0.97473365289796032            2.3672102998950462           0.52217874262390729     
  0.97473365289796032            2.3672102998950462           0.69623832349854309     
  0.97473365289796032            2.3672102998950462           0.87029790437317889     
  0.97473365289796032            2.3672102998950462            1.0443574852478146     
  0.97473365289796032            2.3672102998950462            1.2184170661224505     
  0.97473365289796032            2.3672102998950462            1.3924766469970862     
  0.97473365289796032            2.3672102998950462            1.5665362278717216     
  0.97473365289796032            2.3672102998950462            1.7405958087463578     
  0.97473365289796032            2.3672102998950462            1.9146553896209932     
  0.97473365289796032            2.3672102998950462            2.0887149704956292     
  0.97473365289796032            2.3672102998950462            2.2627745513702648     
  0.97473365289796032            2.3672102998950462            2.4368341322449010     
  0.97473365289796032            2.3672102998950462            2.6108937131195367     
  0.97473365289796032            2.3672102998950462            2.7849532939941724     
  0.97473365289796032            2.3672102998950462            2.9590128748688080     
  0.97473365289796032            2.3672102998950462            3.1330724557434433     
  0.97473365289796032            2.5064579645947545            0.0000000000000000     
  0.97473365289796032            2.5064579645947545           0.17405958087463577     
  0.97473365289796032            2.5064579645947545           0.34811916174927154     
  0.97473365289796032            2.5064579645947545           0.52217874262390729     
  0.97473365289796032            2.5064579645947545           0.69623832349854309     
  0.97473365289796032            2.5064579645947545           0.87029790437317889     
  0.97473365289796032            2.5064579645947545            1.0443574852478146     
  0.97473365289796032            2.5064579645947545            1.2184170661224505     
  0.97473365289796032            2.5064579645947545            1.3924766469970862     
  0.97473365289796032            2.5064579645947545            1.5665362278717216     
  0.97473365289796032            2.5064579645947545            1.7405958087463578     
  0.97473365289796032            2.5064579645947545            1.9146553896209932     
  0.97473365289796032            2.5064579645947545            2.0887149704956292     
  0.97473365289796032            2.5064579645947545            2.2627745513702648     
  0.97473365289796032            2.5064579645947545            2.4368341322449010     
  0.97473365289796032            2.5064579645947545            2.6108937131195367     
  0.97473365289796032            2.5064579645947545            2.7849532939941724     
  0.97473365289796032            2.5064579645947545            2.9590128748688080     
  0.97473365289796032            2.5064579645947545            3.1330724557434433     
   1.1139813175976687            0.0000000000000000            0.0000000000000000     
   1.1139813175976687            0.0000000000000000           0.17405958087463577     
   1.1139813175976687            0.0000000000000000           0.34811916174927154     
   1.1139813175976687            0.0000000000000000           0.52217874262390729     
   1.1139813175976687            0.0000000000000000           0.69623832349854309     
   1.1139813175976687            0.0000000000000000           0.87029790437317889     
   1.1139813175976687            0.0000000000000000            1.0443574852478146     
   1.1139813175976687            0.0000000000000000            1.2184170661224505     
   1.1139813175976687            0.0000000000000000            1.3924766469970862     
   1.1139813175976687            0.0000000000000000            1.5665362278717216     
   1.1139813175976687            0.0000000000000000            1.7405958087463578     
   1.1139813175976687            0.0000000000000000            1.9146553896209932     
   1.1139813175976687            0.0000000000000000            2.0887149704956292     
   1.1139813175976687            0.0000000000000000            2.2627745513702648     
   1.1139813175976687            0.0000000000000000            2.4368341322449010     
   1.1139813175976687            0.0000000000000000            2.6108937131195367     
   1.1139813175976687            0.0000000000000000            2.7849532939941724     
   1.1139813175976687            0.0000000000000000            2.9590128748688080     
   1.1139813175976687            0.0000000000000000            3.1330724557434433     
   1.1139813175976687           0.13924766469970859            0.0000000000000000     
   1.1139813175976687           0.13924766469970859           0.17405958087463577     
   1.1139813175976687           0.13924766469970859           0.34811916174927154     
   1.1139813175976687           0.13924766469970859           0.52217874262390729     
   1.1139813175976687           0.13924766469970859           0.69623832349854309     
   1.1139813175976687           0.13924766469970859           0.87029790437317889     
   1.1139813175976687           0.13924766469970859            1.0443574852478146     
   1.1139813175976687           0.13924766469970859            1.2184170661224505     
   1.1139813175976687           0.13924766469970859            1.3924766469970862     
   1.1139813175976687           0.13924766469970859            1.5665362278717216     
   1.1139813175976687           0.13924766469970859            1.7405958087463578     
   1.1139813175976687           0.13924766469970859            1.9146553896209932     
   1.1139813175976687           0.13924766469970859            2.0887149704956292     
   1.1139813175976687           0.13924766469970859            2.2627745513702648     
   1.1139813175976687           0.13924766469970859            2.4368341322449010     
   1.1139813175976687           0.13924766469970859            2.6108937131195367     
   1.1139813175976687           0.13924766469970859            2.7849532939941724     
   1.1139813175976687           0.13924766469970859            2.9590128748688080     
   1.1139813175976687           0.13924766469970859            3.1330724557434433     
   1.1139813175976687           0.27849532939941718            0.0000000000000000     
   1.1139813175976687           0.27849532939941718           0.17405958087463577     
   1.1139813175976687           0.27849532939941718           0.34811916174927154     
   1.1139813175976687           0.27849532939941718           0.52217874262390729     
   1.1139813175976687           0.27849532939941718           0.69623832349854309     
   1.1139813175976687           0.27849532939941718           0.87029790437317889     
   1.1139813175976687           0.27849532939941718            1.0443574852478146     
   1.1139813175976687           0.27849532939941718            1.2184170661224505     
   1.1139813175976687           0.27849532939941718            1.3924766469970862     
   1.1139813175976687           0.27849532939941718            1.5665362278717216     
   1.1139813175976687           0.27849532939941718            1.7405958087463578     
   1.1139813175976687           0.27849532939941718            1.9146553896209932     
   1.1139813175976687           0.27849532939941718            2.0887149704956292     
   1.1139813175976687           0.27849532939941718            2.2627745513702648     
   1.1139813175976687           0.27849532939941718            2.4368341322449010     
   1.1139813175976687           0.27849532939941718            2.6108937131195367     
   1.1139813175976687           0.27849532939941718            2.7849532939941724     
   1.1139813175976687           0.27849532939941718            2.9590128748688080     
   1.1139813175976687           0.27849532939941718            3.1330724557434433     
   1.1139813175976687           0.41774299409912580            0.0000000000000000     
   1.1139813175976687           0.41774299409912580           0.17405958087463577     
   1.1139813175976687           0.41774299409912580           0.34811916174927154     
   1.1139813175976687           0.41774299409912580           0.52217874262390729     
   1.1139813175976687           0.41774299409912580           0.69623832349854309     
   1.1139813175976687           0.41774299409912580           0.87029790437317889     
   1.1139813175976687           0.41774299409912580            1.0443574852478146     
   1.1139813175976687           0.41774299409912580            1.2184170661224505     
   1.1139813175976687           0.41774299409912580            1.3924766469970862     
   1.1139813175976687           0.41774299409912580            1.5665362278717216     
   1.1139813175976687           0.41774299409912580            1.7405958087463578     
   1.1139813175976687           0.41774299409912580            1.9146553896209932     
   1.1139813175976687           0.41774299409912580            2.0887149704956292     
   1.1139813175976687           0.41774299409912580            2.2627745513702648     
   1.1139813175976687           0.41774299409912580            2.4368341322449010     
   1.1139813175976687           0.41774299409912580            2.6108937131195367     
   1.1139813175976687           0.41774299409912580            2.7849532939941724     
   1.1139813175976687           0.41774299409912580            2.9590128748688080     
   1.1139813175976687           0.41774299409912580            3.1330724557434433     
   1.1139813175976687           0.55699065879883436            0.0000000000000000     
   1.1139813175976687           0.55699065879883436           0.17405958087463577     
   1.1139813175976687           0.55699065879883436           0.34811916174927154     
   1.1139813175976687           0.55699065879883436           0.52217874262390729     
   1.1139813175976687           0.55699065879883436           0.69623832349854309     
   1.1139813175976687           0.55699065879883436           0.87029790437317889     
   1.1139813175976687           0.55699065879883436            1.0443574852478146     
   1.1139813175976687           0.55699065879883436            1.2184170661224505     
   1.1139813175976687           0.55699065879883436            1.3924766469970862     
   1.1139813175976687           0.55699065879883436            1.5665362278717216     
   1.1139813175976687           0.55699065879883436            1.7405958087463578     
   1.1139813175976687           0.55699065879883436            1.9146553896209932     
   1.1139813175976687           0.55699065879883436            2.0887149704956292     
   1.1139813175976687           0.55699065879883436            2.2627745513702648     
   1.1139813175976687           0.55699065879883436            2.4368341322449010     
   1.1139813175976687           0.55699065879883436            2.6108937131195367     
   1.1139813175976687           0.55699065879883436            2.7849532939941724     
   1.1139813175976687           0.55699065879883436            2.9590128748688080     
   1.1139813175976687           0.55699065879883436            3.1330724557434433     
   1.1139813175976687           0.69623832349854298            0.0000000000000000     
   1.1139813175976687           0.69623832349854298           0.17405958087463577     
   1.1139813175976687           0.69623832349854298           0.34811916174927154     
   1.1139813175976687           0.69623832349854298           0.52217874262390729     
   1.1139813175976687           0.69623832349854298           0.69623832349854309     
   1.1139813175976687           0.69623832349854298           0.87029790437317889     
   1.1139813175976687           0.69623832349854298            1.0443574852478146     
   1.1139813175976687           0.69623832349854298            1.2184170661224505     
   1.1139813175976687           0.69623832349854298            1.3924766469970862     
   1.1139813175976687           0.69623832349854298            1.5665362278717216     
   1.1139813175976687           0.69623832349854298            1.7405958087463578     
   1.1139813175976687           0.69623832349854298            1.9146553896209932     
   1.1139813175976687           0.69623832349854298            2.0887149704956292     
   1.1139813175976687           0.69623832349854298            2.2627745513702648     
   1.1139813175976687           0.69623832349854298            2.4368341322449010     
   1.1139813175976687           0.69623832349854298            2.6108937131195367     
   1.1139813175976687           0.69623832349854298            2.7849532939941724     
   1.1139813175976687           0.69623832349854298            2.9590128748688080     
   1.1139813175976687           0.69623832349854298            3.1330724557434433     
   1.1139813175976687           0.83548598819825159            0.0000000000000000     
   1.1139813175976687           0.83548598819825159           0.17405958087463577     
   1.1139813175976687           0.83548598819825159           0.34811916174927154     
   1.1139813175976687           0.83548598819825159           0.52217874262390729     
   1.1139813175976687           0.83548598819825159           0.69623832349854309     
   1.1139813175976687           0.83548598819825159           0.87029790437317889     
   1.1139813175976687           0.83548598819825159            1.0443574852478146     
   1.1139813175976687           0.83548598819825159            1.2184170661224505     
   1.1139813175976687           0.83548598819825159            1.3924766469970862     
   1.1139813175976687           0.83548598819825159            1.5665362278717216     
   1.1139813175976687           0.83548598819825159            1.7405958087463578     
   1.1139813175976687           0.83548598819825159            1.9146553896209932     
   1.1139813175976687           0.83548598819825159            2.0887149704956292     
   1.1139813175976687           0.83548598819825159            2.2627745513702648     
   1.1139813175976687           0.83548598819825159            2.4368341322449010     
   1.1139813175976687           0.83548598819825159            2.6108937131195367     
   1.1139813175976687           0.83548598819825159            2.7849532939941724     
   1.1139813175976687           0.83548598819825159            2.9590128748688080     
   1.1139813175976687           0.83548598819825159            3.1330724557434433     
   1.1139813175976687           0.97473365289796032            0.0000000000000000     
   1.1139813175976687           0.97473365289796032           0.17405958087463577     
   1.1139813175976687           0.97473365289796032           0.34811916174927154     
   1.1139813175976687           0.97473365289796032           0.52217874262390729     
   1.1139813175976687           0.97473365289796032           0.69623832349854309     
   1.1139813175976687           0.97473365289796032           0.87029790437317889     
   1.1139813175976687           0.97473365289796032            1.0443574852478146     
   1.1139813175976687           0.97473365289796032            1.2184170661224505     
   1.1139813175976687           0.97473365289796032            1.3924766469970862     
   1.1139813175976687           0.97473365289796032            1.5665362278717216     
   1.1139813175976687           0.97473365289796032            1.7405958087463578     
   1.1139813175976687           0.97473365289796032            1.9146553896209932     
   1.1139813175976687           0.97473365289796032            2.0887149704956292     
   1.1139813175976687           0.97473365289796032            2.2627745513702648     
   1.1139813175976687           0.97473365289796032            2.4368341322449010     
   1.1139813175976687           0.97473365289796032            2.6108937131195367     
   1.1139813175976687           0.97473365289796032            2.7849532939941724     
   1.1139813175976687           0.97473365289796032            2.9590128748688080     
   1.1139813175976687           0.97473365289796032            3.1330724557434433     
   1.1139813175976687            1.1139813175976687            0.0000000000000000     
   1.1139813175976687            1.1139813175976687           0.17405958087463577     
   1.1139813175976687            1.1139813175976687           0.34811916174927154     
   1.1139813175976687            1.1139813175976687           0.52217874262390729     
   1.1139813175976687            1.1139813175976687           0.69623832349854309     
   1.1139813175976687            1.1139813175976687           0.87029790437317889     
   1.1139813175976687            1.1139813175976687            1.0443574852478146     
   1.1139813175976687            1.1139813175976687            1.2184170661224505     
   1.1139813175976687            1.1139813175976687            1.3924766469970862     
   1.1139813175976687            1.1139813175976687            1.5665362278717216     
   1.1139813175976687            1.1139813175976687            1.7405958087463578     
   1.1139813175976687            1.1139813175976687            1.9146553896209932     
   1.1139813175976687            1.1139813175976687            2.0887149704956292     
   1.1139813175976687            1.1139813175976687            2.2627745513702648     
   1.1139813175976687            1.1139813175976687            2.4368341322449010     
   1.1139813175976687            1.1139813175976687            2.6108937131195367     
   1.1139813175976687            1.1139813175976687            2.7849532939941724     
   1.1139813175976687            1.1139813175976687            2.9590128748688080     
   1.1139813175976687            1.1139813175976687            3.1330724557434433     
   1.1139813175976687            1.2532289822973772            0.0000000000000000     
   1.1139813175976687            1.2532289822973772           0.17405958087463577     
   1.1139813175976687            1.2532289822973772           0.34811916174927154     
   1.1139813175976687            1.2532289822973772           0.52217874262390729     
   1.1139813175976687            1.2532289822973772           0.69623832349854309     
   1.1139813175976687            1.2532289822973772           0.87029790437317889     
   1.1139813175976687            1.2532289822973772            1.0443574852478146     
   1.1139813175976687            1.2532289822973772            1.2184170661224505     
   1.1139813175976687            1.2532289822973772            1.3924766469970862     
   1.1139813175976687            1.2532289822973772            1.5665362278717216     
   1.1139813175976687            1.2532289822973772            1.7405958087463578     
   1.1139813175976687            1.2532289822973772            1.9146553896209932     
   1.1139813175976687            1.2532289822973772            2.0887149704956292     
   1.1139813175976687            1.2532289822973772            2.2627745513702648     
   1.1139813175976687            1.2532289822973772            2.4368341322449010     
   1.1139813175976687            1.2532289822973772            2.6108937131195367     
   1.1139813175976687            1.2532289822973772            2.7849532939941724     
   1.1139813175976687            1.2532289822973772            2.9590128748688080     
   1.1139813175976687            1.2532289822973772            3.1330724557434433     
   1.1139813175976687            1.3924766469970860            0.0000000000000000     
   1.1139813175976687            1.3924766469970860           0.17405958087463577     
   1.1139813175976687            1.3924766469970860           0.34811916174927154     
   1.1139813175976687            1.3924766469970860           0.52217874262390729     
   1.1139813175976687            1.3924766469970860           0.69623832349854309     
   1.1139813175976687            1.3924766469970860           0.87029790437317889     
   1.1139813175976687            1.3924766469970860            1.0443574852478146     
   1.1139813175976687            1.3924766469970860            1.2184170661224505     
   1.1139813175976687            1.3924766469970860            1.3924766469970862     
   1.1139813175976687            1.3924766469970860            1.5665362278717216     
   1.1139813175976687            1.3924766469970860            1.7405958087463578     
   1.1139813175976687            1.3924766469970860            1.9146553896209932     
   1.1139813175976687            1.3924766469970860            2.0887149704956292     
   1.1139813175976687            1.3924766469970860            2.2627745513702648     
   1.1139813175976687            1.3924766469970860            2.4368341322449010     
   1.1139813175976687            1.3924766469970860            2.6108937131195367     
   1.1139813175976687            1.3924766469970860            2.7849532939941724     
   1.1139813175976687            1.3924766469970860            2.9590128748688080     
   1.1139813175976687            1.3924766469970860            3.1330724557434433     
   1.1139813175976687            1.5317243116967947            0.0000000000000000     
   1.1139813175976687            1.5317243116967947           0.17405958087463577     
   1.1139813175976687            1.5317243116967947           0.34811916174927154     
   1.1139813175976687            1.5317243116967947           0.52217874262390729     
   1.1139813175976687            1.5317243116967947           0.69623832349854309     
   1.1139813175976687            1.5317243116967947           0.87029790437317889     
   1.1139813175976687            1.5317243116967947            1.0443574852478146     
   1.1139813175976687            1.5317243116967947            1.2184170661224505     
   1.1139813175976687            1.5317243116967947            1.3924766469970862     
   1.1139813175976687            1.5317243116967947            1.5665362278717216     
   1.1139813175976687            1.5317243116967947            1.7405958087463578     
   1.1139813175976687            1.5317243116967947            1.9146553896209932     
   1.1139813175976687            1.5317243116967947            2.0887149704956292     
   1.1139813175976687            1.5317243116967947            2.2627745513702648     
   1.1139813175976687            1.5317243116967947            2.4368341322449010     
   1.1139813175976687            1.5317243116967947            2.6108937131195367     
   1.1139813175976687            1.5317243116967947            2.7849532939941724     
   1.1139813175976687            1.5317243116967947            2.9590128748688080     
   1.1139813175976687            1.5317243116967947            3.1330724557434433     
   1.1139813175976687            1.6709719763965032            0.0000000000000000     
   1.1139813175976687            1.6709719763965032           0.17405958087463577     
   1.1139813175976687            1.6709719763965032           0.34811916174927154     
   1.1139813175976687            1.6709719763965032           0.52217874262390729     
   1.1139813175976687            1.6709719763965032           0.69623832349854309     
   1.1139813175976687            1.6709719763965032           0.87029790437317889     
   1.1139813175976687            1.6709719763965032            1.0443574852478146     
   1.1139813175976687            1.6709719763965032            1.2184170661224505     
   1.1139813175976687            1.6709719763965032            1.3924766469970862     
   1.1139813175976687            1.6709719763965032            1.5665362278717216     
   1.1139813175976687            1.6709719763965032            1.7405958087463578     
   1.1139813175976687            1.6709719763965032            1.9146553896209932     
   1.1139813175976687            1.6709719763965032            2.0887149704956292     
   1.1139813175976687            1.6709719763965032            2.2627745513702648     
   1.1139813175976687            1.6709719763965032            2.4368341322449010     
   1.1139813175976687            1.6709719763965032            2.6108937131195367     
   1.1139813175976687            1.6709719763965032            2.7849532939941724     
   1.1139813175976687            1.6709719763965032            2.9590128748688080     
   1.1139813175976687            1.6709719763965032            3.1330724557434433     
   1.1139813175976687            1.8102196410962119            0.0000000000000000     
   1.1139813175976687            1.8102196410962119           0.17405958087463577     
   1.1139813175976687            1.8102196410962119           0.34811916174927154     
   1.1139813175976687            1.8102196410962119           0.52217874262390729     
   1.1139813175976687            1.8102196410962119           0.69623832349854309     
   1.1139813175976687            1.8102196410962119           0.87029790437317889     
   1.1139813175976687            1.8102196410962119            1.0443574852478146     
   1.1139813175976687            1.8102196410962119            1.2184170661224505     
   1.1139813175976687            1.8102196410962119            1.3924766469970862     
   1.1139813175976687            1.8102196410962119            1.5665362278717216     
   1.1139813175976687            1.8102196410962119            1.7405958087463578     
   1.1139813175976687            1.8102196410962119            1.9146553896209932     
   1.1139813175976687            1.8102196410962119            2.0887149704956292     
   1.1139813175976687            1.8102196410962119            2.2627745513702648     
   1.1139813175976687            1.8102196410962119            2.4368341322449010     
   1.1139813175976687            1.8102196410962119            2.6108937131195367     
   1.1139813175976687            1.8102196410962119            2.7849532939941724     
   1.1139813175976687            1.8102196410962119            2.9590128748688080     
   1.1139813175976687            1.8102196410962119            3.1330724557434433     
   1.1139813175976687            1.9494673057959206            0.0000000000000000     
   1.1139813175976687            1.9494673057959206           0.17405958087463577     
   1.1139813175976687            1.9494673057959206           0.34811916174927154     
   1.1139813175976687            1.9494673057959206           0.52217874262390729     
   1.1139813175976687            1.9494673057959206           0.69623832349854309     
   1.1139813175976687            1.9494673057959206           0.87029790437317889     
   1.1139813175976687            1.9494673057959206            1.0443574852478146     
   1.1139813175976687            1.9494673057959206            1.2184170661224505     
   1.1139813175976687            1.9494673057959206            1.3924766469970862     
   1.1139813175976687            1.9494673057959206            1.5665362278717216     
   1.1139813175976687            1.9494673057959206            1.7405958087463578     
   1.1139813175976687            1.9494673057959206            1.9146553896209932     
   1.1139813175976687            1.9494673057959206            2.0887149704956292     
   1.1139813175976687            1.9494673057959206            2.2627745513702648     
   1.1139813175976687            1.9494673057959206            2.4368341322449010     
   1.1139813175976687            1.9494673057959206            2.6108937131195367     
   1.1139813175976687            1.9494673057959206            2.7849532939941724     
   1.1139813175976687            1.9494673057959206            2.9590128748688080     
   1.1139813175976687            1.9494673057959206            3.1330724557434433     
   1.1139813175976687            2.0887149704956292            0.0000000000000000     
   1.1139813175976687            2.0887149704956292           0.17405958087463577     
   1.1139813175976687            2.0887149704956292           0.34811916174927154     
   1.1139813175976687            2.0887149704956292           0.52217874262390729     
   1.1139813175976687            2.0887149704956292           0.69623832349854309     
   1.1139813175976687            2.0887149704956292           0.87029790437317889     
   1.1139813175976687            2.0887149704956292            1.0443574852478146     
   1.1139813175976687            2.0887149704956292            1.2184170661224505     
   1.1139813175976687            2.0887149704956292            1.3924766469970862     
   1.1139813175976687            2.0887149704956292            1.5665362278717216     
   1.1139813175976687            2.0887149704956292            1.7405958087463578     
   1.1139813175976687            2.0887149704956292            1.9146553896209932     
   1.1139813175976687            2.0887149704956292            2.0887149704956292     
   1.1139813175976687            2.0887149704956292            2.2627745513702648     
   1.1139813175976687            2.0887149704956292            2.4368341322449010     
   1.1139813175976687            2.0887149704956292            2.6108937131195367     
   1.1139813175976687            2.0887149704956292            2.7849532939941724     
   1.1139813175976687            2.0887149704956292            2.9590128748688080     
   1.1139813175976687            2.0887149704956292            3.1330724557434433     
   1.1139813175976687            2.2279626351953374            0.0000000000000000     
   1.1139813175976687            2.2279626351953374           0.17405958087463577     
   1.1139813175976687            2.2279626351953374           0.34811916174927154     
   1.1139813175976687            2.2279626351953374           0.52217874262390729     
   1.1139813175976687            2.2279626351953374           0.69623832349854309     
   1.1139813175976687            2.2279626351953374           0.87029790437317889     
   1.1139813175976687            2.2279626351953374            1.0443574852478146     
   1.1139813175976687            2.2279626351953374            1.2184170661224505     
   1.1139813175976687            2.2279626351953374            1.3924766469970862     
   1.1139813175976687            2.2279626351953374            1.5665362278717216     
   1.1139813175976687            2.2279626351953374            1.7405958087463578     
   1.1139813175976687            2.2279626351953374            1.9146553896209932     
   1.1139813175976687            2.2279626351953374            2.0887149704956292     
   1.1139813175976687            2.2279626351953374            2.2627745513702648     
   1.1139813175976687            2.2279626351953374            2.4368341322449010     
   1.1139813175976687            2.2279626351953374            2.6108937131195367     
   1.1139813175976687            2.2279626351953374            2.7849532939941724     
   1.1139813175976687            2.2279626351953374            2.9590128748688080     
   1.1139813175976687            2.2279626351953374            3.1330724557434433     
   1.1139813175976687            2.3672102998950462            0.0000000000000000     
   1.1139813175976687            2.3672102998950462           0.17405958087463577     
   1.1139813175976687            2.3672102998950462           0.34811916174927154     
   1.1139813175976687            2.3672102998950462           0.52217874262390729     
   1.1139813175976687            2.3672102998950462           0.69623832349854309     
   1.1139813175976687            2.3672102998950462           0.87029790437317889     
   1.1139813175976687            2.3672102998950462            1.0443574852478146     
   1.1139813175976687            2.3672102998950462            1.2184170661224505     
   1.1139813175976687            2.3672102998950462            1.3924766469970862     
   1.1139813175976687            2.3672102998950462            1.5665362278717216     
   1.1139813175976687            2.3672102998950462            1.7405958087463578     
   1.1139813175976687            2.3672102998950462            1.9146553896209932     
   1.1139813175976687            2.3672102998950462            2.0887149704956292     
   1.1139813175976687            2.3672102998950462            2.2627745513702648     
   1.1139813175976687            2.3672102998950462            2.4368341322449010     
   1.1139813175976687            2.3672102998950462            2.6108937131195367     
   1.1139813175976687            2.3672102998950462            2.7849532939941724     
   1.1139813175976687            2.3672102998950462            2.9590128748688080     
   1.1139813175976687            2.3672102998950462            3.1330724557434433     
   1.1139813175976687            2.5064579645947545            0.0000000000000000     
   1.1139813175976687            2.5064579645947545           0.17405958087463577     
   1.1139813175976687            2.5064579645947545           0.34811916174927154     
   1.1139813175976687            2.5064579645947545           0.52217874262390729     
   1.1139813175976687            2.5064579645947545           0.69623832349854309     
   1.1139813175976687            2.5064579645947545           0.87029790437317889     
   1.1139813175976687            2.5064579645947545            1.0443574852478146     
   1.1139813175976687            2.5064579645947545            1.2184170661224505     
   1.1139813175976687            2.5064579645947545            1.3924766469970862     
   1.1139813175976687            2.5064579645947545            1.5665362278717216     
   1.1139813175976687            2.5064579645947545            1.7405958087463578     
   1.1139813175976687            2.5064579645947545            1.9146553896209932     
   1.1139813175976687            2.5064579645947545            2.0887149704956292     
   1.1139813175976687            2.5064579645947545            2.2627745513702648     
   1.1139813175976687            2.5064579645947545            2.4368341322449010     
   1.1139813175976687            2.5064579645947545            2.6108937131195367     
   1.1139813175976687            2.5064579645947545            2.7849532939941724     
   1.1139813175976687            2.5064579645947545            2.9590128748688080     
   1.1139813175976687            2.5064579645947545            3.1330724557434433     
   1.2532289822973772            0.0000000000000000            0.0000000000000000     
   1.2532289822973772            0.0000000000000000           0.17405958087463577     
   1.2532289822973772            0.0000000000000000           0.34811916174927154     
   1.2532289822973772            0.0000000000000000           0.52217874262390729     
   1.2532289822973772            0.0000000000000000           0.69623832349854309     
   1.2532289822973772            0.0000000000000000           0.87029790437317889     
   1.2532289822973772            0.0000000000000000            1.0443574852478146     
   1.2532289822973772            0.0000000000000000            1.2184170661224505     
   1.2532289822973772            0.0000000000000000            1.3924766469970862     
   1.2532289822973772            0.0000000000000000            1.5665362278717216     
   1.2532289822973772            0.0000000000000000            1.7405958087463578     
   1.2532289822973772            0.0000000000000000            1.9146553896209932     
   1.2532289822973772            0.0000000000000000            2.0887149704956292     
   1.2532289822973772            0.0000000000000000            2.2627745513702648     
   1.2532289822973772            0.0000000000000000            2.4368341322449010     
   1.2532289822973772            0.0000000000000000            2.6108937131195367     
   1.2532289822973772            0.0000000000000000            2.7849532939941724     
   1.2532289822973772            0.0000000000000000            2.9590128748688080     
   1.2532289822973772            0.0000000000000000            3.1330724557434433     
   1.2532289822973772           0.13924766469970859            0.0000000000000000     
   1.2532289822973772           0.13924766469970859           0.17405958087463577     
   1.2532289822973772           0.13924766469970859           0.34811916174927154     
   1.2532289822973772           0.13924766469970859           0.52217874262390729     
   1.2532289822973772           0.13924766469970859           0.69623832349854309     
   1.2532289822973772           0.13924766469970859           0.87029790437317889     
   1.2532289822973772           0.13924766469970859            1.0443574852478146     
   1.2532289822973772           0.13924766469970859            1.2184170661224505     
   1.2532289822973772           0.13924766469970859            1.3924766469970862     
   1.2532289822973772           0.13924766469970859            1.5665362278717216     
   1.2532289822973772           0.13924766469970859            1.7405958087463578     
   1.2532289822973772           0.13924766469970859            1.9146553896209932     
   1.2532289822973772           0.13924766469970859            2.0887149704956292     
   1.2532289822973772           0.13924766469970859            2.2627745513702648     
   1.2532289822973772           0.13924766469970859            2.4368341322449010     
   1.2532289822973772           0.13924766469970859            2.6108937131195367     
   1.2532289822973772           0.13924766469970859            2.7849532939941724     
   1.2532289822973772           0.13924766469970859            2.9590128748688080     
   1.2532289822973772           0.13924766469970859            3.1330724557434433     
   1.2532289822973772           0.27849532939941718            0.0000000000000000     
   1.2532289822973772           0.27849532939941718           0.17405958087463577     
   1.2532289822973772           0.27849532939941718           0.34811916174927154     
   1.2532289822973772           0.27849532939941718           0.52217874262390729     
   1.2532289822973772           0.27849532939941718           0.69623832349854309     
   1.2532289822973772           0.27849532939941718           0.87029790437317889     
   1.2532289822973772           0.27849532939941718            1.0443574852478146     
   1.2532289822973772           0.27849532939941718            1.2184170661224505     
   1.2532289822973772           0.27849532939941718            1.3924766469970862     
   1.2532289822973772           0.27849532939941718            1.5665362278717216     
   1.2532289822973772           0.27849532939941718            1.7405958087463578     
   1.2532289822973772           0.27849532939941718            1.9146553896209932     
   1.2532289822973772           0.27849532939941718            2.0887149704956292     
   1.2532289822973772           0.27849532939941718            2.2627745513702648     
   1.2532289822973772           0.27849532939941718            2.4368341322449010     
   1.2532289822973772           0.27849532939941718            2.6108937131195367     
   1.2532289822973772           0.27849532939941718            2.7849532939941724     
   1.2532289822973772           0.27849532939941718            2.9590128748688080     
   1.2532289822973772           0.27849532939941718            3.1330724557434433     
   1.2532289822973772           0.41774299409912580            0.0000000000000000     
   1.2532289822973772           0.41774299409912580           0.17405958087463577     
   1.2532289822973772           0.41774299409912580           0.34811916174927154     
   1.2532289822973772           0.41774299409912580           0.52217874262390729     
   1.2532289822973772           0.41774299409912580           0.69623832349854309     
   1.2532289822973772           0.41774299409912580           0.87029790437317889     
   1.2532289822973772           0.41774299409912580            1.0443574852478146     
   1.2532289822973772           0.41774299409912580            1.2184170661224505     
   1.2532289822973772           0.41774299409912580            1.3924766469970862     
   1.2532289822973772           0.41774299409912580            1.5665362278717216     
   1.2532289822973772           0.41774299409912580            1.7405958087463578     
   1.2532289822973772           0.41774299409912580            1.9146553896209932     
   1.2532289822973772           0.41774299409912580            2.0887149704956292     
   1.2532289822973772           0.41774299409912580            2.2627745513702648     
   1.2532289822973772           0.41774299409912580            2.4368341322449010     
   1.2532289822973772           0.41774299409912580            2.6108937131195367     
   1.2532289822973772           0.41774299409912580            2.7849532939941724     
   1.2532289822973772           0.41774299409912580            2.9590128748688080     
   1.2532289822973772           0.41774299409912580            3.1330724557434433     
   1.2532289822973772           0.55699065879883436            0.0000000000000000     
   1.2532289822973772           0.55699065879883436           0.17405958087463577     
   1.2532289822973772           0.55699065879883436           0.34811916174927154     
   1.2532289822973772           0.55699065879883436           0.52217874262390729     
   1.2532289822973772           0.55699065879883436           0.69623832349854309     
   1.2532289822973772           0.55699065879883436           0.87029790437317889     
   1.2532289822973772           0.55699065879883436            1.0443574852478146     
   1.2532289822973772           0.55699065879883436            1.2184170661224505     
   1.2532289822973772           0.55699065879883436            1.3924766469970862     
   1.2532289822973772           0.55699065879883436            1.5665362278717216     
   1.2532289822973772           0.55699065879883436            1.7405958087463578     
   1.2532289822973772           0.55699065879883436            1.9146553896209932     
   1.2532289822973772           0.55699065879883436            2.0887149704956292     
   1.2532289822973772           0.55699065879883436            2.2627745513702648     
   1.2532289822973772           0.55699065879883436            2.4368341322449010     
   1.2532289822973772           0.55699065879883436            2.6108937131195367     
   1.2532289822973772           0.55699065879883436            2.7849532939941724     
   1.2532289822973772           0.55699065879883436            2.9590128748688080     
   1.2532289822973772           0.55699065879883436            3.1330724557434433     
   1.2532289822973772           0.69623832349854298            0.0000000000000000     
   1.2532289822973772           0.69623832349854298           0.17405958087463577     
   1.2532289822973772           0.69623832349854298           0.34811916174927154     
   1.2532289822973772           0.69623832349854298           0.52217874262390729     
   1.2532289822973772           0.69623832349854298           0.69623832349854309     
   1.2532289822973772           0.69623832349854298           0.87029790437317889     
   1.2532289822973772           0.69623832349854298            1.0443574852478146     
   1.2532289822973772           0.69623832349854298            1.2184170661224505     
   1.2532289822973772           0.69623832349854298            1.3924766469970862     
   1.2532289822973772           0.69623832349854298            1.5665362278717216     
   1.2532289822973772           0.69623832349854298            1.7405958087463578     
   1.2532289822973772           0.69623832349854298            1.9146553896209932     
   1.2532289822973772           0.69623832349854298            2.0887149704956292     
   1.2532289822973772           0.69623832349854298            2.2627745513702648     
   1.2532289822973772           0.69623832349854298            2.4368341322449010     
   1.2532289822973772           0.69623832349854298            2.6108937131195367     
   1.2532289822973772           0.69623832349854298            2.7849532939941724     
   1.2532289822973772           0.69623832349854298            2.9590128748688080     
   1.2532289822973772           0.69623832349854298            3.1330724557434433     
   1.2532289822973772           0.83548598819825159            0.0000000000000000     
   1.2532289822973772           0.83548598819825159           0.17405958087463577     
   1.2532289822973772           0.83548598819825159           0.34811916174927154     
   1.2532289822973772           0.83548598819825159           0.52217874262390729     
   1.2532289822973772           0.83548598819825159           0.69623832349854309     
   1.2532289822973772           0.83548598819825159           0.87029790437317889     
   1.2532289822973772           0.83548598819825159            1.0443574852478146     
   1.2532289822973772           0.83548598819825159            1.2184170661224505     
   1.2532289822973772           0.83548598819825159            1.3924766469970862     
   1.2532289822973772           0.83548598819825159            1.5665362278717216     
   1.2532289822973772           0.83548598819825159            1.7405958087463578     
   1.2532289822973772           0.83548598819825159            1.9146553896209932     
   1.2532289822973772           0.83548598819825159            2.0887149704956292     
   1.2532289822973772           0.83548598819825159            2.2627745513702648     
   1.2532289822973772           0.83548598819825159            2.4368341322449010     
   1.2532289822973772           0.83548598819825159            2.6108937131195367     
   1.2532289822973772           0.83548598819825159            2.7849532939941724     
   1.2532289822973772           0.83548598819825159            2.9590128748688080     
   1.2532289822973772           0.83548598819825159            3.1330724557434433     
   1.2532289822973772           0.97473365289796032            0.0000000000000000     
   1.2532289822973772           0.97473365289796032           0.17405958087463577     
   1.2532289822973772           0.97473365289796032           0.34811916174927154     
   1.2532289822973772           0.97473365289796032           0.52217874262390729     
   1.2532289822973772           0.97473365289796032           0.69623832349854309     
   1.2532289822973772           0.97473365289796032           0.87029790437317889     
   1.2532289822973772           0.97473365289796032            1.0443574852478146     
   1.2532289822973772           0.97473365289796032            1.2184170661224505     
   1.2532289822973772           0.97473365289796032            1.3924766469970862     
   1.2532289822973772           0.97473365289796032            1.5665362278717216     
   1.2532289822973772           0.97473365289796032            1.7405958087463578     
   1.2532289822973772           0.97473365289796032            1.9146553896209932     
   1.2532289822973772           0.97473365289796032            2.0887149704956292     
   1.2532289822973772           0.97473365289796032            2.2627745513702648     
   1.2532289822973772           0.97473365289796032            2.4368341322449010     
   1.2532289822973772           0.97473365289796032            2.6108937131195367     
   1.2532289822973772           0.97473365289796032            2.7849532939941724     
   1.2532289822973772           0.97473365289796032            2.9590128748688080     
   1.2532289822973772           0.97473365289796032            3.1330724557434433     
   1.2532289822973772            1.1139813175976687            0.0000000000000000     
   1.2532289822973772            1.1139813175976687           0.17405958087463577     
   1.2532289822973772            1.1139813175976687           0.34811916174927154     
   1.2532289822973772            1.1139813175976687           0.52217874262390729     
   1.2532289822973772            1.1139813175976687           0.69623832349854309     
   1.2532289822973772            1.1139813175976687           0.87029790437317889     
   1.2532289822973772            1.1139813175976687            1.0443574852478146     
   1.2532289822973772            1.1139813175976687            1.2184170661224505     
   1.2532289822973772            1.1139813175976687            1.3924766469970862     
   1.2532289822973772            1.1139813175976687            1.5665362278717216     
   1.2532289822973772            1.1139813175976687            1.7405958087463578     
   1.2532289822973772            1.1139813175976687            1.9146553896209932     
   1.2532289822973772            1.1139813175976687            2.0887149704956292     
   1.2532289822973772            1.1139813175976687            2.2627745513702648     
   1.2532289822973772            1.1139813175976687            2.4368341322449010     
   1.2532289822973772            1.1139813175976687            2.6108937131195367     
   1.2532289822973772            1.1139813175976687            2.7849532939941724     
   1.2532289822973772            1.1139813175976687            2.9590128748688080     
   1.2532289822973772            1.1139813175976687            3.1330724557434433     
   1.2532289822973772            1.2532289822973772            0.0000000000000000     
   1.2532289822973772            1.2532289822973772           0.17405958087463577     
   1.2532289822973772            1.2532289822973772           0.34811916174927154     
   1.2532289822973772            1.2532289822973772           0.52217874262390729     
   1.2532289822973772            1.2532289822973772           0.69623832349854309     
   1.2532289822973772            1.2532289822973772           0.87029790437317889     
   1.2532289822973772            1.2532289822973772            1.0443574852478146     
   1.2532289822973772            1.2532289822973772            1.2184170661224505     
   1.2532289822973772            1.2532289822973772            1.3924766469970862     
   1.2532289822973772            1.2532289822973772            1.5665362278717216     
   1.2532289822973772            1.2532289822973772            1.7405958087463578     
   1.2532289822973772            1.2532289822973772            1.9146553896209932     
   1.2532289822973772            1.2532289822973772            2.0887149704956292     
   1.2532289822973772            1.2532289822973772            2.2627745513702648     
   1.2532289822973772            1.2532289822973772            2.4368341322449010     
   1.2532289822973772            1.2532289822973772            2.6108937131195367     
   1.2532289822973772            1.2532289822973772            2.7849532939941724     
   1.2532289822973772            1.2532289822973772            2.9590128748688080     
   1.2532289822973772            1.2532289822973772            3.1330724557434433     
   1.2532289822973772            1.3924766469970860            0.0000000000000000     
   1.2532289822973772            1.3924766469970860           0.17405958087463577     
   1.2532289822973772            1.3924766469970860           0.34811916174927154     
   1.2532289822973772            1.3924766469970860           0.52217874262390729     
   1.2532289822973772            1.3924766469970860           0.69623832349854309     
   1.2532289822973772            1.3924766469970860           0.87029790437317889     
   1.2532289822973772            1.3924766469970860            1.0443574852478146     
   1.2532289822973772            1.3924766469970860            1.2184170661224505     
   1.2532289822973772            1.3924766469970860            1.3924766469970862     
   1.2532289822973772            1.3924766469970860            1.5665362278717216     
   1.2532289822973772            1.3924766469970860            1.7405958087463578     
   1.2532289822973772            1.3924766469970860            1.9146553896209932     
   1.2532289822973772            1.3924766469970860            2.0887149704956292     
   1.2532289822973772            1.3924766469970860            2.2627745513702648     
   1.2532289822973772            1.3924766469970860            2.4368341322449010     
   1.2532289822973772            1.3924766469970860            2.6108937131195367     
   1.2532289822973772            1.3924766469970860            2.7849532939941724     
   1.2532289822973772            1.3924766469970860            2.9590128748688080     
   1.2532289822973772            1.3924766469970860            3.1330724557434433     
   1.2532289822973772            1.5317243116967947            0.0000000000000000     
   1.2532289822973772            1.5317243116967947           0.17405958087463577     
   1.2532289822973772            1.5317243116967947           0.34811916174927154     
   1.2532289822973772            1.5317243116967947           0.52217874262390729     
   1.2532289822973772            1.5317243116967947           0.69623832349854309     
   1.2532289822973772            1.5317243116967947           0.87029790437317889     
   1.2532289822973772            1.5317243116967947            1.0443574852478146     
   1.2532289822973772            1.5317243116967947            1.2184170661224505     
   1.2532289822973772            1.5317243116967947            1.3924766469970862     
   1.2532289822973772            1.5317243116967947            1.5665362278717216     
   1.2532289822973772            1.5317243116967947            1.7405958087463578     
   1.2532289822973772            1.5317243116967947            1.9146553896209932     
   1.2532289822973772            1.5317243116967947            2.0887149704956292     
   1.2532289822973772            1.5317243116967947            2.2627745513702648     
   1.2532289822973772            1.5317243116967947            2.4368341322449010     
   1.2532289822973772            1.5317243116967947            2.6108937131195367     
   1.2532289822973772            1.5317243116967947            2.7849532939941724     
   1.2532289822973772            1.5317243116967947            2.9590128748688080     
   1.2532289822973772            1.5317243116967947            3.1330724557434433     
   1.2532289822973772            1.6709719763965032            0.0000000000000000     
   1.2532289822973772            1.6709719763965032           0.17405958087463577     
   1.2532289822973772            1.6709719763965032           0.34811916174927154     
   1.2532289822973772            1.6709719763965032           0.52217874262390729     
   1.2532289822973772            1.6709719763965032           0.69623832349854309     
   1.2532289822973772            1.6709719763965032           0.87029790437317889     
   1.2532289822973772            1.6709719763965032            1.0443574852478146     
   1.2532289822973772            1.6709719763965032            1.2184170661224505     
   1.2532289822973772            1.6709719763965032            1.3924766469970862     
   1.2532289822973772            1.6709719763965032            1.5665362278717216     
   1.2532289822973772            1.6709719763965032            1.7405958087463578     
   1.2532289822973772            1.6709719763965032            1.9146553896209932     
   1.2532289822973772            1.6709719763965032            2.0887149704956292     
   1.2532289822973772            1.6709719763965032            2.2627745513702648     
   1.2532289822973772            1.6709719763965032            2.4368341322449010     
   1.2532289822973772            1.6709719763965032            2.6108937131195367     
   1.2532289822973772            1.6709719763965032            2.7849532939941724     
   1.2532289822973772            1.6709719763965032            2.9590128748688080     
   1.2532289822973772            1.6709719763965032            3.1330724557434433     
   1.2532289822973772            1.8102196410962119            0.0000000000000000     
   1.2532289822973772            1.8102196410962119           0.17405958087463577     
   1.2532289822973772            1.8102196410962119           0.34811916174927154     
   1.2532289822973772            1.8102196410962119           0.52217874262390729     
   1.2532289822973772            1.8102196410962119           0.69623832349854309     
   1.2532289822973772            1.8102196410962119           0.87029790437317889     
   1.2532289822973772            1.8102196410962119            1.0443574852478146     
   1.2532289822973772            1.8102196410962119            1.2184170661224505     
   1.2532289822973772            1.8102196410962119            1.3924766469970862     
   1.2532289822973772            1.8102196410962119            1.5665362278717216     
   1.2532289822973772            1.8102196410962119            1.7405958087463578     
   1.2532289822973772            1.8102196410962119            1.9146553896209932     
   1.2532289822973772            1.8102196410962119            2.0887149704956292     
   1.2532289822973772            1.8102196410962119            2.2627745513702648     
   1.2532289822973772            1.8102196410962119            2.4368341322449010     
   1.2532289822973772            1.8102196410962119            2.6108937131195367     
   1.2532289822973772            1.8102196410962119            2.7849532939941724     
   1.2532289822973772            1.8102196410962119            2.9590128748688080     
   1.2532289822973772            1.8102196410962119            3.1330724557434433     
   1.2532289822973772            1.9494673057959206            0.0000000000000000     
   1.2532289822973772            1.9494673057959206           0.17405958087463577     
   1.2532289822973772            1.9494673057959206           0.34811916174927154     
   1.2532289822973772            1.9494673057959206           0.52217874262390729     
   1.2532289822973772            1.9494673057959206           0.69623832349854309     
   1.2532289822973772            1.9494673057959206           0.87029790437317889     
   1.2532289822973772            1.9494673057959206            1.0443574852478146     
   1.2532289822973772            1.9494673057959206            1.2184170661224505     
   1.2532289822973772            1.9494673057959206            1.3924766469970862     
   1.2532289822973772            1.9494673057959206            1.5665362278717216     
   1.2532289822973772            1.9494673057959206            1.7405958087463578     
   1.2532289822973772            1.9494673057959206            1.9146553896209932     
   1.2532289822973772            1.9494673057959206            2.0887149704956292     
   1.2532289822973772            1.9494673057959206            2.2627745513702648     
   1.2532289822973772            1.9494673057959206            2.4368341322449010     
   1.2532289822973772            1.9494673057959206            2.6108937131195367     
   1.2532289822973772            1.9494673057959206            2.7849532939941724     
   1.2532289822973772            1.9494673057959206            2.9590128748688080     
   1.2532289822973772            1.9494673057959206            3.1330724557434433     
   1.2532289822973772            2.0887149704956292            0.0000000000000000     
   1.2532289822973772            2.0887149704956292           0.17405958087463577     
   1.2532289822973772            2.0887149704956292           0.34811916174927154     
   1.2532289822973772            2.0887149704956292           0.52217874262390729     
   1.2532289822973772            2.0887149704956292           0.69623832349854309     
   1.2532289822973772            2.0887149704956292           0.87029790437317889     
   1.2532289822973772            2.0887149704956292            1.0443574852478146     
   1.2532289822973772            2.0887149704956292            1.2184170661224505     
   1.2532289822973772            2.0887149704956292            1.3924766469970862     
   1.2532289822973772            2.0887149704956292            1.5665362278717216     
   1.2532289822973772            2.0887149704956292            1.7405958087463578     
   1.2532289822973772            2.0887149704956292            1.9146553896209932     
   1.2532289822973772            2.0887149704956292            2.0887149704956292     
   1.2532289822973772            2.0887149704956292            2.2627745513702648     
   1.2532289822973772            2.0887149704956292            2.4368341322449010     
   1.2532289822973772            2.0887149704956292            2.6108937131195367     
   1.2532289822973772            2.0887149704956292            2.7849532939941724     
   1.2532289822973772            2.0887149704956292            2.9590128748688080     
   1.2532289822973772            2.0887149704956292            3.1330724557434433     
   1.2532289822973772            2.2279626351953374            0.0000000000000000     
   1.2532289822973772            2.2279626351953374           0.17405958087463577     
   1.2532289822973772            2.2279626351953374           0.34811916174927154     
   1.2532289822973772            2.2279626351953374           0.52217874262390729     
   1.2532289822973772            2.2279626351953374           0.69623832349854309     
   1.2532289822973772            2.2279626351953374           0.87029790437317889     
   1.2532289822973772            2.2279626351953374            1.0443574852478146     
   1.2532289822973772            2.2279626351953374            1.2184170661224505     
   1.2532289822973772            2.2279626351953374            1.3924766469970862     
   1.2532289822973772            2.2279626351953374            1.5665362278717216     
   1.2532289822973772            2.2279626351953374            1.7405958087463578     
   1.2532289822973772            2.2279626351953374            1.9146553896209932     
   1.2532289822973772            2.2279626351953374            2.0887149704956292     
   1.2532289822973772            2.2279626351953374            2.2627745513702648     
   1.2532289822973772            2.2279626351953374            2.4368341322449010     
   1.2532289822973772            2.2279626351953374            2.6108937131195367     
   1.2532289822973772            2.2279626351953374            2.7849532939941724     
   1.2532289822973772            2.2279626351953374            2.9590128748688080     
   1.2532289822973772            2.2279626351953374            3.1330724557434433     
   1.2532289822973772            2.3672102998950462            0.0000000000000000     
   1.2532289822973772            2.3672102998950462           0.17405958087463577     
   1.2532289822973772            2.3672102998950462           0.34811916174927154     
   1.2532289822973772            2.3672102998950462           0.52217874262390729     
   1.2532289822973772            2.3672102998950462           0.69623832349854309     
   1.2532289822973772            2.3672102998950462           0.87029790437317889     
   1.2532289822973772            2.3672102998950462            1.0443574852478146     
   1.2532289822973772            2.3672102998950462            1.2184170661224505     
   1.2532289822973772            2.3672102998950462            1.3924766469970862     
   1.2532289822973772            2.3672102998950462            1.5665362278717216     
   1.2532289822973772            2.3672102998950462            1.7405958087463578     
   1.2532289822973772            2.3672102998950462            1.9146553896209932     
   1.2532289822973772            2.3672102998950462            2.0887149704956292     
   1.2532289822973772            2.3672102998950462            2.2627745513702648     
   1.2532289822973772            2.3672102998950462            2.4368341322449010     
   1.2532289822973772            2.3672102998950462            2.6108937131195367     
   1.2532289822973772            2.3672102998950462            2.7849532939941724     
   1.2532289822973772            2.3672102998950462            2.9590128748688080     
   1.2532289822973772            2.3672102998950462            3.1330724557434433     
   1.2532289822973772            2.5064579645947545            0.0000000000000000     
   1.2532289822973772            2.5064579645947545           0.17405958087463577     
   1.2532289822973772            2.5064579645947545           0.34811916174927154     
   1.2532289822973772            2.5064579645947545           0.52217874262390729     
   1.2532289822973772            2.5064579645947545           0.69623832349854309     
   1.2532289822973772            2.5064579645947545           0.87029790437317889     
   1.2532289822973772            2.5064579645947545            1.0443574852478146     
   1.2532289822973772            2.5064579645947545            1.2184170661224505     
   1.2532289822973772            2.5064579645947545            1.3924766469970862     
   1.2532289822973772            2.5064579645947545            1.5665362278717216     
   1.2532289822973772            2.5064579645947545            1.7405958087463578     
   1.2532289822973772            2.5064579645947545            1.9146553896209932     
   1.2532289822973772            2.5064579645947545            2.0887149704956292     
   1.2532289822973772            2.5064579645947545            2.2627745513702648     
   1.2532289822973772            2.5064579645947545            2.4368341322449010     
   1.2532289822973772            2.5064579645947545            2.6108937131195367     
   1.2532289822973772            2.5064579645947545            2.7849532939941724     
   1.2532289822973772            2.5064579645947545            2.9590128748688080     
   1.2532289822973772            2.5064579645947545            3.1330724557434433     
   1.3924766469970860            0.0000000000000000            0.0000000000000000     
   1.3924766469970860            0.0000000000000000           0.17405958087463577     
   1.3924766469970860            0.0000000000000000           0.34811916174927154     
   1.3924766469970860            0.0000000000000000           0.52217874262390729     
   1.3924766469970860            0.0000000000000000           0.69623832349854309     
   1.3924766469970860            0.0000000000000000           0.87029790437317889     
   1.3924766469970860            0.0000000000000000            1.0443574852478146     
   1.3924766469970860            0.0000000000000000            1.2184170661224505     
   1.3924766469970860            0.0000000000000000            1.3924766469970862     
   1.3924766469970860            0.0000000000000000            1.5665362278717216     
   1.3924766469970860            0.0000000000000000            1.7405958087463578     
   1.3924766469970860            0.0000000000000000            1.9146553896209932     
   1.3924766469970860            0.0000000000000000            2.0887149704956292     
   1.3924766469970860            0.0000000000000000            2.2627745513702648     
   1.3924766469970860            0.0000000000000000            2.4368341322449010     
   1.3924766469970860            0.0000000000000000            2.6108937131195367     
   1.3924766469970860            0.0000000000000000            2.7849532939941724     
   1.3924766469970860            0.0000000000000000            2.9590128748688080     
   1.3924766469970860            0.0000000000000000            3.1330724557434433     
   1.3924766469970860           0.13924766469970859            0.0000000000000000     
   1.3924766469970860           0.13924766469970859           0.17405958087463577     
   1.3924766469970860           0.13924766469970859           0.34811916174927154     
   1.3924766469970860           0.13924766469970859           0.52217874262390729     
   1.3924766469970860           0.13924766469970859           0.69623832349854309     
   1.3924766469970860           0.13924766469970859           0.87029790437317889     
   1.3924766469970860           0.13924766469970859            1.0443574852478146     
   1.3924766469970860           0.13924766469970859            1.2184170661224505     
   1.3924766469970860           0.13924766469970859            1.3924766469970862     
   1.3924766469970860           0.13924766469970859            1.5665362278717216     
   1.3924766469970860           0.13924766469970859            1.7405958087463578     
   1.3924766469970860           0.13924766469970859            1.9146553896209932     
   1.3924766469970860           0.13924766469970859            2.0887149704956292     
   1.3924766469970860           0.13924766469970859            2.2627745513702648     
   1.3924766469970860           0.13924766469970859            2.4368341322449010     
   1.3924766469970860           0.13924766469970859            2.6108937131195367     
   1.3924766469970860           0.13924766469970859            2.7849532939941724     
   1.3924766469970860           0.13924766469970859            2.9590128748688080     
   1.3924766469970860           0.13924766469970859            3.1330724557434433     
   1.3924766469970860           0.27849532939941718            0.0000000000000000     
   1.3924766469970860           0.27849532939941718           0.17405958087463577     
   1.3924766469970860           0.27849532939941718           0.34811916174927154     
   1.3924766469970860           0.27849532939941718           0.52217874262390729     
   1.3924766469970860           0.27849532939941718           0.69623832349854309     
   1.3924766469970860           0.27849532939941718           0.87029790437317889     
   1.3924766469970860           0.27849532939941718            1.0443574852478146     
   1.3924766469970860           0.27849532939941718            1.2184170661224505     
   1.3924766469970860           0.27849532939941718            1.3924766469970862     
   1.3924766469970860           0.27849532939941718            1.5665362278717216     
   1.3924766469970860           0.27849532939941718            1.7405958087463578     
   1.3924766469970860           0.27849532939941718            1.9146553896209932     
   1.3924766469970860           0.27849532939941718            2.0887149704956292     
   1.3924766469970860           0.27849532939941718            2.2627745513702648     
   1.3924766469970860           0.27849532939941718            2.4368341322449010     
   1.3924766469970860           0.27849532939941718            2.6108937131195367     
   1.3924766469970860           0.27849532939941718            2.7849532939941724     
   1.3924766469970860           0.27849532939941718            2.9590128748688080     
   1.3924766469970860           0.27849532939941718            3.1330724557434433     
   1.3924766469970860           0.41774299409912580            0.0000000000000000     
   1.3924766469970860           0.41774299409912580           0.17405958087463577     
   1.3924766469970860           0.41774299409912580           0.34811916174927154     
   1.3924766469970860           0.41774299409912580           0.52217874262390729     
   1.3924766469970860           0.41774299409912580           0.69623832349854309     
   1.3924766469970860           0.41774299409912580           0.87029790437317889     
   1.3924766469970860           0.41774299409912580            1.0443574852478146     
   1.3924766469970860           0.41774299409912580            1.2184170661224505     
   1.3924766469970860           0.41774299409912580            1.3924766469970862     
   1.3924766469970860           0.41774299409912580            1.5665362278717216     
   1.3924766469970860           0.41774299409912580            1.7405958087463578     
   1.3924766469970860           0.41774299409912580            1.9146553896209932     
   1.3924766469970860           0.41774299409912580            2.0887149704956292     
   1.3924766469970860           0.41774299409912580            2.2627745513702648     
   1.3924766469970860           0.41774299409912580            2.4368341322449010     
   1.3924766469970860           0.41774299409912580            2.6108937131195367     
   1.3924766469970860           0.41774299409912580            2.7849532939941724     
   1.3924766469970860           0.41774299409912580            2.9590128748688080     
   1.3924766469970860           0.41774299409912580            3.1330724557434433     
   1.3924766469970860           0.55699065879883436            0.0000000000000000     
   1.3924766469970860           0.55699065879883436           0.17405958087463577     
   1.3924766469970860           0.55699065879883436           0.34811916174927154     
   1.3924766469970860           0.55699065879883436           0.52217874262390729     
   1.3924766469970860           0.55699065879883436           0.69623832349854309     
   1.3924766469970860           0.55699065879883436           0.87029790437317889     
   1.3924766469970860           0.55699065879883436            1.0443574852478146     
   1.3924766469970860           0.55699065879883436            1.2184170661224505     
   1.3924766469970860           0.55699065879883436            1.3924766469970862     
   1.3924766469970860           0.55699065879883436            1.5665362278717216     
   1.3924766469970860           0.55699065879883436            1.7405958087463578     
   1.3924766469970860           0.55699065879883436            1.9146553896209932     
   1.3924766469970860           0.55699065879883436            2.0887149704956292     
   1.3924766469970860           0.55699065879883436            2.2627745513702648     
   1.3924766469970860           0.55699065879883436            2.4368341322449010     
   1.3924766469970860           0.55699065879883436            2.6108937131195367     
   1.3924766469970860           0.55699065879883436            2.7849532939941724     
   1.3924766469970860           0.55699065879883436            2.9590128748688080     
   1.3924766469970860           0.55699065879883436            3.1330724557434433     
   1.3924766469970860           0.69623832349854298            0.0000000000000000     
   1.3924766469970860           0.69623832349854298           0.17405958087463577     
   1.3924766469970860           0.69623832349854298           0.34811916174927154     
   1.3924766469970860           0.69623832349854298           0.52217874262390729     
   1.3924766469970860           0.69623832349854298           0.69623832349854309     
   1.3924766469970860           0.69623832349854298           0.87029790437317889     
   1.3924766469970860           0.69623832349854298            1.0443574852478146     
   1.3924766469970860           0.69623832349854298            1.2184170661224505     
   1.3924766469970860           0.69623832349854298            1.3924766469970862     
   1.3924766469970860           0.69623832349854298            1.5665362278717216     
   1.3924766469970860           0.69623832349854298            1.7405958087463578     
   1.3924766469970860           0.69623832349854298            1.9146553896209932     
   1.3924766469970860           0.69623832349854298            2.0887149704956292     
   1.3924766469970860           0.69623832349854298            2.2627745513702648     
   1.3924766469970860           0.69623832349854298            2.4368341322449010     
   1.3924766469970860           0.69623832349854298            2.6108937131195367     
   1.3924766469970860           0.69623832349854298            2.7849532939941724     
   1.3924766469970860           0.69623832349854298            2.9590128748688080     
   1.3924766469970860           0.69623832349854298            3.1330724557434433     
   1.3924766469970860           0.83548598819825159            0.0000000000000000     
   1.3924766469970860           0.83548598819825159           0.17405958087463577     
   1.3924766469970860           0.83548598819825159           0.34811916174927154     
   1.3924766469970860           0.83548598819825159           0.52217874262390729     
   1.3924766469970860           0.83548598819825159           0.69623832349854309     
   1.3924766469970860           0.83548598819825159           0.87029790437317889     
   1.3924766469970860           0.83548598819825159            1.0443574852478146     
   1.3924766469970860           0.83548598819825159            1.2184170661224505     
   1.3924766469970860           0.83548598819825159            1.3924766469970862     
   1.3924766469970860           0.83548598819825159            1.5665362278717216     
   1.3924766469970860           0.83548598819825159            1.7405958087463578     
   1.3924766469970860           0.83548598819825159            1.9146553896209932     
   1.3924766469970860           0.83548598819825159            2.0887149704956292     
   1.3924766469970860           0.83548598819825159            2.2627745513702648     
   1.3924766469970860           0.83548598819825159            2.4368341322449010     
   1.3924766469970860           0.83548598819825159            2.6108937131195367     
   1.3924766469970860           0.83548598819825159            2.7849532939941724     
   1.3924766469970860           0.83548598819825159            2.9590128748688080     
   1.3924766469970860           0.83548598819825159            3.1330724557434433     
   1.3924766469970860           0.97473365289796032            0.0000000000000000     
   1.3924766469970860           0.97473365289796032           0.17405958087463577     
   1.3924766469970860           0.97473365289796032           0.34811916174927154     
   1.3924766469970860           0.97473365289796032           0.52217874262390729     
   1.3924766469970860           0.97473365289796032           0.69623832349854309     
   1.3924766469970860           0.97473365289796032           0.87029790437317889     
   1.3924766469970860           0.97473365289796032            1.0443574852478146     
   1.3924766469970860           0.97473365289796032            1.2184170661224505     
   1.3924766469970860           0.97473365289796032            1.3924766469970862     
   1.3924766469970860           0.97473365289796032            1.5665362278717216     
   1.3924766469970860           0.97473365289796032            1.7405958087463578     
   1.3924766469970860           0.97473365289796032            1.9146553896209932     
   1.3924766469970860           0.97473365289796032            2.0887149704956292     
   1.3924766469970860           0.97473365289796032            2.2627745513702648     
   1.3924766469970860           0.97473365289796032            2.4368341322449010     
   1.3924766469970860           0.97473365289796032            2.6108937131195367     
   1.3924766469970860           0.97473365289796032            2.7849532939941724     
   1.3924766469970860           0.97473365289796032            2.9590128748688080     
   1.3924766469970860           0.97473365289796032            3.1330724557434433     
   1.3924766469970860            1.1139813175976687            0.0000000000000000     
   1.3924766469970860            1.1139813175976687           0.17405958087463577     
   1.3924766469970860            1.1139813175976687           0.34811916174927154     
   1.3924766469970860            1.1139813175976687           0.52217874262390729     
   1.3924766469970860            1.1139813175976687           0.69623832349854309     
   1.3924766469970860            1.1139813175976687           0.87029790437317889     
   1.3924766469970860            1.1139813175976687            1.0443574852478146     
   1.3924766469970860            1.1139813175976687            1.2184170661224505     
   1.3924766469970860            1.1139813175976687            1.3924766469970862     
   1.3924766469970860            1.1139813175976687            1.5665362278717216     
   1.3924766469970860            1.1139813175976687            1.7405958087463578     
   1.3924766469970860            1.1139813175976687            1.9146553896209932     
   1.3924766469970860            1.1139813175976687            2.0887149704956292     
   1.3924766469970860            1.1139813175976687            2.2627745513702648     
   1.3924766469970860            1.1139813175976687            2.4368341322449010     
   1.3924766469970860            1.1139813175976687            2.6108937131195367     
   1.3924766469970860            1.1139813175976687            2.7849532939941724     
   1.3924766469970860            1.1139813175976687            2.9590128748688080     
   1.3924766469970860            1.1139813175976687            3.1330724557434433     
   1.3924766469970860            1.2532289822973772            0.0000000000000000     
   1.3924766469970860            1.2532289822973772           0.17405958087463577     
   1.3924766469970860            1.2532289822973772           0.34811916174927154     
   1.3924766469970860            1.2532289822973772           0.52217874262390729     
   1.3924766469970860            1.2532289822973772           0.69623832349854309     
   1.3924766469970860            1.2532289822973772           0.87029790437317889     
   1.3924766469970860            1.2532289822973772            1.0443574852478146     
   1.3924766469970860            1.2532289822973772            1.2184170661224505     
   1.3924766469970860            1.2532289822973772            1.3924766469970862     
   1.3924766469970860            1.2532289822973772            1.5665362278717216     
   1.3924766469970860            1.2532289822973772            1.7405958087463578     
   1.3924766469970860            1.2532289822973772            1.9146553896209932     
   1.3924766469970860            1.2532289822973772            2.0887149704956292     
   1.3924766469970860            1.2532289822973772            2.2627745513702648     
   1.3924766469970860            1.2532289822973772            2.4368341322449010     
   1.3924766469970860            1.2532289822973772            2.6108937131195367     
   1.3924766469970860            1.2532289822973772            2.7849532939941724     
   1.3924766469970860            1.2532289822973772            2.9590128748688080     
   1.3924766469970860            1.2532289822973772            3.1330724557434433     
   1.3924766469970860            1.3924766469970860            0.0000000000000000     
   1.3924766469970860            1.3924766469970860           0.17405958087463577     
   1.3924766469970860            1.3924766469970860           0.34811916174927154     
   1.3924766469970860            1.3924766469970860           0.52217874262390729     
   1.3924766469970860            1.3924766469970860           0.69623832349854309     
   1.3924766469970860            1.3924766469970860           0.87029790437317889     
   1.3924766469970860            1.3924766469970860            1.0443574852478146     
   1.3924766469970860            1.3924766469970860            1.2184170661224505     
   1.3924766469970860            1.3924766469970860            1.3924766469970862     
   1.3924766469970860            1.3924766469970860            1.5665362278717216     
   1.3924766469970860            1.3924766469970860            1.7405958087463578     
   1.3924766469970860            1.3924766469970860            1.9146553896209932     
   1.3924766469970860            1.3924766469970860            2.0887149704956292     
   1.3924766469970860            1.3924766469970860            2.2627745513702648     
   1.3924766469970860            1.3924766469970860            2.4368341322449010     
   1.3924766469970860            1.3924766469970860            2.6108937131195367     
   1.3924766469970860            1.3924766469970860            2.7849532939941724     
   1.3924766469970860            1.3924766469970860            2.9590128748688080     
   1.3924766469970860            1.3924766469970860            3.1330724557434433     
   1.3924766469970860            1.5317243116967947            0.0000000000000000     
   1.3924766469970860            1.5317243116967947           0.17405958087463577     
   1.3924766469970860            1.5317243116967947           0.34811916174927154     
   1.3924766469970860            1.5317243116967947           0.52217874262390729     
   1.3924766469970860            1.5317243116967947           0.69623832349854309     
   1.3924766469970860            1.5317243116967947           0.87029790437317889     
   1.3924766469970860            1.5317243116967947            1.0443574852478146     
   1.3924766469970860            1.5317243116967947            1.2184170661224505     
   1.3924766469970860            1.5317243116967947            1.3924766469970862     
   1.3924766469970860            1.5317243116967947            1.5665362278717216     
   1.3924766469970860            1.5317243116967947            1.7405958087463578     
   1.3924766469970860            1.5317243116967947            1.9146553896209932     
   1.3924766469970860            1.5317243116967947            2.0887149704956292     
   1.3924766469970860            1.5317243116967947            2.2627745513702648     
   1.3924766469970860            1.5317243116967947            2.4368341322449010     
   1.3924766469970860            1.5317243116967947            2.6108937131195367     
   1.3924766469970860            1.5317243116967947            2.7849532939941724     
   1.3924766469970860            1.5317243116967947            2.9590128748688080     
   1.3924766469970860            1.5317243116967947            3.1330724557434433     
   1.3924766469970860            1.6709719763965032            0.0000000000000000     
   1.3924766469970860            1.6709719763965032           0.17405958087463577     
   1.3924766469970860            1.6709719763965032           0.34811916174927154     
   1.3924766469970860            1.6709719763965032           0.52217874262390729     
   1.3924766469970860            1.6709719763965032           0.69623832349854309     
   1.3924766469970860            1.6709719763965032           0.87029790437317889     
   1.3924766469970860            1.6709719763965032            1.0443574852478146     
   1.3924766469970860            1.6709719763965032            1.2184170661224505     
   1.3924766469970860            1.6709719763965032            1.3924766469970862     
   1.3924766469970860            1.6709719763965032            1.5665362278717216     
   1.3924766469970860            1.6709719763965032            1.7405958087463578     
   1.3924766469970860            1.6709719763965032            1.9146553896209932     
   1.3924766469970860            1.6709719763965032            2.0887149704956292     
   1.3924766469970860            1.6709719763965032            2.2627745513702648     
   1.3924766469970860            1.6709719763965032            2.4368341322449010     
   1.3924766469970860            1.6709719763965032            2.6108937131195367     
   1.3924766469970860            1.6709719763965032            2.7849532939941724     
   1.3924766469970860            1.6709719763965032            2.9590128748688080     
   1.3924766469970860            1.6709719763965032            3.1330724557434433     
   1.3924766469970860            1.8102196410962119            0.0000000000000000     
   1.3924766469970860            1.8102196410962119           0.17405958087463577     
   1.3924766469970860            1.8102196410962119           0.34811916174927154     
   1.3924766469970860            1.8102196410962119           0.52217874262390729     
   1.3924766469970860            1.8102196410962119           0.69623832349854309     
   1.3924766469970860            1.8102196410962119           0.87029790437317889     
   1.3924766469970860            1.8102196410962119            1.0443574852478146     
   1.3924766469970860            1.8102196410962119            1.2184170661224505     
   1.3924766469970860            1.8102196410962119            1.3924766469970862     
   1.3924766469970860            1.8102196410962119            1.5665362278717216     
   1.3924766469970860            1.8102196410962119            1.7405958087463578     
   1.3924766469970860            1.8102196410962119            1.9146553896209932     
   1.3924766469970860            1.8102196410962119            2.0887149704956292     
   1.3924766469970860            1.8102196410962119            2.2627745513702648     
   1.3924766469970860            1.8102196410962119            2.4368341322449010     
   1.3924766469970860            1.8102196410962119            2.6108937131195367     
   1.3924766469970860            1.8102196410962119            2.7849532939941724     
   1.3924766469970860            1.8102196410962119            2.9590128748688080     
   1.3924766469970860            1.8102196410962119            3.1330724557434433     
   1.3924766469970860            1.9494673057959206            0.0000000000000000     
   1.3924766469970860            1.9494673057959206           0.17405958087463577     
   1.3924766469970860            1.9494673057959206           0.34811916174927154     
   1.3924766469970860            1.9494673057959206           0.52217874262390729     
   1.3924766469970860            1.9494673057959206           0.69623832349854309     
   1.3924766469970860            1.9494673057959206           0.87029790437317889     
   1.3924766469970860            1.9494673057959206            1.0443574852478146     
   1.3924766469970860            1.9494673057959206            1.2184170661224505     
   1.3924766469970860            1.9494673057959206            1.3924766469970862     
   1.3924766469970860            1.9494673057959206            1.5665362278717216     
   1.3924766469970860            1.9494673057959206            1.7405958087463578     
   1.3924766469970860            1.9494673057959206            1.9146553896209932     
   1.3924766469970860            1.9494673057959206            2.0887149704956292     
   1.3924766469970860            1.9494673057959206            2.2627745513702648     
   1.3924766469970860            1.9494673057959206            2.4368341322449010     
   1.3924766469970860            1.9494673057959206            2.6108937131195367     
   1.3924766469970860            1.9494673057959206            2.7849532939941724     
   1.3924766469970860            1.9494673057959206            2.9590128748688080     
   1.3924766469970860            1.9494673057959206            3.1330724557434433     
   1.3924766469970860            2.0887149704956292            0.0000000000000000     
   1.3924766469970860            2.0887149704956292           0.17405958087463577     
   1.3924766469970860            2.0887149704956292           0.34811916174927154     
   1.3924766469970860            2.0887149704956292           0.52217874262390729     
   1.3924766469970860            2.0887149704956292           0.69623832349854309     
   1.3924766469970860            2.0887149704956292           0.87029790437317889     
   1.3924766469970860            2.0887149704956292            1.0443574852478146     
   1.3924766469970860            2.0887149704956292            1.2184170661224505     
   1.3924766469970860            2.0887149704956292            1.3924766469970862     
   1.3924766469970860            2.0887149704956292            1.5665362278717216     
   1.3924766469970860            2.0887149704956292            1.7405958087463578     
   1.3924766469970860            2.0887149704956292            1.9146553896209932     
   1.3924766469970860            2.0887149704956292            2.0887149704956292     
   1.3924766469970860            2.0887149704956292            2.2627745513702648     
   1.3924766469970860            2.0887149704956292            2.4368341322449010     
   1.3924766469970860            2.0887149704956292            2.6108937131195367     
   1.3924766469970860            2.0887149704956292            2.7849532939941724     
   1.3924766469970860            2.0887149704956292            2.9590128748688080     
   1.3924766469970860            2.0887149704956292            3.1330724557434433     
   1.3924766469970860            2.2279626351953374            0.0000000000000000     
   1.3924766469970860            2.2279626351953374           0.17405958087463577     
   1.3924766469970860            2.2279626351953374           0.34811916174927154     
   1.3924766469970860            2.2279626351953374           0.52217874262390729     
   1.3924766469970860            2.2279626351953374           0.69623832349854309     
   1.3924766469970860            2.2279626351953374           0.87029790437317889     
   1.3924766469970860            2.2279626351953374            1.0443574852478146     
   1.3924766469970860            2.2279626351953374            1.2184170661224505     
   1.3924766469970860            2.2279626351953374            1.3924766469970862     
   1.3924766469970860            2.2279626351953374            1.5665362278717216     
   1.3924766469970860            2.2279626351953374            1.7405958087463578     
   1.3924766469970860            2.2279626351953374            1.9146553896209932     
   1.3924766469970860            2.2279626351953374            2.0887149704956292     
   1.3924766469970860            2.2279626351953374            2.2627745513702648     
   1.3924766469970860            2.2279626351953374            2.4368341322449010     
   1.3924766469970860            2.2279626351953374            2.6108937131195367     
   1.3924766469970860            2.2279626351953374            2.7849532939941724     
   1.3924766469970860            2.2279626351953374            2.9590128748688080     
   1.3924766469970860            2.2279626351953374            3.1330724557434433     
   1.3924766469970860            2.3672102998950462            0.0000000000000000     
   1.3924766469970860            2.3672102998950462           0.17405958087463577     
   1.3924766469970860            2.3672102998950462           0.34811916174927154     
   1.3924766469970860            2.3672102998950462           0.52217874262390729     
   1.3924766469970860            2.3672102998950462           0.69623832349854309     
   1.3924766469970860            2.3672102998950462           0.87029790437317889     
   1.3924766469970860            2.3672102998950462            1.0443574852478146     
   1.3924766469970860            2.3672102998950462            1.2184170661224505     
   1.3924766469970860            2.3672102998950462            1.3924766469970862     
   1.3924766469970860            2.3672102998950462            1.5665362278717216     
   1.3924766469970860            2.3672102998950462            1.7405958087463578     
   1.3924766469970860            2.3672102998950462            1.9146553896209932     
   1.3924766469970860            2.3672102998950462            2.0887149704956292     
   1.3924766469970860            2.3672102998950462            2.2627745513702648     
   1.3924766469970860            2.3672102998950462            2.4368341322449010     
   1.3924766469970860            2.3672102998950462            2.6108937131195367     
   1.3924766469970860            2.3672102998950462            2.7849532939941724     
   1.3924766469970860            2.3672102998950462            2.9590128748688080     
   1.3924766469970860            2.3672102998950462            3.1330724557434433     
   1.3924766469970860            2.5064579645947545            0.0000000000000000     
   1.3924766469970860            2.5064579645947545           0.17405958087463577     
   1.3924766469970860            2.5064579645947545           0.34811916174927154     
   1.3924766469970860            2.5064579645947545           0.52217874262390729     
   1.3924766469970860            2.5064579645947545           0.69623832349854309     
   1.3924766469970860            2.5064579645947545           0.87029790437317889     
   1.3924766469970860            2.5064579645947545            1.0443574852478146     
   1.3924766469970860            2.5064579645947545            1.2184170661224505     
   1.3924766469970860            2.5064579645947545            1.3924766469970862     
   1.3924766469970860            2.5064579645947545            1.5665362278717216     
   1.3924766469970860            2.5064579645947545            1.7405958087463578     
   1.3924766469970860            2.5064579645947545            1.9146553896209932     
   1.3924766469970860            2.5064579645947545            2.0887149704956292     
   1.3924766469970860            2.5064579645947545            2.2627745513702648     
   1.3924766469970860            2.5064579645947545            2.4368341322449010     
   1.3924766469970860            2.5064579645947545            2.6108937131195367     
   1.3924766469970860            2.5064579645947545            2.7849532939941724     
   1.3924766469970860            2.5064579645947545            2.9590128748688080     
   1.3924766469970860            2.5064579645947545            3.1330724557434433     
   1.5317243116967947            0.0000000000000000            0.0000000000000000     
   1.5317243116967947            0.0000000000000000           0.17405958087463577     
   1.5317243116967947            0.0000000000000000           0.34811916174927154     
   1.5317243116967947            0.0000000000000000           0.52217874262390729     
   1.5317243116967947            0.0000000000000000           0.69623832349854309     
   1.5317243116967947            0.0000000000000000           0.87029790437317889     
   1.5317243116967947            0.0000000000000000            1.0443574852478146     
   1.5317243116967947            0.0000000000000000            1.2184170661224505     
   1.5317243116967947            0.0000000000000000            1.3924766469970862     
   1.5317243116967947            0.0000000000000000            1.5665362278717216     
   1.5317243116967947            0.0000000000000000            1.7405958087463578     
   1.5317243116967947            0.0000000000000000            1.9146553896209932     
   1.5317243116967947            0.0000000000000000            2.0887149704956292     
   1.5317243116967947            0.0000000000000000            2.2627745513702648     
   1.5317243116967947            0.0000000000000000            2.4368341322449010     
   1.5317243116967947            0.0000000000000000            2.6108937131195367     
   1.5317243116967947            0.0000000000000000            2.7849532939941724     
   1.5317243116967947            0.0000000000000000            2.9590128748688080     
   1.5317243116967947            0.0000000000000000            3.1330724557434433     
   1.5317243116967947           0.13924766469970859            0.0000000000000000     
   1.5317243116967947           0.13924766469970859           0.17405958087463577     
   1.5317243116967947           0.13924766469970859           0.34811916174927154     
   1.5317243116967947           0.13924766469970859           0.52217874262390729     
   1.5317243116967947           0.13924766469970859           0.69623832349854309     
   1.5317243116967947           0.13924766469970859           0.87029790437317889     
   1.5317243116967947           0.13924766469970859            1.0443574852478146     
   1.5317243116967947           0.13924766469970859            1.2184170661224505     
   1.5317243116967947           0.13924766469970859            1.3924766469970862     
   1.5317243116967947           0.13924766469970859            1.5665362278717216     
   1.5317243116967947           0.13924766469970859            1.7405958087463578     
   1.5317243116967947           0.13924766469970859            1.9146553896209932     
   1.5317243116967947           0.13924766469970859            2.0887149704956292     
   1.5317243116967947           0.13924766469970859            2.2627745513702648     
   1.5317243116967947           0.13924766469970859            2.4368341322449010     
   1.5317243116967947           0.13924766469970859            2.6108937131195367     
   1.5317243116967947           0.13924766469970859            2.7849532939941724     
   1.5317243116967947           0.13924766469970859            2.9590128748688080     
   1.5317243116967947           0.13924766469970859            3.1330724557434433     
   1.5317243116967947           0.27849532939941718            0.0000000000000000     
   1.5317243116967947           0.27849532939941718           0.17405958087463577     
   1.5317243116967947           0.27849532939941718           0.34811916174927154     
   1.5317243116967947           0.27849532939941718           0.52217874262390729     
   1.5317243116967947           0.27849532939941718           0.69623832349854309     
   1.5317243116967947           0.27849532939941718           0.87029790437317889     
   1.5317243116967947           0.27849532939941718            1.0443574852478146     
   1.5317243116967947           0.27849532939941718            1.2184170661224505     
   1.5317243116967947           0.27849532939941718            1.3924766469970862     
   1.5317243116967947           0.27849532939941718            1.5665362278717216     
   1.5317243116967947           0.27849532939941718            1.7405958087463578     
   1.5317243116967947           0.27849532939941718            1.9146553896209932     
   1.5317243116967947           0.27849532939941718            2.0887149704956292     
   1.5317243116967947           0.27849532939941718            2.2627745513702648     
   1.5317243116967947           0.27849532939941718            2.4368341322449010     
   1.5317243116967947           0.27849532939941718            2.6108937131195367     
   1.5317243116967947           0.27849532939941718            2.7849532939941724     
   1.5317243116967947           0.27849532939941718            2.9590128748688080     
   1.5317243116967947           0.27849532939941718            3.1330724557434433     
   1.5317243116967947           0.41774299409912580            0.0000000000000000     
   1.5317243116967947           0.41774299409912580           0.17405958087463577     
   1.5317243116967947           0.41774299409912580           0.34811916174927154     
   1.5317243116967947           0.41774299409912580           0.52217874262390729     
   1.5317243116967947           0.41774299409912580           0.69623832349854309     
   1.5317243116967947           0.41774299409912580           0.87029790437317889     
   1.5317243116967947           0.41774299409912580            1.0443574852478146     
   1.5317243116967947           0.41774299409912580            1.2184170661224505     
   1.5317243116967947           0.41774299409912580            1.3924766469970862     
   1.5317243116967947           0.41774299409912580            1.5665362278717216     
   1.5317243116967947           0.41774299409912580            1.7405958087463578     
   1.5317243116967947           0.41774299409912580            1.9146553896209932     
   1.5317243116967947           0.41774299409912580            2.0887149704956292     
   1.5317243116967947           0.41774299409912580            2.2627745513702648     
   1.5317243116967947           0.41774299409912580            2.4368341322449010     
   1.5317243116967947           0.41774299409912580            2.6108937131195367     
   1.5317243116967947           0.41774299409912580            2.7849532939941724     
   1.5317243116967947           0.41774299409912580            2.9590128748688080     
   1.5317243116967947           0.41774299409912580            3.1330724557434433     
   1.5317243116967947           0.55699065879883436            0.0000000000000000     
   1.5317243116967947           0.55699065879883436           0.17405958087463577     
   1.5317243116967947           0.55699065879883436           0.34811916174927154     
   1.5317243116967947           0.55699065879883436           0.52217874262390729     
   1.5317243116967947           0.55699065879883436           0.69623832349854309     
   1.5317243116967947           0.55699065879883436           0.87029790437317889     
   1.5317243116967947           0.55699065879883436            1.0443574852478146     
   1.5317243116967947           0.55699065879883436            1.2184170661224505     
   1.5317243116967947           0.55699065879883436            1.3924766469970862     
   1.5317243116967947           0.55699065879883436            1.5665362278717216     
   1.5317243116967947           0.55699065879883436            1.7405958087463578     
   1.5317243116967947           0.55699065879883436            1.9146553896209932     
   1.5317243116967947           0.55699065879883436            2.0887149704956292     
   1.5317243116967947           0.55699065879883436            2.2627745513702648     
   1.5317243116967947           0.55699065879883436            2.4368341322449010     
   1.5317243116967947           0.55699065879883436            2.6108937131195367     
   1.5317243116967947           0.55699065879883436            2.7849532939941724     
   1.5317243116967947           0.55699065879883436            2.9590128748688080     
   1.5317243116967947           0.55699065879883436            3.1330724557434433     
   1.5317243116967947           0.69623832349854298            0.0000000000000000     
   1.5317243116967947           0.69623832349854298           0.17405958087463577     
   1.5317243116967947           0.69623832349854298           0.34811916174927154     
   1.5317243116967947           0.69623832349854298           0.52217874262390729     
   1.5317243116967947           0.69623832349854298           0.69623832349854309     
   1.5317243116967947           0.69623832349854298           0.87029790437317889     
   1.5317243116967947           0.69623832349854298            1.0443574852478146     
   1.5317243116967947           0.69623832349854298            1.2184170661224505     
   1.5317243116967947           0.69623832349854298            1.3924766469970862     
   1.5317243116967947           0.69623832349854298            1.5665362278717216     
   1.5317243116967947           0.69623832349854298            1.7405958087463578     
   1.5317243116967947           0.69623832349854298            1.9146553896209932     
   1.5317243116967947           0.69623832349854298            2.0887149704956292     
   1.5317243116967947           0.69623832349854298            2.2627745513702648     
   1.5317243116967947           0.69623832349854298            2.4368341322449010     
   1.5317243116967947           0.69623832349854298            2.6108937131195367     
   1.5317243116967947           0.69623832349854298            2.7849532939941724     
   1.5317243116967947           0.69623832349854298            2.9590128748688080     
   1.5317243116967947           0.69623832349854298            3.1330724557434433     
   1.5317243116967947           0.83548598819825159            0.0000000000000000     
   1.5317243116967947           0.83548598819825159           0.17405958087463577     
   1.5317243116967947           0.83548598819825159           0.34811916174927154     
   1.5317243116967947           0.83548598819825159           0.52217874262390729     
   1.5317243116967947           0.83548598819825159           0.69623832349854309     
   1.5317243116967947           0.83548598819825159           0.87029790437317889     
   1.5317243116967947           0.83548598819825159            1.0443574852478146     
   1.5317243116967947           0.83548598819825159            1.2184170661224505     
   1.5317243116967947           0.83548598819825159            1.3924766469970862     
   1.5317243116967947           0.83548598819825159            1.5665362278717216     
   1.5317243116967947           0.83548598819825159            1.7405958087463578     
   1.5317243116967947           0.83548598819825159            1.9146553896209932     
   1.5317243116967947           0.83548598819825159            2.0887149704956292     
   1.5317243116967947           0.83548598819825159            2.2627745513702648     
   1.5317243116967947           0.83548598819825159            2.4368341322449010     
   1.5317243116967947           0.83548598819825159            2.6108937131195367     
   1.5317243116967947           0.83548598819825159            2.7849532939941724     
   1.5317243116967947           0.83548598819825159            2.9590128748688080     
   1.5317243116967947           0.83548598819825159            3.1330724557434433     
   1.5317243116967947           0.97473365289796032            0.0000000000000000     
   1.5317243116967947           0.97473365289796032           0.17405958087463577     
   1.5317243116967947           0.97473365289796032           0.34811916174927154     
   1.5317243116967947           0.97473365289796032           0.52217874262390729     
   1.5317243116967947           0.97473365289796032           0.69623832349854309     
   1.5317243116967947           0.97473365289796032           0.87029790437317889     
   1.5317243116967947           0.97473365289796032            1.0443574852478146     
   1.5317243116967947           0.97473365289796032            1.2184170661224505     
   1.5317243116967947           0.97473365289796032            1.3924766469970862     
   1.5317243116967947           0.97473365289796032            1.5665362278717216     
   1.5317243116967947           0.97473365289796032            1.7405958087463578     
   1.5317243116967947           0.97473365289796032            1.9146553896209932     
   1.5317243116967947           0.97473365289796032            2.0887149704956292     
   1.5317243116967947           0.97473365289796032            2.2627745513702648     
   1.5317243116967947           0.97473365289796032            2.4368341322449010     
   1.5317243116967947           0.97473365289796032            2.6108937131195367     
   1.5317243116967947           0.97473365289796032            2.7849532939941724     
   1.5317243116967947           0.97473365289796032            2.9590128748688080     
   1.5317243116967947           0.97473365289796032            3.1330724557434433     
   1.5317243116967947            1.1139813175976687            0.0000000000000000     
   1.5317243116967947            1.1139813175976687           0.17405958087463577     
   1.5317243116967947            1.1139813175976687           0.34811916174927154     
   1.5317243116967947            1.1139813175976687           0.52217874262390729     
   1.5317243116967947            1.1139813175976687           0.69623832349854309     
   1.5317243116967947            1.1139813175976687           0.87029790437317889     
   1.5317243116967947            1.1139813175976687            1.0443574852478146     
   1.5317243116967947            1.1139813175976687            1.2184170661224505     
   1.5317243116967947            1.1139813175976687            1.3924766469970862     
   1.5317243116967947            1.1139813175976687            1.5665362278717216     
   1.5317243116967947            1.1139813175976687            1.7405958087463578     
   1.5317243116967947            1.1139813175976687            1.9146553896209932     
   1.5317243116967947            1.1139813175976687            2.0887149704956292     
   1.5317243116967947            1.1139813175976687            2.2627745513702648     
   1.5317243116967947            1.1139813175976687            2.4368341322449010     
   1.5317243116967947            1.1139813175976687            2.6108937131195367     
   1.5317243116967947            1.1139813175976687            2.7849532939941724     
   1.5317243116967947            1.1139813175976687            2.9590128748688080     
   1.5317243116967947            1.1139813175976687            3.1330724557434433     
   1.5317243116967947            1.2532289822973772            0.0000000000000000     
   1.5317243116967947            1.2532289822973772           0.17405958087463577     
   1.5317243116967947            1.2532289822973772           0.34811916174927154     
   1.5317243116967947            1.2532289822973772           0.52217874262390729     
   1.5317243116967947            1.2532289822973772           0.69623832349854309     
   1.5317243116967947            1.2532289822973772           0.87029790437317889     
   1.5317243116967947            1.2532289822973772            1.0443574852478146     
   1.5317243116967947            1.2532289822973772            1.2184170661224505     
   1.5317243116967947            1.2532289822973772            1.3924766469970862     
   1.5317243116967947            1.2532289822973772            1.5665362278717216     
   1.5317243116967947            1.2532289822973772            1.7405958087463578     
   1.5317243116967947            1.2532289822973772            1.9146553896209932     
   1.5317243116967947            1.2532289822973772            2.0887149704956292     
   1.5317243116967947            1.2532289822973772            2.2627745513702648     
   1.5317243116967947            1.2532289822973772            2.4368341322449010     
   1.5317243116967947            1.2532289822973772            2.6108937131195367     
   1.5317243116967947            1.2532289822973772            2.7849532939941724     
   1.5317243116967947            1.2532289822973772            2.9590128748688080     
   1.5317243116967947            1.2532289822973772            3.1330724557434433     
   1.5317243116967947            1.3924766469970860            0.0000000000000000     
   1.5317243116967947            1.3924766469970860           0.17405958087463577     
   1.5317243116967947            1.3924766469970860           0.34811916174927154     
   1.5317243116967947            1.3924766469970860           0.52217874262390729     
   1.5317243116967947            1.3924766469970860           0.69623832349854309     
   1.5317243116967947            1.3924766469970860           0.87029790437317889     
   1.5317243116967947            1.3924766469970860            1.0443574852478146     
   1.5317243116967947            1.3924766469970860            1.2184170661224505     
   1.5317243116967947            1.3924766469970860            1.3924766469970862     
   1.5317243116967947            1.3924766469970860            1.5665362278717216     
   1.5317243116967947            1.3924766469970860            1.7405958087463578     
   1.5317243116967947            1.3924766469970860            1.9146553896209932     
   1.5317243116967947            1.3924766469970860            2.0887149704956292     
   1.5317243116967947            1.3924766469970860            2.2627745513702648     
   1.5317243116967947            1.3924766469970860            2.4368341322449010     
   1.5317243116967947            1.3924766469970860            2.6108937131195367     
   1.5317243116967947            1.3924766469970860            2.7849532939941724     
   1.5317243116967947            1.3924766469970860            2.9590128748688080     
   1.5317243116967947            1.3924766469970860            3.1330724557434433     
   1.5317243116967947            1.5317243116967947            0.0000000000000000     
   1.5317243116967947            1.5317243116967947           0.17405958087463577     
   1.5317243116967947            1.5317243116967947           0.34811916174927154     
   1.5317243116967947            1.5317243116967947           0.52217874262390729     
   1.5317243116967947            1.5317243116967947           0.69623832349854309     
   1.5317243116967947            1.5317243116967947           0.87029790437317889     
   1.5317243116967947            1.5317243116967947            1.0443574852478146     
   1.5317243116967947            1.5317243116967947            1.2184170661224505     
   1.5317243116967947            1.5317243116967947            1.3924766469970862     
   1.5317243116967947            1.5317243116967947            1.5665362278717216     
   1.5317243116967947            1.5317243116967947            1.7405958087463578     
   1.5317243116967947            1.5317243116967947            1.9146553896209932     
   1.5317243116967947            1.5317243116967947            2.0887149704956292     
   1.5317243116967947            1.5317243116967947            2.2627745513702648     
   1.5317243116967947            1.5317243116967947            2.4368341322449010     
   1.5317243116967947            1.5317243116967947            2.6108937131195367     
   1.5317243116967947            1.5317243116967947            2.7849532939941724     
   1.5317243116967947            1.5317243116967947            2.9590128748688080     
   1.5317243116967947            1.5317243116967947            3.1330724557434433     
   1.5317243116967947            1.6709719763965032            0.0000000000000000     
   1.5317243116967947            1.6709719763965032           0.17405958087463577     
   1.5317243116967947            1.6709719763965032           0.34811916174927154     
   1.5317243116967947            1.6709719763965032           0.52217874262390729     
   1.5317243116967947            1.6709719763965032           0.69623832349854309     
   1.5317243116967947            1.6709719763965032           0.87029790437317889     
   1.5317243116967947            1.6709719763965032            1.0443574852478146     
   1.5317243116967947            1.6709719763965032            1.2184170661224505     
   1.5317243116967947            1.6709719763965032            1.3924766469970862     
   1.5317243116967947            1.6709719763965032            1.5665362278717216     
   1.5317243116967947            1.6709719763965032            1.7405958087463578     
   1.5317243116967947            1.6709719763965032            1.9146553896209932     
   1.5317243116967947            1.6709719763965032            2.0887149704956292     
   1.5317243116967947            1.6709719763965032            2.2627745513702648     
   1.5317243116967947            1.6709719763965032            2.4368341322449010     
   1.5317243116967947            1.6709719763965032            2.6108937131195367     
   1.5317243116967947            1.6709719763965032            2.7849532939941724     
   1.5317243116967947            1.6709719763965032            2.9590128748688080     
   1.5317243116967947            1.6709719763965032            3.1330724557434433     
   1.5317243116967947            1.8102196410962119            0.0000000000000000     
   1.5317243116967947            1.8102196410962119           0.17405958087463577     
   1.5317243116967947            1.8102196410962119           0.34811916174927154     
   1.5317243116967947            1.8102196410962119           0.52217874262390729     
   1.5317243116967947            1.8102196410962119           0.69623832349854309     
   1.5317243116967947            1.8102196410962119           0.87029790437317889     
   1.5317243116967947            1.8102196410962119            1.0443574852478146     
   1.5317243116967947            1.8102196410962119            1.2184170661224505     
   1.5317243116967947            1.8102196410962119            1.3924766469970862     
   1.5317243116967947            1.8102196410962119            1.5665362278717216     
   1.5317243116967947            1.8102196410962119            1.7405958087463578     
   1.5317243116967947            1.8102196410962119            1.9146553896209932     
   1.5317243116967947            1.8102196410962119            2.0887149704956292     
   1.5317243116967947            1.8102196410962119            2.2627745513702648     
   1.5317243116967947            1.8102196410962119            2.4368341322449010     
   1.5317243116967947            1.8102196410962119            2.6108937131195367     
   1.5317243116967947            1.8102196410962119            2.7849532939941724     
   1.5317243116967947            1.8102196410962119            2.9590128748688080     
   1.5317243116967947            1.8102196410962119            3.1330724557434433     
   1.5317243116967947            1.9494673057959206            0.0000000000000000     
   1.5317243116967947            1.9494673057959206           0.17405958087463577     
   1.5317243116967947            1.9494673057959206           0.34811916174927154     
   1.5317243116967947            1.9494673057959206           0.52217874262390729     
   1.5317243116967947            1.9494673057959206           0.69623832349854309     
   1.5317243116967947            1.9494673057959206           0.87029790437317889     
   1.5317243116967947            1.9494673057959206            1.0443574852478146     
   1.5317243116967947            1.9494673057959206            1.2184170661224505     
   1.5317243116967947            1.9494673057959206            1.3924766469970862     
   1.5317243116967947            1.9494673057959206            1.5665362278717216     
   1.5317243116967947            1.9494673057959206            1.7405958087463578     
   1.5317243116967947            1.9494673057959206            1.9146553896209932     
   1.5317243116967947            1.9494673057959206            2.0887149704956292     
   1.5317243116967947            1.9494673057959206            2.2627745513702648     
   1.5317243116967947            1.9494673057959206            2.4368341322449010     
   1.5317243116967947            1.9494673057959206            2.6108937131195367     
   1.5317243116967947            1.9494673057959206            2.7849532939941724     
   1.5317243116967947            1.9494673057959206            2.9590128748688080     
   1.5317243116967947            1.9494673057959206            3.1330724557434433     
   1.5317243116967947            2.0887149704956292            0.0000000000000000     
   1.5317243116967947            2.0887149704956292           0.17405958087463577     
   1.5317243116967947            2.0887149704956292           0.34811916174927154     
   1.5317243116967947            2.0887149704956292           0.52217874262390729     
   1.5317243116967947            2.0887149704956292           0.69623832349854309     
   1.5317243116967947            2.0887149704956292           0.87029790437317889     
   1.5317243116967947            2.0887149704956292            1.0443574852478146     
   1.5317243116967947            2.0887149704956292            1.2184170661224505     
   1.5317243116967947            2.0887149704956292            1.3924766469970862     
   1.5317243116967947            2.0887149704956292            1.5665362278717216     
   1.5317243116967947            2.0887149704956292            1.7405958087463578     
   1.5317243116967947            2.0887149704956292            1.9146553896209932     
   1.5317243116967947            2.0887149704956292            2.0887149704956292     
   1.5317243116967947            2.0887149704956292            2.2627745513702648     
   1.5317243116967947            2.0887149704956292            2.4368341322449010     
   1.5317243116967947            2.0887149704956292            2.6108937131195367     
   1.5317243116967947            2.0887149704956292            2.7849532939941724     
   1.5317243116967947            2.0887149704956292            2.9590128748688080     
   1.5317243116967947            2.0887149704956292            3.1330724557434433     
   1.5317243116967947            2.2279626351953374            0.0000000000000000     
   1.5317243116967947            2.2279626351953374           0.17405958087463577     
   1.5317243116967947            2.2279626351953374           0.34811916174927154     
   1.5317243116967947            2.2279626351953374           0.52217874262390729     
   1.5317243116967947            2.2279626351953374           0.69623832349854309     
   1.5317243116967947            2.2279626351953374           0.87029790437317889     
   1.5317243116967947            2.2279626351953374            1.0443574852478146     
   1.5317243116967947            2.2279626351953374            1.2184170661224505     
   1.5317243116967947            2.2279626351953374            1.3924766469970862     
   1.5317243116967947            2.2279626351953374            1.5665362278717216     
   1.5317243116967947            2.2279626351953374            1.7405958087463578     
   1.5317243116967947            2.2279626351953374            1.9146553896209932     
   1.5317243116967947            2.2279626351953374            2.0887149704956292     
   1.5317243116967947            2.2279626351953374            2.2627745513702648     
   1.5317243116967947            2.2279626351953374            2.4368341322449010     
   1.5317243116967947            2.2279626351953374            2.6108937131195367     
   1.5317243116967947            2.2279626351953374            2.7849532939941724     
   1.5317243116967947            2.2279626351953374            2.9590128748688080     
   1.5317243116967947            2.2279626351953374            3.1330724557434433     
   1.5317243116967947            2.3672102998950462            0.0000000000000000     
   1.5317243116967947            2.3672102998950462           0.17405958087463577     
   1.5317243116967947            2.3672102998950462           0.34811916174927154     
   1.5317243116967947            2.3672102998950462           0.52217874262390729     
   1.5317243116967947            2.3672102998950462           0.69623832349854309     
   1.5317243116967947            2.3672102998950462           0.87029790437317889     
   1.5317243116967947            2.3672102998950462            1.0443574852478146     
   1.5317243116967947            2.3672102998950462            1.2184170661224505     
   1.5317243116967947            2.3672102998950462            1.3924766469970862     
   1.5317243116967947            2.3672102998950462            1.5665362278717216     
   1.5317243116967947            2.3672102998950462            1.7405958087463578     
   1.5317243116967947            2.3672102998950462            1.9146553896209932     
   1.5317243116967947            2.3672102998950462            2.0887149704956292     
   1.5317243116967947            2.3672102998950462            2.2627745513702648     
   1.5317243116967947            2.3672102998950462            2.4368341322449010     
   1.5317243116967947            2.3672102998950462            2.6108937131195367     
   1.5317243116967947            2.3672102998950462            2.7849532939941724     
   1.5317243116967947            2.3672102998950462            2.9590128748688080     
   1.5317243116967947            2.3672102998950462            3.1330724557434433     
   1.5317243116967947            2.5064579645947545            0.0000000000000000     
   1.5317243116967947            2.5064579645947545           0.17405958087463577     
   1.5317243116967947            2.5064579645947545           0.34811916174927154     
   1.5317243116967947            2.5064579645947545           0.52217874262390729     
   1.5317243116967947            2.5064579645947545           0.69623832349854309     
   1.5317243116967947            2.5064579645947545           0.87029790437317889     
   1.5317243116967947            2.5064579645947545            1.0443574852478146     
   1.5317243116967947            2.5064579645947545            1.2184170661224505     
   1.5317243116967947            2.5064579645947545            1.3924766469970862     
   1.5317243116967947            2.5064579645947545            1.5665362278717216     
   1.5317243116967947            2.5064579645947545            1.7405958087463578     
   1.5317243116967947            2.5064579645947545            1.9146553896209932     
   1.5317243116967947            2.5064579645947545            2.0887149704956292     
   1.5317243116967947            2.5064579645947545            2.2627745513702648     
   1.5317243116967947            2.5064579645947545            2.4368341322449010     
   1.5317243116967947            2.5064579645947545            2.6108937131195367     
   1.5317243116967947            2.5064579645947545            2.7849532939941724     
   1.5317243116967947            2.5064579645947545            2.9590128748688080     
   1.5317243116967947            2.5064579645947545            3.1330724557434433     
   1.6709719763965032            0.0000000000000000            0.0000000000000000     
   1.6709719763965032            0.0000000000000000           0.17405958087463577     
   1.6709719763965032            0.0000000000000000           0.34811916174927154     
   1.6709719763965032            0.0000000000000000           0.52217874262390729     
   1.6709719763965032            0.0000000000000000           0.69623832349854309     
   1.6709719763965032            0.0000000000000000           0.87029790437317889     
   1.6709719763965032            0.0000000000000000            1.0443574852478146     
   1.6709719763965032            0.0000000000000000            1.2184170661224505     
   1.6709719763965032            0.0000000000000000            1.3924766469970862     
   1.6709719763965032            0.0000000000000000            1.5665362278717216     
   1.6709719763965032            0.0000000000000000            1.7405958087463578     
   1.6709719763965032            0.0000000000000000            1.9146553896209932     
   1.6709719763965032            0.0000000000000000            2.0887149704956292     
   1.6709719763965032            0.0000000000000000            2.2627745513702648     
   1.6709719763965032            0.0000000000000000            2.4368341322449010     
   1.6709719763965032            0.0000000000000000            2.6108937131195367     
   1.6709719763965032            0.0000000000000000            2.7849532939941724     
   1.6709719763965032            0.0000000000000000            2.9590128748688080     
   1.6709719763965032            0.0000000000000000            3.1330724557434433     
   1.6709719763965032           0.13924766469970859            0.0000000000000000     
   1.6709719763965032           0.13924766469970859           0.17405958087463577     
   1.6709719763965032           0.13924766469970859           0.34811916174927154     
   1.6709719763965032           0.13924766469970859           0.52217874262390729     
   1.6709719763965032           0.13924766469970859           0.69623832349854309     
   1.6709719763965032           0.13924766469970859           0.87029790437317889     
   1.6709719763965032           0.13924766469970859            1.0443574852478146     
   1.6709719763965032           0.13924766469970859            1.2184170661224505     
   1.6709719763965032           0.13924766469970859            1.3924766469970862     
   1.6709719763965032           0.13924766469970859            1.5665362278717216     
   1.6709719763965032           0.13924766469970859            1.7405958087463578     
   1.6709719763965032           0.13924766469970859            1.9146553896209932     
   1.6709719763965032           0.13924766469970859            2.0887149704956292     
   1.6709719763965032           0.13924766469970859            2.2627745513702648     
   1.6709719763965032           0.13924766469970859            2.4368341322449010     
   1.6709719763965032           0.13924766469970859            2.6108937131195367     
   1.6709719763965032           0.13924766469970859            2.7849532939941724     
   1.6709719763965032           0.13924766469970859            2.9590128748688080     
   1.6709719763965032           0.13924766469970859            3.1330724557434433     
   1.6709719763965032           0.27849532939941718            0.0000000000000000     
   1.6709719763965032           0.27849532939941718           0.17405958087463577     
   1.6709719763965032           0.27849532939941718           0.34811916174927154     
   1.6709719763965032           0.27849532939941718           0.52217874262390729     
   1.6709719763965032           0.27849532939941718           0.69623832349854309     
   1.6709719763965032           0.27849532939941718           0.87029790437317889     
   1.6709719763965032           0.27849532939941718            1.0443574852478146     
   1.6709719763965032           0.27849532939941718            1.2184170661224505     
   1.6709719763965032           0.27849532939941718            1.3924766469970862     
   1.6709719763965032           0.27849532939941718            1.5665362278717216     
   1.6709719763965032           0.27849532939941718            1.7405958087463578     
   1.6709719763965032           0.27849532939941718            1.9146553896209932     
   1.6709719763965032           0.27849532939941718            2.0887149704956292     
   1.6709719763965032           0.27849532939941718            2.2627745513702648     
   1.6709719763965032           0.27849532939941718            2.4368341322449010     
   1.6709719763965032           0.27849532939941718            2.6108937131195367     
   1.6709719763965032           0.27849532939941718            2.7849532939941724     
   1.6709719763965032           0.27849532939941718            2.9590128748688080     
   1.6709719763965032           0.27849532939941718            3.1330724557434433     
   1.6709719763965032           0.41774299409912580            0.0000000000000000     
   1.6709719763965032           0.41774299409912580           0.17405958087463577     
   1.6709719763965032           0.41774299409912580           0.34811916174927154     
   1.6709719763965032           0.41774299409912580           0.52217874262390729     
   1.6709719763965032           0.41774299409912580           0.69623832349854309     
   1.6709719763965032           0.41774299409912580           0.87029790437317889     
   1.6709719763965032           0.41774299409912580            1.0443574852478146     
   1.6709719763965032           0.41774299409912580            1.2184170661224505     
   1.6709719763965032           0.41774299409912580            1.3924766469970862     
   1.6709719763965032           0.41774299409912580            1.5665362278717216     
   1.6709719763965032           0.41774299409912580            1.7405958087463578     
   1.6709719763965032           0.41774299409912580            1.9146553896209932     
   1.6709719763965032           0.41774299409912580            2.0887149704956292     
   1.6709719763965032           0.41774299409912580            2.2627745513702648     
   1.6709719763965032           0.41774299409912580            2.4368341322449010     
   1.6709719763965032           0.41774299409912580            2.6108937131195367     
   1.6709719763965032           0.41774299409912580            2.7849532939941724     
   1.6709719763965032           0.41774299409912580            2.9590128748688080     
   1.6709719763965032           0.41774299409912580            3.1330724557434433     
   1.6709719763965032           0.55699065879883436            0.0000000000000000     
   1.6709719763965032           0.55699065879883436           0.17405958087463577     
   1.6709719763965032           0.55699065879883436           0.34811916174927154     
   1.6709719763965032           0.55699065879883436           0.52217874262390729     
   1.6709719763965032           0.55699065879883436           0.69623832349854309     
   1.6709719763965032           0.55699065879883436           0.87029790437317889     
   1.6709719763965032           0.55699065879883436            1.0443574852478146     
   1.6709719763965032           0.55699065879883436            1.2184170661224505     
   1.6709719763965032           0.55699065879883436            1.3924766469970862     
   1.6709719763965032           0.55699065879883436            1.5665362278717216     
   1.6709719763965032           0.55699065879883436            1.7405958087463578     
   1.6709719763965032           0.55699065879883436            1.9146553896209932     
   1.6709719763965032           0.55699065879883436            2.0887149704956292     
   1.6709719763965032           0.55699065879883436            2.2627745513702648     
   1.6709719763965032           0.55699065879883436            2.4368341322449010     
   1.6709719763965032           0.55699065879883436            2.6108937131195367     
   1.6709719763965032           0.55699065879883436            2.7849532939941724     
   1.6709719763965032           0.55699065879883436            2.9590128748688080     
   1.6709719763965032           0.55699065879883436            3.1330724557434433     
   1.6709719763965032           0.69623832349854298            0.0000000000000000     
   1.6709719763965032           0.69623832349854298           0.17405958087463577     
   1.6709719763965032           0.69623832349854298           0.34811916174927154     
   1.6709719763965032           0.69623832349854298           0.52217874262390729     
   1.6709719763965032           0.69623832349854298           0.69623832349854309     
   1.6709719763965032           0.69623832349854298           0.87029790437317889     
   1.6709719763965032           0.69623832349854298            1.0443574852478146     
   1.6709719763965032           0.69623832349854298            1.2184170661224505     
   1.6709719763965032           0.69623832349854298            1.3924766469970862     
   1.6709719763965032           0.69623832349854298            1.5665362278717216     
   1.6709719763965032           0.69623832349854298            1.7405958087463578     
   1.6709719763965032           0.69623832349854298            1.9146553896209932     
   1.6709719763965032           0.69623832349854298            2.0887149704956292     
   1.6709719763965032           0.69623832349854298            2.2627745513702648     
   1.6709719763965032           0.69623832349854298            2.4368341322449010     
   1.6709719763965032           0.69623832349854298            2.6108937131195367     
   1.6709719763965032           0.69623832349854298            2.7849532939941724     
   1.6709719763965032           0.69623832349854298            2.9590128748688080     
   1.6709719763965032           0.69623832349854298            3.1330724557434433     
   1.6709719763965032           0.83548598819825159            0.0000000000000000     
   1.6709719763965032           0.83548598819825159           0.17405958087463577     
   1.6709719763965032           0.83548598819825159           0.34811916174927154     
   1.6709719763965032           0.83548598819825159           0.52217874262390729     
   1.6709719763965032           0.83548598819825159           0.69623832349854309     
   1.6709719763965032           0.83548598819825159           0.87029790437317889     
   1.6709719763965032           0.83548598819825159            1.0443574852478146     
   1.6709719763965032           0.83548598819825159            1.2184170661224505     
   1.6709719763965032           0.83548598819825159            1.3924766469970862     
   1.6709719763965032           0.83548598819825159            1.5665362278717216     
   1.6709719763965032           0.83548598819825159            1.7405958087463578     
   1.6709719763965032           0.83548598819825159            1.9146553896209932     
   1.6709719763965032           0.83548598819825159            2.0887149704956292     
   1.6709719763965032           0.83548598819825159            2.2627745513702648     
   1.6709719763965032           0.83548598819825159            2.4368341322449010     
   1.6709719763965032           0.83548598819825159            2.6108937131195367     
   1.6709719763965032           0.83548598819825159            2.7849532939941724     
   1.6709719763965032           0.83548598819825159            2.9590128748688080     
   1.6709719763965032           0.83548598819825159            3.1330724557434433     
   1.6709719763965032           0.97473365289796032            0.0000000000000000     
   1.6709719763965032           0.97473365289796032           0.17405958087463577     
   1.6709719763965032           0.97473365289796032           0.34811916174927154     
   1.6709719763965032           0.97473365289796032           0.52217874262390729     
   1.6709719763965032           0.97473365289796032           0.69623832349854309     
   1.6709719763965032           0.97473365289796032           0.87029790437317889     
   1.6709719763965032           0.97473365289796032            1.0443574852478146     
   1.6709719763965032           0.97473365289796032            1.2184170661224505     
   1.6709719763965032           0.97473365289796032            1.3924766469970862     
   1.6709719763965032           0.97473365289796032            1.5665362278717216     
   1.6709719763965032           0.97473365289796032            1.7405958087463578     
   1.6709719763965032           0.97473365289796032            1.9146553896209932     
   1.6709719763965032           0.97473365289796032            2.0887149704956292     
   1.6709719763965032           0.97473365289796032            2.2627745513702648     
   1.6709719763965032           0.97473365289796032            2.4368341322449010     
   1.6709719763965032           0.97473365289796032            2.6108937131195367     
   1.6709719763965032           0.97473365289796032            2.7849532939941724     
   1.6709719763965032           0.97473365289796032            2.9590128748688080     
   1.6709719763965032           0.97473365289796032            3.1330724557434433     
   1.6709719763965032            1.1139813175976687            0.0000000000000000     
   1.6709719763965032            1.1139813175976687           0.17405958087463577     
   1.6709719763965032            1.1139813175976687           0.34811916174927154     
   1.6709719763965032            1.1139813175976687           0.52217874262390729     
   1.6709719763965032            1.1139813175976687           0.69623832349854309     
   1.6709719763965032            1.1139813175976687           0.87029790437317889     
   1.6709719763965032            1.1139813175976687            1.0443574852478146     
   1.6709719763965032            1.1139813175976687            1.2184170661224505     
   1.6709719763965032            1.1139813175976687            1.3924766469970862     
   1.6709719763965032            1.1139813175976687            1.5665362278717216     
   1.6709719763965032            1.1139813175976687            1.7405958087463578     
   1.6709719763965032            1.1139813175976687            1.9146553896209932     
   1.6709719763965032            1.1139813175976687            2.0887149704956292     
   1.6709719763965032            1.1139813175976687            2.2627745513702648     
   1.6709719763965032            1.1139813175976687            2.4368341322449010     
   1.6709719763965032            1.1139813175976687            2.6108937131195367     
   1.6709719763965032            1.1139813175976687            2.7849532939941724     
   1.6709719763965032            1.1139813175976687            2.9590128748688080     
   1.6709719763965032            1.1139813175976687            3.1330724557434433     
   1.6709719763965032            1.2532289822973772            0.0000000000000000     
   1.6709719763965032            1.2532289822973772           0.17405958087463577     
   1.6709719763965032            1.2532289822973772           0.34811916174927154     
   1.6709719763965032            1.2532289822973772           0.52217874262390729     
   1.6709719763965032            1.2532289822973772           0.69623832349854309     
   1.6709719763965032            1.2532289822973772           0.87029790437317889     
   1.6709719763965032            1.2532289822973772            1.0443574852478146     
   1.6709719763965032            1.2532289822973772            1.2184170661224505     
   1.6709719763965032            1.2532289822973772            1.3924766469970862     
   1.6709719763965032            1.2532289822973772            1.5665362278717216     
   1.6709719763965032            1.2532289822973772            1.7405958087463578     
   1.6709719763965032            1.2532289822973772            1.9146553896209932     
   1.6709719763965032            1.2532289822973772            2.0887149704956292     
   1.6709719763965032            1.2532289822973772            2.2627745513702648     
   1.6709719763965032            1.2532289822973772            2.4368341322449010     
   1.6709719763965032            1.2532289822973772            2.6108937131195367     
   1.6709719763965032            1.2532289822973772            2.7849532939941724     
   1.6709719763965032            1.2532289822973772            2.9590128748688080     
   1.6709719763965032            1.2532289822973772            3.1330724557434433     
   1.6709719763965032            1.3924766469970860            0.0000000000000000     
   1.6709719763965032            1.3924766469970860           0.17405958087463577     
   1.6709719763965032            1.3924766469970860           0.34811916174927154     
   1.6709719763965032            1.3924766469970860           0.52217874262390729     
   1.6709719763965032            1.3924766469970860           0.69623832349854309     
   1.6709719763965032            1.3924766469970860           0.87029790437317889     
   1.6709719763965032            1.3924766469970860            1.0443574852478146     
   1.6709719763965032            1.3924766469970860            1.2184170661224505     
   1.6709719763965032            1.3924766469970860            1.3924766469970862     
   1.6709719763965032            1.3924766469970860            1.5665362278717216     
   1.6709719763965032            1.3924766469970860            1.7405958087463578     
   1.6709719763965032            1.3924766469970860            1.9146553896209932     
   1.6709719763965032            1.3924766469970860            2.0887149704956292     
   1.6709719763965032            1.3924766469970860            2.2627745513702648     
   1.6709719763965032            1.3924766469970860            2.4368341322449010     
   1.6709719763965032            1.3924766469970860            2.6108937131195367     
   1.6709719763965032            1.3924766469970860            2.7849532939941724     
   1.6709719763965032            1.3924766469970860            2.9590128748688080     
   1.6709719763965032            1.3924766469970860            3.1330724557434433     
   1.6709719763965032            1.5317243116967947            0.0000000000000000     
   1.6709719763965032            1.5317243116967947           0.17405958087463577     
   1.6709719763965032            1.5317243116967947           0.34811916174927154     
   1.6709719763965032            1.5317243116967947           0.52217874262390729     
   1.6709719763965032            1.5317243116967947           0.69623832349854309     
   1.6709719763965032            1.5317243116967947           0.87029790437317889     
   1.6709719763965032            1.5317243116967947            1.0443574852478146     
   1.6709719763965032            1.5317243116967947            1.2184170661224505     
   1.6709719763965032            1.5317243116967947            1.3924766469970862     
   1.6709719763965032            1.5317243116967947            1.5665362278717216     
   1.6709719763965032            1.5317243116967947            1.7405958087463578     
   1.6709719763965032            1.5317243116967947            1.9146553896209932     
   1.6709719763965032            1.5317243116967947            2.0887149704956292     
   1.6709719763965032            1.5317243116967947            2.2627745513702648     
   1.6709719763965032            1.5317243116967947            2.4368341322449010     
   1.6709719763965032            1.5317243116967947            2.6108937131195367     
   1.6709719763965032            1.5317243116967947            2.7849532939941724     
   1.6709719763965032            1.5317243116967947            2.9590128748688080     
   1.6709719763965032            1.5317243116967947            3.1330724557434433     
   1.6709719763965032            1.6709719763965032            0.0000000000000000     
   1.6709719763965032            1.6709719763965032           0.17405958087463577     
   1.6709719763965032            1.6709719763965032           0.34811916174927154     
   1.6709719763965032            1.6709719763965032           0.52217874262390729     
   1.6709719763965032            1.6709719763965032           0.69623832349854309     
   1.6709719763965032            1.6709719763965032           0.87029790437317889     
   1.6709719763965032            1.6709719763965032            1.0443574852478146     
   1.6709719763965032            1.6709719763965032            1.2184170661224505     
   1.6709719763965032            1.6709719763965032            1.3924766469970862     
   1.6709719763965032            1.6709719763965032            1.5665362278717216     
   1.6709719763965032            1.6709719763965032            1.7405958087463578     
   1.6709719763965032            1.6709719763965032            1.9146553896209932     
   1.6709719763965032            1.6709719763965032            2.0887149704956292     
   1.6709719763965032            1.6709719763965032            2.2627745513702648     
   1.6709719763965032            1.6709719763965032            2.4368341322449010     
   1.6709719763965032            1.6709719763965032            2.6108937131195367     
   1.6709719763965032            1.6709719763965032            2.7849532939941724     
   1.6709719763965032            1.6709719763965032            2.9590128748688080     
   1.6709719763965032            1.6709719763965032            3.1330724557434433     
   1.6709719763965032            1.8102196410962119            0.0000000000000000     
   1.6709719763965032            1.8102196410962119           0.17405958087463577     
   1.6709719763965032            1.8102196410962119           0.34811916174927154     
   1.6709719763965032            1.8102196410962119           0.52217874262390729     
   1.6709719763965032            1.8102196410962119           0.69623832349854309     
   1.6709719763965032            1.8102196410962119           0.87029790437317889     
   1.6709719763965032            1.8102196410962119            1.0443574852478146     
   1.6709719763965032            1.8102196410962119            1.2184170661224505     
   1.6709719763965032            1.8102196410962119            1.3924766469970862     
   1.6709719763965032            1.8102196410962119            1.5665362278717216     
   1.6709719763965032            1.8102196410962119            1.7405958087463578     
   1.6709719763965032            1.8102196410962119            1.9146553896209932     
   1.6709719763965032            1.8102196410962119            2.0887149704956292     
   1.6709719763965032            1.8102196410962119            2.2627745513702648     
   1.6709719763965032            1.8102196410962119            2.4368341322449010     
   1.6709719763965032            1.8102196410962119            2.6108937131195367     
   1.6709719763965032            1.8102196410962119            2.7849532939941724     
   1.6709719763965032            1.8102196410962119            2.9590128748688080     
   1.6709719763965032            1.8102196410962119            3.1330724557434433     
   1.6709719763965032            1.9494673057959206            0.0000000000000000     
   1.6709719763965032            1.9494673057959206           0.17405958087463577     
   1.6709719763965032            1.9494673057959206           0.34811916174927154     
   1.6709719763965032            1.9494673057959206           0.52217874262390729     
   1.6709719763965032            1.9494673057959206           0.69623832349854309     
   1.6709719763965032            1.9494673057959206           0.87029790437317889     
   1.6709719763965032            1.9494673057959206            1.0443574852478146     
   1.6709719763965032            1.9494673057959206            1.2184170661224505     
   1.6709719763965032            1.9494673057959206            1.3924766469970862     
   1.6709719763965032            1.9494673057959206            1.5665362278717216     
   1.6709719763965032            1.9494673057959206            1.7405958087463578     
   1.6709719763965032            1.9494673057959206            1.9146553896209932     
   1.6709719763965032            1.9494673057959206            2.0887149704956292     
   1.6709719763965032            1.9494673057959206            2.2627745513702648     
   1.6709719763965032            1.9494673057959206            2.4368341322449010     
   1.6709719763965032            1.9494673057959206            2.6108937131195367     
   1.6709719763965032            1.9494673057959206            2.7849532939941724     
   1.6709719763965032            1.9494673057959206            2.9590128748688080     
   1.6709719763965032            1.9494673057959206            3.1330724557434433     
   1.6709719763965032            2.0887149704956292            0.0000000000000000     
   1.6709719763965032            2.0887149704956292           0.17405958087463577     
   1.6709719763965032            2.0887149704956292           0.34811916174927154     
   1.6709719763965032            2.0887149704956292           0.52217874262390729     
   1.6709719763965032            2.0887149704956292           0.69623832349854309     
   1.6709719763965032            2.0887149704956292           0.87029790437317889     
   1.6709719763965032            2.0887149704956292            1.0443574852478146     
   1.6709719763965032            2.0887149704956292            1.2184170661224505     
   1.6709719763965032            2.0887149704956292            1.3924766469970862     
   1.6709719763965032            2.0887149704956292            1.5665362278717216     
   1.6709719763965032            2.0887149704956292            1.7405958087463578     
   1.6709719763965032            2.0887149704956292            1.9146553896209932     
   1.6709719763965032            2.0887149704956292            2.0887149704956292     
   1.6709719763965032            2.0887149704956292            2.2627745513702648     
   1.6709719763965032            2.0887149704956292            2.4368341322449010     
   1.6709719763965032            2.0887149704956292            2.6108937131195367     
   1.6709719763965032            2.0887149704956292            2.7849532939941724     
   1.6709719763965032            2.0887149704956292            2.9590128748688080     
   1.6709719763965032            2.0887149704956292            3.1330724557434433     
   1.6709719763965032            2.2279626351953374            0.0000000000000000     
   1.6709719763965032            2.2279626351953374           0.17405958087463577     
   1.6709719763965032            2.2279626351953374           0.34811916174927154     
   1.6709719763965032            2.2279626351953374           0.52217874262390729     
   1.6709719763965032            2.2279626351953374           0.69623832349854309     
   1.6709719763965032            2.2279626351953374           0.87029790437317889     
   1.6709719763965032            2.2279626351953374            1.0443574852478146     
   1.6709719763965032            2.2279626351953374            1.2184170661224505     
   1.6709719763965032            2.2279626351953374            1.3924766469970862     
   1.6709719763965032            2.2279626351953374            1.5665362278717216     
   1.6709719763965032            2.2279626351953374            1.7405958087463578     
   1.6709719763965032            2.2279626351953374            1.9146553896209932     
   1.6709719763965032            2.2279626351953374            2.0887149704956292     
   1.6709719763965032            2.2279626351953374            2.2627745513702648     
   1.6709719763965032            2.2279626351953374            2.4368341322449010     
   1.6709719763965032            2.2279626351953374            2.6108937131195367     
   1.6709719763965032            2.2279626351953374            2.7849532939941724     
   1.6709719763965032            2.2279626351953374            2.9590128748688080     
   1.6709719763965032            2.2279626351953374            3.1330724557434433     
   1.6709719763965032            2.3672102998950462            0.0000000000000000     
   1.6709719763965032            2.3672102998950462           0.17405958087463577     
   1.6709719763965032            2.3672102998950462           0.34811916174927154     
   1.6709719763965032            2.3672102998950462           0.52217874262390729     
   1.6709719763965032            2.3672102998950462           0.69623832349854309     
   1.6709719763965032            2.3672102998950462           0.87029790437317889     
   1.6709719763965032            2.3672102998950462            1.0443574852478146     
   1.6709719763965032            2.3672102998950462            1.2184170661224505     
   1.6709719763965032            2.3672102998950462            1.3924766469970862     
   1.6709719763965032            2.3672102998950462            1.5665362278717216     
   1.6709719763965032            2.3672102998950462            1.7405958087463578     
   1.6709719763965032            2.3672102998950462            1.9146553896209932     
   1.6709719763965032            2.3672102998950462            2.0887149704956292     
   1.6709719763965032            2.3672102998950462            2.2627745513702648     
   1.6709719763965032            2.3672102998950462            2.4368341322449010     
   1.6709719763965032            2.3672102998950462            2.6108937131195367     
   1.6709719763965032            2.3672102998950462            2.7849532939941724     
   1.6709719763965032            2.3672102998950462            2.9590128748688080     
   1.6709719763965032            2.3672102998950462            3.1330724557434433     
   1.6709719763965032            2.5064579645947545            0.0000000000000000     
   1.6709719763965032            2.5064579645947545           0.17405958087463577     
   1.6709719763965032            2.5064579645947545           0.34811916174927154     
   1.6709719763965032            2.5064579645947545           0.52217874262390729     
   1.6709719763965032            2.5064579645947545           0.69623832349854309     
   1.6709719763965032            2.5064579645947545           0.87029790437317889     
   1.6709719763965032            2.5064579645947545            1.0443574852478146     
   1.6709719763965032            2.5064579645947545            1.2184170661224505     
   1.6709719763965032            2.5064579645947545            1.3924766469970862     
   1.6709719763965032            2.5064579645947545            1.5665362278717216     
   1.6709719763965032            2.5064579645947545            1.7405958087463578     
   1.6709719763965032            2.5064579645947545            1.9146553896209932     
   1.6709719763965032            2.5064579645947545            2.0887149704956292     
   1.6709719763965032            2.5064579645947545            2.2627745513702648     
   1.6709719763965032            2.5064579645947545            2.4368341322449010     
   1.6709719763965032            2.5064579645947545            2.6108937131195367     
   1.6709719763965032            2.5064579645947545            2.7849532939941724     
   1.6709719763965032            2.5064579645947545            2.9590128748688080     
   1.6709719763965032            2.5064579645947545            3.1330724557434433     
   1.8102196410962119            0.0000000000000000            0.0000000000000000     
   1.8102196410962119            0.0000000000000000           0.17405958087463577     
   1.8102196410962119            0.0000000000000000           0.34811916174927154     
   1.8102196410962119            0.0000000000000000           0.52217874262390729     
   1.8102196410962119            0.0000000000000000           0.69623832349854309     
   1.8102196410962119            0.0000000000000000           0.87029790437317889     
   1.8102196410962119            0.0000000000000000            1.0443574852478146     
   1.8102196410962119            0.0000000000000000            1.2184170661224505     
   1.8102196410962119            0.0000000000000000            1.3924766469970862     
   1.8102196410962119            0.0000000000000000            1.5665362278717216     
   1.8102196410962119            0.0000000000000000            1.7405958087463578     
   1.8102196410962119            0.0000000000000000            1.9146553896209932     
   1.8102196410962119            0.0000000000000000            2.0887149704956292     
   1.8102196410962119            0.0000000000000000            2.2627745513702648     
   1.8102196410962119            0.0000000000000000            2.4368341322449010     
   1.8102196410962119            0.0000000000000000            2.6108937131195367     
   1.8102196410962119            0.0000000000000000            2.7849532939941724     
   1.8102196410962119            0.0000000000000000            2.9590128748688080     
   1.8102196410962119            0.0000000000000000            3.1330724557434433     
   1.8102196410962119           0.13924766469970859            0.0000000000000000     
   1.8102196410962119           0.13924766469970859           0.17405958087463577     
   1.8102196410962119           0.13924766469970859           0.34811916174927154     
   1.8102196410962119           0.13924766469970859           0.52217874262390729     
   1.8102196410962119           0.13924766469970859           0.69623832349854309     
   1.8102196410962119           0.13924766469970859           0.87029790437317889     
   1.8102196410962119           0.13924766469970859            1.0443574852478146     
   1.8102196410962119           0.13924766469970859            1.2184170661224505     
   1.8102196410962119           0.13924766469970859            1.3924766469970862     
   1.8102196410962119           0.13924766469970859            1.5665362278717216     
   1.8102196410962119           0.13924766469970859            1.7405958087463578     
   1.8102196410962119           0.13924766469970859            1.9146553896209932     
   1.8102196410962119           0.13924766469970859            2.0887149704956292     
   1.8102196410962119           0.13924766469970859            2.2627745513702648     
   1.8102196410962119           0.13924766469970859            2.4368341322449010     
   1.8102196410962119           0.13924766469970859            2.6108937131195367     
   1.8102196410962119           0.13924766469970859            2.7849532939941724     
   1.8102196410962119           0.13924766469970859            2.9590128748688080     
   1.8102196410962119           0.13924766469970859            3.1330724557434433     
   1.8102196410962119           0.27849532939941718            0.0000000000000000     
   1.8102196410962119           0.27849532939941718           0.17405958087463577     
   1.8102196410962119           0.27849532939941718           0.34811916174927154     
   1.8102196410962119           0.27849532939941718           0.52217874262390729     
   1.8102196410962119           0.27849532939941718           0.69623832349854309     
   1.8102196410962119           0.27849532939941718           0.87029790437317889     
   1.8102196410962119           0.27849532939941718            1.0443574852478146     
   1.8102196410962119           0.27849532939941718            1.2184170661224505     
   1.8102196410962119           0.27849532939941718            1.3924766469970862     
   1.8102196410962119           0.27849532939941718            1.5665362278717216     
   1.8102196410962119           0.27849532939941718            1.7405958087463578     
   1.8102196410962119           0.27849532939941718            1.9146553896209932     
   1.8102196410962119           0.27849532939941718            2.0887149704956292     
   1.8102196410962119           0.27849532939941718            2.2627745513702648     
   1.8102196410962119           0.27849532939941718            2.4368341322449010     
   1.8102196410962119           0.27849532939941718            2.6108937131195367     
   1.8102196410962119           0.27849532939941718            2.7849532939941724     
   1.8102196410962119           0.27849532939941718            2.9590128748688080     
   1.8102196410962119           0.27849532939941718            3.1330724557434433     
   1.8102196410962119           0.41774299409912580            0.0000000000000000     
   1.8102196410962119           0.41774299409912580           0.17405958087463577     
   1.8102196410962119           0.41774299409912580           0.34811916174927154     
   1.8102196410962119           0.41774299409912580           0.52217874262390729     
   1.8102196410962119           0.41774299409912580           0.69623832349854309     
   1.8102196410962119           0.41774299409912580           0.87029790437317889     
   1.8102196410962119           0.41774299409912580            1.0443574852478146     
   1.8102196410962119           0.41774299409912580            1.2184170661224505     
   1.8102196410962119           0.41774299409912580            1.3924766469970862     
   1.8102196410962119           0.41774299409912580            1.5665362278717216     
   1.8102196410962119           0.41774299409912580            1.7405958087463578     
   1.8102196410962119           0.41774299409912580            1.9146553896209932     
   1.8102196410962119           0.41774299409912580            2.0887149704956292     
   1.8102196410962119           0.41774299409912580            2.2627745513702648     
   1.8102196410962119           0.41774299409912580            2.4368341322449010     
   1.8102196410962119           0.41774299409912580            2.6108937131195367     
   1.8102196410962119           0.41774299409912580            2.7849532939941724     
   1.8102196410962119           0.41774299409912580            2.9590128748688080     
   1.8102196410962119           0.41774299409912580            3.1330724557434433     
   1.8102196410962119           0.55699065879883436            0.0000000000000000     
   1.8102196410962119           0.55699065879883436           0.17405958087463577     
   1.8102196410962119           0.55699065879883436           0.34811916174927154     
   1.8102196410962119           0.55699065879883436           0.52217874262390729     
   1.8102196410962119           0.55699065879883436           0.69623832349854309     
   1.8102196410962119           0.55699065879883436           0.87029790437317889     
   1.8102196410962119           0.55699065879883436            1.0443574852478146     
   1.8102196410962119           0.55699065879883436            1.2184170661224505     
   1.8102196410962119           0.55699065879883436            1.3924766469970862     
   1.8102196410962119           0.55699065879883436            1.5665362278717216     
   1.8102196410962119           0.55699065879883436            1.7405958087463578     
   1.8102196410962119           0.55699065879883436            1.9146553896209932     
   1.8102196410962119           0.55699065879883436            2.0887149704956292     
   1.8102196410962119           0.55699065879883436            2.2627745513702648     
   1.8102196410962119           0.55699065879883436            2.4368341322449010     
   1.8102196410962119           0.55699065879883436            2.6108937131195367     
   1.8102196410962119           0.55699065879883436            2.7849532939941724     
   1.8102196410962119           0.55699065879883436            2.9590128748688080     
   1.8102196410962119           0.55699065879883436            3.1330724557434433     
   1.8102196410962119           0.69623832349854298            0.0000000000000000     
   1.8102196410962119           0.69623832349854298           0.17405958087463577     
   1.8102196410962119           0.69623832349854298           0.34811916174927154     
   1.8102196410962119           0.69623832349854298           0.52217874262390729     
   1.8102196410962119           0.69623832349854298           0.69623832349854309     
   1.8102196410962119           0.69623832349854298           0.87029790437317889     
   1.8102196410962119           0.69623832349854298            1.0443574852478146     
   1.8102196410962119           0.69623832349854298            1.2184170661224505     
   1.8102196410962119           0.69623832349854298            1.3924766469970862     
   1.8102196410962119           0.69623832349854298            1.5665362278717216     
   1.8102196410962119           0.69623832349854298            1.7405958087463578     
   1.8102196410962119           0.69623832349854298            1.9146553896209932     
   1.8102196410962119           0.69623832349854298            2.0887149704956292     
   1.8102196410962119           0.69623832349854298            2.2627745513702648     
   1.8102196410962119           0.69623832349854298            2.4368341322449010     
   1.8102196410962119           0.69623832349854298            2.6108937131195367     
   1.8102196410962119           0.69623832349854298            2.7849532939941724     
   1.8102196410962119           0.69623832349854298            2.9590128748688080     
   1.8102196410962119           0.69623832349854298            3.1330724557434433     
   1.8102196410962119           0.83548598819825159            0.0000000000000000     
   1.8102196410962119           0.83548598819825159           0.17405958087463577     
   1.8102196410962119           0.83548598819825159           0.34811916174927154     
   1.8102196410962119           0.83548598819825159           0.52217874262390729     
   1.8102196410962119           0.83548598819825159           0.69623832349854309     
   1.8102196410962119           0.83548598819825159           0.87029790437317889     
   1.8102196410962119           0.83548598819825159            1.0443574852478146     
   1.8102196410962119           0.83548598819825159            1.2184170661224505     
   1.8102196410962119           0.83548598819825159            1.3924766469970862     
   1.8102196410962119           0.83548598819825159            1.5665362278717216     
   1.8102196410962119           0.83548598819825159            1.7405958087463578     
   1.8102196410962119           0.83548598819825159            1.9146553896209932     
   1.8102196410962119           0.83548598819825159            2.0887149704956292     
   1.8102196410962119           0.83548598819825159            2.2627745513702648     
   1.8102196410962119           0.83548598819825159            2.4368341322449010     
   1.8102196410962119           0.83548598819825159            2.6108937131195367     
   1.8102196410962119           0.83548598819825159            2.7849532939941724     
   1.8102196410962119           0.83548598819825159            2.9590128748688080     
   1.8102196410962119           0.83548598819825159            3.1330724557434433     
   1.8102196410962119           0.97473365289796032            0.0000000000000000     
   1.8102196410962119           0.97473365289796032           0.17405958087463577     
   1.8102196410962119           0.97473365289796032           0.34811916174927154     
   1.8102196410962119           0.97473365289796032           0.52217874262390729     
   1.8102196410962119           0.97473365289796032           0.69623832349854309     
   1.8102196410962119           0.97473365289796032           0.87029790437317889     
   1.8102196410962119           0.97473365289796032            1.0443574852478146     
   1.8102196410962119           0.97473365289796032            1.2184170661224505     
   1.8102196410962119           0.97473365289796032            1.3924766469970862     
   1.8102196410962119           0.97473365289796032            1.5665362278717216     
   1.8102196410962119           0.97473365289796032            1.7405958087463578     
   1.8102196410962119           0.97473365289796032            1.9146553896209932     
   1.8102196410962119           0.97473365289796032            2.0887149704956292     
   1.8102196410962119           0.97473365289796032            2.2627745513702648     
   1.8102196410962119           0.97473365289796032            2.4368341322449010     
   1.8102196410962119           0.97473365289796032            2.6108937131195367     
   1.8102196410962119           0.97473365289796032            2.7849532939941724     
   1.8102196410962119           0.97473365289796032            2.9590128748688080     
   1.8102196410962119           0.97473365289796032            3.1330724557434433     
   1.8102196410962119            1.1139813175976687            0.0000000000000000     
   1.8102196410962119            1.1139813175976687           0.17405958087463577     
   1.8102196410962119            1.1139813175976687           0.34811916174927154     
   1.8102196410962119            1.1139813175976687           0.52217874262390729     
   1.8102196410962119            1.1139813175976687           0.69623832349854309     
   1.8102196410962119            1.1139813175976687           0.87029790437317889     
   1.8102196410962119            1.1139813175976687            1.0443574852478146     
   1.8102196410962119            1.1139813175976687            1.2184170661224505     
   1.8102196410962119            1.1139813175976687            1.3924766469970862     
   1.8102196410962119            1.1139813175976687            1.5665362278717216     
   1.8102196410962119            1.1139813175976687            1.7405958087463578     
   1.8102196410962119            1.1139813175976687            1.9146553896209932     
   1.8102196410962119            1.1139813175976687            2.0887149704956292     
   1.8102196410962119            1.1139813175976687            2.2627745513702648     
   1.8102196410962119            1.1139813175976687            2.4368341322449010     
   1.8102196410962119            1.1139813175976687            2.6108937131195367     
   1.8102196410962119            1.1139813175976687            2.7849532939941724     
   1.8102196410962119            1.1139813175976687            2.9590128748688080     
   1.8102196410962119            1.1139813175976687            3.1330724557434433     
   1.8102196410962119            1.2532289822973772            0.0000000000000000     
   1.8102196410962119            1.2532289822973772           0.17405958087463577     
   1.8102196410962119            1.2532289822973772           0.34811916174927154     
   1.8102196410962119            1.2532289822973772           0.52217874262390729     
   1.8102196410962119            1.2532289822973772           0.69623832349854309     
   1.8102196410962119            1.2532289822973772           0.87029790437317889     
   1.8102196410962119            1.2532289822973772            1.0443574852478146     
   1.8102196410962119            1.2532289822973772            1.2184170661224505     
   1.8102196410962119            1.2532289822973772            1.3924766469970862     
   1.8102196410962119            1.2532289822973772            1.5665362278717216     
   1.8102196410962119            1.2532289822973772            1.7405958087463578     
   1.8102196410962119            1.2532289822973772            1.9146553896209932     
   1.8102196410962119            1.2532289822973772            2.0887149704956292     
   1.8102196410962119            1.2532289822973772            2.2627745513702648     
   1.8102196410962119            1.2532289822973772            2.4368341322449010     
   1.8102196410962119            1.2532289822973772            2.6108937131195367     
   1.8102196410962119            1.2532289822973772            2.7849532939941724     
   1.8102196410962119            1.2532289822973772            2.9590128748688080     
   1.8102196410962119            1.2532289822973772            3.1330724557434433     
   1.8102196410962119            1.3924766469970860            0.0000000000000000     
   1.8102196410962119            1.3924766469970860           0.17405958087463577     
   1.8102196410962119            1.3924766469970860           0.34811916174927154     
   1.8102196410962119            1.3924766469970860           0.52217874262390729     
   1.8102196410962119            1.3924766469970860           0.69623832349854309     
   1.8102196410962119            1.3924766469970860           0.87029790437317889     
   1.8102196410962119            1.3924766469970860            1.0443574852478146     
   1.8102196410962119            1.3924766469970860            1.2184170661224505     
   1.8102196410962119            1.3924766469970860            1.3924766469970862     
   1.8102196410962119            1.3924766469970860            1.5665362278717216     
   1.8102196410962119            1.3924766469970860            1.7405958087463578     
   1.8102196410962119            1.3924766469970860            1.9146553896209932     
   1.8102196410962119            1.3924766469970860            2.0887149704956292     
   1.8102196410962119            1.3924766469970860            2.2627745513702648     
   1.8102196410962119            1.3924766469970860            2.4368341322449010     
   1.8102196410962119            1.3924766469970860            2.6108937131195367     
   1.8102196410962119            1.3924766469970860            2.7849532939941724     
   1.8102196410962119            1.3924766469970860            2.9590128748688080     
   1.8102196410962119            1.3924766469970860            3.1330724557434433     
   1.8102196410962119            1.5317243116967947            0.0000000000000000     
   1.8102196410962119            1.5317243116967947           0.17405958087463577     
   1.8102196410962119            1.5317243116967947           0.34811916174927154     
   1.8102196410962119            1.5317243116967947           0.52217874262390729     
   1.8102196410962119            1.5317243116967947           0.69623832349854309     
   1.8102196410962119            1.5317243116967947           0.87029790437317889     
   1.8102196410962119            1.5317243116967947            1.0443574852478146     
   1.8102196410962119            1.5317243116967947            1.2184170661224505     
   1.8102196410962119            1.5317243116967947            1.3924766469970862     
   1.8102196410962119            1.5317243116967947            1.5665362278717216     
   1.8102196410962119            1.5317243116967947            1.7405958087463578     
   1.8102196410962119            1.5317243116967947            1.9146553896209932     
   1.8102196410962119            1.5317243116967947            2.0887149704956292     
   1.8102196410962119            1.5317243116967947            2.2627745513702648     
   1.8102196410962119            1.5317243116967947            2.4368341322449010     
   1.8102196410962119            1.5317243116967947            2.6108937131195367     
   1.8102196410962119            1.5317243116967947            2.7849532939941724     
   1.8102196410962119            1.5317243116967947            2.9590128748688080     
   1.8102196410962119            1.5317243116967947            3.1330724557434433     
   1.8102196410962119            1.6709719763965032            0.0000000000000000     
   1.8102196410962119            1.6709719763965032           0.17405958087463577     
   1.8102196410962119            1.6709719763965032           0.34811916174927154     
   1.8102196410962119            1.6709719763965032           0.52217874262390729     
   1.8102196410962119            1.6709719763965032           0.69623832349854309     
   1.8102196410962119            1.6709719763965032           0.87029790437317889     
   1.8102196410962119            1.6709719763965032            1.0443574852478146     
   1.8102196410962119            1.6709719763965032            1.2184170661224505     
   1.8102196410962119            1.6709719763965032            1.3924766469970862     
   1.8102196410962119            1.6709719763965032            1.5665362278717216     
   1.8102196410962119            1.6709719763965032            1.7405958087463578     
   1.8102196410962119            1.6709719763965032            1.9146553896209932     
   1.8102196410962119            1.6709719763965032            2.0887149704956292     
   1.8102196410962119            1.6709719763965032            2.2627745513702648     
   1.8102196410962119            1.6709719763965032            2.4368341322449010     
   1.8102196410962119            1.6709719763965032            2.6108937131195367     
   1.8102196410962119            1.6709719763965032            2.7849532939941724     
   1.8102196410962119            1.6709719763965032            2.9590128748688080     
   1.8102196410962119            1.6709719763965032            3.1330724557434433     
   1.8102196410962119            1.8102196410962119            0.0000000000000000     
   1.8102196410962119            1.8102196410962119           0.17405958087463577     
   1.8102196410962119            1.8102196410962119           0.34811916174927154     
   1.8102196410962119            1.8102196410962119           0.52217874262390729     
   1.8102196410962119            1.8102196410962119           0.69623832349854309     
   1.8102196410962119            1.8102196410962119           0.87029790437317889     
   1.8102196410962119            1.8102196410962119            1.0443574852478146     
   1.8102196410962119            1.8102196410962119            1.2184170661224505     
   1.8102196410962119            1.8102196410962119            1.3924766469970862     
   1.8102196410962119            1.8102196410962119            1.5665362278717216     
   1.8102196410962119            1.8102196410962119            1.7405958087463578     
   1.8102196410962119            1.8102196410962119            1.9146553896209932     
   1.8102196410962119            1.8102196410962119            2.0887149704956292     
   1.8102196410962119            1.8102196410962119            2.2627745513702648     
   1.8102196410962119            1.8102196410962119            2.4368341322449010     
   1.8102196410962119            1.8102196410962119            2.6108937131195367     
   1.8102196410962119            1.8102196410962119            2.7849532939941724     
   1.8102196410962119            1.8102196410962119            2.9590128748688080     
   1.8102196410962119            1.8102196410962119            3.1330724557434433     
   1.8102196410962119            1.9494673057959206            0.0000000000000000     
   1.8102196410962119            1.9494673057959206           0.17405958087463577     
   1.8102196410962119            1.9494673057959206           0.34811916174927154     
   1.8102196410962119            1.9494673057959206           0.52217874262390729     
   1.8102196410962119            1.9494673057959206           0.69623832349854309     
   1.8102196410962119            1.9494673057959206           0.87029790437317889     
   1.8102196410962119            1.9494673057959206            1.0443574852478146     
   1.8102196410962119            1.9494673057959206            1.2184170661224505     
   1.8102196410962119            1.9494673057959206            1.3924766469970862     
   1.8102196410962119            1.9494673057959206            1.5665362278717216     
   1.8102196410962119            1.9494673057959206            1.7405958087463578     
   1.8102196410962119            1.9494673057959206            1.9146553896209932     
   1.8102196410962119            1.9494673057959206            2.0887149704956292     
   1.8102196410962119            1.9494673057959206            2.2627745513702648     
   1.8102196410962119            1.9494673057959206            2.4368341322449010     
   1.8102196410962119            1.9494673057959206            2.6108937131195367     
   1.8102196410962119            1.9494673057959206            2.7849532939941724     
   1.8102196410962119            1.9494673057959206            2.9590128748688080     
   1.8102196410962119            1.9494673057959206            3.1330724557434433     
   1.8102196410962119            2.0887149704956292            0.0000000000000000     
   1.8102196410962119            2.0887149704956292           0.17405958087463577     
   1.8102196410962119            2.0887149704956292           0.34811916174927154     
   1.8102196410962119            2.0887149704956292           0.52217874262390729     
   1.8102196410962119            2.0887149704956292           0.69623832349854309     
   1.8102196410962119            2.0887149704956292           0.87029790437317889     
   1.8102196410962119            2.0887149704956292            1.0443574852478146     
   1.8102196410962119            2.0887149704956292            1.2184170661224505     
   1.8102196410962119            2.0887149704956292            1.3924766469970862     
   1.8102196410962119            2.0887149704956292            1.5665362278717216     
   1.8102196410962119            2.0887149704956292            1.7405958087463578     
   1.8102196410962119            2.0887149704956292            1.9146553896209932     
   1.8102196410962119            2.0887149704956292            2.0887149704956292     
   1.8102196410962119            2.0887149704956292            2.2627745513702648     
   1.8102196410962119            2.0887149704956292            2.4368341322449010     
   1.8102196410962119            2.0887149704956292            2.6108937131195367     
   1.8102196410962119            2.0887149704956292            2.7849532939941724     
   1.8102196410962119            2.0887149704956292            2.9590128748688080     
   1.8102196410962119            2.0887149704956292            3.1330724557434433     
   1.8102196410962119            2.2279626351953374            0.0000000000000000     
   1.8102196410962119            2.2279626351953374           0.17405958087463577     
   1.8102196410962119            2.2279626351953374           0.34811916174927154     
   1.8102196410962119            2.2279626351953374           0.52217874262390729     
   1.8102196410962119            2.2279626351953374           0.69623832349854309     
   1.8102196410962119            2.2279626351953374           0.87029790437317889     
   1.8102196410962119            2.2279626351953374            1.0443574852478146     
   1.8102196410962119            2.2279626351953374            1.2184170661224505     
   1.8102196410962119            2.2279626351953374            1.3924766469970862     
   1.8102196410962119            2.2279626351953374            1.5665362278717216     
   1.8102196410962119            2.2279626351953374            1.7405958087463578     
   1.8102196410962119            2.2279626351953374            1.9146553896209932     
   1.8102196410962119            2.2279626351953374            2.0887149704956292     
   1.8102196410962119            2.2279626351953374            2.2627745513702648     
   1.8102196410962119            2.2279626351953374            2.4368341322449010     
   1.8102196410962119            2.2279626351953374            2.6108937131195367     
   1.8102196410962119            2.2279626351953374            2.7849532939941724     
   1.8102196410962119            2.2279626351953374            2.9590128748688080     
   1.8102196410962119            2.2279626351953374            3.1330724557434433     
   1.8102196410962119            2.3672102998950462            0.0000000000000000     
   1.8102196410962119            2.3672102998950462           0.17405958087463577     
   1.8102196410962119            2.3672102998950462           0.34811916174927154     
   1.8102196410962119            2.3672102998950462           0.52217874262390729     
   1.8102196410962119            2.3672102998950462           0.69623832349854309     
   1.8102196410962119            2.3672102998950462           0.87029790437317889     
   1.8102196410962119            2.3672102998950462            1.0443574852478146     
   1.8102196410962119            2.3672102998950462            1.2184170661224505     
   1.8102196410962119            2.3672102998950462            1.3924766469970862     
   1.8102196410962119            2.3672102998950462            1.5665362278717216     
   1.8102196410962119            2.3672102998950462            1.7405958087463578     
   1.8102196410962119            2.3672102998950462            1.9146553896209932     
   1.8102196410962119            2.3672102998950462            2.0887149704956292     
   1.8102196410962119            2.3672102998950462            2.2627745513702648     
   1.8102196410962119            2.3672102998950462            2.4368341322449010     
   1.8102196410962119            2.3672102998950462            2.6108937131195367     
   1.8102196410962119            2.3672102998950462            2.7849532939941724     
   1.8102196410962119            2.3672102998950462            2.9590128748688080     
   1.8102196410962119            2.3672102998950462            3.1330724557434433     
   1.8102196410962119            2.5064579645947545            0.0000000000000000     
   1.8102196410962119            2.5064579645947545           0.17405958087463577     
   1.8102196410962119            2.5064579645947545           0.34811916174927154     
   1.8102196410962119            2.5064579645947545           0.52217874262390729     
   1.8102196410962119            2.5064579645947545           0.69623832349854309     
   1.8102196410962119            2.5064579645947545           0.87029790437317889     
   1.8102196410962119            2.5064579645947545            1.0443574852478146     
   1.8102196410962119            2.5064579645947545            1.2184170661224505     
   1.8102196410962119            2.5064579645947545            1.3924766469970862     
   1.8102196410962119            2.5064579645947545            1.5665362278717216     
   1.8102196410962119            2.5064579645947545            1.7405958087463578     
   1.8102196410962119            2.5064579645947545            1.9146553896209932     
   1.8102196410962119            2.5064579645947545            2.0887149704956292     
   1.8102196410962119            2.5064579645947545            2.2627745513702648     
   1.8102196410962119            2.5064579645947545            2.4368341322449010     
   1.8102196410962119            2.5064579645947545            2.6108937131195367     
   1.8102196410962119            2.5064579645947545            2.7849532939941724     
   1.8102196410962119            2.5064579645947545            2.9590128748688080     
   1.8102196410962119            2.5064579645947545            3.1330724557434433     
   1.9494673057959206            0.0000000000000000            0.0000000000000000     
   1.9494673057959206            0.0000000000000000           0.17405958087463577     
   1.9494673057959206            0.0000000000000000           0.34811916174927154     
   1.9494673057959206            0.0000000000000000           0.52217874262390729     
   1.9494673057959206            0.0000000000000000           0.69623832349854309     
   1.9494673057959206            0.0000000000000000           0.87029790437317889     
   1.9494673057959206            0.0000000000000000            1.0443574852478146     
   1.9494673057959206            0.0000000000000000            1.2184170661224505     
   1.9494673057959206            0.0000000000000000            1.3924766469970862     
   1.9494673057959206            0.0000000000000000            1.5665362278717216     
   1.9494673057959206            0.0000000000000000            1.7405958087463578     
   1.9494673057959206            0.0000000000000000            1.9146553896209932     
   1.9494673057959206            0.0000000000000000            2.0887149704956292     
   1.9494673057959206            0.0000000000000000            2.2627745513702648     
   1.9494673057959206            0.0000000000000000            2.4368341322449010     
   1.9494673057959206            0.0000000000000000            2.6108937131195367     
   1.9494673057959206            0.0000000000000000            2.7849532939941724     
   1.9494673057959206            0.0000000000000000            2.9590128748688080     
   1.9494673057959206            0.0000000000000000            3.1330724557434433     
   1.9494673057959206           0.13924766469970859            0.0000000000000000     
   1.9494673057959206           0.13924766469970859           0.17405958087463577     
   1.9494673057959206           0.13924766469970859           0.34811916174927154     
   1.9494673057959206           0.13924766469970859           0.52217874262390729     
   1.9494673057959206           0.13924766469970859           0.69623832349854309     
   1.9494673057959206           0.13924766469970859           0.87029790437317889     
   1.9494673057959206           0.13924766469970859            1.0443574852478146     
   1.9494673057959206           0.13924766469970859            1.2184170661224505     
   1.9494673057959206           0.13924766469970859            1.3924766469970862     
   1.9494673057959206           0.13924766469970859            1.5665362278717216     
   1.9494673057959206           0.13924766469970859            1.7405958087463578     
   1.9494673057959206           0.13924766469970859            1.9146553896209932     
   1.9494673057959206           0.13924766469970859            2.0887149704956292     
   1.9494673057959206           0.13924766469970859            2.2627745513702648     
   1.9494673057959206           0.13924766469970859            2.4368341322449010     
   1.9494673057959206           0.13924766469970859            2.6108937131195367     
   1.9494673057959206           0.13924766469970859            2.7849532939941724     
   1.9494673057959206           0.13924766469970859            2.9590128748688080     
   1.9494673057959206           0.13924766469970859            3.1330724557434433     
   1.9494673057959206           0.27849532939941718            0.0000000000000000     
   1.9494673057959206           0.27849532939941718           0.17405958087463577     
   1.9494673057959206           0.27849532939941718           0.34811916174927154     
   1.9494673057959206           0.27849532939941718           0.52217874262390729     
   1.9494673057959206           0.27849532939941718           0.69623832349854309     
   1.9494673057959206           0.27849532939941718           0.87029790437317889     
   1.9494673057959206           0.27849532939941718            1.0443574852478146     
   1.9494673057959206           0.27849532939941718            1.2184170661224505     
   1.9494673057959206           0.27849532939941718            1.3924766469970862     
   1.9494673057959206           0.27849532939941718            1.5665362278717216     
   1.9494673057959206           0.27849532939941718            1.7405958087463578     
   1.9494673057959206           0.27849532939941718            1.9146553896209932     
   1.9494673057959206           0.27849532939941718            2.0887149704956292     
   1.9494673057959206           0.27849532939941718            2.2627745513702648     
   1.9494673057959206           0.27849532939941718            2.4368341322449010     
   1.9494673057959206           0.27849532939941718            2.6108937131195367     
   1.9494673057959206           0.27849532939941718            2.7849532939941724     
   1.9494673057959206           0.27849532939941718            2.9590128748688080     
   1.9494673057959206           0.27849532939941718            3.1330724557434433     
   1.9494673057959206           0.41774299409912580            0.0000000000000000     
   1.9494673057959206           0.41774299409912580           0.17405958087463577     
   1.9494673057959206           0.41774299409912580           0.34811916174927154     
   1.9494673057959206           0.41774299409912580           0.52217874262390729     
   1.9494673057959206           0.41774299409912580           0.69623832349854309     
   1.9494673057959206           0.41774299409912580           0.87029790437317889     
   1.9494673057959206           0.41774299409912580            1.0443574852478146     
   1.9494673057959206           0.41774299409912580            1.2184170661224505     
   1.9494673057959206           0.41774299409912580            1.3924766469970862     
   1.9494673057959206           0.41774299409912580            1.5665362278717216     
   1.9494673057959206           0.41774299409912580            1.7405958087463578     
   1.9494673057959206           0.41774299409912580            1.9146553896209932     
   1.9494673057959206           0.41774299409912580            2.0887149704956292     
   1.9494673057959206           0.41774299409912580            2.2627745513702648     
   1.9494673057959206           0.41774299409912580            2.4368341322449010     
   1.9494673057959206           0.41774299409912580            2.6108937131195367     
   1.9494673057959206           0.41774299409912580            2.7849532939941724     
   1.9494673057959206           0.41774299409912580            2.9590128748688080     
   1.9494673057959206           0.41774299409912580            3.1330724557434433     
   1.9494673057959206           0.55699065879883436            0.0000000000000000     
   1.9494673057959206           0.55699065879883436           0.17405958087463577     
   1.9494673057959206           0.55699065879883436           0.34811916174927154     
   1.9494673057959206           0.55699065879883436           0.52217874262390729     
   1.9494673057959206           0.55699065879883436           0.69623832349854309     
   1.9494673057959206           0.55699065879883436           0.87029790437317889     
   1.9494673057959206           0.55699065879883436            1.0443574852478146     
   1.9494673057959206           0.55699065879883436            1.2184170661224505     
   1.9494673057959206           0.55699065879883436            1.3924766469970862     
   1.9494673057959206           0.55699065879883436            1.5665362278717216     
   1.9494673057959206           0.55699065879883436            1.7405958087463578     
   1.9494673057959206           0.55699065879883436            1.9146553896209932     
   1.9494673057959206           0.55699065879883436            2.0887149704956292     
   1.9494673057959206           0.55699065879883436            2.2627745513702648     
   1.9494673057959206           0.55699065879883436            2.4368341322449010     
   1.9494673057959206           0.55699065879883436            2.6108937131195367     
   1.9494673057959206           0.55699065879883436            2.7849532939941724     
   1.9494673057959206           0.55699065879883436            2.9590128748688080     
   1.9494673057959206           0.55699065879883436            3.1330724557434433     
   1.9494673057959206           0.69623832349854298            0.0000000000000000     
   1.9494673057959206           0.69623832349854298           0.17405958087463577     
   1.9494673057959206           0.69623832349854298           0.34811916174927154     
   1.9494673057959206           0.69623832349854298           0.52217874262390729     
   1.9494673057959206           0.69623832349854298           0.69623832349854309     
   1.9494673057959206           0.69623832349854298           0.87029790437317889     
   1.9494673057959206           0.69623832349854298            1.0443574852478146     
   1.9494673057959206           0.69623832349854298            1.2184170661224505     
   1.9494673057959206           0.69623832349854298            1.3924766469970862     
   1.9494673057959206           0.69623832349854298            1.5665362278717216     
   1.9494673057959206           0.69623832349854298            1.7405958087463578     
   1.9494673057959206           0.69623832349854298            1.9146553896209932     
   1.9494673057959206           0.69623832349854298            2.0887149704956292     
   1.9494673057959206           0.69623832349854298            2.2627745513702648     
   1.9494673057959206           0.69623832349854298            2.4368341322449010     
   1.9494673057959206           0.69623832349854298            2.6108937131195367     
   1.9494673057959206           0.69623832349854298            2.7849532939941724     
   1.9494673057959206           0.69623832349854298            2.9590128748688080     
   1.9494673057959206           0.69623832349854298            3.1330724557434433     
   1.9494673057959206           0.83548598819825159            0.0000000000000000     
   1.9494673057959206           0.83548598819825159           0.17405958087463577     
   1.9494673057959206           0.83548598819825159           0.34811916174927154     
   1.9494673057959206           0.83548598819825159           0.52217874262390729     
   1.9494673057959206           0.83548598819825159           0.69623832349854309     
   1.9494673057959206           0.83548598819825159           0.87029790437317889     
   1.9494673057959206           0.83548598819825159            1.0443574852478146     
   1.9494673057959206           0.83548598819825159            1.2184170661224505     
   1.9494673057959206           0.83548598819825159            1.3924766469970862     
   1.9494673057959206           0.83548598819825159            1.5665362278717216     
   1.9494673057959206           0.83548598819825159            1.7405958087463578     
   1.9494673057959206           0.83548598819825159            1.9146553896209932     
   1.9494673057959206           0.83548598819825159            2.0887149704956292     
   1.9494673057959206           0.83548598819825159            2.2627745513702648     
   1.9494673057959206           0.83548598819825159            2.4368341322449010     
   1.9494673057959206           0.83548598819825159            2.6108937131195367     
   1.9494673057959206           0.83548598819825159            2.7849532939941724     
   1.9494673057959206           0.83548598819825159            2.9590128748688080     
   1.9494673057959206           0.83548598819825159            3.1330724557434433     
   1.9494673057959206           0.97473365289796032            0.0000000000000000     
   1.9494673057959206           0.97473365289796032           0.17405958087463577     
   1.9494673057959206           0.97473365289796032           0.34811916174927154     
   1.9494673057959206           0.97473365289796032           0.52217874262390729     
   1.9494673057959206           0.97473365289796032           0.69623832349854309     
   1.9494673057959206           0.97473365289796032           0.87029790437317889     
   1.9494673057959206           0.97473365289796032            1.0443574852478146     
   1.9494673057959206           0.97473365289796032            1.2184170661224505     
   1.9494673057959206           0.97473365289796032            1.3924766469970862     
   1.9494673057959206           0.97473365289796032            1.5665362278717216     
   1.9494673057959206           0.97473365289796032            1.7405958087463578     
   1.9494673057959206           0.97473365289796032            1.9146553896209932     
   1.9494673057959206           0.97473365289796032            2.0887149704956292     
   1.9494673057959206           0.97473365289796032            2.2627745513702648     
   1.9494673057959206           0.97473365289796032            2.4368341322449010     
   1.9494673057959206           0.97473365289796032            2.6108937131195367     
   1.9494673057959206           0.97473365289796032            2.7849532939941724     
   1.9494673057959206           0.97473365289796032            2.9590128748688080     
   1.9494673057959206           0.97473365289796032            3.1330724557434433     
   1.9494673057959206            1.1139813175976687            0.0000000000000000     
   1.9494673057959206            1.1139813175976687           0.17405958087463577     
   1.9494673057959206            1.1139813175976687           0.34811916174927154     
   1.9494673057959206            1.1139813175976687           0.52217874262390729     
   1.9494673057959206            1.1139813175976687           0.69623832349854309     
   1.9494673057959206            1.1139813175976687           0.87029790437317889     
   1.9494673057959206            1.1139813175976687            1.0443574852478146     
   1.9494673057959206            1.1139813175976687            1.2184170661224505     
   1.9494673057959206            1.1139813175976687            1.3924766469970862     
   1.9494673057959206            1.1139813175976687            1.5665362278717216     
   1.9494673057959206            1.1139813175976687            1.7405958087463578     
   1.9494673057959206            1.1139813175976687            1.9146553896209932     
   1.9494673057959206            1.1139813175976687            2.0887149704956292     
   1.9494673057959206            1.1139813175976687            2.2627745513702648     
   1.9494673057959206            1.1139813175976687            2.4368341322449010     
   1.9494673057959206            1.1139813175976687            2.6108937131195367     
   1.9494673057959206            1.1139813175976687            2.7849532939941724     
   1.9494673057959206            1.1139813175976687            2.9590128748688080     
   1.9494673057959206            1.1139813175976687            3.1330724557434433     
   1.9494673057959206            1.2532289822973772            0.0000000000000000     
   1.9494673057959206            1.2532289822973772           0.17405958087463577     
   1.9494673057959206            1.2532289822973772           0.34811916174927154     
   1.9494673057959206            1.2532289822973772           0.52217874262390729     
   1.9494673057959206            1.2532289822973772           0.69623832349854309     
   1.9494673057959206            1.2532289822973772           0.87029790437317889     
   1.9494673057959206            1.2532289822973772            1.0443574852478146     
   1.9494673057959206            1.2532289822973772            1.2184170661224505     
   1.9494673057959206            1.2532289822973772            1.3924766469970862     
   1.9494673057959206            1.2532289822973772            1.5665362278717216     
   1.9494673057959206            1.2532289822973772            1.7405958087463578     
   1.9494673057959206            1.2532289822973772            1.9146553896209932     
   1.9494673057959206            1.2532289822973772            2.0887149704956292     
   1.9494673057959206            1.2532289822973772            2.2627745513702648     
   1.9494673057959206            1.2532289822973772            2.4368341322449010     
   1.9494673057959206            1.2532289822973772            2.6108937131195367     
   1.9494673057959206            1.2532289822973772            2.7849532939941724     
   1.9494673057959206            1.2532289822973772            2.9590128748688080     
   1.9494673057959206            1.2532289822973772            3.1330724557434433     
   1.9494673057959206            1.3924766469970860            0.0000000000000000     
   1.9494673057959206            1.3924766469970860           0.17405958087463577     
   1.9494673057959206            1.3924766469970860           0.34811916174927154     
   1.9494673057959206            1.3924766469970860           0.52217874262390729     
   1.9494673057959206            1.3924766469970860           0.69623832349854309     
   1.9494673057959206            1.3924766469970860           0.87029790437317889     
   1.9494673057959206            1.3924766469970860            1.0443574852478146     
   1.9494673057959206            1.3924766469970860            1.2184170661224505     
   1.9494673057959206            1.3924766469970860            1.3924766469970862     
   1.9494673057959206            1.3924766469970860            1.5665362278717216     
   1.9494673057959206            1.3924766469970860            1.7405958087463578     
   1.9494673057959206            1.3924766469970860            1.9146553896209932     
   1.9494673057959206            1.3924766469970860            2.0887149704956292     
   1.9494673057959206            1.3924766469970860            2.2627745513702648     
   1.9494673057959206            1.3924766469970860            2.4368341322449010     
   1.9494673057959206            1.3924766469970860            2.6108937131195367     
   1.9494673057959206            1.3924766469970860            2.7849532939941724     
   1.9494673057959206            1.3924766469970860            2.9590128748688080     
   1.9494673057959206            1.3924766469970860            3.1330724557434433     
   1.9494673057959206            1.5317243116967947            0.0000000000000000     
   1.9494673057959206            1.5317243116967947           0.17405958087463577     
   1.9494673057959206            1.5317243116967947           0.34811916174927154     
   1.9494673057959206            1.5317243116967947           0.52217874262390729     
   1.9494673057959206            1.5317243116967947           0.69623832349854309     
   1.9494673057959206            1.5317243116967947           0.87029790437317889     
   1.9494673057959206            1.5317243116967947            1.0443574852478146     
   1.9494673057959206            1.5317243116967947            1.2184170661224505     
   1.9494673057959206            1.5317243116967947            1.3924766469970862     
   1.9494673057959206            1.5317243116967947            1.5665362278717216     
   1.9494673057959206            1.5317243116967947            1.7405958087463578     
   1.9494673057959206            1.5317243116967947            1.9146553896209932     
   1.9494673057959206            1.5317243116967947            2.0887149704956292     
   1.9494673057959206            1.5317243116967947            2.2627745513702648     
   1.9494673057959206            1.5317243116967947            2.4368341322449010     
   1.9494673057959206            1.5317243116967947            2.6108937131195367     
   1.9494673057959206            1.5317243116967947            2.7849532939941724     
   1.9494673057959206            1.5317243116967947            2.9590128748688080     
   1.9494673057959206            1.5317243116967947            3.1330724557434433     
   1.9494673057959206            1.6709719763965032            0.0000000000000000     
   1.9494673057959206            1.6709719763965032           0.17405958087463577     
   1.9494673057959206            1.6709719763965032           0.34811916174927154     
   1.9494673057959206            1.6709719763965032           0.52217874262390729     
   1.9494673057959206            1.6709719763965032           0.69623832349854309     
   1.9494673057959206            1.6709719763965032           0.87029790437317889     
   1.9494673057959206            1.6709719763965032            1.0443574852478146     
   1.9494673057959206            1.6709719763965032            1.2184170661224505     
   1.9494673057959206            1.6709719763965032            1.3924766469970862     
   1.9494673057959206            1.6709719763965032            1.5665362278717216     
   1.9494673057959206            1.6709719763965032            1.7405958087463578     
   1.9494673057959206            1.6709719763965032            1.9146553896209932     
   1.9494673057959206            1.6709719763965032            2.0887149704956292     
   1.9494673057959206            1.6709719763965032            2.2627745513702648     
   1.9494673057959206            1.6709719763965032            2.4368341322449010     
   1.9494673057959206            1.6709719763965032            2.6108937131195367     
   1.9494673057959206            1.6709719763965032            2.7849532939941724     
   1.9494673057959206            1.6709719763965032            2.9590128748688080     
   1.9494673057959206            1.6709719763965032            3.1330724557434433     
   1.9494673057959206            1.8102196410962119            0.0000000000000000     
   1.9494673057959206            1.8102196410962119           0.17405958087463577     
   1.9494673057959206            1.8102196410962119           0.34811916174927154     
   1.9494673057959206            1.8102196410962119           0.52217874262390729     
   1.9494673057959206            1.8102196410962119           0.69623832349854309     
   1.9494673057959206            1.8102196410962119           0.87029790437317889     
   1.9494673057959206            1.8102196410962119            1.0443574852478146     
   1.9494673057959206            1.8102196410962119            1.2184170661224505     
   1.9494673057959206            1.8102196410962119            1.3924766469970862     
   1.9494673057959206            1.8102196410962119            1.5665362278717216     
   1.9494673057959206            1.8102196410962119            1.7405958087463578     
   1.9494673057959206            1.8102196410962119            1.9146553896209932     
   1.9494673057959206            1.8102196410962119            2.0887149704956292     
   1.9494673057959206            1.8102196410962119            2.2627745513702648     
   1.9494673057959206            1.8102196410962119            2.4368341322449010     
   1.9494673057959206            1.8102196410962119            2.6108937131195367     
   1.9494673057959206            1.8102196410962119            2.7849532939941724     
   1.9494673057959206            1.8102196410962119            2.9590128748688080     
   1.9494673057959206            1.8102196410962119            3.1330724557434433     
   1.9494673057959206            1.9494673057959206            0.0000000000000000     
   1.9494673057959206            1.9494673057959206           0.17405958087463577     
   1.9494673057959206            1.9494673057959206           0.34811916174927154     
   1.9494673057959206            1.9494673057959206           0.52217874262390729     
   1.9494673057959206            1.9494673057959206           0.69623832349854309     
   1.9494673057959206            1.9494673057959206           0.87029790437317889     
   1.9494673057959206            1.9494673057959206            1.0443574852478146     
   1.9494673057959206            1.9494673057959206            1.2184170661224505     
   1.9494673057959206            1.9494673057959206            1.3924766469970862     
   1.9494673057959206            1.9494673057959206            1.5665362278717216     
   1.9494673057959206            1.9494673057959206            1.7405958087463578     
   1.9494673057959206            1.9494673057959206            1.9146553896209932     
   1.9494673057959206            1.9494673057959206            2.0887149704956292     
   1.9494673057959206            1.9494673057959206            2.2627745513702648     
   1.9494673057959206            1.9494673057959206            2.4368341322449010     
   1.9494673057959206            1.9494673057959206            2.6108937131195367     
   1.9494673057959206            1.9494673057959206            2.7849532939941724     
   1.9494673057959206            1.9494673057959206            2.9590128748688080     
   1.9494673057959206            1.9494673057959206            3.1330724557434433     
   1.9494673057959206            2.0887149704956292            0.0000000000000000     
   1.9494673057959206            2.0887149704956292           0.17405958087463577     
   1.9494673057959206            2.0887149704956292           0.34811916174927154     
   1.9494673057959206            2.0887149704956292           0.52217874262390729     
   1.9494673057959206            2.0887149704956292           0.69623832349854309     
   1.9494673057959206            2.0887149704956292           0.87029790437317889     
   1.9494673057959206            2.0887149704956292            1.0443574852478146     
   1.9494673057959206            2.0887149704956292            1.2184170661224505     
   1.9494673057959206            2.0887149704956292            1.3924766469970862     
   1.9494673057959206            2.0887149704956292            1.5665362278717216     
   1.9494673057959206            2.0887149704956292            1.7405958087463578     
   1.9494673057959206            2.0887149704956292            1.9146553896209932     
   1.9494673057959206            2.0887149704956292            2.0887149704956292     
   1.9494673057959206            2.0887149704956292            2.2627745513702648     
   1.9494673057959206            2.0887149704956292            2.4368341322449010     
   1.9494673057959206            2.0887149704956292            2.6108937131195367     
   1.9494673057959206            2.0887149704956292            2.7849532939941724     
   1.9494673057959206            2.0887149704956292            2.9590128748688080     
   1.9494673057959206            2.0887149704956292            3.1330724557434433     
   1.9494673057959206            2.2279626351953374            0.0000000000000000     
   1.9494673057959206            2.2279626351953374           0.17405958087463577     
   1.9494673057959206            2.2279626351953374           0.34811916174927154     
   1.9494673057959206            2.2279626351953374           0.52217874262390729     
   1.9494673057959206            2.2279626351953374           0.69623832349854309     
   1.9494673057959206            2.2279626351953374           0.87029790437317889     
   1.9494673057959206            2.2279626351953374            1.0443574852478146     
   1.9494673057959206            2.2279626351953374            1.2184170661224505     
   1.9494673057959206            2.2279626351953374            1.3924766469970862     
   1.9494673057959206            2.2279626351953374            1.5665362278717216     
   1.9494673057959206            2.2279626351953374            1.7405958087463578     
   1.9494673057959206            2.2279626351953374            1.9146553896209932     
   1.9494673057959206            2.2279626351953374            2.0887149704956292     
   1.9494673057959206            2.2279626351953374            2.2627745513702648     
   1.9494673057959206            2.2279626351953374            2.4368341322449010     
   1.9494673057959206            2.2279626351953374            2.6108937131195367     
   1.9494673057959206            2.2279626351953374            2.7849532939941724     
   1.9494673057959206            2.2279626351953374            2.9590128748688080     
   1.9494673057959206            2.2279626351953374            3.1330724557434433     
   1.9494673057959206            2.3672102998950462            0.0000000000000000     
   1.9494673057959206            2.3672102998950462           0.17405958087463577     
   1.9494673057959206            2.3672102998950462           0.34811916174927154     
   1.9494673057959206            2.3672102998950462           0.52217874262390729     
   1.9494673057959206            2.3672102998950462           0.69623832349854309     
   1.9494673057959206            2.3672102998950462           0.87029790437317889     
   1.9494673057959206            2.3672102998950462            1.0443574852478146     
   1.9494673057959206            2.3672102998950462            1.2184170661224505     
   1.9494673057959206            2.3672102998950462            1.3924766469970862     
   1.9494673057959206            2.3672102998950462            1.5665362278717216     
   1.9494673057959206            2.3672102998950462            1.7405958087463578     
   1.9494673057959206            2.3672102998950462            1.9146553896209932     
   1.9494673057959206            2.3672102998950462            2.0887149704956292     
   1.9494673057959206            2.3672102998950462            2.2627745513702648     
   1.9494673057959206            2.3672102998950462            2.4368341322449010     
   1.9494673057959206            2.3672102998950462            2.6108937131195367     
   1.9494673057959206            2.3672102998950462            2.7849532939941724     
   1.9494673057959206            2.3672102998950462            2.9590128748688080     
   1.9494673057959206            2.3672102998950462            3.1330724557434433     
   1.9494673057959206            2.5064579645947545            0.0000000000000000     
   1.9494673057959206            2.5064579645947545           0.17405958087463577     
   1.9494673057959206            2.5064579645947545           0.34811916174927154     
   1.9494673057959206            2.5064579645947545           0.52217874262390729     
   1.9494673057959206            2.5064579645947545           0.69623832349854309     
   1.9494673057959206            2.5064579645947545           0.87029790437317889     
   1.9494673057959206            2.5064579645947545            1.0443574852478146     
   1.9494673057959206            2.5064579645947545            1.2184170661224505     
   1.9494673057959206            2.5064579645947545            1.3924766469970862     
   1.9494673057959206            2.5064579645947545            1.5665362278717216     
   1.9494673057959206            2.5064579645947545            1.7405958087463578     
   1.9494673057959206            2.5064579645947545            1.9146553896209932     
   1.9494673057959206            2.5064579645947545            2.0887149704956292     
   1.9494673057959206            2.5064579645947545            2.2627745513702648     
   1.9494673057959206            2.5064579645947545            2.4368341322449010     
   1.9494673057959206            2.5064579645947545            2.6108937131195367     
   1.9494673057959206            2.5064579645947545            2.7849532939941724     
   1.9494673057959206            2.5064579645947545            2.9590128748688080     
   1.9494673057959206            2.5064579645947545            3.1330724557434433     
   2.0887149704956292            0.0000000000000000            0.0000000000000000     
   2.0887149704956292            0.0000000000000000           0.17405958087463577     
   2.0887149704956292            0.0000000000000000           0.34811916174927154     
   2.0887149704956292            0.0000000000000000           0.52217874262390729     
   2.0887149704956292            0.0000000000000000           0.69623832349854309     
   2.0887149704956292            0.0000000000000000           0.87029790437317889     
   2.0887149704956292            0.0000000000000000            1.0443574852478146     
   2.0887149704956292            0.0000000000000000            1.2184170661224505     
   2.0887149704956292            0.0000000000000000            1.3924766469970862     
   2.0887149704956292            0.0000000000000000            1.5665362278717216     
   2.0887149704956292            0.0000000000000000            1.7405958087463578     
   2.0887149704956292            0.0000000000000000            1.9146553896209932     
   2.0887149704956292            0.0000000000000000            2.0887149704956292     
   2.0887149704956292            0.0000000000000000            2.2627745513702648     
   2.0887149704956292            0.0000000000000000            2.4368341322449010     
   2.0887149704956292            0.0000000000000000            2.6108937131195367     
   2.0887149704956292            0.0000000000000000            2.7849532939941724     
   2.0887149704956292            0.0000000000000000            2.9590128748688080     
   2.0887149704956292            0.0000000000000000            3.1330724557434433     
   2.0887149704956292           0.13924766469970859            0.0000000000000000     
   2.0887149704956292           0.13924766469970859           0.17405958087463577     
   2.0887149704956292           0.13924766469970859           0.34811916174927154     
   2.0887149704956292           0.13924766469970859           0.52217874262390729     
   2.0887149704956292           0.13924766469970859           0.69623832349854309     
   2.0887149704956292           0.13924766469970859           0.87029790437317889     
   2.0887149704956292           0.13924766469970859            1.0443574852478146     
   2.0887149704956292           0.13924766469970859            1.2184170661224505     
   2.0887149704956292           0.13924766469970859            1.3924766469970862     
   2.0887149704956292           0.13924766469970859            1.5665362278717216     
   2.0887149704956292           0.13924766469970859            1.7405958087463578     
   2.0887149704956292           0.13924766469970859            1.9146553896209932     
   2.0887149704956292           0.13924766469970859            2.0887149704956292     
   2.0887149704956292           0.13924766469970859            2.2627745513702648     
   2.0887149704956292           0.13924766469970859            2.4368341322449010     
   2.0887149704956292           0.13924766469970859            2.6108937131195367     
   2.0887149704956292           0.13924766469970859            2.7849532939941724     
   2.0887149704956292           0.13924766469970859            2.9590128748688080     
   2.0887149704956292           0.13924766469970859            3.1330724557434433     
   2.0887149704956292           0.27849532939941718            0.0000000000000000     
   2.0887149704956292           0.27849532939941718           0.17405958087463577     
   2.0887149704956292           0.27849532939941718           0.34811916174927154     
   2.0887149704956292           0.27849532939941718           0.52217874262390729     
   2.0887149704956292           0.27849532939941718           0.69623832349854309     
   2.0887149704956292           0.27849532939941718           0.87029790437317889     
   2.0887149704956292           0.27849532939941718            1.0443574852478146     
   2.0887149704956292           0.27849532939941718            1.2184170661224505     
   2.0887149704956292           0.27849532939941718            1.3924766469970862     
   2.0887149704956292           0.27849532939941718            1.5665362278717216     
   2.0887149704956292           0.27849532939941718            1.7405958087463578     
   2.0887149704956292           0.27849532939941718            1.9146553896209932     
   2.0887149704956292           0.27849532939941718            2.0887149704956292     
   2.0887149704956292           0.27849532939941718            2.2627745513702648     
   2.0887149704956292           0.27849532939941718            2.4368341322449010     
   2.0887149704956292           0.27849532939941718            2.6108937131195367     
   2.0887149704956292           0.27849532939941718            2.7849532939941724     
   2.0887149704956292           0.27849532939941718            2.9590128748688080     
   2.0887149704956292           0.27849532939941718            3.1330724557434433     
   2.0887149704956292           0.41774299409912580            0.0000000000000000     
   2.0887149704956292           0.41774299409912580           0.17405958087463577     
   2.0887149704956292           0.41774299409912580           0.34811916174927154     
   2.0887149704956292           0.41774299409912580           0.52217874262390729     
   2.0887149704956292           0.41774299409912580           0.69623832349854309     
   2.0887149704956292           0.41774299409912580           0.87029790437317889     
   2.0887149704956292           0.41774299409912580            1.0443574852478146     
   2.0887149704956292           0.41774299409912580            1.2184170661224505     
   2.0887149704956292           0.41774299409912580            1.3924766469970862     
   2.0887149704956292           0.41774299409912580            1.5665362278717216     
   2.0887149704956292           0.41774299409912580            1.7405958087463578     
   2.0887149704956292           0.41774299409912580            1.9146553896209932     
   2.0887149704956292           0.41774299409912580            2.0887149704956292     
   2.0887149704956292           0.41774299409912580            2.2627745513702648     
   2.0887149704956292           0.41774299409912580            2.4368341322449010     
   2.0887149704956292           0.41774299409912580            2.6108937131195367     
   2.0887149704956292           0.41774299409912580            2.7849532939941724     
   2.0887149704956292           0.41774299409912580            2.9590128748688080     
   2.0887149704956292           0.41774299409912580            3.1330724557434433     
   2.0887149704956292           0.55699065879883436            0.0000000000000000     
   2.0887149704956292           0.55699065879883436           0.17405958087463577     
   2.0887149704956292           0.55699065879883436           0.34811916174927154     
   2.0887149704956292           0.55699065879883436           0.52217874262390729     
   2.0887149704956292           0.55699065879883436           0.69623832349854309     
   2.0887149704956292           0.55699065879883436           0.87029790437317889     
   2.0887149704956292           0.55699065879883436            1.0443574852478146     
   2.0887149704956292           0.55699065879883436            1.2184170661224505     
   2.0887149704956292           0.55699065879883436            1.3924766469970862     
   2.0887149704956292           0.55699065879883436            1.5665362278717216     
   2.0887149704956292           0.55699065879883436            1.7405958087463578     
   2.0887149704956292           0.55699065879883436            1.9146553896209932     
   2.0887149704956292           0.55699065879883436            2.0887149704956292     
   2.0887149704956292           0.55699065879883436            2.2627745513702648     
   2.0887149704956292           0.55699065879883436            2.4368341322449010     
   2.0887149704956292           0.55699065879883436            2.6108937131195367     
   2.0887149704956292           0.55699065879883436            2.7849532939941724     
   2.0887149704956292           0.55699065879883436            2.9590128748688080     
   2.0887149704956292           0.55699065879883436            3.1330724557434433     
   2.0887149704956292           0.69623832349854298            0.0000000000000000     
   2.0887149704956292           0.69623832349854298           0.17405958087463577     
   2.0887149704956292           0.69623832349854298           0.34811916174927154     
   2.0887149704956292           0.69623832349854298           0.52217874262390729     
   2.0887149704956292           0.69623832349854298           0.69623832349854309     
   2.0887149704956292           0.69623832349854298           0.87029790437317889     
   2.0887149704956292           0.69623832349854298            1.0443574852478146     
   2.0887149704956292           0.69623832349854298            1.2184170661224505     
   2.0887149704956292           0.69623832349854298            1.3924766469970862     
   2.0887149704956292           0.69623832349854298            1.5665362278717216     
   2.0887149704956292           0.69623832349854298            1.7405958087463578     
   2.0887149704956292           0.69623832349854298            1.9146553896209932     
   2.0887149704956292           0.69623832349854298            2.0887149704956292     
   2.0887149704956292           0.69623832349854298            2.2627745513702648     
   2.0887149704956292           0.69623832349854298            2.4368341322449010     
   2.0887149704956292           0.69623832349854298            2.6108937131195367     
   2.0887149704956292           0.69623832349854298            2.7849532939941724     
   2.0887149704956292           0.69623832349854298            2.9590128748688080     
   2.0887149704956292           0.69623832349854298            3.1330724557434433     
   2.0887149704956292           0.83548598819825159            0.0000000000000000     
   2.0887149704956292           0.83548598819825159           0.17405958087463577     
   2.0887149704956292           0.83548598819825159           0.34811916174927154     
   2.0887149704956292           0.83548598819825159           0.52217874262390729     
   2.0887149704956292           0.83548598819825159           0.69623832349854309     
   2.0887149704956292           0.83548598819825159           0.87029790437317889     
   2.0887149704956292           0.83548598819825159            1.0443574852478146     
   2.0887149704956292           0.83548598819825159            1.2184170661224505     
   2.0887149704956292           0.83548598819825159            1.3924766469970862     
   2.0887149704956292           0.83548598819825159            1.5665362278717216     
   2.0887149704956292           0.83548598819825159            1.7405958087463578     
   2.0887149704956292           0.83548598819825159            1.9146553896209932     
   2.0887149704956292           0.83548598819825159            2.0887149704956292     
   2.0887149704956292           0.83548598819825159            2.2627745513702648     
   2.0887149704956292           0.83548598819825159            2.4368341322449010     
   2.0887149704956292           0.83548598819825159            2.6108937131195367     
   2.0887149704956292           0.83548598819825159            2.7849532939941724     
   2.0887149704956292           0.83548598819825159            2.9590128748688080     
   2.0887149704956292           0.83548598819825159            3.1330724557434433     
   2.0887149704956292           0.97473365289796032            0.0000000000000000     
   2.0887149704956292           0.97473365289796032           0.17405958087463577     
   2.0887149704956292           0.97473365289796032           0.34811916174927154     
   2.0887149704956292           0.97473365289796032           0.52217874262390729     
   2.0887149704956292           0.97473365289796032           0.69623832349854309     
   2.0887149704956292           0.97473365289796032           0.87029790437317889     
   2.0887149704956292           0.97473365289796032            1.0443574852478146     
   2.0887149704956292           0.97473365289796032            1.2184170661224505     
   2.0887149704956292           0.97473365289796032            1.3924766469970862     
   2.0887149704956292           0.97473365289796032            1.5665362278717216     
   2.0887149704956292           0.97473365289796032            1.7405958087463578     
   2.0887149704956292           0.97473365289796032            1.9146553896209932     
   2.0887149704956292           0.97473365289796032            2.0887149704956292     
   2.0887149704956292           0.97473365289796032            2.2627745513702648     
   2.0887149704956292           0.97473365289796032            2.4368341322449010     
   2.0887149704956292           0.97473365289796032            2.6108937131195367     
   2.0887149704956292           0.97473365289796032            2.7849532939941724     
   2.0887149704956292           0.97473365289796032            2.9590128748688080     
   2.0887149704956292           0.97473365289796032            3.1330724557434433     
   2.0887149704956292            1.1139813175976687            0.0000000000000000     
   2.0887149704956292            1.1139813175976687           0.17405958087463577     
   2.0887149704956292            1.1139813175976687           0.34811916174927154     
   2.0887149704956292            1.1139813175976687           0.52217874262390729     
   2.0887149704956292            1.1139813175976687           0.69623832349854309     
   2.0887149704956292            1.1139813175976687           0.87029790437317889     
   2.0887149704956292            1.1139813175976687            1.0443574852478146     
   2.0887149704956292            1.1139813175976687            1.2184170661224505     
   2.0887149704956292            1.1139813175976687            1.3924766469970862     
   2.0887149704956292            1.1139813175976687            1.5665362278717216     
   2.0887149704956292            1.1139813175976687            1.7405958087463578     
   2.0887149704956292            1.1139813175976687            1.9146553896209932     
   2.0887149704956292            1.1139813175976687            2.0887149704956292     
   2.0887149704956292            1.1139813175976687            2.2627745513702648     
   2.0887149704956292            1.1139813175976687            2.4368341322449010     
   2.0887149704956292            1.1139813175976687            2.6108937131195367     
   2.0887149704956292            1.1139813175976687            2.7849532939941724     
   2.0887149704956292            1.1139813175976687            2.9590128748688080     
   2.0887149704956292            1.1139813175976687            3.1330724557434433     
   2.0887149704956292            1.2532289822973772            0.0000000000000000     
   2.0887149704956292            1.2532289822973772           0.17405958087463577     
   2.0887149704956292            1.2532289822973772           0.34811916174927154     
   2.0887149704956292            1.2532289822973772           0.52217874262390729     
   2.0887149704956292            1.2532289822973772           0.69623832349854309     
   2.0887149704956292            1.2532289822973772           0.87029790437317889     
   2.0887149704956292            1.2532289822973772            1.0443574852478146     
   2.0887149704956292            1.2532289822973772            1.2184170661224505     
   2.0887149704956292            1.2532289822973772            1.3924766469970862     
   2.0887149704956292            1.2532289822973772            1.5665362278717216     
   2.0887149704956292            1.2532289822973772            1.7405958087463578     
   2.0887149704956292            1.2532289822973772            1.9146553896209932     
   2.0887149704956292            1.2532289822973772            2.0887149704956292     
   2.0887149704956292            1.2532289822973772            2.2627745513702648     
   2.0887149704956292            1.2532289822973772            2.4368341322449010     
   2.0887149704956292            1.2532289822973772            2.6108937131195367     
   2.0887149704956292            1.2532289822973772            2.7849532939941724     
   2.0887149704956292            1.2532289822973772            2.9590128748688080     
   2.0887149704956292            1.2532289822973772            3.1330724557434433     
   2.0887149704956292            1.3924766469970860            0.0000000000000000     
   2.0887149704956292            1.3924766469970860           0.17405958087463577     
   2.0887149704956292            1.3924766469970860           0.34811916174927154     
   2.0887149704956292            1.3924766469970860           0.52217874262390729     
   2.0887149704956292            1.3924766469970860           0.69623832349854309     
   2.0887149704956292            1.3924766469970860           0.87029790437317889     
   2.0887149704956292            1.3924766469970860            1.0443574852478146     
   2.0887149704956292            1.3924766469970860            1.2184170661224505     
   2.0887149704956292            1.3924766469970860            1.3924766469970862     
   2.0887149704956292            1.3924766469970860            1.5665362278717216     
   2.0887149704956292            1.3924766469970860            1.7405958087463578     
   2.0887149704956292            1.3924766469970860            1.9146553896209932     
   2.0887149704956292            1.3924766469970860            2.0887149704956292     
   2.0887149704956292            1.3924766469970860            2.2627745513702648     
   2.0887149704956292            1.3924766469970860            2.4368341322449010     
   2.0887149704956292            1.3924766469970860            2.6108937131195367     
   2.0887149704956292            1.3924766469970860            2.7849532939941724     
   2.0887149704956292            1.3924766469970860            2.9590128748688080     
   2.0887149704956292            1.3924766469970860            3.1330724557434433     
   2.0887149704956292            1.5317243116967947            0.0000000000000000     
   2.0887149704956292            1.5317243116967947           0.17405958087463577     
   2.0887149704956292            1.5317243116967947           0.34811916174927154     
   2.0887149704956292            1.5317243116967947           0.52217874262390729     
   2.0887149704956292            1.5317243116967947           0.69623832349854309     
   2.0887149704956292            1.5317243116967947           0.87029790437317889     
   2.0887149704956292            1.5317243116967947            1.0443574852478146     
   2.0887149704956292            1.5317243116967947            1.2184170661224505     
   2.0887149704956292            1.5317243116967947            1.3924766469970862     
   2.0887149704956292            1.5317243116967947            1.5665362278717216     
   2.0887149704956292            1.5317243116967947            1.7405958087463578     
   2.0887149704956292            1.5317243116967947            1.9146553896209932     
   2.0887149704956292            1.5317243116967947            2.0887149704956292     
   2.0887149704956292            1.5317243116967947            2.2627745513702648     
   2.0887149704956292            1.5317243116967947            2.4368341322449010     
   2.0887149704956292            1.5317243116967947            2.6108937131195367     
   2.0887149704956292            1.5317243116967947            2.7849532939941724     
   2.0887149704956292            1.5317243116967947            2.9590128748688080     
   2.0887149704956292            1.5317243116967947            3.1330724557434433     
   2.0887149704956292            1.6709719763965032            0.0000000000000000     
   2.0887149704956292            1.6709719763965032           0.17405958087463577     
   2.0887149704956292            1.6709719763965032           0.34811916174927154     
   2.0887149704956292            1.6709719763965032           0.52217874262390729     
   2.0887149704956292            1.6709719763965032           0.69623832349854309     
   2.0887149704956292            1.6709719763965032           0.87029790437317889     
   2.0887149704956292            1.6709719763965032            1.0443574852478146     
   2.0887149704956292            1.6709719763965032            1.2184170661224505     
   2.0887149704956292            1.6709719763965032            1.3924766469970862     
   2.0887149704956292            1.6709719763965032            1.5665362278717216     
   2.0887149704956292            1.6709719763965032            1.7405958087463578     
   2.0887149704956292            1.6709719763965032            1.9146553896209932     
   2.0887149704956292            1.6709719763965032            2.0887149704956292     
   2.0887149704956292            1.6709719763965032            2.2627745513702648     
   2.0887149704956292            1.6709719763965032            2.4368341322449010     
   2.0887149704956292            1.6709719763965032            2.6108937131195367     
   2.0887149704956292            1.6709719763965032            2.7849532939941724     
   2.0887149704956292            1.6709719763965032            2.9590128748688080     
   2.0887149704956292            1.6709719763965032            3.1330724557434433     
   2.0887149704956292            1.8102196410962119            0.0000000000000000     
   2.0887149704956292            1.8102196410962119           0.17405958087463577     
   2.0887149704956292            1.8102196410962119           0.34811916174927154     
   2.0887149704956292            1.8102196410962119           0.52217874262390729     
   2.0887149704956292            1.8102196410962119           0.69623832349854309     
   2.0887149704956292            1.8102196410962119           0.87029790437317889     
   2.0887149704956292            1.8102196410962119            1.0443574852478146     
   2.0887149704956292            1.8102196410962119            1.2184170661224505     
   2.0887149704956292            1.8102196410962119            1.3924766469970862     
   2.0887149704956292            1.8102196410962119            1.5665362278717216     
   2.0887149704956292            1.8102196410962119            1.7405958087463578     
   2.0887149704956292            1.8102196410962119            1.9146553896209932     
   2.0887149704956292            1.8102196410962119            2.0887149704956292     
   2.0887149704956292            1.8102196410962119            2.2627745513702648     
   2.0887149704956292            1.8102196410962119            2.4368341322449010     
   2.0887149704956292            1.8102196410962119            2.6108937131195367     
   2.0887149704956292            1.8102196410962119            2.7849532939941724     
   2.0887149704956292            1.8102196410962119            2.9590128748688080     
   2.0887149704956292            1.8102196410962119            3.1330724557434433     
   2.0887149704956292            1.9494673057959206            0.0000000000000000     
   2.0887149704956292            1.9494673057959206           0.17405958087463577     
   2.0887149704956292            1.9494673057959206           0.34811916174927154     
   2.0887149704956292            1.9494673057959206           0.52217874262390729     
   2.0887149704956292            1.9494673057959206           0.69623832349854309     
   2.0887149704956292            1.9494673057959206           0.87029790437317889     
   2.0887149704956292            1.9494673057959206            1.0443574852478146     
   2.0887149704956292            1.9494673057959206            1.2184170661224505     
   2.0887149704956292            1.9494673057959206            1.3924766469970862     
   2.0887149704956292            1.9494673057959206            1.5665362278717216     
   2.0887149704956292            1.9494673057959206            1.7405958087463578     
   2.0887149704956292            1.9494673057959206            1.9146553896209932     
   2.0887149704956292            1.9494673057959206            2.0887149704956292     
   2.0887149704956292            1.9494673057959206            2.2627745513702648     
   2.0887149704956292            1.9494673057959206            2.4368341322449010     
   2.0887149704956292            1.9494673057959206            2.6108937131195367     
   2.0887149704956292            1.9494673057959206            2.7849532939941724     
   2.0887149704956292            1.9494673057959206            2.9590128748688080     
   2.0887149704956292            1.9494673057959206            3.1330724557434433     
   2.0887149704956292            2.0887149704956292            0.0000000000000000     
   2.0887149704956292            2.0887149704956292           0.17405958087463577     
   2.0887149704956292            2.0887149704956292           0.34811916174927154     
   2.0887149704956292            2.0887149704956292           0.52217874262390729     
   2.0887149704956292            2.0887149704956292           0.69623832349854309     
   2.0887149704956292            2.0887149704956292           0.87029790437317889     
   2.0887149704956292            2.0887149704956292            1.0443574852478146     
   2.0887149704956292            2.0887149704956292            1.2184170661224505     
   2.0887149704956292            2.0887149704956292            1.3924766469970862     
   2.0887149704956292            2.0887149704956292            1.5665362278717216     
   2.0887149704956292            2.0887149704956292            1.7405958087463578     
   2.0887149704956292            2.0887149704956292            1.9146553896209932     
   2.0887149704956292            2.0887149704956292            2.0887149704956292     
   2.0887149704956292            2.0887149704956292            2.2627745513702648     
   2.0887149704956292            2.0887149704956292            2.4368341322449010     
   2.0887149704956292            2.0887149704956292            2.6108937131195367     
   2.0887149704956292            2.0887149704956292            2.7849532939941724     
   2.0887149704956292            2.0887149704956292            2.9590128748688080     
   2.0887149704956292            2.0887149704956292            3.1330724557434433     
   2.0887149704956292            2.2279626351953374            0.0000000000000000     
   2.0887149704956292            2.2279626351953374           0.17405958087463577     
   2.0887149704956292            2.2279626351953374           0.34811916174927154     
   2.0887149704956292            2.2279626351953374           0.52217874262390729     
   2.0887149704956292            2.2279626351953374           0.69623832349854309     
   2.0887149704956292            2.2279626351953374           0.87029790437317889     
   2.0887149704956292            2.2279626351953374            1.0443574852478146     
   2.0887149704956292            2.2279626351953374            1.2184170661224505     
   2.0887149704956292            2.2279626351953374            1.3924766469970862     
   2.0887149704956292            2.2279626351953374            1.5665362278717216     
   2.0887149704956292            2.2279626351953374            1.7405958087463578     
   2.0887149704956292            2.2279626351953374            1.9146553896209932     
   2.0887149704956292            2.2279626351953374            2.0887149704956292     
   2.0887149704956292            2.2279626351953374            2.2627745513702648     
   2.0887149704956292            2.2279626351953374            2.4368341322449010     
   2.0887149704956292            2.2279626351953374            2.6108937131195367     
   2.0887149704956292            2.2279626351953374            2.7849532939941724     
   2.0887149704956292            2.2279626351953374            2.9590128748688080     
   2.0887149704956292            2.2279626351953374            3.1330724557434433     
   2.0887149704956292            2.3672102998950462            0.0000000000000000     
   2.0887149704956292            2.3672102998950462           0.17405958087463577     
   2.0887149704956292            2.3672102998950462           0.34811916174927154     
   2.0887149704956292            2.3672102998950462           0.52217874262390729     
   2.0887149704956292            2.3672102998950462           0.69623832349854309     
   2.0887149704956292            2.3672102998950462           0.87029790437317889     
   2.0887149704956292            2.3672102998950462            1.0443574852478146     
   2.0887149704956292            2.3672102998950462            1.2184170661224505     
   2.0887149704956292            2.3672102998950462            1.3924766469970862     
   2.0887149704956292            2.3672102998950462            1.5665362278717216     
   2.0887149704956292            2.3672102998950462            1.7405958087463578     
   2.0887149704956292            2.3672102998950462            1.9146553896209932     
   2.0887149704956292            2.3672102998950462            2.0887149704956292     
   2.0887149704956292            2.3672102998950462            2.2627745513702648     
   2.0887149704956292            2.3672102998950462            2.4368341322449010     
   2.0887149704956292            2.3672102998950462            2.6108937131195367     
   2.0887149704956292            2.3672102998950462            2.7849532939941724     
   2.0887149704956292            2.3672102998950462            2.9590128748688080     
   2.0887149704956292            2.3672102998950462            3.1330724557434433     
   2.0887149704956292            2.5064579645947545            0.0000000000000000     
   2.0887149704956292            2.5064579645947545           0.17405958087463577     
   2.0887149704956292            2.5064579645947545           0.34811916174927154     
   2.0887149704956292            2.5064579645947545           0.52217874262390729     
   2.0887149704956292            2.5064579645947545           0.69623832349854309     
   2.0887149704956292            2.5064579645947545           0.87029790437317889     
   2.0887149704956292            2.5064579645947545            1.0443574852478146     
   2.0887149704956292            2.5064579645947545            1.2184170661224505     
   2.0887149704956292            2.5064579645947545            1.3924766469970862     
   2.0887149704956292            2.5064579645947545            1.5665362278717216     
   2.0887149704956292            2.5064579645947545            1.7405958087463578     
   2.0887149704956292            2.5064579645947545            1.9146553896209932     
   2.0887149704956292            2.5064579645947545            2.0887149704956292     
   2.0887149704956292            2.5064579645947545            2.2627745513702648     
   2.0887149704956292            2.5064579645947545            2.4368341322449010     
   2.0887149704956292            2.5064579645947545            2.6108937131195367     
   2.0887149704956292            2.5064579645947545            2.7849532939941724     
   2.0887149704956292            2.5064579645947545            2.9590128748688080     
   2.0887149704956292            2.5064579645947545            3.1330724557434433     
   2.2279626351953374            0.0000000000000000            0.0000000000000000     
   2.2279626351953374            0.0000000000000000           0.17405958087463577     
   2.2279626351953374            0.0000000000000000           0.34811916174927154     
   2.2279626351953374            0.0000000000000000           0.52217874262390729     
   2.2279626351953374            0.0000000000000000           0.69623832349854309     
   2.2279626351953374            0.0000000000000000           0.87029790437317889     
   2.2279626351953374            0.0000000000000000            1.0443574852478146     
   2.2279626351953374            0.0000000000000000            1.2184170661224505     
   2.2279626351953374            0.0000000000000000            1.3924766469970862     
   2.2279626351953374            0.0000000000000000            1.5665362278717216     
   2.2279626351953374            0.0000000000000000            1.7405958087463578     
   2.2279626351953374            0.0000000000000000            1.9146553896209932     
   2.2279626351953374            0.0000000000000000            2.0887149704956292     
   2.2279626351953374            0.0000000000000000            2.2627745513702648     
   2.2279626351953374            0.0000000000000000            2.4368341322449010     
   2.2279626351953374            0.0000000000000000            2.6108937131195367     
   2.2279626351953374            0.0000000000000000            2.7849532939941724     
   2.2279626351953374            0.0000000000000000            2.9590128748688080     
   2.2279626351953374            0.0000000000000000            3.1330724557434433     
   2.2279626351953374           0.13924766469970859            0.0000000000000000     
   2.2279626351953374           0.13924766469970859           0.17405958087463577     
   2.2279626351953374           0.13924766469970859           0.34811916174927154     
   2.2279626351953374           0.13924766469970859           0.52217874262390729     
   2.2279626351953374           0.13924766469970859           0.69623832349854309     
   2.2279626351953374           0.13924766469970859           0.87029790437317889     
   2.2279626351953374           0.13924766469970859            1.0443574852478146     
   2.2279626351953374           0.13924766469970859            1.2184170661224505     
   2.2279626351953374           0.13924766469970859            1.3924766469970862     
   2.2279626351953374           0.13924766469970859            1.5665362278717216     
   2.2279626351953374           0.13924766469970859            1.7405958087463578     
   2.2279626351953374           0.13924766469970859            1.9146553896209932     
   2.2279626351953374           0.13924766469970859            2.0887149704956292     
   2.2279626351953374           0.13924766469970859            2.2627745513702648     
   2.2279626351953374           0.13924766469970859            2.4368341322449010     
   2.2279626351953374           0.13924766469970859            2.6108937131195367     
   2.2279626351953374           0.13924766469970859            2.7849532939941724     
   2.2279626351953374           0.13924766469970859            2.9590128748688080     
   2.2279626351953374           0.13924766469970859            3.1330724557434433     
   2.2279626351953374           0.27849532939941718            0.0000000000000000     
   2.2279626351953374           0.27849532939941718           0.17405958087463577     
   2.2279626351953374           0.27849532939941718           0.34811916174927154     
   2.2279626351953374           0.27849532939941718           0.52217874262390729     
   2.2279626351953374           0.27849532939941718           0.69623832349854309     
   2.2279626351953374           0.27849532939941718           0.87029790437317889     
   2.2279626351953374           0.27849532939941718            1.0443574852478146     
   2.2279626351953374           0.27849532939941718            1.2184170661224505     
   2.2279626351953374           0.27849532939941718            1.3924766469970862     
   2.2279626351953374           0.27849532939941718            1.5665362278717216     
   2.2279626351953374           0.27849532939941718            1.7405958087463578     
   2.2279626351953374           0.27849532939941718            1.9146553896209932     
   2.2279626351953374           0.27849532939941718            2.0887149704956292     
   2.2279626351953374           0.27849532939941718            2.2627745513702648     
   2.2279626351953374           0.27849532939941718            2.4368341322449010     
   2.2279626351953374           0.27849532939941718            2.6108937131195367     
   2.2279626351953374           0.27849532939941718            2.7849532939941724     
   2.2279626351953374           0.27849532939941718            2.9590128748688080     
   2.2279626351953374           0.27849532939941718            3.1330724557434433     
   2.2279626351953374           0.41774299409912580            0.0000000000000000     
   2.2279626351953374           0.41774299409912580           0.17405958087463577     
   2.2279626351953374           0.41774299409912580           0.34811916174927154     
   2.2279626351953374           0.41774299409912580           0.52217874262390729     
   2.2279626351953374           0.41774299409912580           0.69623832349854309     
   2.2279626351953374           0.41774299409912580           0.87029790437317889     
   2.2279626351953374           0.41774299409912580            1.0443574852478146     
   2.2279626351953374           0.41774299409912580            1.2184170661224505     
   2.2279626351953374           0.41774299409912580            1.3924766469970862     
   2.2279626351953374           0.41774299409912580            1.5665362278717216     
   2.2279626351953374           0.41774299409912580            1.7405958087463578     
   2.2279626351953374           0.41774299409912580            1.9146553896209932     
   2.2279626351953374           0.41774299409912580            2.0887149704956292     
   2.2279626351953374           0.41774299409912580            2.2627745513702648     
   2.2279626351953374           0.41774299409912580            2.4368341322449010     
   2.2279626351953374           0.41774299409912580            2.6108937131195367     
   2.2279626351953374           0.41774299409912580            2.7849532939941724     
   2.2279626351953374           0.41774299409912580            2.9590128748688080     
   2.2279626351953374           0.41774299409912580            3.1330724557434433     
   2.2279626351953374           0.55699065879883436            0.0000000000000000     
   2.2279626351953374           0.55699065879883436           0.17405958087463577     
   2.2279626351953374           0.55699065879883436           0.34811916174927154     
   2.2279626351953374           0.55699065879883436           0.52217874262390729     
   2.2279626351953374           0.55699065879883436           0.69623832349854309     
   2.2279626351953374           0.55699065879883436           0.87029790437317889     
   2.2279626351953374           0.55699065879883436            1.0443574852478146     
   2.2279626351953374           0.55699065879883436            1.2184170661224505     
   2.2279626351953374           0.55699065879883436            1.3924766469970862     
   2.2279626351953374           0.55699065879883436            1.5665362278717216     
   2.2279626351953374           0.55699065879883436            1.7405958087463578     
   2.2279626351953374           0.55699065879883436            1.9146553896209932     
   2.2279626351953374           0.55699065879883436            2.0887149704956292     
   2.2279626351953374           0.55699065879883436            2.2627745513702648     
   2.2279626351953374           0.55699065879883436            2.4368341322449010     
   2.2279626351953374           0.55699065879883436            2.6108937131195367     
   2.2279626351953374           0.55699065879883436            2.7849532939941724     
   2.2279626351953374           0.55699065879883436            2.9590128748688080     
   2.2279626351953374           0.55699065879883436            3.1330724557434433     
   2.2279626351953374           0.69623832349854298            0.0000000000000000     
   2.2279626351953374           0.69623832349854298           0.17405958087463577     
   2.2279626351953374           0.69623832349854298           0.34811916174927154     
   2.2279626351953374           0.69623832349854298           0.52217874262390729     
   2.2279626351953374           0.69623832349854298           0.69623832349854309     
   2.2279626351953374           0.69623832349854298           0.87029790437317889     
   2.2279626351953374           0.69623832349854298            1.0443574852478146     
   2.2279626351953374           0.69623832349854298            1.2184170661224505     
   2.2279626351953374           0.69623832349854298            1.3924766469970862     
   2.2279626351953374           0.69623832349854298            1.5665362278717216     
   2.2279626351953374           0.69623832349854298            1.7405958087463578     
   2.2279626351953374           0.69623832349854298            1.9146553896209932     
   2.2279626351953374           0.69623832349854298            2.0887149704956292     
   2.2279626351953374           0.69623832349854298            2.2627745513702648     
   2.2279626351953374           0.69623832349854298            2.4368341322449010     
   2.2279626351953374           0.69623832349854298            2.6108937131195367     
   2.2279626351953374           0.69623832349854298            2.7849532939941724     
   2.2279626351953374           0.69623832349854298            2.9590128748688080     
   2.2279626351953374           0.69623832349854298            3.1330724557434433     
   2.2279626351953374           0.83548598819825159            0.0000000000000000     
   2.2279626351953374           0.83548598819825159           0.17405958087463577     
   2.2279626351953374           0.83548598819825159           0.34811916174927154     
   2.2279626351953374           0.83548598819825159           0.52217874262390729     
   2.2279626351953374           0.83548598819825159           0.69623832349854309     
   2.2279626351953374           0.83548598819825159           0.87029790437317889     
   2.2279626351953374           0.83548598819825159            1.0443574852478146     
   2.2279626351953374           0.83548598819825159            1.2184170661224505     
   2.2279626351953374           0.83548598819825159            1.3924766469970862     
   2.2279626351953374           0.83548598819825159            1.5665362278717216     
   2.2279626351953374           0.83548598819825159            1.7405958087463578     
   2.2279626351953374           0.83548598819825159            1.9146553896209932     
   2.2279626351953374           0.83548598819825159            2.0887149704956292     
   2.2279626351953374           0.83548598819825159            2.2627745513702648     
   2.2279626351953374           0.83548598819825159            2.4368341322449010     
   2.2279626351953374           0.83548598819825159            2.6108937131195367     
   2.2279626351953374           0.83548598819825159            2.7849532939941724     
   2.2279626351953374           0.83548598819825159            2.9590128748688080     
   2.2279626351953374           0.83548598819825159            3.1330724557434433     
   2.2279626351953374           0.97473365289796032            0.0000000000000000     
   2.2279626351953374           0.97473365289796032           0.17405958087463577     
   2.2279626351953374           0.97473365289796032           0.34811916174927154     
   2.2279626351953374           0.97473365289796032           0.52217874262390729     
   2.2279626351953374           0.97473365289796032           0.69623832349854309     
   2.2279626351953374           0.97473365289796032           0.87029790437317889     
   2.2279626351953374           0.97473365289796032            1.0443574852478146     
   2.2279626351953374           0.97473365289796032            1.2184170661224505     
   2.2279626351953374           0.97473365289796032            1.3924766469970862     
   2.2279626351953374           0.97473365289796032            1.5665362278717216     
   2.2279626351953374           0.97473365289796032            1.7405958087463578     
   2.2279626351953374           0.97473365289796032            1.9146553896209932     
   2.2279626351953374           0.97473365289796032            2.0887149704956292     
   2.2279626351953374           0.97473365289796032            2.2627745513702648     
   2.2279626351953374           0.97473365289796032            2.4368341322449010     
   2.2279626351953374           0.97473365289796032            2.6108937131195367     
   2.2279626351953374           0.97473365289796032            2.7849532939941724     
   2.2279626351953374           0.97473365289796032            2.9590128748688080     
   2.2279626351953374           0.97473365289796032            3.1330724557434433     
   2.2279626351953374            1.1139813175976687            0.0000000000000000     
   2.2279626351953374            1.1139813175976687           0.17405958087463577     
   2.2279626351953374            1.1139813175976687           0.34811916174927154     
   2.2279626351953374            1.1139813175976687           0.52217874262390729     
   2.2279626351953374            1.1139813175976687           0.69623832349854309     
   2.2279626351953374            1.1139813175976687           0.87029790437317889     
   2.2279626351953374            1.1139813175976687            1.0443574852478146     
   2.2279626351953374            1.1139813175976687            1.2184170661224505     
   2.2279626351953374            1.1139813175976687            1.3924766469970862     
   2.2279626351953374            1.1139813175976687            1.5665362278717216     
   2.2279626351953374            1.1139813175976687            1.7405958087463578     
   2.2279626351953374            1.1139813175976687            1.9146553896209932     
   2.2279626351953374            1.1139813175976687            2.0887149704956292     
   2.2279626351953374            1.1139813175976687            2.2627745513702648     
   2.2279626351953374            1.1139813175976687            2.4368341322449010     
   2.2279626351953374            1.1139813175976687            2.6108937131195367     
   2.2279626351953374            1.1139813175976687            2.7849532939941724     
   2.2279626351953374            1.1139813175976687            2.9590128748688080     
   2.2279626351953374            1.1139813175976687            3.1330724557434433     
   2.2279626351953374            1.2532289822973772            0.0000000000000000     
   2.2279626351953374            1.2532289822973772           0.17405958087463577     
   2.2279626351953374            1.2532289822973772           0.34811916174927154     
   2.2279626351953374            1.2532289822973772           0.52217874262390729     
   2.2279626351953374            1.2532289822973772           0.69623832349854309     
   2.2279626351953374            1.2532289822973772           0.87029790437317889     
   2.2279626351953374            1.2532289822973772            1.0443574852478146     
   2.2279626351953374            1.2532289822973772            1.2184170661224505     
   2.2279626351953374            1.2532289822973772            1.3924766469970862     
   2.2279626351953374            1.2532289822973772            1.5665362278717216     
   2.2279626351953374            1.2532289822973772            1.7405958087463578     
   2.2279626351953374            1.2532289822973772            1.9146553896209932     
   2.2279626351953374            1.2532289822973772            2.0887149704956292     
   2.2279626351953374            1.2532289822973772            2.2627745513702648     
   2.2279626351953374            1.2532289822973772            2.4368341322449010     
   2.2279626351953374            1.2532289822973772            2.6108937131195367     
   2.2279626351953374            1.2532289822973772            2.7849532939941724     
   2.2279626351953374            1.2532289822973772            2.9590128748688080     
   2.2279626351953374            1.2532289822973772            3.1330724557434433     
   2.2279626351953374            1.3924766469970860            0.0000000000000000     
   2.2279626351953374            1.3924766469970860           0.17405958087463577     
   2.2279626351953374            1.3924766469970860           0.34811916174927154     
   2.2279626351953374            1.3924766469970860           0.52217874262390729     
   2.2279626351953374            1.3924766469970860           0.69623832349854309     
   2.2279626351953374            1.3924766469970860           0.87029790437317889     
   2.2279626351953374            1.3924766469970860            1.0443574852478146     
   2.2279626351953374            1.3924766469970860            1.2184170661224505     
   2.2279626351953374            1.3924766469970860            1.3924766469970862     
   2.2279626351953374            1.3924766469970860            1.5665362278717216     
   2.2279626351953374            1.3924766469970860            1.7405958087463578     
   2.2279626351953374            1.3924766469970860            1.9146553896209932     
   2.2279626351953374            1.3924766469970860            2.0887149704956292     
   2.2279626351953374            1.3924766469970860            2.2627745513702648     
   2.2279626351953374            1.3924766469970860            2.4368341322449010     
   2.2279626351953374            1.3924766469970860            2.6108937131195367     
   2.2279626351953374            1.3924766469970860            2.7849532939941724     
   2.2279626351953374            1.3924766469970860            2.9590128748688080     
   2.2279626351953374            1.3924766469970860            3.1330724557434433     
   2.2279626351953374            1.5317243116967947            0.0000000000000000     
   2.2279626351953374            1.5317243116967947           0.17405958087463577     
   2.2279626351953374            1.5317243116967947           0.34811916174927154     
   2.2279626351953374            1.5317243116967947           0.52217874262390729     
   2.2279626351953374            1.5317243116967947           0.69623832349854309     
   2.2279626351953374            1.5317243116967947           0.87029790437317889     
   2.2279626351953374            1.5317243116967947            1.0443574852478146     
   2.2279626351953374            1.5317243116967947            1.2184170661224505     
   2.2279626351953374            1.5317243116967947            1.3924766469970862     
   2.2279626351953374            1.5317243116967947            1.5665362278717216     
   2.2279626351953374            1.5317243116967947            1.7405958087463578     
   2.2279626351953374            1.5317243116967947            1.9146553896209932     
   2.2279626351953374            1.5317243116967947            2.0887149704956292     
   2.2279626351953374            1.5317243116967947            2.2627745513702648     
   2.2279626351953374            1.5317243116967947            2.4368341322449010     
   2.2279626351953374            1.5317243116967947            2.6108937131195367     
   2.2279626351953374            1.5317243116967947            2.7849532939941724     
   2.2279626351953374            1.5317243116967947            2.9590128748688080     
   2.2279626351953374            1.5317243116967947            3.1330724557434433     
   2.2279626351953374            1.6709719763965032            0.0000000000000000     
   2.2279626351953374            1.6709719763965032           0.17405958087463577     
   2.2279626351953374            1.6709719763965032           0.34811916174927154     
   2.2279626351953374            1.6709719763965032           0.52217874262390729     
   2.2279626351953374            1.6709719763965032           0.69623832349854309     
   2.2279626351953374            1.6709719763965032           0.87029790437317889     
   2.2279626351953374            1.6709719763965032            1.0443574852478146     
   2.2279626351953374            1.6709719763965032            1.2184170661224505     
   2.2279626351953374            1.6709719763965032            1.3924766469970862     
   2.2279626351953374            1.6709719763965032            1.5665362278717216     
   2.2279626351953374            1.6709719763965032            1.7405958087463578     
   2.2279626351953374            1.6709719763965032            1.9146553896209932     
   2.2279626351953374            1.6709719763965032            2.0887149704956292     
   2.2279626351953374            1.6709719763965032            2.2627745513702648     
   2.2279626351953374            1.6709719763965032            2.4368341322449010     
   2.2279626351953374            1.6709719763965032            2.6108937131195367     
   2.2279626351953374            1.6709719763965032            2.7849532939941724     
   2.2279626351953374            1.6709719763965032            2.9590128748688080     
   2.2279626351953374            1.6709719763965032            3.1330724557434433     
   2.2279626351953374            1.8102196410962119            0.0000000000000000     
   2.2279626351953374            1.8102196410962119           0.17405958087463577     
   2.2279626351953374            1.8102196410962119           0.34811916174927154     
   2.2279626351953374            1.8102196410962119           0.52217874262390729     
   2.2279626351953374            1.8102196410962119           0.69623832349854309     
   2.2279626351953374            1.8102196410962119           0.87029790437317889     
   2.2279626351953374            1.8102196410962119            1.0443574852478146     
   2.2279626351953374            1.8102196410962119            1.2184170661224505     
   2.2279626351953374            1.8102196410962119            1.3924766469970862     
   2.2279626351953374            1.8102196410962119            1.5665362278717216     
   2.2279626351953374            1.8102196410962119            1.7405958087463578     
   2.2279626351953374            1.8102196410962119            1.9146553896209932     
   2.2279626351953374            1.8102196410962119            2.0887149704956292     
   2.2279626351953374            1.8102196410962119            2.2627745513702648     
   2.2279626351953374            1.8102196410962119            2.4368341322449010     
   2.2279626351953374            1.8102196410962119            2.6108937131195367     
   2.2279626351953374            1.8102196410962119            2.7849532939941724     
   2.2279626351953374            1.8102196410962119            2.9590128748688080     
   2.2279626351953374            1.8102196410962119            3.1330724557434433     
   2.2279626351953374            1.9494673057959206            0.0000000000000000     
   2.2279626351953374            1.9494673057959206           0.17405958087463577     
   2.2279626351953374            1.9494673057959206           0.34811916174927154     
   2.2279626351953374            1.9494673057959206           0.52217874262390729     
   2.2279626351953374            1.9494673057959206           0.69623832349854309     
   2.2279626351953374            1.9494673057959206           0.87029790437317889     
   2.2279626351953374            1.9494673057959206            1.0443574852478146     
   2.2279626351953374            1.9494673057959206            1.2184170661224505     
   2.2279626351953374            1.9494673057959206            1.3924766469970862     
   2.2279626351953374            1.9494673057959206            1.5665362278717216     
   2.2279626351953374            1.9494673057959206            1.7405958087463578     
   2.2279626351953374            1.9494673057959206            1.9146553896209932     
   2.2279626351953374            1.9494673057959206            2.0887149704956292     
   2.2279626351953374            1.9494673057959206            2.2627745513702648     
   2.2279626351953374            1.9494673057959206            2.4368341322449010     
   2.2279626351953374            1.9494673057959206            2.6108937131195367     
   2.2279626351953374            1.9494673057959206            2.7849532939941724     
   2.2279626351953374            1.9494673057959206            2.9590128748688080     
   2.2279626351953374            1.9494673057959206            3.1330724557434433     
   2.2279626351953374            2.0887149704956292            0.0000000000000000     
   2.2279626351953374            2.0887149704956292           0.17405958087463577     
   2.2279626351953374            2.0887149704956292           0.34811916174927154     
   2.2279626351953374            2.0887149704956292           0.52217874262390729     
   2.2279626351953374            2.0887149704956292           0.69623832349854309     
   2.2279626351953374            2.0887149704956292           0.87029790437317889     
   2.2279626351953374            2.0887149704956292            1.0443574852478146     
   2.2279626351953374            2.0887149704956292            1.2184170661224505     
   2.2279626351953374            2.0887149704956292            1.3924766469970862     
   2.2279626351953374            2.0887149704956292            1.5665362278717216     
   2.2279626351953374            2.0887149704956292            1.7405958087463578     
   2.2279626351953374            2.0887149704956292            1.9146553896209932     
   2.2279626351953374            2.0887149704956292            2.0887149704956292     
   2.2279626351953374            2.0887149704956292            2.2627745513702648     
   2.2279626351953374            2.0887149704956292            2.4368341322449010     
   2.2279626351953374            2.0887149704956292            2.6108937131195367     
   2.2279626351953374            2.0887149704956292            2.7849532939941724     
   2.2279626351953374            2.0887149704956292            2.9590128748688080     
   2.2279626351953374            2.0887149704956292            3.1330724557434433     
   2.2279626351953374            2.2279626351953374            0.0000000000000000     
   2.2279626351953374            2.2279626351953374           0.17405958087463577     
   2.2279626351953374            2.2279626351953374           0.34811916174927154     
   2.2279626351953374            2.2279626351953374           0.52217874262390729     
   2.2279626351953374            2.2279626351953374           0.69623832349854309     
   2.2279626351953374            2.2279626351953374           0.87029790437317889     
   2.2279626351953374            2.2279626351953374            1.0443574852478146     
   2.2279626351953374            2.2279626351953374            1.2184170661224505     
   2.2279626351953374            2.2279626351953374            1.3924766469970862     
   2.2279626351953374            2.2279626351953374            1.5665362278717216     
   2.2279626351953374            2.2279626351953374            1.7405958087463578     
   2.2279626351953374            2.2279626351953374            1.9146553896209932     
   2.2279626351953374            2.2279626351953374            2.0887149704956292     
   2.2279626351953374            2.2279626351953374            2.2627745513702648     
   2.2279626351953374            2.2279626351953374            2.4368341322449010     
   2.2279626351953374            2.2279626351953374            2.6108937131195367     
   2.2279626351953374            2.2279626351953374            2.7849532939941724     
   2.2279626351953374            2.2279626351953374            2.9590128748688080     
   2.2279626351953374            2.2279626351953374            3.1330724557434433     
   2.2279626351953374            2.3672102998950462            0.0000000000000000     
   2.2279626351953374            2.3672102998950462           0.17405958087463577     
   2.2279626351953374            2.3672102998950462           0.34811916174927154     
   2.2279626351953374            2.3672102998950462           0.52217874262390729     
   2.2279626351953374            2.3672102998950462           0.69623832349854309     
   2.2279626351953374            2.3672102998950462           0.87029790437317889     
   2.2279626351953374            2.3672102998950462            1.0443574852478146     
   2.2279626351953374            2.3672102998950462            1.2184170661224505     
   2.2279626351953374            2.3672102998950462            1.3924766469970862     
   2.2279626351953374            2.3672102998950462            1.5665362278717216     
   2.2279626351953374            2.3672102998950462            1.7405958087463578     
   2.2279626351953374            2.3672102998950462            1.9146553896209932     
   2.2279626351953374            2.3672102998950462            2.0887149704956292     
   2.2279626351953374            2.3672102998950462            2.2627745513702648     
   2.2279626351953374            2.3672102998950462            2.4368341322449010     
   2.2279626351953374            2.3672102998950462            2.6108937131195367     
   2.2279626351953374            2.3672102998950462            2.7849532939941724     
   2.2279626351953374            2.3672102998950462            2.9590128748688080     
   2.2279626351953374            2.3672102998950462            3.1330724557434433     
   2.2279626351953374            2.5064579645947545            0.0000000000000000     
   2.2279626351953374            2.5064579645947545           0.17405958087463577     
   2.2279626351953374            2.5064579645947545           0.34811916174927154     
   2.2279626351953374            2.5064579645947545           0.52217874262390729     
   2.2279626351953374            2.5064579645947545           0.69623832349854309     
   2.2279626351953374            2.5064579645947545           0.87029790437317889     
   2.2279626351953374            2.5064579645947545            1.0443574852478146     
   2.2279626351953374            2.5064579645947545            1.2184170661224505     
   2.2279626351953374            2.5064579645947545            1.3924766469970862     
   2.2279626351953374            2.5064579645947545            1.5665362278717216     
   2.2279626351953374            2.5064579645947545            1.7405958087463578     
   2.2279626351953374            2.5064579645947545            1.9146553896209932     
   2.2279626351953374            2.5064579645947545            2.0887149704956292     
   2.2279626351953374            2.5064579645947545            2.2627745513702648     
   2.2279626351953374            2.5064579645947545            2.4368341322449010     
   2.2279626351953374            2.5064579645947545            2.6108937131195367     
   2.2279626351953374            2.5064579645947545            2.7849532939941724     
   2.2279626351953374            2.5064579645947545            2.9590128748688080     
   2.2279626351953374            2.5064579645947545            3.1330724557434433     
   2.3672102998950462            0.0000000000000000            0.0000000000000000     
   2.3672102998950462            0.0000000000000000           0.17405958087463577     
   2.3672102998950462            0.0000000000000000           0.34811916174927154     
   2.3672102998950462            0.0000000000000000           0.52217874262390729     
   2.3672102998950462            0.0000000000000000           0.69623832349854309     
   2.3672102998950462            0.0000000000000000           0.87029790437317889     
   2.3672102998950462            0.0000000000000000            1.0443574852478146     
   2.3672102998950462            0.0000000000000000            1.2184170661224505     
   2.3672102998950462            0.0000000000000000            1.3924766469970862     
   2.3672102998950462            0.0000000000000000            1.5665362278717216     
   2.3672102998950462            0.0000000000000000            1.7405958087463578     
   2.3672102998950462            0.0000000000000000            1.9146553896209932     
   2.3672102998950462            0.0000000000000000            2.0887149704956292     
   2.3672102998950462            0.0000000000000000            2.2627745513702648     
   2.3672102998950462            0.0000000000000000            2.4368341322449010     
   2.3672102998950462            0.0000000000000000            2.6108937131195367     
   2.3672102998950462            0.0000000000000000            2.7849532939941724     
   2.3672102998950462            0.0000000000000000            2.9590128748688080     
   2.3672102998950462            0.0000000000000000            3.1330724557434433     
   2.3672102998950462           0.13924766469970859            0.0000000000000000     
   2.3672102998950462           0.13924766469970859           0.17405958087463577     
   2.3672102998950462           0.13924766469970859           0.34811916174927154     
   2.3672102998950462           0.13924766469970859           0.52217874262390729     
   2.3672102998950462           0.13924766469970859           0.69623832349854309     
   2.3672102998950462           0.13924766469970859           0.87029790437317889     
   2.3672102998950462           0.13924766469970859            1.0443574852478146     
   2.3672102998950462           0.13924766469970859            1.2184170661224505     
   2.3672102998950462           0.13924766469970859            1.3924766469970862     
   2.3672102998950462           0.13924766469970859            1.5665362278717216     
   2.3672102998950462           0.13924766469970859            1.7405958087463578     
   2.3672102998950462           0.13924766469970859            1.9146553896209932     
   2.3672102998950462           0.13924766469970859            2.0887149704956292     
   2.3672102998950462           0.13924766469970859            2.2627745513702648     
   2.3672102998950462           0.13924766469970859            2.4368341322449010     
   2.3672102998950462           0.13924766469970859            2.6108937131195367     
   2.3672102998950462           0.13924766469970859            2.7849532939941724     
   2.3672102998950462           0.13924766469970859            2.9590128748688080     
   2.3672102998950462           0.13924766469970859            3.1330724557434433     
   2.3672102998950462           0.27849532939941718            0.0000000000000000     
   2.3672102998950462           0.27849532939941718           0.17405958087463577     
   2.3672102998950462           0.27849532939941718           0.34811916174927154     
   2.3672102998950462           0.27849532939941718           0.52217874262390729     
   2.3672102998950462           0.27849532939941718           0.69623832349854309     
   2.3672102998950462           0.27849532939941718           0.87029790437317889     
   2.3672102998950462           0.27849532939941718            1.0443574852478146     
   2.3672102998950462           0.27849532939941718            1.2184170661224505     
   2.3672102998950462           0.27849532939941718            1.3924766469970862     
   2.3672102998950462           0.27849532939941718            1.5665362278717216     
   2.3672102998950462           0.27849532939941718            1.7405958087463578     
   2.3672102998950462           0.27849532939941718            1.9146553896209932     
   2.3672102998950462           0.27849532939941718            2.0887149704956292     
   2.3672102998950462           0.27849532939941718            2.2627745513702648     
   2.3672102998950462           0.27849532939941718            2.4368341322449010     
   2.3672102998950462           0.27849532939941718            2.6108937131195367     
   2.3672102998950462           0.27849532939941718            2.7849532939941724     
   2.3672102998950462           0.27849532939941718            2.9590128748688080     
   2.3672102998950462           0.27849532939941718            3.1330724557434433     
   2.3672102998950462           0.41774299409912580            0.0000000000000000     
   2.3672102998950462           0.41774299409912580           0.17405958087463577     
   2.3672102998950462           0.41774299409912580           0.34811916174927154     
   2.3672102998950462           0.41774299409912580           0.52217874262390729     
   2.3672102998950462           0.41774299409912580           0.69623832349854309     
   2.3672102998950462           0.41774299409912580           0.87029790437317889     
   2.3672102998950462           0.41774299409912580            1.0443574852478146     
   2.3672102998950462           0.41774299409912580            1.2184170661224505     
   2.3672102998950462           0.41774299409912580            1.3924766469970862     
   2.3672102998950462           0.41774299409912580            1.5665362278717216     
   2.3672102998950462           0.41774299409912580            1.7405958087463578     
   2.3672102998950462           0.41774299409912580            1.9146553896209932     
   2.3672102998950462           0.41774299409912580            2.0887149704956292     
   2.3672102998950462           0.41774299409912580            2.2627745513702648     
   2.3672102998950462           0.41774299409912580            2.4368341322449010     
   2.3672102998950462           0.41774299409912580            2.6108937131195367     
   2.3672102998950462           0.41774299409912580            2.7849532939941724     
   2.3672102998950462           0.41774299409912580            2.9590128748688080     
   2.3672102998950462           0.41774299409912580            3.1330724557434433     
   2.3672102998950462           0.55699065879883436            0.0000000000000000     
   2.3672102998950462           0.55699065879883436           0.17405958087463577     
   2.3672102998950462           0.55699065879883436           0.34811916174927154     
   2.3672102998950462           0.55699065879883436           0.52217874262390729     
   2.3672102998950462           0.55699065879883436           0.69623832349854309     
   2.3672102998950462           0.55699065879883436           0.87029790437317889     
   2.3672102998950462           0.55699065879883436            1.0443574852478146     
   2.3672102998950462           0.55699065879883436            1.2184170661224505     
   2.3672102998950462           0.55699065879883436            1.3924766469970862     
   2.3672102998950462           0.55699065879883436            1.5665362278717216     
   2.3672102998950462           0.55699065879883436            1.7405958087463578     
   2.3672102998950462           0.55699065879883436            1.9146553896209932     
   2.3672102998950462           0.55699065879883436            2.0887149704956292     
   2.3672102998950462           0.55699065879883436            2.2627745513702648     
   2.3672102998950462           0.55699065879883436            2.4368341322449010     
   2.3672102998950462           0.55699065879883436            2.6108937131195367     
   2.3672102998950462           0.55699065879883436            2.7849532939941724     
   2.3672102998950462           0.55699065879883436            2.9590128748688080     
   2.3672102998950462           0.55699065879883436            3.1330724557434433     
   2.3672102998950462           0.69623832349854298            0.0000000000000000     
   2.3672102998950462           0.69623832349854298           0.17405958087463577     
   2.3672102998950462           0.69623832349854298           0.34811916174927154     
   2.3672102998950462           0.69623832349854298           0.52217874262390729     
   2.3672102998950462           0.69623832349854298           0.69623832349854309     
   2.3672102998950462           0.69623832349854298           0.87029790437317889     
   2.3672102998950462           0.69623832349854298            1.0443574852478146     
   2.3672102998950462           0.69623832349854298            1.2184170661224505     
   2.3672102998950462           0.69623832349854298            1.3924766469970862     
   2.3672102998950462           0.69623832349854298            1.5665362278717216     
   2.3672102998950462           0.69623832349854298            1.7405958087463578     
   2.3672102998950462           0.69623832349854298            1.9146553896209932     
   2.3672102998950462           0.69623832349854298            2.0887149704956292     
   2.3672102998950462           0.69623832349854298            2.2627745513702648     
   2.3672102998950462           0.69623832349854298            2.4368341322449010     
   2.3672102998950462           0.69623832349854298            2.6108937131195367     
   2.3672102998950462           0.69623832349854298            2.7849532939941724     
   2.3672102998950462           0.69623832349854298            2.9590128748688080     
   2.3672102998950462           0.69623832349854298            3.1330724557434433     
   2.3672102998950462           0.83548598819825159            0.0000000000000000     
   2.3672102998950462           0.83548598819825159           0.17405958087463577     
   2.3672102998950462           0.83548598819825159           0.34811916174927154     
   2.3672102998950462           0.83548598819825159           0.52217874262390729     
   2.3672102998950462           0.83548598819825159           0.69623832349854309     
   2.3672102998950462           0.83548598819825159           0.87029790437317889     
   2.3672102998950462           0.83548598819825159            1.0443574852478146     
   2.3672102998950462           0.83548598819825159            1.2184170661224505     
   2.3672102998950462           0.83548598819825159            1.3924766469970862     
   2.3672102998950462           0.83548598819825159            1.5665362278717216     
   2.3672102998950462           0.83548598819825159            1.7405958087463578     
   2.3672102998950462           0.83548598819825159            1.9146553896209932     
   2.3672102998950462           0.83548598819825159            2.0887149704956292     
   2.3672102998950462           0.83548598819825159            2.2627745513702648     
   2.3672102998950462           0.83548598819825159            2.4368341322449010     
   2.3672102998950462           0.83548598819825159            2.6108937131195367     
   2.3672102998950462           0.83548598819825159            2.7849532939941724     
   2.3672102998950462           0.83548598819825159            2.9590128748688080     
   2.3672102998950462           0.83548598819825159            3.1330724557434433     
   2.3672102998950462           0.97473365289796032            0.0000000000000000     
   2.3672102998950462           0.97473365289796032           0.17405958087463577     
   2.3672102998950462           0.97473365289796032           0.34811916174927154     
   2.3672102998950462           0.97473365289796032           0.52217874262390729     
   2.3672102998950462           0.97473365289796032           0.69623832349854309     
   2.3672102998950462           0.97473365289796032           0.87029790437317889     
   2.3672102998950462           0.97473365289796032            1.0443574852478146     
   2.3672102998950462           0.97473365289796032            1.2184170661224505     
   2.3672102998950462           0.97473365289796032            1.3924766469970862     
   2.3672102998950462           0.97473365289796032            1.5665362278717216     
   2.3672102998950462           0.97473365289796032            1.7405958087463578     
   2.3672102998950462           0.97473365289796032            1.9146553896209932     
   2.3672102998950462           0.97473365289796032            2.0887149704956292     
   2.3672102998950462           0.97473365289796032            2.2627745513702648     
   2.3672102998950462           0.97473365289796032            2.4368341322449010     
   2.3672102998950462           0.97473365289796032            2.6108937131195367     
   2.3672102998950462           0.97473365289796032            2.7849532939941724     
   2.3672102998950462           0.97473365289796032            2.9590128748688080     
   2.3672102998950462           0.97473365289796032            3.1330724557434433     
   2.3672102998950462            1.1139813175976687            0.0000000000000000     
   2.3672102998950462            1.1139813175976687           0.17405958087463577     
   2.3672102998950462            1.1139813175976687           0.34811916174927154     
   2.3672102998950462            1.1139813175976687           0.52217874262390729     
   2.3672102998950462            1.1139813175976687           0.69623832349854309     
   2.3672102998950462            1.1139813175976687           0.87029790437317889     
   2.3672102998950462            1.1139813175976687            1.0443574852478146     
   2.3672102998950462            1.1139813175976687            1.2184170661224505     
   2.3672102998950462            1.1139813175976687            1.3924766469970862     
   2.3672102998950462            1.1139813175976687            1.5665362278717216     
   2.3672102998950462            1.1139813175976687            1.7405958087463578     
   2.3672102998950462            1.1139813175976687            1.9146553896209932     
   2.3672102998950462            1.1139813175976687            2.0887149704956292     
   2.3672102998950462            1.1139813175976687            2.2627745513702648     
   2.3672102998950462            1.1139813175976687            2.4368341322449010     
   2.3672102998950462            1.1139813175976687            2.6108937131195367     
   2.3672102998950462            1.1139813175976687            2.7849532939941724     
   2.3672102998950462            1.1139813175976687            2.9590128748688080     
   2.3672102998950462            1.1139813175976687            3.1330724557434433     
   2.3672102998950462            1.2532289822973772            0.0000000000000000     
   2.3672102998950462            1.2532289822973772           0.17405958087463577     
   2.3672102998950462            1.2532289822973772           0.34811916174927154     
   2.3672102998950462            1.2532289822973772           0.52217874262390729     
   2.3672102998950462            1.2532289822973772           0.69623832349854309     
   2.3672102998950462            1.2532289822973772           0.87029790437317889     
   2.3672102998950462            1.2532289822973772            1.0443574852478146     
   2.3672102998950462            1.2532289822973772            1.2184170661224505     
   2.3672102998950462            1.2532289822973772            1.3924766469970862     
   2.3672102998950462            1.2532289822973772            1.5665362278717216     
   2.3672102998950462            1.2532289822973772            1.7405958087463578     
   2.3672102998950462            1.2532289822973772            1.9146553896209932     
   2.3672102998950462            1.2532289822973772            2.0887149704956292     
   2.3672102998950462            1.2532289822973772            2.2627745513702648     
   2.3672102998950462            1.2532289822973772            2.4368341322449010     
   2.3672102998950462            1.2532289822973772            2.6108937131195367     
   2.3672102998950462            1.2532289822973772            2.7849532939941724     
   2.3672102998950462            1.2532289822973772            2.9590128748688080     
   2.3672102998950462            1.2532289822973772            3.1330724557434433     
   2.3672102998950462            1.3924766469970860            0.0000000000000000     
   2.3672102998950462            1.3924766469970860           0.17405958087463577     
   2.3672102998950462            1.3924766469970860           0.34811916174927154     
   2.3672102998950462            1.3924766469970860           0.52217874262390729     
   2.3672102998950462            1.3924766469970860           0.69623832349854309     
   2.3672102998950462            1.3924766469970860           0.87029790437317889     
   2.3672102998950462            1.3924766469970860            1.0443574852478146     
   2.3672102998950462            1.3924766469970860            1.2184170661224505     
   2.3672102998950462            1.3924766469970860            1.3924766469970862     
   2.3672102998950462            1.3924766469970860            1.5665362278717216     
   2.3672102998950462            1.3924766469970860            1.7405958087463578     
   2.3672102998950462            1.3924766469970860            1.9146553896209932     
   2.3672102998950462            1.3924766469970860            2.0887149704956292     
   2.3672102998950462            1.3924766469970860            2.2627745513702648     
   2.3672102998950462            1.3924766469970860            2.4368341322449010     
   2.3672102998950462            1.3924766469970860            2.6108937131195367     
   2.3672102998950462            1.3924766469970860            2.7849532939941724     
   2.3672102998950462            1.3924766469970860            2.9590128748688080     
   2.3672102998950462            1.3924766469970860            3.1330724557434433     
   2.3672102998950462            1.5317243116967947            0.0000000000000000     
   2.3672102998950462            1.5317243116967947           0.17405958087463577     
   2.3672102998950462            1.5317243116967947           0.34811916174927154     
   2.3672102998950462            1.5317243116967947           0.52217874262390729     
   2.3672102998950462            1.5317243116967947           0.69623832349854309     
   2.3672102998950462            1.5317243116967947           0.87029790437317889     
   2.3672102998950462            1.5317243116967947            1.0443574852478146     
   2.3672102998950462            1.5317243116967947            1.2184170661224505     
   2.3672102998950462            1.5317243116967947            1.3924766469970862     
   2.3672102998950462            1.5317243116967947            1.5665362278717216     
   2.3672102998950462            1.5317243116967947            1.7405958087463578     
   2.3672102998950462            1.5317243116967947            1.9146553896209932     
   2.3672102998950462            1.5317243116967947            2.0887149704956292     
   2.3672102998950462            1.5317243116967947            2.2627745513702648     
   2.3672102998950462            1.5317243116967947            2.4368341322449010     
   2.3672102998950462            1.5317243116967947            2.6108937131195367     
   2.3672102998950462            1.5317243116967947            2.7849532939941724     
   2.3672102998950462            1.5317243116967947            2.9590128748688080     
   2.3672102998950462            1.5317243116967947            3.1330724557434433     
   2.3672102998950462            1.6709719763965032            0.0000000000000000     
   2.3672102998950462            1.6709719763965032           0.17405958087463577     
   2.3672102998950462            1.6709719763965032           0.34811916174927154     
   2.3672102998950462            1.6709719763965032           0.52217874262390729     
   2.3672102998950462            1.6709719763965032           0.69623832349854309     
   2.3672102998950462            1.6709719763965032           0.87029790437317889     
   2.3672102998950462            1.6709719763965032            1.0443574852478146     
   2.3672102998950462            1.6709719763965032            1.2184170661224505     
   2.3672102998950462            1.6709719763965032            1.3924766469970862     
   2.3672102998950462            1.6709719763965032            1.5665362278717216     
   2.3672102998950462            1.6709719763965032            1.7405958087463578     
   2.3672102998950462            1.6709719763965032            1.9146553896209932     
   2.3672102998950462            1.6709719763965032            2.0887149704956292     
   2.3672102998950462            1.6709719763965032            2.2627745513702648     
   2.3672102998950462            1.6709719763965032            2.4368341322449010     
   2.3672102998950462            1.6709719763965032            2.6108937131195367     
   2.3672102998950462            1.6709719763965032            2.7849532939941724     
   2.3672102998950462            1.6709719763965032            2.9590128748688080     
   2.3672102998950462            1.6709719763965032            3.1330724557434433     
   2.3672102998950462            1.8102196410962119            0.0000000000000000     
   2.3672102998950462            1.8102196410962119           0.17405958087463577     
   2.3672102998950462            1.8102196410962119           0.34811916174927154     
   2.3672102998950462            1.8102196410962119           0.52217874262390729     
   2.3672102998950462            1.8102196410962119           0.69623832349854309     
   2.3672102998950462            1.8102196410962119           0.87029790437317889     
   2.3672102998950462            1.8102196410962119            1.0443574852478146     
   2.3672102998950462            1.8102196410962119            1.2184170661224505     
   2.3672102998950462            1.8102196410962119            1.3924766469970862     
   2.3672102998950462            1.8102196410962119            1.5665362278717216     
   2.3672102998950462            1.8102196410962119            1.7405958087463578     
   2.3672102998950462            1.8102196410962119            1.9146553896209932     
   2.3672102998950462            1.8102196410962119            2.0887149704956292     
   2.3672102998950462            1.8102196410962119            2.2627745513702648     
   2.3672102998950462            1.8102196410962119            2.4368341322449010     
   2.3672102998950462            1.8102196410962119            2.6108937131195367     
   2.3672102998950462            1.8102196410962119            2.7849532939941724     
   2.3672102998950462            1.8102196410962119            2.9590128748688080     
   2.3672102998950462            1.8102196410962119            3.1330724557434433     
   2.3672102998950462            1.9494673057959206            0.0000000000000000     
   2.3672102998950462            1.9494673057959206           0.17405958087463577     
   2.3672102998950462            1.9494673057959206           0.34811916174927154     
   2.3672102998950462            1.9494673057959206           0.52217874262390729     
   2.3672102998950462            1.9494673057959206           0.69623832349854309     
   2.3672102998950462            1.9494673057959206           0.87029790437317889     
   2.3672102998950462            1.9494673057959206            1.0443574852478146     
   2.3672102998950462            1.9494673057959206            1.2184170661224505     
   2.3672102998950462            1.9494673057959206            1.3924766469970862     
   2.3672102998950462            1.9494673057959206            1.5665362278717216     
   2.3672102998950462            1.9494673057959206            1.7405958087463578     
   2.3672102998950462            1.9494673057959206            1.9146553896209932     
   2.3672102998950462            1.9494673057959206            2.0887149704956292     
   2.3672102998950462            1.9494673057959206            2.2627745513702648     
   2.3672102998950462            1.9494673057959206            2.4368341322449010     
   2.3672102998950462            1.9494673057959206            2.6108937131195367     
   2.3672102998950462            1.9494673057959206            2.7849532939941724     
   2.3672102998950462            1.9494673057959206            2.9590128748688080     
   2.3672102998950462            1.9494673057959206            3.1330724557434433     
   2.3672102998950462            2.0887149704956292            0.0000000000000000     
   2.3672102998950462            2.0887149704956292           0.17405958087463577     
   2.3672102998950462            2.0887149704956292           0.34811916174927154     
   2.3672102998950462            2.0887149704956292           0.52217874262390729     
   2.3672102998950462            2.0887149704956292           0.69623832349854309     
   2.3672102998950462            2.0887149704956292           0.87029790437317889     
   2.3672102998950462            2.0887149704956292            1.0443574852478146     
   2.3672102998950462            2.0887149704956292            1.2184170661224505     
   2.3672102998950462            2.0887149704956292            1.3924766469970862     
   2.3672102998950462            2.0887149704956292            1.5665362278717216     
   2.3672102998950462            2.0887149704956292            1.7405958087463578     
   2.3672102998950462            2.0887149704956292            1.9146553896209932     
   2.3672102998950462            2.0887149704956292            2.0887149704956292     
   2.3672102998950462            2.0887149704956292            2.2627745513702648     
   2.3672102998950462            2.0887149704956292            2.4368341322449010     
   2.3672102998950462            2.0887149704956292            2.6108937131195367     
   2.3672102998950462            2.0887149704956292            2.7849532939941724     
   2.3672102998950462            2.0887149704956292            2.9590128748688080     
   2.3672102998950462            2.0887149704956292            3.1330724557434433     
   2.3672102998950462            2.2279626351953374            0.0000000000000000     
   2.3672102998950462            2.2279626351953374           0.17405958087463577     
   2.3672102998950462            2.2279626351953374           0.34811916174927154     
   2.3672102998950462            2.2279626351953374           0.52217874262390729     
   2.3672102998950462            2.2279626351953374           0.69623832349854309     
   2.3672102998950462            2.2279626351953374           0.87029790437317889     
   2.3672102998950462            2.2279626351953374            1.0443574852478146     
   2.3672102998950462            2.2279626351953374            1.2184170661224505     
   2.3672102998950462            2.2279626351953374            1.3924766469970862     
   2.3672102998950462            2.2279626351953374            1.5665362278717216     
   2.3672102998950462            2.2279626351953374            1.7405958087463578     
   2.3672102998950462            2.2279626351953374            1.9146553896209932     
   2.3672102998950462            2.2279626351953374            2.0887149704956292     
   2.3672102998950462            2.2279626351953374            2.2627745513702648     
   2.3672102998950462            2.2279626351953374            2.4368341322449010     
   2.3672102998950462            2.2279626351953374            2.6108937131195367     
   2.3672102998950462            2.2279626351953374            2.7849532939941724     
   2.3672102998950462            2.2279626351953374            2.9590128748688080     
   2.3672102998950462            2.2279626351953374            3.1330724557434433     
   2.3672102998950462            2.3672102998950462            0.0000000000000000     
   2.3672102998950462            2.3672102998950462           0.17405958087463577     
   2.3672102998950462            2.3672102998950462           0.34811916174927154     
   2.3672102998950462            2.3672102998950462           0.52217874262390729     
   2.3672102998950462            2.3672102998950462           0.69623832349854309     
   2.3672102998950462            2.3672102998950462           0.87029790437317889     
   2.3672102998950462            2.3672102998950462            1.0443574852478146     
   2.3672102998950462            2.3672102998950462            1.2184170661224505     
   2.3672102998950462            2.3672102998950462            1.3924766469970862     
   2.3672102998950462            2.3672102998950462            1.5665362278717216     
   2.3672102998950462            2.3672102998950462            1.7405958087463578     
   2.3672102998950462            2.3672102998950462            1.9146553896209932     
   2.3672102998950462            2.3672102998950462            2.0887149704956292     
   2.3672102998950462            2.3672102998950462            2.2627745513702648     
   2.3672102998950462            2.3672102998950462            2.4368341322449010     
   2.3672102998950462            2.3672102998950462            2.6108937131195367     
   2.3672102998950462            2.3672102998950462            2.7849532939941724     
   2.3672102998950462            2.3672102998950462            2.9590128748688080     
   2.3672102998950462            2.3672102998950462            3.1330724557434433     
   2.3672102998950462            2.5064579645947545            0.0000000000000000     
   2.3672102998950462            2.5064579645947545           0.17405958087463577     
   2.3672102998950462            2.5064579645947545           0.34811916174927154     
   2.3672102998950462            2.5064579645947545           0.52217874262390729     
   2.3672102998950462            2.5064579645947545           0.69623832349854309     
   2.3672102998950462            2.5064579645947545           0.87029790437317889     
   2.3672102998950462            2.5064579645947545            1.0443574852478146     
   2.3672102998950462            2.5064579645947545            1.2184170661224505     
   2.3672102998950462            2.5064579645947545            1.3924766469970862     
   2.3672102998950462            2.5064579645947545            1.5665362278717216     
   2.3672102998950462            2.5064579645947545            1.7405958087463578     
   2.3672102998950462            2.5064579645947545            1.9146553896209932     
   2.3672102998950462            2.5064579645947545            2.0887149704956292     
   2.3672102998950462            2.5064579645947545            2.2627745513702648     
   2.3672102998950462            2.5064579645947545            2.4368341322449010     
   2.3672102998950462            2.5064579645947545            2.6108937131195367     
   2.3672102998950462            2.5064579645947545            2.7849532939941724     
   2.3672102998950462            2.5064579645947545            2.9590128748688080     
   2.3672102998950462            2.5064579645947545            3.1330724557434433     
   2.5064579645947545            0.0000000000000000            0.0000000000000000     
   2.5064579645947545            0.0000000000000000           0.17405958087463577     
   2.5064579645947545            0.0000000000000000           0.34811916174927154     
   2.5064579645947545            0.0000000000000000           0.52217874262390729     
   2.5064579645947545            0.0000000000000000           0.69623832349854309     
   2.5064579645947545            0.0000000000000000           0.87029790437317889     
   2.5064579645947545            0.0000000000000000            1.0443574852478146     
   2.5064579645947545            0.0000000000000000            1.2184170661224505     
   2.5064579645947545            0.0000000000000000            1.3924766469970862     
   2.5064579645947545            0.0000000000000000            1.5665362278717216     
   2.5064579645947545            0.0000000000000000            1.7405958087463578     
   2.5064579645947545            0.0000000000000000            1.9146553896209932     
   2.5064579645947545            0.0000000000000000            2.0887149704956292     
   2.5064579645947545            0.0000000000000000            2.2627745513702648     
   2.5064579645947545            0.0000000000000000            2.4368341322449010     
   2.5064579645947545            0.0000000000000000            2.6108937131195367     
   2.5064579645947545            0.0000000000000000            2.7849532939941724     
   2.5064579645947545            0.0000000000000000            2.9590128748688080     
   2.5064579645947545            0.0000000000000000            3.1330724557434433     
   2.5064579645947545           0.13924766469970859            0.0000000000000000     
   2.5064579645947545           0.13924766469970859           0.17405958087463577     
   2.5064579645947545           0.13924766469970859           0.34811916174927154     
   2.5064579645947545           0.13924766469970859           0.52217874262390729     
   2.5064579645947545           0.13924766469970859           0.69623832349854309     
   2.5064579645947545           0.13924766469970859           0.87029790437317889     
   2.5064579645947545           0.13924766469970859            1.0443574852478146     
   2.5064579645947545           0.13924766469970859            1.2184170661224505     
   2.5064579645947545           0.13924766469970859            1.3924766469970862     
   2.5064579645947545           0.13924766469970859            1.5665362278717216     
   2.5064579645947545           0.13924766469970859            1.7405958087463578     
   2.5064579645947545           0.13924766469970859            1.9146553896209932     
   2.5064579645947545           0.13924766469970859            2.0887149704956292     
   2.5064579645947545           0.13924766469970859            2.2627745513702648     
   2.5064579645947545           0.13924766469970859            2.4368341322449010     
   2.5064579645947545           0.13924766469970859            2.6108937131195367     
   2.5064579645947545           0.13924766469970859            2.7849532939941724     
   2.5064579645947545           0.13924766469970859            2.9590128748688080     
   2.5064579645947545           0.13924766469970859            3.1330724557434433     
   2.5064579645947545           0.27849532939941718            0.0000000000000000     
   2.5064579645947545           0.27849532939941718           0.17405958087463577     
   2.5064579645947545           0.27849532939941718           0.34811916174927154     
   2.5064579645947545           0.27849532939941718           0.52217874262390729     
   2.5064579645947545           0.27849532939941718           0.69623832349854309     
   2.5064579645947545           0.27849532939941718           0.87029790437317889     
   2.5064579645947545           0.27849532939941718            1.0443574852478146     
   2.5064579645947545           0.27849532939941718            1.2184170661224505     
   2.5064579645947545           0.27849532939941718            1.3924766469970862     
   2.5064579645947545           0.27849532939941718            1.5665362278717216     
   2.5064579645947545           0.27849532939941718            1.7405958087463578     
   2.5064579645947545           0.27849532939941718            1.9146553896209932     
   2.5064579645947545           0.27849532939941718            2.0887149704956292     
   2.5064579645947545           0.27849532939941718            2.2627745513702648     
   2.5064579645947545           0.27849532939941718            2.4368341322449010     
   2.5064579645947545           0.27849532939941718            2.6108937131195367     
   2.5064579645947545           0.27849532939941718            2.7849532939941724     
   2.5064579645947545           0.27849532939941718            2.9590128748688080     
   2.5064579645947545           0.27849532939941718            3.1330724557434433     
   2.5064579645947545           0.41774299409912580            0.0000000000000000     
   2.5064579645947545           0.41774299409912580           0.17405958087463577     
   2.5064579645947545           0.41774299409912580           0.34811916174927154     
   2.5064579645947545           0.41774299409912580           0.52217874262390729     
   2.5064579645947545           0.41774299409912580           0.69623832349854309     
   2.5064579645947545           0.41774299409912580           0.87029790437317889     
   2.5064579645947545           0.41774299409912580            1.0443574852478146     
   2.5064579645947545           0.41774299409912580            1.2184170661224505     
   2.5064579645947545           0.41774299409912580            1.3924766469970862     
   2.5064579645947545           0.41774299409912580            1.5665362278717216     
   2.5064579645947545           0.41774299409912580            1.7405958087463578     
   2.5064579645947545           0.41774299409912580            1.9146553896209932     
   2.5064579645947545           0.41774299409912580            2.0887149704956292     
   2.5064579645947545           0.41774299409912580            2.2627745513702648     
   2.5064579645947545           0.41774299409912580            2.4368341322449010     
   2.5064579645947545           0.41774299409912580            2.6108937131195367     
   2.5064579645947545           0.41774299409912580            2.7849532939941724     
   2.5064579645947545           0.41774299409912580            2.9590128748688080     
   2.5064579645947545           0.41774299409912580            3.1330724557434433     
   2.5064579645947545           0.55699065879883436            0.0000000000000000     
   2.5064579645947545           0.55699065879883436           0.17405958087463577     
   2.5064579645947545           0.55699065879883436           0.34811916174927154     
   2.5064579645947545           0.55699065879883436           0.52217874262390729     
   2.5064579645947545           0.55699065879883436           0.69623832349854309     
   2.5064579645947545           0.55699065879883436           0.87029790437317889     
   2.5064579645947545           0.55699065879883436            1.0443574852478146     
   2.5064579645947545           0.55699065879883436            1.2184170661224505     
   2.5064579645947545           0.55699065879883436            1.3924766469970862     
   2.5064579645947545           0.55699065879883436            1.5665362278717216     
   2.5064579645947545           0.55699065879883436            1.7405958087463578     
   2.5064579645947545           0.55699065879883436            1.9146553896209932     
   2.5064579645947545           0.55699065879883436            2.0887149704956292     
   2.5064579645947545           0.55699065879883436            2.2627745513702648     
   2.5064579645947545           0.55699065879883436            2.4368341322449010     
   2.5064579645947545           0.55699065879883436            2.6108937131195367     
   2.5064579645947545           0.55699065879883436            2.7849532939941724     
   2.5064579645947545           0.55699065879883436            2.9590128748688080     
   2.5064579645947545           0.55699065879883436            3.1330724557434433     
   2.5064579645947545           0.69623832349854298            0.0000000000000000     
   2.5064579645947545           0.69623832349854298           0.17405958087463577     
   2.5064579645947545           0.69623832349854298           0.34811916174927154     
   2.5064579645947545           0.69623832349854298           0.52217874262390729     
   2.5064579645947545           0.69623832349854298           0.69623832349854309     
   2.5064579645947545           0.69623832349854298           0.87029790437317889     
   2.5064579645947545           0.69623832349854298            1.0443574852478146     
   2.5064579645947545           0.69623832349854298            1.2184170661224505     
   2.5064579645947545           0.69623832349854298            1.3924766469970862     
   2.5064579645947545           0.69623832349854298            1.5665362278717216     
   2.5064579645947545           0.69623832349854298            1.7405958087463578     
   2.5064579645947545           0.69623832349854298            1.9146553896209932     
   2.5064579645947545           0.69623832349854298            2.0887149704956292     
   2.5064579645947545           0.69623832349854298            2.2627745513702648     
   2.5064579645947545           0.69623832349854298            2.4368341322449010     
   2.5064579645947545           0.69623832349854298            2.6108937131195367     
   2.5064579645947545           0.69623832349854298            2.7849532939941724     
   2.5064579645947545           0.69623832349854298            2.9590128748688080     
   2.5064579645947545           0.69623832349854298            3.1330724557434433     
   2.5064579645947545           0.83548598819825159            0.0000000000000000     
   2.5064579645947545           0.83548598819825159           0.17405958087463577     
   2.5064579645947545           0.83548598819825159           0.34811916174927154     
   2.5064579645947545           0.83548598819825159           0.52217874262390729     
   2.5064579645947545           0.83548598819825159           0.69623832349854309     
   2.5064579645947545           0.83548598819825159           0.87029790437317889     
   2.5064579645947545           0.83548598819825159            1.0443574852478146     
   2.5064579645947545           0.83548598819825159            1.2184170661224505     
   2.5064579645947545           0.83548598819825159            1.3924766469970862     
   2.5064579645947545           0.83548598819825159            1.5665362278717216     
   2.5064579645947545           0.83548598819825159            1.7405958087463578     
   2.5064579645947545           0.83548598819825159            1.9146553896209932     
   2.5064579645947545           0.83548598819825159            2.0887149704956292     
   2.5064579645947545           0.83548598819825159            2.2627745513702648     
   2.5064579645947545           0.83548598819825159            2.4368341322449010     
   2.5064579645947545           0.83548598819825159            2.6108937131195367     
   2.5064579645947545           0.83548598819825159            2.7849532939941724     
   2.5064579645947545           0.83548598819825159            2.9590128748688080     
   2.5064579645947545           0.83548598819825159            3.1330724557434433     
   2.5064579645947545           0.97473365289796032            0.0000000000000000     
   2.5064579645947545           0.97473365289796032           0.17405958087463577     
   2.5064579645947545           0.97473365289796032           0.34811916174927154     
   2.5064579645947545           0.97473365289796032           0.52217874262390729     
   2.5064579645947545           0.97473365289796032           0.69623832349854309     
   2.5064579645947545           0.97473365289796032           0.87029790437317889     
   2.5064579645947545           0.97473365289796032            1.0443574852478146     
   2.5064579645947545           0.97473365289796032            1.2184170661224505     
   2.5064579645947545           0.97473365289796032            1.3924766469970862     
   2.5064579645947545           0.97473365289796032            1.5665362278717216     
   2.5064579645947545           0.97473365289796032            1.7405958087463578     
   2.5064579645947545           0.97473365289796032            1.9146553896209932     
   2.5064579645947545           0.97473365289796032            2.0887149704956292     
   2.5064579645947545           0.97473365289796032            2.2627745513702648     
   2.5064579645947545           0.97473365289796032            2.4368341322449010     
   2.5064579645947545           0.97473365289796032            2.6108937131195367     
   2.5064579645947545           0.97473365289796032            2.7849532939941724     
   2.5064579645947545           0.97473365289796032            2.9590128748688080     
   2.5064579645947545           0.97473365289796032            3.1330724557434433     
   2.5064579645947545            1.1139813175976687            0.0000000000000000     
   2.5064579645947545            1.1139813175976687           0.17405958087463577     
   2.5064579645947545            1.1139813175976687           0.34811916174927154     
   2.5064579645947545            1.1139813175976687           0.52217874262390729     
   2.5064579645947545            1.1139813175976687           0.69623832349854309     
   2.5064579645947545            1.1139813175976687           0.87029790437317889     
   2.5064579645947545            1.1139813175976687            1.0443574852478146     
   2.5064579645947545            1.1139813175976687            1.2184170661224505     
   2.5064579645947545            1.1139813175976687            1.3924766469970862     
   2.5064579645947545            1.1139813175976687            1.5665362278717216     
   2.5064579645947545            1.1139813175976687            1.7405958087463578     
   2.5064579645947545            1.1139813175976687            1.9146553896209932     
   2.5064579645947545            1.1139813175976687            2.0887149704956292     
   2.5064579645947545            1.1139813175976687            2.2627745513702648     
   2.5064579645947545            1.1139813175976687            2.4368341322449010     
   2.5064579645947545            1.1139813175976687            2.6108937131195367     
   2.5064579645947545            1.1139813175976687            2.7849532939941724     
   2.5064579645947545            1.1139813175976687            2.9590128748688080     
   2.5064579645947545            1.1139813175976687            3.1330724557434433     
   2.5064579645947545            1.2532289822973772            0.0000000000000000     
   2.5064579645947545            1.2532289822973772           0.17405958087463577     
   2.5064579645947545            1.2532289822973772           0.34811916174927154     
   2.5064579645947545            1.2532289822973772           0.52217874262390729     
   2.5064579645947545            1.2532289822973772           0.69623832349854309     
   2.5064579645947545            1.2532289822973772           0.87029790437317889     
   2.5064579645947545            1.2532289822973772            1.0443574852478146     
   2.5064579645947545            1.2532289822973772            1.2184170661224505     
   2.5064579645947545            1.2532289822973772            1.3924766469970862     
   2.5064579645947545            1.2532289822973772            1.5665362278717216     
   2.5064579645947545            1.2532289822973772            1.7405958087463578     
   2.5064579645947545            1.2532289822973772            1.9146553896209932     
   2.5064579645947545            1.2532289822973772            2.0887149704956292     
   2.5064579645947545            1.2532289822973772            2.2627745513702648     
   2.5064579645947545            1.2532289822973772            2.4368341322449010     
   2.5064579645947545            1.2532289822973772            2.6108937131195367     
   2.5064579645947545            1.2532289822973772            2.7849532939941724     
   2.5064579645947545            1.2532289822973772            2.9590128748688080     
   2.5064579645947545            1.2532289822973772            3.1330724557434433     
   2.5064579645947545            1.3924766469970860            0.0000000000000000     
   2.5064579645947545            1.3924766469970860           0.17405958087463577     
   2.5064579645947545            1.3924766469970860           0.34811916174927154     
   2.5064579645947545            1.3924766469970860           0.52217874262390729     
   2.5064579645947545            1.3924766469970860           0.69623832349854309     
   2.5064579645947545            1.3924766469970860           0.87029790437317889     
   2.5064579645947545            1.3924766469970860            1.0443574852478146     
   2.5064579645947545            1.3924766469970860            1.2184170661224505     
   2.5064579645947545            1.3924766469970860            1.3924766469970862     
   2.5064579645947545            1.3924766469970860            1.5665362278717216     
   2.5064579645947545            1.3924766469970860            1.7405958087463578     
   2.5064579645947545            1.3924766469970860            1.9146553896209932     
   2.5064579645947545            1.3924766469970860            2.0887149704956292     
   2.5064579645947545            1.3924766469970860            2.2627745513702648     
   2.5064579645947545            1.3924766469970860            2.4368341322449010     
   2.5064579645947545            1.3924766469970860            2.6108937131195367     
   2.5064579645947545            1.3924766469970860            2.7849532939941724     
   2.5064579645947545            1.3924766469970860            2.9590128748688080     
   2.5064579645947545            1.3924766469970860            3.1330724557434433     
   2.5064579645947545            1.5317243116967947            0.0000000000000000     
   2.5064579645947545            1.5317243116967947           0.17405958087463577     
   2.5064579645947545            1.5317243116967947           0.34811916174927154     
   2.5064579645947545            1.5317243116967947           0.52217874262390729     
   2.5064579645947545            1.5317243116967947           0.69623832349854309     
   2.5064579645947545            1.5317243116967947           0.87029790437317889     
   2.5064579645947545            1.5317243116967947            1.0443574852478146     
   2.5064579645947545            1.5317243116967947            1.2184170661224505     
   2.5064579645947545            1.5317243116967947            1.3924766469970862     
   2.5064579645947545            1.5317243116967947            1.5665362278717216     
   2.5064579645947545            1.5317243116967947            1.7405958087463578     
   2.5064579645947545            1.5317243116967947            1.9146553896209932     
   2.5064579645947545            1.5317243116967947            2.0887149704956292     
   2.5064579645947545            1.5317243116967947            2.2627745513702648     
   2.5064579645947545            1.5317243116967947            2.4368341322449010     
   2.5064579645947545            1.5317243116967947            2.6108937131195367     
   2.5064579645947545            1.5317243116967947            2.7849532939941724     
   2.5064579645947545            1.5317243116967947            2.9590128748688080     
   2.5064579645947545            1.5317243116967947            3.1330724557434433     
   2.5064579645947545            1.6709719763965032            0.0000000000000000     
   2.5064579645947545            1.6709719763965032           0.17405958087463577     
   2.5064579645947545            1.6709719763965032           0.34811916174927154     
   2.5064579645947545            1.6709719763965032           0.52217874262390729     
   2.5064579645947545            1.6709719763965032           0.69623832349854309     
   2.5064579645947545            1.6709719763965032           0.87029790437317889     
   2.5064579645947545            1.6709719763965032            1.0443574852478146     
   2.5064579645947545            1.6709719763965032            1.2184170661224505     
   2.5064579645947545            1.6709719763965032            1.3924766469970862     
   2.5064579645947545            1.6709719763965032            1.5665362278717216     
   2.5064579645947545            1.6709719763965032            1.7405958087463578     
   2.5064579645947545            1.6709719763965032            1.9146553896209932     
   2.5064579645947545            1.6709719763965032            2.0887149704956292     
   2.5064579645947545            1.6709719763965032            2.2627745513702648     
   2.5064579645947545            1.6709719763965032            2.4368341322449010     
   2.5064579645947545            1.6709719763965032            2.6108937131195367     
   2.5064579645947545            1.6709719763965032            2.7849532939941724     
   2.5064579645947545            1.6709719763965032            2.9590128748688080     
   2.5064579645947545            1.6709719763965032            3.1330724557434433     
   2.5064579645947545            1.8102196410962119            0.0000000000000000     
   2.5064579645947545            1.8102196410962119           0.17405958087463577     
   2.5064579645947545            1.8102196410962119           0.34811916174927154     
   2.5064579645947545            1.8102196410962119           0.52217874262390729     
   2.5064579645947545            1.8102196410962119           0.69623832349854309     
   2.5064579645947545            1.8102196410962119           0.87029790437317889     
   2.5064579645947545            1.8102196410962119            1.0443574852478146     
   2.5064579645947545            1.8102196410962119            1.2184170661224505     
   2.5064579645947545            1.8102196410962119            1.3924766469970862     
   2.5064579645947545            1.8102196410962119            1.5665362278717216     
   2.5064579645947545            1.8102196410962119            1.7405958087463578     
   2.5064579645947545            1.8102196410962119            1.9146553896209932     
   2.5064579645947545            1.8102196410962119            2.0887149704956292     
   2.5064579645947545            1.8102196410962119            2.2627745513702648     
   2.5064579645947545            1.8102196410962119            2.4368341322449010     
   2.5064579645947545            1.8102196410962119            2.6108937131195367     
   2.5064579645947545            1.8102196410962119            2.7849532939941724     
   2.5064579645947545            1.8102196410962119            2.9590128748688080     
   2.5064579645947545            1.8102196410962119            3.1330724557434433     
   2.5064579645947545            1.9494673057959206            0.0000000000000000     
   2.5064579645947545            1.9494673057959206           0.17405958087463577     
   2.5064579645947545            1.9494673057959206           0.34811916174927154     
   2.5064579645947545            1.9494673057959206           0.52217874262390729     
   2.5064579645947545            1.9494673057959206           0.69623832349854309     
   2.5064579645947545            1.9494673057959206           0.87029790437317889     
   2.5064579645947545            1.9494673057959206            1.0443574852478146     
   2.5064579645947545            1.9494673057959206            1.2184170661224505     
   2.5064579645947545            1.9494673057959206            1.3924766469970862     
   2.5064579645947545            1.9494673057959206            1.5665362278717216     
   2.5064579645947545            1.9494673057959206            1.7405958087463578     
   2.5064579645947545            1.9494673057959206            1.9146553896209932     
   2.5064579645947545            1.9494673057959206            2.0887149704956292     
   2.5064579645947545            1.9494673057959206            2.2627745513702648     
   2.5064579645947545            1.9494673057959206            2.4368341322449010     
   2.5064579645947545            1.9494673057959206            2.6108937131195367     
   2.5064579645947545            1.9494673057959206            2.7849532939941724     
   2.5064579645947545            1.9494673057959206            2.9590128748688080     
   2.5064579645947545            1.9494673057959206            3.1330724557434433     
   2.5064579645947545            2.0887149704956292            0.0000000000000000     
   2.5064579645947545            2.0887149704956292           0.17405958087463577     
   2.5064579645947545            2.0887149704956292           0.34811916174927154     
   2.5064579645947545            2.0887149704956292           0.52217874262390729     
   2.5064579645947545            2.0887149704956292           0.69623832349854309     
   2.5064579645947545            2.0887149704956292           0.87029790437317889     
   2.5064579645947545            2.0887149704956292            1.0443574852478146     
   2.5064579645947545            2.0887149704956292            1.2184170661224505     
   2.5064579645947545            2.0887149704956292            1.3924766469970862     
   2.5064579645947545            2.0887149704956292            1.5665362278717216     
   2.5064579645947545            2.0887149704956292            1.7405958087463578     
   2.5064579645947545            2.0887149704956292            1.9146553896209932     
   2.5064579645947545            2.0887149704956292            2.0887149704956292     
   2.5064579645947545            2.0887149704956292            2.2627745513702648     
   2.5064579645947545            2.0887149704956292            2.4368341322449010     
   2.5064579645947545            2.0887149704956292            2.6108937131195367     
   2.5064579645947545            2.0887149704956292            2.7849532939941724     
   2.5064579645947545            2.0887149704956292            2.9590128748688080     
   2.5064579645947545            2.0887149704956292            3.1330724557434433     
   2.5064579645947545            2.2279626351953374            0.0000000000000000     
   2.5064579645947545            2.2279626351953374           0.17405958087463577     
   2.5064579645947545            2.2279626351953374           0.34811916174927154     
   2.5064579645947545            2.2279626351953374           0.52217874262390729     
   2.5064579645947545            2.2279626351953374           0.69623832349854309     
   2.5064579645947545            2.2279626351953374           0.87029790437317889     
   2.5064579645947545            2.2279626351953374            1.0443574852478146     
   2.5064579645947545            2.2279626351953374            1.2184170661224505     
   2.5064579645947545            2.2279626351953374            1.3924766469970862     
   2.5064579645947545            2.2279626351953374            1.5665362278717216     
   2.5064579645947545            2.2279626351953374            1.7405958087463578     
   2.5064579645947545            2.2279626351953374            1.9146553896209932     
   2.5064579645947545            2.2279626351953374            2.0887149704956292     
   2.5064579645947545            2.2279626351953374            2.2627745513702648     
   2.5064579645947545            2.2279626351953374            2.4368341322449010     
   2.5064579645947545            2.2279626351953374            2.6108937131195367     
   2.5064579645947545            2.2279626351953374            2.7849532939941724     
   2.5064579645947545            2.2279626351953374            2.9590128748688080     
   2.5064579645947545            2.2279626351953374            3.1330724557434433     
   2.5064579645947545            2.3672102998950462            0.0000000000000000     
   2.5064579645947545            2.3672102998950462           0.17405958087463577     
   2.5064579645947545            2.3672102998950462           0.34811916174927154     
   2.5064579645947545            2.3672102998950462           0.52217874262390729     
   2.5064579645947545            2.3672102998950462           0.69623832349854309     
   2.5064579645947545            2.3672102998950462           0.87029790437317889     
   2.5064579645947545            2.3672102998950462            1.0443574852478146     
   2.5064579645947545            2.3672102998950462            1.2184170661224505     
   2.5064579645947545            2.3672102998950462            1.3924766469970862     
   2.5064579645947545            2.3672102998950462            1.5665362278717216     
   2.5064579645947545            2.3672102998950462            1.7405958087463578     
   2.5064579645947545            2.3672102998950462            1.9146553896209932     
   2.5064579645947545            2.3672102998950462            2.0887149704956292     
   2.5064579645947545            2.3672102998950462            2.2627745513702648     
   2.5064579645947545            2.3672102998950462            2.4368341322449010     
   2.5064579645947545            2.3672102998950462            2.6108937131195367     
   2.5064579645947545            2.3672102998950462            2.7849532939941724     
   2.5064579645947545            2.3672102998950462            2.9590128748688080     
   2.5064579645947545            2.3672102998950462            3.1330724557434433     
   2.5064579645947545            2.5064579645947545            0.0000000000000000     
   2.5064579645947545            2.5064579645947545           0.17405958087463577     
   2.5064579645947545            2.5064579645947545           0.34811916174927154     
   2.5064579645947545            2.5064579645947545           0.52217874262390729     
   2.5064579645947545            2.5064579645947545           0.69623832349854309     
   2.5064579645947545            2.5064579645947545           0.87029790437317889     
   2.5064579645947545            2.5064579645947545            1.0443574852478146     
   2.5064579645947545            2.5064579645947545            1.2184170661224505     
   2.5064579645947545            2.5064579645947545            1.3924766469970862     
   2.5064579645947545            2.5064579645947545            1.5665362278717216     
   2.5064579645947545            2.5064579645947545            1.7405958087463578     
   2.5064579645947545            2.5064579645947545            1.9146553896209932     
   2.5064579645947545            2.5064579645947545            2.0887149704956292     
   2.5064579645947545            2.5064579645947545            2.2627745513702648     
   2.5064579645947545            2.5064579645947545            2.4368341322449010     
   2.5064579645947545            2.5064579645947545            2.6108937131195367     
   2.5064579645947545            2.5064579645947545            2.7849532939941724     
   2.5064579645947545            2.5064579645947545            2.9590128748688080     
   2.5064579645947545            2.5064579645947545            3.1330724557434433     
CELL_DATA     5832
SCALARS avsol float 1
LOOKUP_TABLE default
   1.00016179E-04
   1.00016179E-04
   9.58892107E-02
  0.513736129    
  0.290745556    
  0.465514958    
  0.632322252    
  0.749697685    
  0.807443202    
  0.801099181    
  0.746153831    
  0.629912794    
  0.463788390    
  0.295064509    
  0.514613986    
  0.115508713    
   1.00016179E-04
   1.00016179E-04
   1.00016179E-04
   1.53362053E-04
  0.235476643    
  0.418385267    
  0.266934633    
  0.472929537    
  0.640559554    
  0.746111572    
  0.788537562    
  0.790982306    
  0.748448968    
  0.636619151    
  0.481860369    
  0.282325715    
  0.407502890    
  0.256689042    
   2.46834272E-04
   1.00016179E-04
   1.00016179E-04
  0.129411116    
  0.515280247    
  0.365436107    
  0.320583135    
  0.502713740    
  0.646135271    
  0.734703422    
  0.780915856    
  0.775472462    
  0.736426055    
  0.645270228    
  0.509718060    
  0.321221650    
  0.355347514    
  0.512317896    
  0.141592637    
   1.00016179E-04
  0.304826468    
  0.478958815    
  0.405108958    
  0.284988046    
  0.371720612    
  0.565382898    
  0.651852429    
  0.711402357    
  0.744565606    
  0.746407390    
  0.713073432    
  0.656451344    
  0.570313096    
  0.381315380    
  0.289459616    
  0.400267780    
  0.473918825    
  0.306388825    
  0.473492414    
  0.356202662    
  0.283300489    
  0.343358874    
  0.506238103    
  0.591919541    
  0.660107017    
  0.691255450    
  0.705470383    
  0.709895968    
  0.692405999    
  0.660873234    
  0.597568393    
  0.514374793    
  0.353733629    
  0.287467331    
  0.358812124    
  0.468739539    
  0.311912894    
  0.279403180    
  0.355643034    
  0.476991445    
  0.564798892    
  0.623730004    
  0.663701952    
  0.669655859    
  0.672881126    
  0.672284305    
  0.667939186    
  0.656481922    
  0.632245004    
  0.572255075    
  0.476295739    
  0.356385738    
  0.283109754    
  0.320310116    
  0.365409315    
  0.399431288    
  0.491370291    
  0.574376345    
  0.623736084    
  0.647031069    
  0.655907571    
  0.646333456    
  0.641777098    
  0.641646802    
  0.639687061    
  0.662216842    
  0.646093249    
  0.625184655    
  0.583190143    
  0.486193508    
  0.408809811    
  0.369406939    
  0.535209358    
  0.569738090    
  0.587333620    
  0.633549213    
  0.660008252    
  0.667271793    
  0.654293478    
  0.623106480    
  0.621791244    
  0.619943976    
  0.634739280    
  0.647656262    
  0.662899256    
  0.665754437    
  0.629276872    
  0.595024765    
  0.558732331    
  0.535738289    
  0.595743835    
  0.621093929    
  0.652649045    
  0.661640346    
  0.673814893    
  0.663459420    
  0.648949325    
  0.613397658    
  0.608596921    
  0.607593894    
  0.621045470    
  0.650092244    
  0.669232190    
  0.678967357    
  0.666508615    
  0.648906648    
  0.616115570    
  0.589396119    
  0.596968770    
  0.609895647    
  0.636382699    
  0.656937003    
  0.681229949    
  0.661750495    
  0.648663819    
  0.614350438    
  0.604313910    
  0.600316882    
  0.617078781    
  0.638699770    
  0.665304780    
  0.670469046    
  0.663950980    
  0.633325100    
  0.601999521    
  0.595541716    
  0.542994976    
  0.560604334    
  0.587862849    
  0.632446647    
  0.663354695    
  0.672008216    
  0.652413487    
  0.624899924    
  0.612175107    
  0.615750730    
  0.622917771    
  0.646279991    
  0.654628634    
  0.657763898    
  0.635327101    
  0.584890664    
  0.559738457    
  0.539918184    
  0.377479911    
  0.408450216    
  0.502581954    
  0.575774491    
  0.624293149    
  0.648350120    
  0.663926125    
  0.641212821    
  0.636305690    
  0.640894711    
  0.644139469    
  0.647423804    
  0.636087775    
  0.607563794    
  0.559358001    
  0.496404409    
  0.412429571    
  0.378043592    
  0.315228075    
  0.285470724    
  0.353890598    
  0.476332724    
  0.565912545    
  0.629238904    
  0.664478958    
  0.655547976    
  0.669743717    
  0.668251932    
  0.663807929    
  0.645875096    
  0.628303230    
  0.552273929    
  0.466732681    
  0.366437614    
  0.289427519    
  0.315605700    
  0.470054507    
  0.356985807    
  0.285967141    
  0.346985310    
  0.517160892    
  0.591957986    
  0.660322845    
  0.693259418    
  0.701390564    
  0.699359834    
  0.689288199    
  0.655141234    
  0.589975119    
  0.505971551    
  0.362863451    
  0.285432249    
  0.353835106    
  0.475971252    
  0.326991975    
  0.479365170    
  0.398249745    
  0.288006991    
  0.379612476    
  0.571891308    
  0.652594388    
  0.709968507    
  0.731023371    
  0.728837252    
  0.717010140    
  0.647411168    
  0.563755870    
  0.374873638    
  0.288864344    
  0.405198097    
  0.494136810    
  0.328616023    
   1.00016179E-04
  0.137883142    
  0.513056099    
  0.344781071    
  0.312877268    
  0.509821475    
  0.652646124    
  0.727031231    
  0.767078996    
  0.777003229    
  0.724432826    
  0.643180728    
  0.505778551    
  0.325872719    
  0.354786843    
  0.527401090    
  0.150874093    
   1.00016179E-04
   1.00016179E-04
   2.25164185E-04
  0.245338306    
  0.412421584    
  0.275379658    
  0.488111287    
  0.643996716    
  0.741841435    
  0.791214049    
  0.786896050    
  0.739994824    
  0.638518274    
  0.482489973    
  0.273483694    
  0.414742440    
  0.265249014    
   3.43061460E-04
   1.00016179E-04
   1.00016179E-04
   1.00016179E-04
   9.49839205E-02
  0.522743225    
  0.296457082    
  0.479088008    
  0.635292768    
  0.747609794    
  0.810419917    
  0.807386398    
  0.745560229    
  0.626844108    
  0.475208759    
  0.294899136    
  0.520718396    
  0.114211306    
   1.00016179E-04
   1.00016179E-04
   1.00016179E-04
   1.45765793E-04
  0.240571707    
  0.407466918    
  0.281097591    
  0.482896507    
  0.640568793    
  0.744252563    
  0.794673145    
  0.798446596    
  0.741326869    
  0.644441009    
  0.479182154    
  0.273883641    
  0.407122552    
  0.253698200    
   2.30363803E-04
   1.00016179E-04
   1.00016179E-04
  0.141497105    
  0.614070415    
  0.370630801    
  0.306169271    
  0.499327302    
  0.635351658    
  0.740640461    
  0.790018022    
  0.785363495    
  0.737827957    
  0.640973032    
  0.495661408    
  0.310675859    
  0.372504979    
  0.615552008    
  0.152141541    
   1.00016179E-04
   6.40833378E-02
  0.599611640    
  0.502698243    
  0.287261575    
  0.353174329    
  0.528988481    
  0.648198903    
  0.730615854    
  0.762037933    
  0.762653232    
  0.726325989    
  0.640261054    
  0.533751547    
  0.356991351    
  0.290844053    
  0.487820059    
  0.607563436    
   7.13269934E-02
  0.450929552    
  0.522238135    
  0.335904747    
  0.305699199    
  0.426204056    
  0.565693259    
  0.653738499    
  0.705178857    
  0.732228637    
  0.730253041    
  0.699046731    
  0.651435256    
  0.564392686    
  0.438325644    
  0.309742630    
  0.326345950    
  0.518264651    
  0.459160507    
  0.384976059    
  0.305548757    
  0.292814434    
  0.392662406    
  0.517767131    
  0.595081866    
  0.653464913    
  0.679095328    
  0.678992748    
  0.671197057    
  0.668900073    
  0.647134840    
  0.602195859    
  0.534621596    
  0.402666122    
  0.293698490    
  0.306673497    
  0.379721403    
  0.256588459    
  0.310646921    
  0.404385746    
  0.493649155    
  0.573966324    
  0.611523330    
  0.645685017    
  0.633747756    
  0.619924426    
  0.622588575    
  0.630276561    
  0.639286578    
  0.624159276    
  0.587432981    
  0.500435531    
  0.404705554    
  0.302033573    
  0.270378828    
  0.405617505    
  0.433864236    
  0.526135385    
  0.581556499    
  0.615403116    
  0.633007288    
  0.620487034    
  0.599363625    
  0.582429409    
  0.588114142    
  0.602015674    
  0.618296266    
  0.631901979    
  0.628045678    
  0.587317228    
  0.523917615    
  0.444603920    
  0.412819535    
  0.560129821    
  0.567245781    
  0.603751659    
  0.626788735    
  0.647187054    
  0.638309121    
  0.604023516    
  0.574983656    
  0.563058734    
  0.567021608    
  0.574005485    
  0.599536359    
  0.631908596    
  0.647672474    
  0.633894682    
  0.598205507    
  0.562640727    
  0.552495360    
  0.604689121    
  0.636262536    
  0.642194450    
  0.654155970    
  0.659353137    
  0.633482635    
  0.596817255    
  0.564727485    
  0.547405839    
  0.544708014    
  0.569458425    
  0.605017543    
  0.630518377    
  0.660631120    
  0.657130778    
  0.645000935    
  0.615314960    
  0.609476805    
  0.612679839    
  0.629446030    
  0.641582370    
  0.661909163    
  0.660150766    
  0.636866152    
  0.593395352    
  0.569474041    
  0.545196712    
  0.536888242    
  0.574855626    
  0.599240839    
  0.631032646    
  0.655764997    
  0.656576157    
  0.628951788    
  0.626875162    
  0.617692947    
  0.564079046    
  0.563330591    
  0.601669014    
  0.643022597    
  0.656670868    
  0.638640404    
  0.602676511    
  0.570243776    
  0.556719542    
  0.555415332    
  0.566885054    
  0.591355026    
  0.632736325    
  0.638087511    
  0.617531061    
  0.597580314    
  0.575790524    
  0.567725897    
  0.418608546    
  0.444909871    
  0.522808433    
  0.588631868    
  0.628114700    
  0.633778334    
  0.612900734    
  0.595559776    
  0.589067101    
  0.588944435    
  0.596068323    
  0.613283634    
  0.621216953    
  0.602099359    
  0.573509753    
  0.511895776    
  0.438966542    
  0.416926712    
  0.257025391    
  0.306846648    
  0.403616309    
  0.496071249    
  0.577171445    
  0.614371061    
  0.639910936    
  0.632595778    
  0.627150953    
  0.617238879    
  0.626788318    
  0.627829909    
  0.609252214    
  0.560490727    
  0.502313375    
  0.404333472    
  0.306160778    
  0.263998866    
  0.382983595    
  0.312837631    
  0.294092864    
  0.403830379    
  0.523807168    
  0.601904392    
  0.636146843    
  0.660412312    
  0.664810419    
  0.668592572    
  0.662717640    
  0.633385301    
  0.590264380    
  0.526913702    
  0.412343711    
  0.290260971    
  0.306398958    
  0.390110314    
  0.468604654    
  0.514785469    
  0.329048544    
  0.311192453    
  0.437823057    
  0.563405931    
  0.653202057    
  0.698090792    
  0.719241917    
  0.721059501    
  0.691054583    
  0.641374230    
  0.567739725    
  0.436288685    
  0.305213749    
  0.335998088    
  0.524251342    
  0.477786720    
   6.88833147E-02
  0.608279407    
  0.491293162    
  0.274481863    
  0.359820843    
  0.534241259    
  0.653918445    
  0.720910788    
  0.749465823    
  0.754525781    
  0.718353391    
  0.646643043    
  0.532976151    
  0.355522752    
  0.285808474    
  0.495914847    
  0.622702062    
   7.73232207E-02
   1.00016179E-04
  0.151210353    
  0.612734556    
  0.360429436    
  0.308918834    
  0.495465547    
  0.645344973    
  0.735903084    
  0.784498274    
  0.773660719    
  0.741862059    
  0.646826446    
  0.494749218    
  0.300959229    
  0.374084532    
  0.629440010    
  0.164662257    
   1.00016179E-04
   1.00016179E-04
   2.34430670E-04
  0.247927547    
  0.406380206    
  0.274847537    
  0.490588963    
  0.639453709    
  0.748471379    
  0.793186486    
  0.792769849    
  0.749420583    
  0.636472523    
  0.480664164    
  0.278259307    
  0.407471240    
  0.267430425    
   3.19864863E-04
   1.00016179E-04
   1.00016179E-04
  0.129498571    
  0.512565076    
  0.347859085    
  0.316325635    
  0.511251569    
  0.647860110    
  0.739238918    
  0.769879103    
  0.766541779    
  0.734526217    
  0.643723488    
  0.518782079    
  0.315428138    
  0.347179055    
  0.515410602    
  0.141706824    
   1.00016179E-04
   6.40984699E-02
  0.600437999    
  0.503870606    
  0.282978058    
  0.351210088    
  0.535988450    
  0.653434753    
  0.720162392    
  0.751974881    
  0.748409629    
  0.729821205    
  0.646404207    
  0.536260128    
  0.354259580    
  0.285297513    
  0.491313845    
  0.611496091    
   7.06374198E-02
  0.462283641    
  0.569343269    
  0.425847709    
  0.307242930    
  0.417985708    
  0.571470499    
  0.649982452    
  0.696520686    
  0.724349201    
  0.725562692    
  0.695520043    
  0.644726813    
  0.558531284    
  0.432599545    
  0.307119250    
  0.419916660    
  0.554715872    
  0.475306481    
  0.492859960    
  0.385410875    
  0.339217305    
  0.372952968    
  0.501046360    
  0.573688030    
  0.635741234    
  0.665451527    
  0.671771348    
  0.662825763    
  0.658381879    
  0.633043110    
  0.580912054    
  0.505390942    
  0.378412336    
  0.333903104    
  0.376526773    
  0.488677621    
  0.323224932    
  0.293095797    
  0.376566738    
  0.467311323    
  0.542048872    
  0.593772531    
  0.618655682    
  0.616745830    
  0.592691362    
  0.595320702    
  0.615145326    
  0.615251720    
  0.600721717    
  0.547208011    
  0.474674881    
  0.365406930    
  0.288503289    
  0.320023000    
  0.295252979    
  0.351704091    
  0.460123837    
  0.535052836    
  0.575725019    
  0.601434290    
  0.581180215    
  0.558057249    
  0.525488913    
  0.526524901    
  0.562420428    
  0.576072752    
  0.603998244    
  0.575433731    
  0.549010634    
  0.467105746    
  0.352011979    
  0.303704500    
  0.452920973    
  0.505555093    
  0.551366329    
  0.583071291    
  0.608181894    
  0.595319986    
  0.559630275    
  0.502570152    
  0.469458759    
  0.465128213    
  0.505415142    
  0.556931973    
  0.585097075    
  0.602653146    
  0.585492134    
  0.550385118    
  0.497859895    
  0.447767615    
  0.576766610    
  0.591332912    
  0.601276100    
  0.622927964    
  0.623732686    
  0.586561561    
  0.529906631    
  0.444703847    
  0.410621405    
  0.411540151    
  0.449660182    
  0.523332000    
  0.586524248    
  0.623200655    
  0.625307262    
  0.622377276    
  0.593895912    
  0.571614206    
  0.631099641    
  0.637383580    
  0.652105570    
  0.642138064    
  0.621290326    
  0.577051878    
  0.501747191    
  0.400740117    
  0.375691712    
  0.377426267    
  0.408688605    
  0.499414355    
  0.575317144    
  0.615938425    
  0.647141695    
  0.646732986    
  0.634812713    
  0.624088705    
  0.628790200    
  0.636613250    
  0.646568894    
  0.644907951    
  0.612360299    
  0.575469911    
  0.501681089    
  0.404412359    
  0.375345618    
  0.371182293    
  0.417730838    
  0.504785359    
  0.576234460    
  0.614725232    
  0.633730054    
  0.642586708    
  0.634226143    
  0.636975884    
  0.590128124    
  0.591010451    
  0.618385851    
  0.632015944    
  0.624463439    
  0.585792363    
  0.522679150    
  0.443314523    
  0.410157919    
  0.409192502    
  0.436663866    
  0.524539530    
  0.577054083    
  0.608679175    
  0.622634530    
  0.601607203    
  0.596011877    
  0.593405068    
  0.466983706    
  0.509659588    
  0.548524439    
  0.594050586    
  0.614329159    
  0.591843963    
  0.549553633    
  0.511958003    
  0.463922858    
  0.461827129    
  0.502185524    
  0.548856318    
  0.583473325    
  0.593018353    
  0.575778782    
  0.550623417    
  0.507232904    
  0.467558622    
  0.309578836    
  0.353601485    
  0.460369706    
  0.534148693    
  0.575200021    
  0.594218731    
  0.588460028    
  0.565688252    
  0.523063540    
  0.524705410    
  0.557899237    
  0.573451281    
  0.588067770    
  0.563254118    
  0.529872298    
  0.457587332    
  0.359373301    
  0.303496927    
  0.320144743    
  0.294738650    
  0.372935802    
  0.464498281    
  0.543050647    
  0.583797991    
  0.612424612    
  0.609314859    
  0.593164623    
  0.586037874    
  0.602332652    
  0.602703214    
  0.579692900    
  0.529701412    
  0.475433409    
  0.374934196    
  0.290381372    
  0.317994505    
  0.488194317    
  0.381194472    
  0.344171107    
  0.372341305    
  0.507576048    
  0.573561013    
  0.636559486    
  0.652424991    
  0.652697206    
  0.652413487    
  0.652459860    
  0.622531235    
  0.577406526    
  0.493307590    
  0.380826414    
  0.333835214    
  0.381724328    
  0.486220270    
  0.470935613    
  0.555738032    
  0.421673983    
  0.300710797    
  0.422610313    
  0.568822920    
  0.643150687    
  0.692579865    
  0.708749115    
  0.715246737    
  0.689132333    
  0.639829934    
  0.560010672    
  0.421434343    
  0.306324244    
  0.424882442    
  0.561844587    
  0.489417881    
   6.95956051E-02
  0.610195994    
  0.484262466    
  0.285420269    
  0.354868263    
  0.536985040    
  0.652794421    
  0.709577203    
  0.742215216    
  0.751189828    
  0.721944511    
  0.649186075    
  0.533393502    
  0.358166605    
  0.280935675    
  0.491462439    
  0.624257505    
   7.67337233E-02
   1.00016179E-04
  0.139296517    
  0.521224380    
  0.352152437    
  0.319637060    
  0.503028154    
  0.644206107    
  0.739818454    
  0.766667724    
  0.764988661    
  0.735202491    
  0.647193551    
  0.517985404    
  0.320518583    
  0.347427726    
  0.524095178    
  0.151446864    
   1.00016179E-04
  0.299563646    
  0.471262217    
  0.403635144    
  0.281457365    
  0.381054938    
  0.566905260    
  0.655577719    
  0.707568228    
  0.739138186    
  0.745312572    
  0.709520936    
  0.653327644    
  0.576948225    
  0.384041399    
  0.287842125    
  0.406825393    
  0.475116938    
  0.305408031    
  0.448448271    
  0.523579359    
  0.330577642    
  0.304349720    
  0.442766458    
  0.574022353    
  0.654878199    
  0.688902617    
  0.721272051    
  0.726114035    
  0.693120599    
  0.653809428    
  0.565213263    
  0.441097498    
  0.310959309    
  0.329397798    
  0.511158049    
  0.458089769    
  0.495852321    
  0.385992914    
  0.342131644    
  0.382257789    
  0.503925920    
  0.580076694    
  0.641661584    
  0.660391808    
  0.663784266    
  0.665048003    
  0.655361414    
  0.642666638    
  0.576545417    
  0.503435731    
  0.387066573    
  0.338484913    
  0.380031288    
  0.491063893    
  0.386987716    
  0.293432087    
  0.332811356    
  0.437960267    
  0.529852271    
  0.582397699    
  0.615410984    
  0.603277743    
  0.598184228    
  0.587607682    
  0.596291542    
  0.610552728    
  0.586714208    
  0.532948077    
  0.445789278    
  0.329797298    
  0.290035844    
  0.389171302    
  0.264806241    
  0.335145801    
  0.441205949    
  0.514980197    
  0.559376895    
  0.589980841    
  0.570624590    
  0.546252310    
  0.514381588    
  0.514614522    
  0.548412263    
  0.560429692    
  0.586205542    
  0.555111587    
  0.518539608    
  0.449817866    
  0.332339466    
  0.278173953    
  0.391818643    
  0.451625586    
  0.520089746    
  0.553303659    
  0.584942162    
  0.567188323    
  0.526331961    
  0.442823112    
  0.385957986    
  0.400836080    
  0.451451212    
  0.527500153    
  0.557720602    
  0.580929041    
  0.557592869    
  0.521038353    
  0.439124942    
  0.392230332    
  0.515076280    
  0.553477943    
  0.571400523    
  0.591544628    
  0.575875700    
  0.540091515    
  0.467772633    
  0.357024908    
  0.308828861    
  0.310655504    
  0.355291903    
  0.469089061    
  0.540258706    
  0.572240889    
  0.588272870    
  0.571017563    
  0.551590383    
  0.516037703    
  0.607029200    
  0.608312368    
  0.630902886    
  0.619471610    
  0.573634803    
  0.505486310    
  0.407020301    
  0.311062306    
  0.264186710    
  0.267484099    
  0.307349056    
  0.414999366    
  0.504209638    
  0.577005506    
  0.607118487    
  0.626821816    
  0.620711088    
  0.607935369    
  0.661994338    
  0.666938424    
  0.657468677    
  0.628060997    
  0.575747788    
  0.470565021    
  0.360770077    
  0.286517113    
  0.314105749    
  0.318536282    
  0.284873098    
  0.368602574    
  0.474067569    
  0.567155778    
  0.621592402    
  0.649677992    
  0.649523258    
  0.665795445    
  0.662169635    
  0.670606911    
  0.658437252    
  0.627139211    
  0.569596827    
  0.481140077    
  0.359242350    
  0.291503012    
  0.309818774    
  0.315729141    
  0.284894794    
  0.365398049    
  0.472541153    
  0.561557710    
  0.615859866    
  0.650720179    
  0.664196670    
  0.661065280    
  0.614033937    
  0.634154141    
  0.647379935    
  0.619554043    
  0.589749634    
  0.498555809    
  0.410083979    
  0.305214077    
  0.262862176    
  0.260570377    
  0.309659213    
  0.408915997    
  0.497211754    
  0.568531513    
  0.612270296    
  0.635623217    
  0.624540865    
  0.625061393    
  0.522167146    
  0.557614565    
  0.580004573    
  0.605354011    
  0.586514413    
  0.537843287    
  0.462858349    
  0.357928872    
  0.300361276    
  0.303464144    
  0.357884347    
  0.463899642    
  0.539469898    
  0.570710540    
  0.592542887    
  0.569574714    
  0.561623037    
  0.527376056    
  0.392463744    
  0.445059299    
  0.516929150    
  0.554468930    
  0.585482955    
  0.556348324    
  0.529172242    
  0.448654920    
  0.392979532    
  0.384193480    
  0.447395623    
  0.523179829    
  0.558248997    
  0.566074967    
  0.552624166    
  0.510807753    
  0.444590420    
  0.396188498    
  0.278774351    
  0.337293804    
  0.448859215    
  0.511447191    
  0.552433074    
  0.580697179    
  0.560757577    
  0.542535067    
  0.503510356    
  0.505987167    
  0.536678612    
  0.556920350    
  0.573147297    
  0.547399819    
  0.509824455    
  0.446483850    
  0.340304315    
  0.282303602    
  0.375381619    
  0.299213141    
  0.331442267    
  0.425122350    
  0.526622832    
  0.589107931    
  0.616829634    
  0.597775221    
  0.578607976    
  0.576553881    
  0.591564894    
  0.605000377    
  0.580186009    
  0.522111356    
  0.433575451    
  0.329829782    
  0.294086128    
  0.377551168    
  0.478292912    
  0.380206436    
  0.334163159    
  0.368509054    
  0.496090263    
  0.579206109    
  0.640679777    
  0.652052462    
  0.651062369    
  0.658802867    
  0.655115068    
  0.637893438    
  0.581898570    
  0.493746847    
  0.376900405    
  0.337212235    
  0.377380252    
  0.487867415    
  0.459860414    
  0.516225398    
  0.335141361    
  0.300616890    
  0.441215217    
  0.566988826    
  0.653555036    
  0.689169049    
  0.718889177    
  0.719127536    
  0.698240995    
  0.649090886    
  0.567843378    
  0.442587823    
  0.311705887    
  0.328641325    
  0.513113260    
  0.473828912    
  0.304513246    
  0.482969522    
  0.401703179    
  0.295769513    
  0.382776201    
  0.567617476    
  0.659177959    
  0.708862245    
  0.748692870    
  0.741419256    
  0.712191939    
  0.654936969    
  0.566586375    
  0.380738914    
  0.297021210    
  0.402784377    
  0.489893973    
  0.306440145    
  0.471812189    
  0.359971792    
  0.277306437    
  0.359700024    
  0.509292006    
  0.589397073    
  0.655655384    
  0.689599574    
  0.702465594    
  0.699190676    
  0.688797712    
  0.659949243    
  0.595028520    
  0.509505451    
  0.365084708    
  0.274062455    
  0.352614552    
  0.470960975    
  0.388265550    
  0.310764045    
  0.291292727    
  0.405803531    
  0.535143018    
  0.598163545    
  0.641257763    
  0.666570127    
  0.668513358    
  0.671979308    
  0.667565286    
  0.647016346    
  0.604565978    
  0.528996170    
  0.408942252    
  0.290519714    
  0.307433009    
  0.390489280    
  0.322004437    
  0.291516811    
  0.372072220    
  0.464738727    
  0.552132428    
  0.601793766    
  0.618119776    
  0.611947656    
  0.596502185    
  0.590033948    
  0.602803171    
  0.624870420    
  0.594143569    
  0.544683993    
  0.477952093    
  0.367686719    
  0.290700316    
  0.327205092    
  0.275963455    
  0.337453246    
  0.449375123    
  0.516152442    
  0.562640369    
  0.589170933    
  0.561815917    
  0.541328907    
  0.503866315    
  0.514114082    
  0.544449091    
  0.568423390    
  0.580930471    
  0.554347157    
  0.520961821    
  0.459425092    
  0.338977575    
  0.284607440    
  0.366782069    
  0.443778098    
  0.528538048    
  0.546338499    
  0.572686255    
  0.557232201    
  0.530034661    
  0.440700054    
  0.374331564    
  0.371174574    
  0.438857019    
  0.533258259    
  0.544309497    
  0.571225345    
  0.548204899    
  0.527455688    
  0.434581637    
  0.375549704    
  0.493452102    
  0.534174085    
  0.559676349    
  0.567909002    
  0.558735013    
  0.519379139    
  0.451259881    
  0.336737305    
  0.277612984    
  0.277084827    
  0.333221257    
  0.453291357    
  0.517423511    
  0.560344517    
  0.584564924    
  0.558412254    
  0.527949989    
  0.501647472    
  0.591288209    
  0.601884186    
  0.606724441    
  0.581855893    
  0.542025089    
  0.473937035    
  0.366405308    
  0.292985409    
  0.319237292    
  0.314896375    
  0.287068874    
  0.369689912    
  0.469358653    
  0.542973042    
  0.585323751    
  0.611277342    
  0.596251965    
  0.586000204    
  0.652163744    
  0.658586860    
  0.639420092    
  0.597437322    
  0.530133128    
  0.403414667    
  0.308016211    
  0.301388711    
  0.382897377    
  0.380488783    
  0.310720474    
  0.298347771    
  0.400502712    
  0.524632156    
  0.591039121    
  0.645885944    
  0.662175894    
  0.668168545    
  0.687116325    
  0.686253965    
  0.659333885    
  0.591552615    
  0.515576661    
  0.354353130    
  0.290967047    
  0.356021404    
  0.474178404    
  0.476912469    
  0.355442435    
  0.297090918    
  0.360960186    
  0.517333269    
  0.592415869    
  0.659299135    
  0.680418849    
  0.694466174    
  0.696630239    
  0.693295181    
  0.665680468    
  0.592730939    
  0.511596441    
  0.359285772    
  0.285331756    
  0.354965091    
  0.474520236    
  0.470310509    
  0.350355029    
  0.288280159    
  0.359386861    
  0.512033761    
  0.597199082    
  0.665275872    
  0.675206900    
  0.691376269    
  0.662253976    
  0.671303988    
  0.658687055    
  0.601561069    
  0.534001231    
  0.408477813    
  0.295989126    
  0.305243433    
  0.388503790    
  0.388830155    
  0.302012384    
  0.297325879    
  0.410581172    
  0.523790717    
  0.599689603    
  0.641987026    
  0.662122548    
  0.666021883    
  0.592135727    
  0.609863639    
  0.611227393    
  0.590855420    
  0.547339737    
  0.469840646    
  0.374588132    
  0.288458109    
  0.322265774    
  0.314606965    
  0.293415010    
  0.372522026    
  0.469777405    
  0.540086627    
  0.588615000    
  0.613941193    
  0.597057164    
  0.595907509    
  0.511093915    
  0.534669518    
  0.553265452    
  0.575351119    
  0.557662129    
  0.525215268    
  0.464417726    
  0.338081539    
  0.270265728    
  0.273790479    
  0.337279707    
  0.448577583    
  0.511795998    
  0.554417849    
  0.579140007    
  0.545657814    
  0.536621213    
  0.510120153    
  0.373402447    
  0.433691353    
  0.519678295    
  0.538592994    
  0.571066976    
  0.548654258    
  0.524369299    
  0.438645095    
  0.369278014    
  0.373665422    
  0.442694634    
  0.516412258    
  0.544897318    
  0.565096140    
  0.542184532    
  0.510044634    
  0.439155489    
  0.376387835    
  0.273330331    
  0.333076030    
  0.445017427    
  0.515659571    
  0.558574557    
  0.587752759    
  0.564960480    
  0.542389691    
  0.515233636    
  0.510308921    
  0.536149681    
  0.550185919    
  0.587699354    
  0.554782629    
  0.510547221    
  0.441107690    
  0.342492968    
  0.277841330    
  0.311223894    
  0.289498448    
  0.369196236    
  0.461505502    
  0.538880110    
  0.587083519    
  0.619587243    
  0.603100836    
  0.599416196    
  0.590877175    
  0.609559298    
  0.623623371    
  0.594723284    
  0.538767636    
  0.468976915    
  0.369098961    
  0.281053245    
  0.317604870    
  0.377482831    
  0.301259220    
  0.291960537    
  0.395991236    
  0.526253343    
  0.589313626    
  0.641501606    
  0.666716039    
  0.669062853    
  0.668445110    
  0.668630958    
  0.645470381    
  0.601149201    
  0.524376392    
  0.406938612    
  0.287504315    
  0.303932011    
  0.384382993    
  0.473901361    
  0.356857181    
  0.286961079    
  0.359859705    
  0.507572591    
  0.585354328    
  0.661939561    
  0.688231587    
  0.704004169    
  0.695437610    
  0.687455118    
  0.658154666    
  0.595479965    
  0.518230915    
  0.353292704    
  0.283736825    
  0.356693119    
  0.467145801    
  0.320835382    
  0.290165573    
  0.364648968    
  0.476974010    
  0.571802258    
  0.621570945    
  0.656678796    
  0.665239036    
  0.668475568    
  0.660657227    
  0.666697145    
  0.649711668    
  0.624734223    
  0.564876676    
  0.472457677    
  0.359387428    
  0.290565461    
  0.319596797    
  0.262713969    
  0.312455118    
  0.406080484    
  0.508760154    
  0.579804122    
  0.610385239    
  0.642348528    
  0.618317306    
  0.609655380    
  0.612497389    
  0.632093310    
  0.642689884    
  0.618071258    
  0.576972425    
  0.498763263    
  0.407489479    
  0.308778882    
  0.267817646    
  0.308919162    
  0.366750479    
  0.467233062    
  0.541750014    
  0.587173998    
  0.609339416    
  0.583897650    
  0.543636680    
  0.522946954    
  0.509593189    
  0.559074163    
  0.578344285    
  0.602664351    
  0.578739524    
  0.538969934    
  0.469493419    
  0.362274289    
  0.305796593    
  0.388817638    
  0.448162705    
  0.521504104    
  0.557840228    
  0.584447443    
  0.560995758    
  0.513186932    
  0.443615824    
  0.390961558    
  0.384371817    
  0.447751701    
  0.519402862    
  0.557687283    
  0.586114883    
  0.554238856    
  0.516028941    
  0.448051900    
  0.390590906    
  0.512081563    
  0.531148136    
  0.557948172    
  0.587971926    
  0.562478483    
  0.518815935    
  0.445228636    
  0.337132126    
  0.276720196    
  0.274777263    
  0.327093571    
  0.450075448    
  0.518361270    
  0.552913547    
  0.580240369    
  0.551778853    
  0.538340032    
  0.505959630    
  0.568556011    
  0.588455021    
  0.600022316    
  0.584883511    
  0.528597474    
  0.436816514    
  0.327121317    
  0.294080287    
  0.375812858    
  0.373332411    
  0.293340862    
  0.331342638    
  0.438195765    
  0.523037255    
  0.574616134    
  0.599359751    
  0.591576934    
  0.581836164    
  0.644313931    
  0.644884169    
  0.628829777    
  0.568485439    
  0.502632201    
  0.379309952    
  0.341585368    
  0.371752530    
  0.488396764    
  0.483155161    
  0.376722246    
  0.343254656    
  0.380238593    
  0.505155861    
  0.566412926    
  0.624355376    
  0.652727902    
  0.658106625    
  0.710798621    
  0.697049320    
  0.650701165    
  0.556949973    
  0.444832981    
  0.317371756    
  0.327254862    
  0.515333891    
  0.483210057    
  0.473258704    
  0.518233180    
  0.338502973    
  0.313838035    
  0.447448820    
  0.559284747    
  0.649069905    
  0.700469553    
  0.704404593    
  0.729244828    
  0.712308705    
  0.644107878    
  0.566965759    
  0.380317926    
  0.299274534    
  0.404982269    
  0.501061499    
  0.333177775    
  0.327171654    
  0.487743527    
  0.412228674    
  0.297109604    
  0.381915689    
  0.562919736    
  0.647885025    
  0.702100515    
  0.730023384    
  0.734243393    
  0.710616469    
  0.647980154    
  0.562905014    
  0.378650934    
  0.291625053    
  0.397502303    
  0.491810620    
  0.327389896    
  0.327514231    
  0.481249779    
  0.399929851    
  0.291250616    
  0.378473192    
  0.560451210    
  0.649370849    
  0.697353780    
  0.729708493    
  0.719177842    
  0.698870778    
  0.653809965    
  0.570441127    
  0.442191511    
  0.310883313    
  0.331178397    
  0.511662662    
  0.472482383    
  0.463812232    
  0.522024333    
  0.326097429    
  0.316374362    
  0.432686090    
  0.568449259    
  0.647836328    
  0.694672048    
  0.709936321    
  0.652131796    
  0.659505069    
  0.631206870    
  0.575198710    
  0.504023671    
  0.379214287    
  0.343832314    
  0.374871463    
  0.493975729    
  0.491582453    
  0.375195384    
  0.344119340    
  0.377685577    
  0.503472984    
  0.574416459    
  0.625505865    
  0.652154982    
  0.648078263    
  0.583619118    
  0.590481162    
  0.604177058    
  0.576210439    
  0.531918347    
  0.443578750    
  0.340750307    
  0.288701266    
  0.380107284    
  0.376372010    
  0.292125195    
  0.333284318    
  0.434520245    
  0.520692527    
  0.584805012    
  0.592777073    
  0.588684618    
  0.583108425    
  0.505565941    
  0.538653851    
  0.557777464    
  0.568755686    
  0.552938521    
  0.523025572    
  0.464080751    
  0.341373384    
  0.275969803    
  0.274982601    
  0.342170358    
  0.456304342    
  0.511231124    
  0.550514579    
  0.578716278    
  0.545745313    
  0.536757350    
  0.510410488    
  0.383271337    
  0.435108602    
  0.512239456    
  0.549692392    
  0.584197640    
  0.560482144    
  0.529766858    
  0.439375013    
  0.385899574    
  0.391961098    
  0.444770366    
  0.522362649    
  0.557462573    
  0.572364867    
  0.545093060    
  0.507013857    
  0.448219687    
  0.391574770    
  0.295889080    
  0.350585431    
  0.453592718    
  0.526181161    
  0.573291600    
  0.601146519    
  0.581486404    
  0.556167185    
  0.529497206    
  0.530226827    
  0.559890509    
  0.581818581    
  0.597069144    
  0.576093674    
  0.527170062    
  0.455718368    
  0.357506603    
  0.298713118    
  0.253533810    
  0.300981194    
  0.400165528    
  0.489844561    
  0.572887599    
  0.618621111    
  0.638511360    
  0.627498269    
  0.616794467    
  0.624279380    
  0.628852129    
  0.638108492    
  0.623628318    
  0.570965111    
  0.494512498    
  0.403390259    
  0.304483324    
  0.263724953    
  0.313636243    
  0.284915745    
  0.367162853    
  0.464021713    
  0.562679410    
  0.636757672    
  0.653734982    
  0.663577318    
  0.667957604    
  0.665815890    
  0.663214147    
  0.651610255    
  0.628149271    
  0.562231898    
  0.474854380    
  0.361273676    
  0.289535642    
  0.311581671    
  0.373591483    
  0.413920373    
  0.504494786    
  0.576131940    
  0.618431568    
  0.650471628    
  0.655491114    
  0.632308424    
  0.619990766    
  0.623998046    
  0.634629071    
  0.658287525    
  0.647499800    
  0.612634122    
  0.573074102    
  0.503649116    
  0.411512226    
  0.374675632    
  0.418820560    
  0.450390160    
  0.529981256    
  0.587680459    
  0.615760326    
  0.626556575    
  0.612787962    
  0.589356840    
  0.583042026    
  0.579808235    
  0.601484060    
  0.615964651    
  0.628589690    
  0.613684356    
  0.584062397    
  0.532231033    
  0.448926777    
  0.422986537    
  0.468758851    
  0.508461237    
  0.549057782    
  0.593121707    
  0.609590590    
  0.593686700    
  0.541126490    
  0.499760062    
  0.460828841    
  0.459085941    
  0.503302932    
  0.546742916    
  0.593349755    
  0.606363297    
  0.597655356    
  0.563648403    
  0.511688054    
  0.467875034    
  0.527085006    
  0.562842965    
  0.574006379    
  0.594960153    
  0.577879965    
  0.529866159    
  0.455983579    
  0.350337893    
  0.301664323    
  0.300878048    
  0.351440221    
  0.462366879    
  0.530121684    
  0.583204567    
  0.595539987    
  0.578799188    
  0.554479897    
  0.524882019    
  0.585871279    
  0.613233268    
  0.616138339    
  0.594238043    
  0.536989272    
  0.465865344    
  0.369228482    
  0.281990111    
  0.314482927    
  0.315114677    
  0.281557590    
  0.367560565    
  0.469653636    
  0.545659065    
  0.589100420    
  0.612363040    
  0.604236245    
  0.589494646    
  0.654275656    
  0.650470197    
  0.637550533    
  0.575668156    
  0.499767691    
  0.376372874    
  0.342916012    
  0.379168749    
  0.482109815    
  0.485279918    
  0.371801585    
  0.342533320    
  0.372681588    
  0.502628088    
  0.575349629    
  0.631647170    
  0.652405560    
  0.659362257    
  0.713134229    
  0.690646052    
  0.635816276    
  0.568889380    
  0.433882356    
  0.312712967    
  0.418285191    
  0.557383776    
  0.503927886    
  0.488971382    
  0.556176364    
  0.420983493    
  0.311405689    
  0.432803094    
  0.566308439    
  0.639543414    
  0.682471037    
  0.714086592    
  0.748529017    
  0.711541176    
  0.637357235    
  0.529349685    
  0.366616488    
  0.291629374    
  0.488983124    
  0.632595718    
   8.31955597E-02
   7.43034929E-02
  0.616620481    
  0.492938131    
  0.294310480    
  0.359034896    
  0.532885969    
  0.643909097    
  0.712199688    
  0.748639643    
  0.766212165    
  0.733500540    
  0.643229306    
  0.507877052    
  0.325989068    
  0.353484720    
  0.528094292    
  0.163781479    
   1.00016179E-04
   1.00016179E-04
  0.152284324    
  0.521685183    
  0.357265294    
  0.318232864    
  0.502743304    
  0.637589633    
  0.731106222    
  0.774371386    
  0.772029757    
  0.738818944    
  0.644275844    
  0.502683699    
  0.323493302    
  0.351459384    
  0.525162160    
  0.151243761    
   1.00016179E-04
   1.00016179E-04
  0.138546154    
  0.515435636    
  0.353829145    
  0.323091120    
  0.500610173    
  0.644833982    
  0.729053319    
  0.769825518    
  0.752903223    
  0.722912967    
  0.646089375    
  0.529900491    
  0.358861506    
  0.279974431    
  0.488951057    
  0.622351825    
   7.69131631E-02
   7.00182170E-02
  0.610238910    
  0.493009329    
  0.284090191    
  0.348746002    
  0.528444231    
  0.646811247    
  0.709192574    
  0.738651812    
  0.703311503    
  0.704410374    
  0.645314574    
  0.563432932    
  0.428331792    
  0.309256732    
  0.428302705    
  0.559605360    
  0.491068512    
  0.477082044    
  0.563678622    
  0.426640123    
  0.305477232    
  0.418776184    
  0.571735442    
  0.641852081    
  0.687384069    
  0.716744423    
  0.655474186    
  0.662128925    
  0.631934881    
  0.570191026    
  0.505971253    
  0.387693286    
  0.338898808    
  0.377914816    
  0.489476979    
  0.493146718    
  0.377007574    
  0.338805288    
  0.373733968    
  0.497121871    
  0.578943849    
  0.628147006    
  0.646740735    
  0.647284865    
  0.587277412    
  0.607917905    
  0.615568757    
  0.588473797    
  0.552946687    
  0.477255642    
  0.372036606    
  0.285037249    
  0.316555291    
  0.315021127    
  0.290085047    
  0.364450097    
  0.461471319    
  0.541845202    
  0.590226710    
  0.605873346    
  0.601974308    
  0.587276340    
  0.527716756    
  0.556036830    
  0.574092984    
  0.605603218    
  0.580210268    
  0.539475739    
  0.464914858    
  0.352099657    
  0.301599950    
  0.299874067    
  0.353918821    
  0.468072146    
  0.532578588    
  0.582386851    
  0.593958139    
  0.565684259    
  0.551434159    
  0.529031813    
  0.457462937    
  0.501216114    
  0.549429178    
  0.588480711    
  0.609375060    
  0.592064977    
  0.560729682    
  0.509016395    
  0.469602495    
  0.469493240    
  0.508875906    
  0.560419798    
  0.598757088    
  0.608871460    
  0.578975618    
  0.540903926    
  0.505166948    
  0.469507068    
  0.404509336    
  0.442012280    
  0.522812724    
  0.581497848    
  0.616037726    
  0.639725685    
  0.622881532    
  0.596382260    
  0.590594947    
  0.586255908    
  0.592085421    
  0.617956519    
  0.643949270    
  0.622369111    
  0.577078164    
  0.523306131    
  0.442301810    
  0.407373637    
  0.382242590    
  0.417346746    
  0.497910380    
  0.567341208    
  0.620340466    
  0.653740704    
  0.656744182    
  0.637479484    
  0.624989867    
  0.618329942    
  0.642571449    
  0.654658735    
  0.646029294    
  0.619797468    
  0.569438279    
  0.492812872    
  0.406571478    
  0.384617656    
  0.547192037    
  0.566519022    
  0.597108483    
  0.615726113    
  0.652727365    
  0.663592517    
  0.641247630    
  0.618382275    
  0.603258312    
  0.603844345    
  0.631349504    
  0.641396582    
  0.656756520    
  0.655867517    
  0.633531749    
  0.593492091    
  0.563355803    
  0.546896040    
  0.556106985    
  0.568922639    
  0.594346106    
  0.623282015    
  0.634790778    
  0.636002004    
  0.594518423    
  0.564623535    
  0.547061920    
  0.552132070    
  0.572082400    
  0.601354957    
  0.631439149    
  0.641611755    
  0.628545821    
  0.599299729    
  0.571775734    
  0.556577027    
  0.588705719    
  0.600131452    
  0.609046042    
  0.624246061    
  0.612414896    
  0.570953965    
  0.519574106    
  0.433382004    
  0.413646579    
  0.404764503    
  0.440611035    
  0.524714351    
  0.575503230    
  0.619231403    
  0.628628492    
  0.621849537    
  0.594769478    
  0.578156233    
  0.612909138    
  0.622364104    
  0.636600614    
  0.607455969    
  0.575939059    
  0.492887348    
  0.392456561    
  0.301367998    
  0.264286578    
  0.262134731    
  0.303067356    
  0.405972958    
  0.497056663    
  0.575742126    
  0.618284285    
  0.641415834    
  0.626014650    
  0.606197238    
  0.671155393    
  0.658427775    
  0.646204591    
  0.593300045    
  0.519345462    
  0.397145987    
  0.297175199    
  0.307436347    
  0.384333462    
  0.379023820    
  0.305176377    
  0.295821369    
  0.406644523    
  0.533705294    
  0.596087754    
  0.645136654    
  0.658488572    
  0.661932766    
  0.711614966    
  0.683377087    
  0.648123324    
  0.564589024    
  0.428607047    
  0.310564131    
  0.332543463    
  0.520796061    
  0.490985483    
  0.474017769    
  0.515672505    
  0.336978853    
  0.304940373    
  0.446224213    
  0.575153470    
  0.647433102    
  0.682138026    
  0.708293855    
  0.745201051    
  0.710054278    
  0.642334521    
  0.524704993    
  0.353538185    
  0.296014071    
  0.492271215    
  0.632707238    
   8.16886425E-02
   7.52687380E-02
  0.620047808    
  0.498512924    
  0.292566448    
  0.362015486    
  0.539478123    
  0.637846828    
  0.707554400    
  0.743946433    
  0.782970786    
  0.738065362    
  0.629711509    
  0.495865136    
  0.312270194    
  0.368459523    
  0.630434632    
  0.173921734    
   1.00016179E-04
   1.00016179E-04
  0.159639776    
  0.630270541    
  0.375405580    
  0.312183112    
  0.501058340    
  0.639076293    
  0.728515804    
  0.773240566    
  0.784528315    
  0.738710701    
  0.630041718    
  0.489762664    
  0.278643876    
  0.415410846    
  0.275506258    
   4.96681430E-04
   1.00016179E-04
   1.00016179E-04
   2.81517656E-04
  0.257996500    
  0.415792465    
  0.279891342    
  0.488143176    
  0.639638841    
  0.746315479    
  0.793418586    
  0.794315696    
  0.739005625    
  0.631138921    
  0.482645243    
  0.274317205    
  0.414302617    
  0.264736593    
   3.40280763E-04
   1.00016179E-04
   1.00016179E-04
   2.28792036E-04
  0.249320760    
  0.406093240    
  0.275181562    
  0.479742020    
  0.642070889    
  0.751531720    
  0.795057774    
  0.775851190    
  0.727764666    
  0.636216700    
  0.490014404    
  0.314086199    
  0.367527664    
  0.629082620    
  0.162810519    
   1.00016179E-04
   1.00016179E-04
  0.153190404    
  0.623161316    
  0.359737039    
  0.299546838    
  0.493084162    
  0.636870861    
  0.734891772    
  0.777578175    
  0.748459995    
  0.714094341    
  0.644960880    
  0.524669826    
  0.364484876    
  0.285385072    
  0.491354674    
  0.619970322    
   7.66135082E-02
   6.80921823E-02
  0.611337185    
  0.492404282    
  0.292742372    
  0.351638168    
  0.536208332    
  0.653834820    
  0.718875289    
  0.742066383    
  0.712173760    
  0.692566037    
  0.651062489    
  0.569706142    
  0.442532450    
  0.310287654    
  0.329211861    
  0.516392469    
  0.475778311    
  0.462083071    
  0.516374588    
  0.338198960    
  0.307730108    
  0.438880503    
  0.577815294    
  0.650173843    
  0.689541817    
  0.721730888    
  0.673245788    
  0.655720055    
  0.643599153    
  0.597186625    
  0.536624014    
  0.409304023    
  0.293002397    
  0.312520415    
  0.381364554    
  0.383841932    
  0.308660507    
  0.295847684    
  0.402706057    
  0.521680832    
  0.607468069    
  0.643436551    
  0.662486613    
  0.666852951    
  0.622265875    
  0.624848366    
  0.638840139    
  0.614411652    
  0.581502616    
  0.509270847    
  0.403454512    
  0.303497225    
  0.267995894    
  0.268247038    
  0.311147004    
  0.403264344    
  0.498779953    
  0.576636255    
  0.616737843    
  0.634094417    
  0.623307407    
  0.617559731    
  0.586136281    
  0.602313399    
  0.621711433    
  0.633368909    
  0.622068763    
  0.582575560    
  0.526950061    
  0.452212155    
  0.423588127    
  0.407674283    
  0.453029931    
  0.532381415    
  0.583041728    
  0.630939603    
  0.630804360    
  0.620045304    
  0.600204647    
  0.596093476    
  0.558862865    
  0.565963328    
  0.599561095    
  0.637058318    
  0.651678324    
  0.637667060    
  0.595961452    
  0.573052883    
  0.555792630    
  0.558539033    
  0.564809978    
  0.594190776    
  0.637898266    
  0.653019488    
  0.630175889    
  0.594340324    
  0.572586238    
  0.567728221    
  0.539685190    
  0.563794374    
  0.590926290    
  0.621343195    
  0.661489964    
  0.664106607    
  0.647258580    
  0.620797276    
  0.608502388    
  0.605550647    
  0.614990592    
  0.643462360    
  0.660393178    
  0.661587358    
  0.624406934    
  0.591560543    
  0.567357481    
  0.541804016    
  0.599825680    
  0.614125133    
  0.642079294    
  0.660059988    
  0.680116534    
  0.665162265    
  0.643517733    
  0.602472782    
  0.595284998    
  0.596351504    
  0.616535723    
  0.639740407    
  0.659842730    
  0.675862968    
  0.664937139    
  0.645479083    
  0.614657640    
  0.602409661    
  0.612796783    
  0.627047300    
  0.633557200    
  0.644484222    
  0.649296045    
  0.625946879    
  0.589053810    
  0.552768052    
  0.539127946    
  0.536476374    
  0.559687257    
  0.593817830    
  0.621918559    
  0.673597991    
  0.665835261    
  0.647368670    
  0.629236877    
  0.609998345    
  0.623863220    
  0.640083730    
  0.651428223    
  0.638628185    
  0.600477219    
  0.562609255    
  0.485848188    
  0.403977543    
  0.372684240    
  0.374959409    
  0.401581079    
  0.494398475    
  0.568295658    
  0.620329559    
  0.647059441    
  0.655926943    
  0.640323222    
  0.628148854    
  0.661138952    
  0.657751501    
  0.654134452    
  0.621488750    
  0.553413272    
  0.459526926    
  0.353868276    
  0.290613890    
  0.322016567    
  0.315478414    
  0.292185724    
  0.355597854    
  0.470518291    
  0.568926990    
  0.623900533    
  0.664077878    
  0.662970960    
  0.667089581    
  0.696626365    
  0.683663845    
  0.656078875    
  0.598865390    
  0.508979023    
  0.358454168    
  0.286931396    
  0.358431131    
  0.480644107    
  0.474591047    
  0.360664040    
  0.282792002    
  0.351813465    
  0.511085510    
  0.596008539    
  0.658283055    
  0.685430348    
  0.693135917    
  0.737425089    
  0.703271627    
  0.643784761    
  0.563365519    
  0.378430605    
  0.295901179    
  0.411798537    
  0.499357820    
  0.329681516    
  0.324900925    
  0.483489335    
  0.408673316    
  0.295008421    
  0.379320234    
  0.569101989    
  0.650025249    
  0.705575526    
  0.718504965    
  0.766207099    
  0.733884752    
  0.638545156    
  0.508469760    
  0.323130786    
  0.351614594    
  0.529172838    
  0.162978783    
   1.00016179E-04
   1.00016179E-04
  0.150505885    
  0.519393802    
  0.352981895    
  0.320281923    
  0.510564387    
  0.646788836    
  0.730242252    
  0.763834119    
  0.784239352    
  0.734658182    
  0.635940194    
  0.486493379    
  0.279218256    
  0.419811755    
  0.275337845    
   4.89740050E-04
   1.00016179E-04
   1.00016179E-04
   3.29759205E-04
  0.254123628    
  0.411283553    
  0.272249341    
  0.483024269    
  0.636530638    
  0.746562660    
  0.797365427    
  0.802307785    
  0.741869390    
  0.633698463    
  0.469628721    
  0.298035860    
  0.522901595    
  0.113891855    
   1.00016179E-04
   1.00016179E-04
   1.00016179E-04
   1.00016179E-04
   9.64141116E-02
  0.518758953    
  0.296475500    
  0.473804682    
  0.633848190    
  0.746809661    
  0.809480727    
  0.802908659    
  0.731693625    
  0.629276633    
  0.462514222    
  0.296888500    
  0.524333417    
  0.113918975    
   1.00016179E-04
   1.00016179E-04
   1.00016179E-04
   1.00016179E-04
   9.58668590E-02
  0.524656057    
  0.295689583    
  0.465860963    
  0.626887441    
  0.752783775    
  0.808395982    
  0.791152179    
  0.742201090    
  0.633090973    
  0.477092326    
  0.284386277    
  0.409726083    
  0.265338570    
   3.45271197E-04
   1.00016179E-04
   1.00016179E-04
   1.38106858E-04
  0.249418080    
  0.410433829    
  0.275582641    
  0.468956321    
  0.632409632    
  0.752340436    
  0.794891477    
  0.773529649    
  0.733238578    
  0.638573050    
  0.506981432    
  0.322504759    
  0.355477571    
  0.520980477    
  0.153646737    
   1.00016179E-04
   1.00016179E-04
  0.140920714    
  0.518122554    
  0.361590058    
  0.317099392    
  0.503476560    
  0.648695469    
  0.735571265    
  0.770498812    
  0.742458582    
  0.720044553    
  0.663890004    
  0.572177470    
  0.377616048    
  0.292003244    
  0.403561831    
  0.491285563    
  0.310429096    
  0.307220906    
  0.480495036    
  0.409332603    
  0.285543561    
  0.377367735    
  0.573387563    
  0.653957725    
  0.714787126    
  0.734773576    
  0.696603954    
  0.685765982    
  0.655111194    
  0.596867263    
  0.522395611    
  0.352820039    
  0.287615329    
  0.353682935    
  0.478958607    
  0.469232619    
  0.354445428    
  0.283406973    
  0.350083470    
  0.504654527    
  0.593050539    
  0.664498270    
  0.693737388    
  0.705126524    
  0.663111925    
  0.667030156    
  0.655723929    
  0.636630952    
  0.574091315    
  0.483245969    
  0.369052559    
  0.281798571    
  0.329928845    
  0.322605848    
  0.288724691    
  0.355889618    
  0.475871593    
  0.567080736    
  0.627362490    
  0.659125924    
  0.676173985    
  0.675166905    
  0.641049802    
  0.636753738    
  0.649682164    
  0.647242844    
  0.626878381    
  0.578485847    
  0.498189539    
  0.414097071    
  0.382608891    
  0.379019022    
  0.415432304    
  0.499720216    
  0.575550914    
  0.621199131    
  0.654483676    
  0.657646179    
  0.644392431    
  0.635889053    
  0.623426676    
  0.628969252    
  0.650277674    
  0.658895969    
  0.667408526    
  0.639893889    
  0.598696470    
  0.558510959    
  0.546747386    
  0.535349786    
  0.567357004    
  0.594281912    
  0.640406072    
  0.663781464    
  0.662055314    
  0.646981716    
  0.633986354    
  0.621988833    
  0.608006597    
  0.617354155    
  0.641600549    
  0.660436213    
  0.680995584    
  0.669730544    
  0.638407946    
  0.609224319    
  0.588190556    
  0.592937052    
  0.613234401    
  0.649246633    
  0.669962525    
  0.677414715    
  0.663803458    
  0.648301661    
  0.617946386    
  0.606945515    
  0.600211203    
  0.616983294    
  0.638653100    
  0.665235579    
  0.670903265    
  0.663855255    
  0.633323073    
  0.601897836    
  0.595522463    
  0.596852601    
  0.609883249    
  0.636319935    
  0.657097340    
  0.681246579    
  0.661526978    
  0.648473322    
  0.614727318    
  0.604389250    
  0.615597606    
  0.622798741    
  0.646378279    
  0.654563069    
  0.657578468    
  0.635237873    
  0.584943116    
  0.559817672    
  0.539890230    
  0.542916000    
  0.560764611    
  0.587623656    
  0.632354319    
  0.663612366    
  0.671462595    
  0.652419150    
  0.624738812    
  0.612122238    
  0.641007900    
  0.644175708    
  0.647370577    
  0.635716379    
  0.607615590    
  0.558993161    
  0.496865332    
  0.412337035    
  0.377830148    
  0.377551466    
  0.408637047    
  0.503056705    
  0.575778902    
  0.624099195    
  0.648817122    
  0.663865387    
  0.641211450    
  0.636441350    
  0.668077648    
  0.663654566    
  0.645840228    
  0.628065050    
  0.552415311    
  0.466567069    
  0.366330028    
  0.289440870    
  0.315545380    
  0.315167099    
  0.285113275    
  0.353362650    
  0.476157963    
  0.565844297    
  0.628936768    
  0.664101124    
  0.655548334    
  0.669900775    
  0.699362278    
  0.689632893    
  0.655037880    
  0.589592099    
  0.505981863    
  0.362997770    
  0.284883827    
  0.353866845    
  0.476057440    
  0.470074654    
  0.356655598    
  0.286306947    
  0.347047746    
  0.516965628    
  0.592063546    
  0.660855830    
  0.693397045    
  0.700854123    
  0.728916645    
  0.716931999    
  0.647600651    
  0.563697278    
  0.375564933    
  0.288637668    
  0.405087531    
  0.494176388    
  0.328622818    
  0.327074766    
  0.479277939    
  0.398361832    
  0.287880033    
  0.379848748    
  0.571595788    
  0.652321160    
  0.709872305    
  0.731071472    
  0.777057350    
  0.724561274    
  0.643427849    
  0.505695462    
  0.325987875    
  0.354482740    
  0.527550101    
  0.150801778    
   1.00016179E-04
   1.00016179E-04
  0.137975469    
  0.513276577    
  0.344608605    
  0.312801749    
  0.509740174    
  0.652617037    
  0.727115989    
  0.767152250    
  0.786679506    
  0.740022540    
  0.638430595    
  0.482433259    
  0.273376733    
  0.414562762    
  0.265364945    
   3.43076739E-04
   1.00016179E-04
   1.00016179E-04
   2.25181779E-04
  0.245297208    
  0.412167549    
  0.275505453    
  0.488173634    
  0.644206583    
  0.741744101    
  0.791346610    
  0.807436287    
  0.745568991    
  0.626860857    
  0.475101560    
  0.294925570    
  0.520881534    
  0.114288472    
   1.00016179E-04
   1.00016179E-04
   1.00016179E-04
   1.00016179E-04
   9.50222090E-02
  0.522656143    
  0.296389937    
  0.479167968    
  0.635370493    
  0.747456610    
  0.810345650    
  0.801126838    
  0.746153533    
  0.629955709    
  0.463915974    
  0.295167029    
  0.514570057    
  0.115435563    
   1.00016179E-04
   1.00016179E-04
   1.00016179E-04
   1.00016179E-04
   9.58085582E-02
  0.513848782    
  0.290650725    
  0.465492398    
  0.632265508    
  0.749706507    
  0.807367384    
  0.790740550    
  0.748369694    
  0.636894286    
  0.481986910    
  0.282483190    
  0.407391220    
  0.256819338    
   2.46868556E-04
   1.00016179E-04
   1.00016179E-04
   1.53368121E-04
  0.235604540    
  0.418429345    
  0.267035782    
  0.472724617    
  0.640186131    
  0.746304512    
  0.788316309    
  0.775501311    
  0.736605287    
  0.644958496    
  0.509617031    
  0.321161956    
  0.354920506    
  0.512345672    
  0.141635701    
   1.00016179E-04
   1.00016179E-04
  0.129416332    
  0.515513718    
  0.365318179    
  0.320772678    
  0.502486885    
  0.646140218    
  0.734814525    
  0.780949593    
  0.746669471    
  0.713193715    
  0.656667769    
  0.569734871    
  0.381711483    
  0.289151847    
  0.400230139    
  0.474214077    
  0.306346297    
  0.304878652    
  0.479093373    
  0.405028462    
  0.284846872    
  0.372026443    
  0.565648496    
  0.651820779    
  0.711380005    
  0.744755983    
  0.709935069    
  0.692586660    
  0.660034895    
  0.597776651    
  0.514286280    
  0.353727013    
  0.287056834    
  0.358705282    
  0.468769401    
  0.473466665    
  0.355919570    
  0.283214688    
  0.343339950    
  0.506049812    
  0.591686904    
  0.660118699    
  0.691416562    
  0.704999208    
  0.671821833    
  0.667542815    
  0.657287240    
  0.631999731    
  0.572534263    
  0.476290405    
  0.356563866    
  0.282996058    
  0.320177853    
  0.312171638    
  0.278998286    
  0.355943888    
  0.476952225    
  0.564781308    
  0.623633325    
  0.663861454    
  0.669590235    
  0.673170090    
  0.641877353    
  0.639592707    
  0.662202954    
  0.646053791    
  0.625208735    
  0.583479941    
  0.486207545    
  0.408825189    
  0.369283348    
  0.365225226    
  0.399595976    
  0.491412461    
  0.574402809    
  0.623611391    
  0.647060931    
  0.655704379    
  0.646328926    
  0.641938627    
  0.619932115    
  0.634637952    
  0.647695363    
  0.663075626    
  0.666012287    
  0.629234612    
  0.595154822    
  0.558709025    
  0.535878897    
  0.535630584    
  0.569990933    
  0.587350607    
  0.633693278    
  0.659892857    
  0.667506516    
  0.654661477    
  0.623041868    
  0.621709824    
  0.607683480    
  0.621447325    
  0.650263608    
  0.669372261    
  0.678982317    
  0.666243851    
  0.649020195    
  0.616304040    
  0.589242876    
  0.595722795    
  0.621088624    
  0.652693450    
  0.661600471    
  0.673806369    
  0.664029479    
  0.649061322    
  0.613389671    
  0.608529210    
  0.536525249    
  0.575044751    
  0.598935366    
  0.630934179    
  0.655556858    
  0.656769574    
  0.628619552    
  0.626974165    
  0.617693484    
  0.612697303    
  0.629485309    
  0.641463459    
  0.661931038    
  0.660287440    
  0.636404097    
  0.593579710    
  0.569162369    
  0.545363486    
  0.555867791    
  0.566996098    
  0.591417789    
  0.632866204    
  0.638123989    
  0.617743015    
  0.597599745    
  0.575849116    
  0.567776859    
  0.564121723    
  0.563442588    
  0.601776779    
  0.643116355    
  0.656499743    
  0.639357984    
  0.602683246    
  0.570686102    
  0.556606829    
  0.589031041    
  0.595896661    
  0.613421917    
  0.621548355    
  0.602206886    
  0.573271930    
  0.512006462    
  0.438865185    
  0.417142868    
  0.418570697    
  0.444567442    
  0.522498846    
  0.588491678    
  0.628177822    
  0.633634865    
  0.613053322    
  0.595378399    
  0.589244902    
  0.617268264    
  0.626832664    
  0.627702415    
  0.608760059    
  0.560347080    
  0.502332628    
  0.404270798    
  0.306507379    
  0.263956934    
  0.256929189    
  0.307270229    
  0.403830886    
  0.496444166    
  0.577279329    
  0.614333451    
  0.639757812    
  0.632623017    
  0.626809299    
  0.668639004    
  0.662394702    
  0.633242369    
  0.590384603    
  0.526941597    
  0.412439406    
  0.290662825    
  0.305998921    
  0.390401185    
  0.382977068    
  0.312967509    
  0.293867201    
  0.403816134    
  0.524136722    
  0.601921797    
  0.636176109    
  0.660234332    
  0.665147066    
  0.720991671    
  0.691070855    
  0.641300142    
  0.567825556    
  0.436114490    
  0.305513740    
  0.336350948    
  0.524521708    
  0.477724344    
  0.468493342    
  0.514754534    
  0.329321951    
  0.311496586    
  0.437971354    
  0.563578963    
  0.653163314    
  0.698106825    
  0.719350338    
  0.754597008    
  0.718367457    
  0.646608889    
  0.533017755    
  0.355630249    
  0.285792381    
  0.495861709    
  0.622833431    
   7.74226189E-02
   6.88823238E-02
  0.608337581    
  0.491602927    
  0.274522692    
  0.360021591    
  0.533976376    
  0.654062986    
  0.720963657    
  0.749414206    
  0.773703456    
  0.742079496    
  0.646410108    
  0.494750053    
  0.301032692    
  0.373989433    
  0.629198551    
  0.164719984    
   1.00016179E-04
   1.00016179E-04
  0.151067734    
  0.612756431    
  0.360495389    
  0.308727264    
  0.495568633    
  0.645302176    
  0.735734224    
  0.784291983    
  0.792578518    
  0.749252200    
  0.636553109    
  0.480564624    
  0.278317839    
  0.407419086    
  0.267349899    
   3.18425999E-04
   1.00016179E-04
   1.00016179E-04
   2.25784970E-04
  0.247973755    
  0.406426132    
  0.274597228    
  0.490725636    
  0.639232576    
  0.748519719    
  0.793225050    
  0.798771918    
  0.741387188    
  0.644501925    
  0.479115129    
  0.273686826    
  0.407040268    
  0.253611654    
   2.30365069E-04
   1.00016179E-04
   1.00016179E-04
   1.45769940E-04
  0.240502179    
  0.407385677    
  0.281403810    
  0.482891977    
  0.640335917    
  0.744587481    
  0.794597745    
  0.785795152    
  0.737645924    
  0.640922368    
  0.495617747    
  0.310591638    
  0.372564048    
  0.615203619    
  0.152044997    
   1.00016179E-04
   1.00016179E-04
  0.141555101    
  0.614002168    
  0.370528668    
  0.306129694    
  0.499280244    
  0.635864735    
  0.740524888    
  0.790205896    
  0.762633622    
  0.725950241    
  0.640330255    
  0.533668280    
  0.357247621    
  0.291036665    
  0.487995118    
  0.607628763    
   7.13262111E-02
   6.40461743E-02
  0.599509537    
  0.502766788    
  0.287196875    
  0.353307068    
  0.529345810    
  0.648025513    
  0.730423152    
  0.761761367    
  0.730019450    
  0.699047565    
  0.651454687    
  0.564442098    
  0.438575655    
  0.309683353    
  0.326576561    
  0.518279731    
  0.459229320    
  0.450849503    
  0.522516847    
  0.336240292    
  0.305877984    
  0.426358461    
  0.565159202    
  0.653682053    
  0.705055892    
  0.732245803    
  0.671328962    
  0.668920696    
  0.647134960    
  0.602086186    
  0.534236133    
  0.402877718    
  0.294035584    
  0.306823611    
  0.379938722    
  0.384868622    
  0.305713832    
  0.293029428    
  0.392874807    
  0.517766237    
  0.595140338    
  0.653629780    
  0.679034233    
  0.679082096    
  0.623043001    
  0.629818618    
  0.639114380    
  0.624163866    
  0.587561548    
  0.500579476    
  0.404806226    
  0.301892251    
  0.270476907    
  0.256489307    
  0.310899556    
  0.404302210    
  0.493437499    
  0.574046254    
  0.611884713    
  0.645403743    
  0.633903146    
  0.620038092    
  0.588149786    
  0.602304161    
  0.618385792    
  0.631929994    
  0.628036439    
  0.586951733    
  0.523932934    
  0.444697648    
  0.412955940    
  0.405289620    
  0.433858365    
  0.526625931    
  0.581552088    
  0.615473270    
  0.632990301    
  0.620795071    
  0.599341214    
  0.582398117    
  0.567182302    
  0.573757172    
  0.599331677    
  0.631653905    
  0.647812128    
  0.633813322    
  0.598116100    
  0.562599838    
  0.552611172    
  0.559987009    
  0.567127287    
  0.603780091    
  0.626751482    
  0.647269964    
  0.638242185    
  0.604119420    
  0.574803710    
  0.562920094    
  0.544680357    
  0.569305539    
  0.605037868    
  0.630613029    
  0.660498381    
  0.657327712    
  0.644942880    
  0.615176141    
  0.609644115    
  0.604741991    
  0.636274576    
  0.642172515    
  0.654194474    
  0.659180999    
  0.633249700    
  0.596353471    
  0.564775705    
  0.547228754    
  0.371238410    
  0.417579472    
  0.504563749    
  0.576044858    
  0.614708781    
  0.633923829    
  0.642626047    
  0.634114087    
  0.637235403    
  0.628791869    
  0.636569798    
  0.646411180    
  0.644905567    
  0.612496257    
  0.575510800    
  0.501298010    
  0.404293448    
  0.375504673    
  0.409077257    
  0.436810046    
  0.524560213    
  0.577101827    
  0.608569324    
  0.622455537    
  0.601718843    
  0.595953345    
  0.593407631    
  0.590228498    
  0.590617895    
  0.618608057    
  0.632158756    
  0.624412060    
  0.585591614    
  0.522807658    
  0.443435371    
  0.410251111    
  0.461768955    
  0.502258241    
  0.548905551    
  0.583374381    
  0.592870593    
  0.575978100    
  0.550500214    
  0.507373989    
  0.467732459    
  0.466818631    
  0.509799659    
  0.548684478    
  0.594004989    
  0.614350140    
  0.592077851    
  0.549190581    
  0.511915147    
  0.463743538    
  0.524931729    
  0.557978630    
  0.573262691    
  0.588291109    
  0.563447952    
  0.529893756    
  0.457724631    
  0.358980179    
  0.303371459    
  0.309689939    
  0.353396714    
  0.460466981    
  0.533918619    
  0.575509965    
  0.593737662    
  0.588854373    
  0.565595746    
  0.523151457    
  0.585893452    
  0.602295816    
  0.602737665    
  0.579057634    
  0.529812634    
  0.475259274    
  0.374959022    
  0.290237933    
  0.317823023    
  0.320294619    
  0.294679880    
  0.373093247    
  0.464542419    
  0.542771339    
  0.583717406    
  0.612418294    
  0.609536231    
  0.592697620    
  0.652462065    
  0.652339756    
  0.622305572    
  0.578012228    
  0.493454903    
  0.380863607    
  0.333659053    
  0.381634444    
  0.486383051    
  0.488200128    
  0.381161004    
  0.343884796    
  0.372331589    
  0.507631958    
  0.573750019    
  0.636768818    
  0.652552962    
  0.653343558    
  0.715330601    
  0.689221501    
  0.639915109    
  0.560012937    
  0.421174914    
  0.306418598    
  0.424799055    
  0.561664820    
  0.489158720    
  0.470793426    
  0.555616975    
  0.421571374    
  0.300785601    
  0.422516555    
  0.568799853    
  0.642882586    
  0.692480087    
  0.708711386    
  0.751100183    
  0.722138643    
  0.649257064    
  0.533767223    
  0.358127177    
  0.281149209    
  0.491331398    
  0.624146760    
   7.66221210E-02
   6.95998892E-02
  0.610233903    
  0.484359533    
  0.285523862    
  0.354637802    
  0.537039638    
  0.652787745    
  0.709656239    
  0.742219150    
  0.764996171    
  0.734925747    
  0.647025585    
  0.518049419    
  0.320794284    
  0.347869068    
  0.524110079    
  0.151489437    
   1.00016179E-04
   1.00016179E-04
  0.139356464    
  0.521174490    
  0.352412969    
  0.320084065    
  0.502938092    
  0.644288898    
  0.739729941    
  0.766723454    
  0.766277015    
  0.734774292    
  0.643866777    
  0.518814743    
  0.315209657    
  0.346632034    
  0.515551805    
  0.141720295    
   1.00016179E-04
   1.00016179E-04
  0.129448235    
  0.512775719    
  0.347647667    
  0.315841347    
  0.511098087    
  0.647944033    
  0.739636302    
  0.769978344    
  0.748397529    
  0.729805410    
  0.646407366    
  0.536149263    
  0.354269773    
  0.285267830    
  0.491561800    
  0.611446321    
   7.06277192E-02
   6.40833974E-02
  0.600422025    
  0.503826022    
  0.282826930    
  0.351415038    
  0.536030412    
  0.653326750    
  0.720090985    
  0.751880527    
  0.725375652    
  0.695841432    
  0.644729912    
  0.558756649    
  0.432517171    
  0.307051420    
  0.419780552    
  0.554655135    
  0.475404769    
  0.462287933    
  0.569407582    
  0.426023424    
  0.306683868    
  0.417873591    
  0.571684599    
  0.650080144    
  0.696429014    
  0.724048972    
  0.662966132    
  0.658353567    
  0.632881701    
  0.581025422    
  0.505427897    
  0.378465861    
  0.333635390    
  0.376274854    
  0.488804877    
  0.492816865    
  0.385251254    
  0.338919044    
  0.373373121    
  0.501030028    
  0.573662817    
  0.635905981    
  0.665465117    
  0.672247529    
  0.595580220    
  0.614720821    
  0.615554333    
  0.601002514    
  0.547221422    
  0.474643707    
  0.365327001    
  0.288320482    
  0.319969803    
  0.323208570    
  0.293187469    
  0.376448244    
  0.467278510    
  0.541720927    
  0.593789637    
  0.618784785    
  0.616840959    
  0.592667818    
  0.526682854    
  0.562500298    
  0.575975537    
  0.603971422    
  0.575499952    
  0.549107015    
  0.467216074    
  0.351933986    
  0.303652138    
  0.295526356    
  0.351797163    
  0.460164905    
  0.535247326    
  0.576113701    
  0.601102829    
  0.581279099    
  0.558298051    
  0.525369763    
  0.465019405    
  0.505553961    
  0.556551814    
  0.585161805    
  0.602624834    
  0.585682571    
  0.550341487    
  0.497649401    
  0.447711200    
  0.452975214    
  0.505675197    
  0.551145017    
  0.583219945    
  0.608067155    
  0.595190167    
  0.559445858    
  0.502468884    
  0.469569474    
  0.411489308    
  0.449685335    
  0.523568928    
  0.586604416    
  0.623344779    
  0.625742972    
  0.622376978    
  0.593702972    
  0.571679235    
  0.576808095    
  0.591152966    
  0.601309717    
  0.622775614    
  0.624698579    
  0.586391032    
  0.529834747    
  0.444798172    
  0.410555601    
  0.377488166    
  0.408890367    
  0.499442428    
  0.575398147    
  0.616060853    
  0.646475196    
  0.646957159    
  0.634824455    
  0.623802602    
  0.631145597    
  0.637512326    
  0.652163923    
  0.642123163    
  0.620550990    
  0.576948106    
  0.502348423    
  0.400849402    
  0.375573635    
  0.315604776    
  0.285146534    
  0.365357518    
  0.472822338    
  0.561551034    
  0.615767241    
  0.650820553    
  0.664187610    
  0.661246955    
  0.662035823    
  0.670466959    
  0.658655584    
  0.627148151    
  0.569281638    
  0.481400579    
  0.359325260    
  0.291642338    
  0.309690058    
  0.260572493    
  0.309448391    
  0.408644497    
  0.497186661    
  0.568880975    
  0.612412274    
  0.635575116    
  0.624594808    
  0.625049531    
  0.614170253    
  0.634581983    
  0.647215843    
  0.619540393    
  0.589838326    
  0.498468131    
  0.410139859    
  0.305044681    
  0.262881160    
  0.303595811    
  0.357954472    
  0.464199543    
  0.539447367    
  0.570307851    
  0.592441201    
  0.569673359    
  0.561442614    
  0.527191281    
  0.522265077    
  0.557473481    
  0.579775870    
  0.605558634    
  0.586315930    
  0.537409961    
  0.462829471    
  0.358272195    
  0.300376505    
  0.384204090    
  0.447157621    
  0.523621261    
  0.557761431    
  0.566232264    
  0.552697182    
  0.510695636    
  0.444707632    
  0.396192640    
  0.392338514    
  0.445051581    
  0.516887307    
  0.554318607    
  0.585400105    
  0.556669235    
  0.528997779    
  0.448812634    
  0.392903358    
  0.505803108    
  0.536820412    
  0.556823552    
  0.573155344    
  0.547357500    
  0.509943128    
  0.446334630    
  0.340516061    
  0.282321513    
  0.278636187    
  0.337289631    
  0.448964000    
  0.511334360    
  0.552594006    
  0.580892265    
  0.560742795    
  0.542320669    
  0.503711641    
  0.576353729    
  0.591822803    
  0.605085909    
  0.580341458    
  0.521823406    
  0.433429211    
  0.329933524    
  0.294014484    
  0.377422661    
  0.375511825    
  0.299342185    
  0.331453741    
  0.425218880    
  0.526774585    
  0.588954747    
  0.616840899    
  0.597461641    
  0.578530967    
  0.658834457    
  0.655057132    
  0.637880147    
  0.581816614    
  0.493905932    
  0.377053887    
  0.337192923    
  0.377397627    
  0.487690926    
  0.478504390    
  0.380129397    
  0.334173590    
  0.368429840    
  0.496123075    
  0.579356134    
  0.640951753    
  0.651970923    
  0.651101530    
  0.719198406    
  0.697853804    
  0.649083972    
  0.567656100    
  0.442636847    
  0.311218530    
  0.328437537    
  0.513578475    
  0.473807573    
  0.459563792    
  0.516160667    
  0.335242659    
  0.300193727    
  0.441333979    
  0.566920757    
  0.653509617    
  0.689211845    
  0.719402969    
  0.741540909    
  0.712420285    
  0.654922009    
  0.566751778    
  0.380342185    
  0.297525734    
  0.403182000    
  0.489546150    
  0.306507200    
  0.304589748    
  0.482849658    
  0.401599318    
  0.295934260    
  0.382965565    
  0.567525148    
  0.659301937    
  0.708758831    
  0.748210609    
  0.745255172    
  0.709470034    
  0.653363764    
  0.576657355    
  0.384163201    
  0.287459642    
  0.406452775    
  0.475298285    
  0.305457801    
  0.299517274    
  0.471324563    
  0.403124928    
  0.281490743    
  0.380625993    
  0.567050874    
  0.655534506    
  0.707132101    
  0.739172697    
  0.726115584    
  0.693221748    
  0.653937101    
  0.565326154    
  0.441278517    
  0.311012805    
  0.329502106    
  0.511327863    
  0.458058447    
  0.448521256    
  0.523771822    
  0.331030488    
  0.304669887    
  0.442722946    
  0.574350297    
  0.654703498    
  0.689186990    
  0.721262097    
  0.664981484    
  0.655247152    
  0.642632365    
  0.576314449    
  0.503176510    
  0.387294739    
  0.338479638    
  0.379835993    
  0.491052866    
  0.496040642    
  0.385808170    
  0.341618627    
  0.382456928    
  0.503882051    
  0.579748273    
  0.641809940    
  0.660503685    
  0.663770616    
  0.587636769    
  0.596438050    
  0.610387564    
  0.586822391    
  0.533056736    
  0.445948273    
  0.329708278    
  0.290189534    
  0.389212638    
  0.387014508    
  0.293559134    
  0.332641989    
  0.437903404    
  0.530105114    
  0.582762003    
  0.615267694    
  0.603317976    
  0.598180115    
  0.514592230    
  0.548428595    
  0.560368776    
  0.586003304    
  0.555492520    
  0.518262148    
  0.449663252    
  0.332361072    
  0.278054088    
  0.264701247    
  0.334927976    
  0.441387773    
  0.514820755    
  0.559315801    
  0.590088367    
  0.570601523    
  0.546263099    
  0.514370322    
  0.401292026    
  0.451425493    
  0.527627349    
  0.557956874    
  0.580617368    
  0.557687998    
  0.520829916    
  0.439567685    
  0.392243028    
  0.391733319    
  0.451451302    
  0.520209253    
  0.553229809    
  0.585099518    
  0.567445755    
  0.526266217    
  0.442615509    
  0.386138529    
  0.310316294    
  0.355192006    
  0.469084978    
  0.539998829    
  0.572265387    
  0.588361084    
  0.571075916    
  0.551260114    
  0.516127586    
  0.515158594    
  0.553429365    
  0.571382582    
  0.591487527    
  0.575959861    
  0.540376782    
  0.467722505    
  0.356671721    
  0.308956355    
  0.267460078    
  0.307368457    
  0.415028900    
  0.504332781    
  0.577070355    
  0.607049584    
  0.627002418    
  0.620880604    
  0.608091593    
  0.606973290    
  0.608284950    
  0.631117105    
  0.619454145    
  0.573386133    
  0.505653679    
  0.407067478    
  0.310829669    
  0.264200896    
  0.318673939    
  0.284918457    
  0.369108886    
  0.473959446    
  0.567112505    
  0.621686697    
  0.649452090    
  0.649589300    
  0.665838003    
  0.661873937    
  0.667079866    
  0.657470703    
  0.628156185    
  0.576106012    
  0.470577002    
  0.360752583    
  0.286701381    
  0.314128488    
  0.470196784    
  0.350473672    
  0.288410962    
  0.359324068    
  0.511864364    
  0.597326875    
  0.665267289    
  0.675066888    
  0.691157937    
  0.696631849    
  0.693113387    
  0.665649891    
  0.592370689    
  0.511521757    
  0.359220386    
  0.285363644    
  0.354932606    
  0.474543035    
  0.388966620    
  0.301871836    
  0.297234416    
  0.410716683    
  0.523808181    
  0.599627078    
  0.642201483    
  0.662183344    
  0.665835023    
  0.662143409    
  0.671116769    
  0.659013808    
  0.601817191    
  0.534121335    
  0.408370972    
  0.295997649    
  0.305161893    
  0.388583213    
  0.314597338    
  0.293583870    
  0.372564286    
  0.469698578    
  0.540448308    
  0.588430405    
  0.613573611    
  0.597047508    
  0.596103013    
  0.592000663    
  0.609932661    
  0.611038685    
  0.590957403    
  0.547269285    
  0.469922066    
  0.374736369    
  0.288374960    
  0.322141945    
  0.273745507    
  0.337377459    
  0.448407263    
  0.512043715    
  0.554134727    
  0.579297483    
  0.545756519    
  0.536620498    
  0.510135412    
  0.511240184    
  0.534603477    
  0.553227127    
  0.575408101    
  0.557663083    
  0.525236011    
  0.464329153    
  0.338301480    
  0.270335823    
  0.373700023    
  0.442754596    
  0.516380489    
  0.544920027    
  0.564867973    
  0.542149782    
  0.510007858    
  0.439291984    
  0.376461118    
  0.373335451    
  0.433695406    
  0.519679606    
  0.538870275    
  0.570919633    
  0.548531950    
  0.524458051    
  0.438597500    
  0.369032979    
  0.510398507    
  0.535464764    
  0.550205767    
  0.587734699    
  0.554744184    
  0.510428250    
  0.441094220    
  0.342442870    
  0.277853698    
  0.273224145    
  0.332884431    
  0.444950998    
  0.515522838    
  0.558396578    
  0.587776721    
  0.564437926    
  0.542394459    
  0.515001833    
  0.590835273    
  0.609489858    
  0.623697579    
  0.594781101    
  0.539000154    
  0.468933195    
  0.368977904    
  0.281084836    
  0.317762792    
  0.311012685    
  0.289730102    
  0.369129241    
  0.461503118    
  0.539065123    
  0.586801291    
  0.619554579    
  0.603319645    
  0.599330842    
  0.668198109    
  0.668702722    
  0.645402849    
  0.601023316    
  0.524419546    
  0.407068193    
  0.287038863    
  0.304159433    
  0.384419024    
  0.377531677    
  0.301131874    
  0.291796565    
  0.396023631    
  0.526254416    
  0.589340210    
  0.641437471    
  0.666564465    
  0.669142306    
  0.695435584    
  0.687435627    
  0.658030689    
  0.595305264    
  0.518076599    
  0.353054196    
  0.284256309    
  0.356533825    
  0.467390895    
  0.473924339    
  0.356676340    
  0.286813676    
  0.359820306    
  0.507999063    
  0.585235655    
  0.662017047    
  0.688326001    
  0.703880668    
  0.699479163    
  0.689001679    
  0.659755170    
  0.595117092    
  0.509594858    
  0.365209669    
  0.274170488    
  0.352665186    
  0.470683247    
  0.471916616    
  0.359922469    
  0.277245134    
  0.359864324    
  0.508950055    
  0.589567304    
  0.655731559    
  0.689408362    
  0.702408850    
  0.671776950    
  0.667349935    
  0.647020817    
  0.604763031    
  0.529152215    
  0.409280986    
  0.290232122    
  0.307428211    
  0.390321940    
  0.388156623    
  0.310914338    
  0.291361183    
  0.405478507    
  0.535148025    
  0.598038614    
  0.641626060    
  0.666624427    
  0.668274879    
  0.590082347    
  0.602819026    
  0.625008762    
  0.594090641    
  0.544801891    
  0.477477968    
  0.368029416    
  0.290784597    
  0.327242851    
  0.321813822    
  0.291387975    
  0.371913582    
  0.465020746    
  0.552368939    
  0.601946652    
  0.618047357    
  0.611698031    
  0.596554756    
  0.514186263    
  0.544276118    
  0.568652928    
  0.580933571    
  0.554292500    
  0.521104932    
  0.459245443    
  0.339045525    
  0.284604818    
  0.276033998    
  0.337576658    
  0.449269027    
  0.516253412    
  0.562326491    
  0.589102805    
  0.561614513    
  0.541430354    
  0.503755152    
  0.371262819    
  0.438666016    
  0.533097506    
  0.544133365    
  0.570949912    
  0.548203468    
  0.527645111    
  0.434605092    
  0.375491410    
  0.366798192    
  0.443732351    
  0.528466165    
  0.546370268    
  0.572714448    
  0.557349920    
  0.529582977    
  0.440678328    
  0.374134153    
  0.277098238    
  0.333339572    
  0.453288347    
  0.517318428    
  0.560373724    
  0.584369242    
  0.558166325    
  0.527996898    
  0.501513660    
  0.493397504    
  0.534113765    
  0.559848547    
  0.567869127    
  0.558538139    
  0.519144714    
  0.451260149    
  0.336637139    
  0.277579695    
  0.314842373    
  0.286900550    
  0.369761348    
  0.469452024    
  0.542821765    
  0.585686624    
  0.611455262    
  0.596362829    
  0.585829139    
  0.591383100    
  0.601950109    
  0.606701493    
  0.581858993    
  0.542171896    
  0.474019468    
  0.366692066    
  0.293008894    
  0.319166541    
  0.380552441    
  0.310675472    
  0.298352033    
  0.400734425    
  0.525035203    
  0.590956926    
  0.645561874    
  0.662046254    
  0.667860150    
  0.652440488    
  0.658855438    
  0.639181674    
  0.597652912    
  0.530183911    
  0.403265595    
  0.308185846    
  0.301388800    
  0.383200049    
  0.476881266    
  0.355238199    
  0.296814978    
  0.360540956    
  0.517296672    
  0.592218041    
  0.659304202    
  0.680646539    
  0.694411814    
  0.687112808    
  0.686165690    
  0.659234166    
  0.591474593    
  0.515434623    
  0.354505032    
  0.290578634    
  0.356037527    
  0.474183679    
  0.327450126    
  0.481258988    
  0.400405973    
  0.291483313    
  0.378993571    
  0.560293734    
  0.649139166    
  0.697516084    
  0.729783595    
  0.733976066    
  0.710893273    
  0.647922337    
  0.563090861    
  0.378479511    
  0.291948378    
  0.397731364    
  0.491965085    
  0.327393264    
  0.463813096    
  0.521983325    
  0.325694799    
  0.316088140    
  0.432595193    
  0.568704545    
  0.647952974    
  0.694407821    
  0.709704459    
  0.719392180    
  0.698860288    
  0.653685451    
  0.570168912    
  0.441975355    
  0.310650378    
  0.331000566    
  0.511698067    
  0.472549677    
  0.491747439    
  0.375174910    
  0.344435006    
  0.377725780    
  0.503362119    
  0.574452877    
  0.625711858    
  0.652460396    
  0.648058236    
  0.652282059    
  0.659342825    
  0.631428182    
  0.575077355    
  0.504441321    
  0.379392594    
  0.343667120    
  0.374761462    
  0.494069815    
  0.376249343    
  0.292054236    
  0.333083361    
  0.434498847    
  0.520512462    
  0.584833324    
  0.592879593    
  0.588754296    
  0.582674623    
  0.583662927    
  0.590705156    
  0.604145706    
  0.576130927    
  0.531835973    
  0.443130136    
  0.341031909    
  0.288493454    
  0.379971474    
  0.275170118    
  0.342064142    
  0.456307739    
  0.511351347    
  0.550784588    
  0.578626156    
  0.545850873    
  0.536774993    
  0.510473311    
  0.505521119    
  0.538860857    
  0.557951093    
  0.568610132    
  0.553033113    
  0.523402750    
  0.464088917    
  0.341419846    
  0.276065022    
  0.391948909    
  0.445223808    
  0.522425175    
  0.557443917    
  0.572298408    
  0.545316696    
  0.506899357    
  0.448175728    
  0.391856343    
  0.383246154    
  0.434999704    
  0.512257993    
  0.549762011    
  0.584148824    
  0.560575783    
  0.530432940    
  0.439424902    
  0.385993212    
  0.530239701    
  0.559870780    
  0.581731319    
  0.597146153    
  0.575812578    
  0.527047396    
  0.455806404    
  0.357552320    
  0.298317164    
  0.296022534    
  0.350683600    
  0.453590989    
  0.525989950    
  0.573400617    
  0.601135790    
  0.581135094    
  0.556386173    
  0.529597521    
  0.624297023    
  0.629065335    
  0.638129890    
  0.623606861    
  0.571056545    
  0.494729131    
  0.403253227    
  0.304650903    
  0.263915032    
  0.253436178    
  0.301114619    
  0.400494009    
  0.489527404    
  0.572881281    
  0.618562162    
  0.638619900    
  0.627377212    
  0.616756737    
  0.665993690    
  0.663111687    
  0.651999831    
  0.627863646    
  0.562370956    
  0.474354804    
  0.361370891    
  0.289463550    
  0.311309934    
  0.313623667    
  0.284923315    
  0.366853625    
  0.464011163    
  0.562568486    
  0.636821449    
  0.653693736    
  0.663538337    
  0.667959213    
  0.660272896    
  0.666758657    
  0.649574637    
  0.624827683    
  0.565018475    
  0.472636670    
  0.359346241    
  0.290516883    
  0.319611490    
  0.320883095    
  0.290107667    
  0.364746362    
  0.477089971    
  0.571870744    
  0.621303678    
  0.656870484    
  0.665270805    
  0.668645859    
  0.612512946    
  0.631962359    
  0.642755985    
  0.618093371    
  0.577000916    
  0.498754799    
  0.407472879    
  0.308674425    
  0.267999649    
  0.262692600    
  0.312320322    
  0.405937135    
  0.508749902    
  0.579632878    
  0.610582590    
  0.641909480    
  0.618411422    
  0.609946370    
  0.509714663    
  0.559052587    
  0.578299522    
  0.602629304    
  0.578496695    
  0.539283454    
  0.469306171    
  0.362320960    
  0.305890977    
  0.308874398    
  0.366740912    
  0.467511833    
  0.541794598    
  0.587363660    
  0.609293044    
  0.584283173    
  0.543779552    
  0.522836149    
  0.384378761    
  0.447741568    
  0.519406319    
  0.557955801    
  0.586103618    
  0.554243147    
  0.516197741    
  0.447808981    
  0.390539676    
  0.388783664    
  0.448038250    
  0.521647215    
  0.557520390    
  0.584465504    
  0.561177373    
  0.512924016    
  0.443309158    
  0.391069025    
  0.274691075    
  0.327359468    
  0.450039148    
  0.518526793    
  0.552870452    
  0.580361426    
  0.551551282    
  0.538649619    
  0.505797625    
  0.512143493    
  0.531133592    
  0.558169961    
  0.588019907    
  0.562576950    
  0.518698514    
  0.445657969    
  0.337008029    
  0.276705325    
  0.373433083    
  0.293298423    
  0.331714183    
  0.438121080    
  0.522979558    
  0.574563205    
  0.599733353    
  0.591824055    
  0.582169712    
  0.568072915    
  0.588813722    
  0.599958599    
  0.584817231    
  0.528790474    
  0.437004268    
  0.327226132    
  0.293970376    
  0.375760734    
  0.482908696    
  0.376741320    
  0.343064457    
  0.379971534    
  0.505219460    
  0.566311657    
  0.624364913    
  0.652783155    
  0.657868385    
  0.644325733    
  0.644902885    
  0.628811419    
  0.568278909    
  0.502309263    
  0.379203826    
  0.341291487    
  0.371697664    
  0.488386869    
  0.473009020    
  0.518066704    
  0.338421911    
  0.314227343    
  0.447441071    
  0.559502482    
  0.649354875    
  0.700429797    
  0.704344988    
  0.710505486    
  0.697031260    
  0.650626183    
  0.556956589    
  0.444862872    
  0.317442358    
  0.327712506    
  0.515415728    
  0.483063519    
  0.327246696    
  0.488038957    
  0.412335068    
  0.296985120    
  0.381681055    
  0.563003004    
  0.647874832    
  0.702006817    
  0.730255127    
  0.729576051    
  0.712233901    
  0.644033134    
  0.567031562    
  0.380828559    
  0.299145937    
  0.404776663    
  0.500918269    
  0.333158731    
   1.00016179E-04
  0.138488486    
  0.515719175    
  0.354354620    
  0.323639512    
  0.500814974    
  0.644749165    
  0.729308605    
  0.769823909    
  0.772187471    
  0.738576770    
  0.644151568    
  0.502605259    
  0.323961705    
  0.351847589    
  0.524884999    
  0.151282459    
   1.00016179E-04
   7.00550824E-02
  0.610122383    
  0.492871612    
  0.283735603    
  0.348664969    
  0.528333664    
  0.646797597    
  0.709312081    
  0.738700092    
  0.752880991    
  0.722962081    
  0.646124780    
  0.529922605    
  0.358656704    
  0.280064940    
  0.488965571    
  0.622290373    
   7.69175366E-02
  0.477077246    
  0.563562155    
  0.426518679    
  0.305217594    
  0.418715268    
  0.571431637    
  0.641871870    
  0.687338829    
  0.716770530    
  0.703334093    
  0.704412997    
  0.645063818    
  0.563585997    
  0.428276151    
  0.309281051    
  0.428206027    
  0.559538960    
  0.491155356    
  0.493094414    
  0.376946926    
  0.338692158    
  0.374146998    
  0.497272909    
  0.578914583    
  0.628135085    
  0.646587431    
  0.647745013    
  0.655470788    
  0.662098706    
  0.632099807    
  0.570242107    
  0.505846918    
  0.387693316    
  0.338509113    
  0.378290892    
  0.489414513    
  0.314820349    
  0.290210098    
  0.364574641    
  0.461401343    
  0.541865468    
  0.590245426    
  0.605922163    
  0.601849318    
  0.587372363    
  0.587373137    
  0.607474446    
  0.615743816    
  0.588488579    
  0.552929401    
  0.477167934    
  0.372178793    
  0.285034120    
  0.316600442    
  0.299766451    
  0.353999048    
  0.468179554    
  0.532640517    
  0.582421005    
  0.593851745    
  0.565971017    
  0.551338792    
  0.528969586    
  0.527508497    
  0.556200862    
  0.573944330    
  0.605558217    
  0.580111861    
  0.539452553    
  0.464820176    
  0.351984978    
  0.301802397    
  0.469400406    
  0.508800328    
  0.560321271    
  0.598926187    
  0.608810723    
  0.579067469    
  0.540969491    
  0.505413115    
  0.469499558    
  0.457539946    
  0.501152158    
  0.549451888    
  0.588610470    
  0.609414876    
  0.592413425    
  0.560625970    
  0.508795261    
  0.469421476    
  0.586415946    
  0.592023194    
  0.617954493    
  0.644004047    
  0.622376978    
  0.577163577    
  0.523271918    
  0.442376494    
  0.407482058    
  0.404729992    
  0.442079216    
  0.522866786    
  0.581675470    
  0.616111100    
  0.639868081    
  0.622786283    
  0.596535981    
  0.590547740    
  0.618122101    
  0.642578840    
  0.654729962    
  0.645798862    
  0.620024621    
  0.569466770    
  0.492659241    
  0.406482846    
  0.384584457    
  0.382278472    
  0.417346597    
  0.497873843    
  0.567415059    
  0.620172262    
  0.653763115    
  0.656795442    
  0.637743413    
  0.625150502    
  0.624286592    
  0.634639144    
  0.658269942    
  0.647193015    
  0.612355113    
  0.573161662    
  0.503605902    
  0.411636949    
  0.374822021    
  0.373244464    
  0.414175123    
  0.504427969    
  0.576255977    
  0.618212283    
  0.650771081    
  0.655328095    
  0.632275701    
  0.619435489    
  0.579976380    
  0.601441264    
  0.615836084    
  0.628712475    
  0.613792539    
  0.583887398    
  0.532400370    
  0.448945999    
  0.422884852    
  0.418932378    
  0.450303674    
  0.530046344    
  0.587569118    
  0.615974128    
  0.626444936    
  0.612808406    
  0.589400113    
  0.583161354    
  0.458987325    
  0.503141224    
  0.546871006    
  0.593497217    
  0.606470466    
  0.597473145    
  0.563832223    
  0.511722624    
  0.467869341    
  0.468725890    
  0.508521855    
  0.549184024    
  0.593367994    
  0.609421551    
  0.593900800    
  0.541089296    
  0.499909997    
  0.460986137    
  0.301045299    
  0.351447850    
  0.462278306    
  0.530014098    
  0.583015025    
  0.595956683    
  0.578708708    
  0.554481328    
  0.524921238    
  0.527060211    
  0.562838018    
  0.573989332    
  0.594945788    
  0.577822030    
  0.529787779    
  0.455540925    
  0.350584716    
  0.301566392    
  0.315181106    
  0.281507105    
  0.367663205    
  0.469377816    
  0.545929790    
  0.589013338    
  0.612380326    
  0.604140222    
  0.589421809    
  0.585979402    
  0.613081455    
  0.616085470    
  0.594142914    
  0.536979377    
  0.465667993    
  0.369379133    
  0.281991243    
  0.314484358    
  0.485166252    
  0.371919453    
  0.342032284    
  0.372815281    
  0.502923667    
  0.575156808    
  0.631510377    
  0.652315557    
  0.659369528    
  0.654391050    
  0.650342524    
  0.637449563    
  0.575785041    
  0.499754250    
  0.376409203    
  0.342433095    
  0.379049569    
  0.482179850    
  0.489043176    
  0.556204677    
  0.420956522    
  0.311421037    
  0.432715148    
  0.566317439    
  0.639833093    
  0.682546258    
  0.714250565    
  0.713203073    
  0.690735638    
  0.635988474    
  0.568979800    
  0.433694512    
  0.313024253    
  0.418268472    
  0.557462215    
  0.503852606    
   7.43112639E-02
  0.616772175    
  0.492900878    
  0.294331491    
  0.359115869    
  0.532962978    
  0.643667877    
  0.712242246    
  0.748460054    
  0.748536408    
  0.711554825    
  0.637454152    
  0.529597819    
  0.366875976    
  0.291672409    
  0.488983452    
  0.632584810    
   8.32224861E-02
   1.00016179E-04
  0.152239159    
  0.521664083    
  0.357067734    
  0.317836612    
  0.502598405    
  0.637721479    
  0.731067121    
  0.774395883    
  0.766268909    
  0.733590901    
  0.643275678    
  0.507974982    
  0.325515091    
  0.353189319    
  0.528080940    
  0.163776472    
   1.00016179E-04
   1.00016179E-04
   2.28767080E-04
  0.249311119    
  0.405293792    
  0.275276899    
  0.479516625    
  0.641780198    
  0.751205564    
  0.794739962    
  0.794310510    
  0.738923371    
  0.631314456    
  0.482770175    
  0.274440557    
  0.413574666    
  0.264886886    
   3.40195344E-04
   1.00016179E-04
   1.00016179E-04
  0.153176352    
  0.623039484    
  0.360252649    
  0.299520314    
  0.492805243    
  0.637120605    
  0.734824896    
  0.777619362    
  0.775755644    
  0.727868676    
  0.636031032    
  0.489869386    
  0.313932419    
  0.367332011    
  0.629264235    
  0.162875399    
   1.00016179E-04
   6.80819824E-02
  0.611291945    
  0.492435277    
  0.292586267    
  0.351151735    
  0.536299288    
  0.653740227    
  0.718668699    
  0.742070556    
  0.748816788    
  0.713673472    
  0.645037830    
  0.524584115    
  0.364922017    
  0.285062015    
  0.491178453    
  0.619853973    
   7.66191259E-02
  0.461870402    
  0.516336739    
  0.338528484    
  0.308016181    
  0.439380199    
  0.577932060    
  0.650249302    
  0.689689636    
  0.721753538    
  0.712059736    
  0.692731142    
  0.650847733    
  0.569617271    
  0.442433208    
  0.310337931    
  0.329648495    
  0.516643882    
  0.475987703    
  0.384117812    
  0.308380365    
  0.295681179    
  0.402548790    
  0.521571338    
  0.607500255    
  0.643492579    
  0.662409246    
  0.666629732    
  0.672675610    
  0.656281650    
  0.643604219    
  0.597253680    
  0.536692679    
  0.409444720    
  0.292822152    
  0.312463403    
  0.381251842    
  0.268255115    
  0.311314136    
  0.402992427    
  0.498876989    
  0.576467693    
  0.616949618    
  0.633866191    
  0.623352289    
  0.617609560    
  0.622464657    
  0.624749660    
  0.639115095    
  0.614192188    
  0.581500053    
  0.509271979    
  0.403255403    
  0.303567946    
  0.267847568    
  0.407688230    
  0.452618748    
  0.532303572    
  0.582999527    
  0.631143212    
  0.630382240    
  0.619848669    
  0.600271285    
  0.595975757    
  0.586314201    
  0.602048457    
  0.621592879    
  0.633348763    
  0.621662378    
  0.582423985    
  0.527082622    
  0.451999158    
  0.423657864    
  0.558212399    
  0.564934373    
  0.593769491    
  0.638121486    
  0.652276576    
  0.630017996    
  0.594404042    
  0.572519422    
  0.567743361    
  0.558646142    
  0.566340566    
  0.599606812    
  0.636972249    
  0.651832581    
  0.637134016    
  0.596064866    
  0.572847903    
  0.555876315    
  0.605433881    
  0.614744484    
  0.643677771    
  0.660638332    
  0.662111282    
  0.624549210    
  0.591349781    
  0.566993594    
  0.541991949    
  0.539604247    
  0.563547075    
  0.590957463    
  0.621450663    
  0.661443055    
  0.664446354    
  0.647114754    
  0.620697439    
  0.608522952    
  0.603811562    
  0.631475568    
  0.641379654    
  0.657124877    
  0.656058311    
  0.633309007    
  0.593531311    
  0.563397348    
  0.546824813    
  0.547434390    
  0.566502988    
  0.596899390    
  0.615749002    
  0.652614057    
  0.663743556    
  0.641314626    
  0.618478656    
  0.603506505    
  0.552146435    
  0.571787000    
  0.601236939    
  0.631638050    
  0.641107440    
  0.628786564    
  0.599321008    
  0.571769297    
  0.556313932    
  0.556076765    
  0.569003880    
  0.594579875    
  0.623114824    
  0.634758651    
  0.636037886    
  0.594538033    
  0.564229786    
  0.547038853    
  0.404472470    
  0.440664232    
  0.524597585    
  0.575288832    
  0.619294107    
  0.628560185    
  0.622031927    
  0.594709039    
  0.578363180    
  0.588679612    
  0.599830627    
  0.609265029    
  0.624403417    
  0.612277985    
  0.570588410    
  0.519732058    
  0.433390975    
  0.413427979    
  0.262039453    
  0.302994311    
  0.406110108    
  0.497240037    
  0.575692713    
  0.618247747    
  0.641330123    
  0.626008868    
  0.606166661    
  0.612805665    
  0.622332454    
  0.636354744    
  0.607292175    
  0.576044679    
  0.493044257    
  0.392741174    
  0.301287621    
  0.264179468    
  0.379132420    
  0.305118352    
  0.295621127    
  0.406365603    
  0.533710837    
  0.596016109    
  0.645008802    
  0.658681631    
  0.661871374    
  0.671273768    
  0.658905089    
  0.646006048    
  0.593159020    
  0.519228876    
  0.396946341    
  0.297150344    
  0.307415038    
  0.384413421    
  0.473870605    
  0.515578151    
  0.337371886    
  0.305221736    
  0.446337581    
  0.575292587    
  0.647077858    
  0.682187498    
  0.708274186    
  0.711751997    
  0.683085978    
  0.648042977    
  0.564574659    
  0.428732932    
  0.310559213    
  0.332879841    
  0.520724237    
  0.491119206    
   7.53095672E-02
  0.619866431    
  0.498505086    
  0.292243540    
  0.361949146    
  0.539425731    
  0.638028741    
  0.707440078    
  0.743940413    
  0.745123804    
  0.710042894    
  0.642498195    
  0.524857461    
  0.353865504    
  0.295677632    
  0.492213041    
  0.632545054    
   8.16395879E-02
   1.00016179E-04
  0.159643844    
  0.630223036    
  0.375516146    
  0.311775893    
  0.500803590    
  0.639385521    
  0.728413939    
  0.773026466    
  0.783027887    
  0.737902284    
  0.629714906    
  0.495949388    
  0.312164068    
  0.367958099    
  0.630582213    
  0.173929468    
   1.00016179E-04
   1.00016179E-04
   2.81601358E-04
  0.258077651    
  0.415817291    
  0.279752851    
  0.488535166    
  0.639433622    
  0.746355772    
  0.794021547    
  0.784509361    
  0.738981426    
  0.629898190    
  0.489409745    
  0.278329223    
  0.415707678    
  0.275506735    
   4.96687542E-04
   1.00016179E-04
   1.00016179E-04
   1.00016179E-04
   9.58504230E-02
  0.525026858    
  0.295620203    
  0.465982169    
  0.626789868    
  0.752859890    
  0.808558762    
  0.803007662    
  0.731808782    
  0.629123569    
  0.462424397    
  0.296861380    
  0.524776816    
  0.113837913    
   1.00016179E-04
   1.00016179E-04
   1.00016179E-04
   1.38108357E-04
  0.249467552    
  0.410467774    
  0.275717705    
  0.468893111    
  0.632207870    
  0.752471387    
  0.794557273    
  0.791447103    
  0.742077589    
  0.633278787    
  0.477337450    
  0.284586608    
  0.409934491    
  0.265376300    
   3.45321110E-04
   1.00016179E-04
   1.00016179E-04
  0.140899450    
  0.518164158    
  0.361337245    
  0.317399234    
  0.503478169    
  0.648674905    
  0.735660136    
  0.770430684    
  0.773629367    
  0.733408272    
  0.638724983    
  0.506781220    
  0.322352231    
  0.355668128    
  0.521039486    
  0.153744638    
   1.00016179E-04
  0.307444990    
  0.480374545    
  0.409295797    
  0.285303593    
  0.377850413    
  0.573306143    
  0.653981149    
  0.714890063    
  0.735026717    
  0.742741406    
  0.719909668    
  0.663809240    
  0.571849823    
  0.378213018    
  0.291532308    
  0.403732538    
  0.491203249    
  0.310300410    
  0.468983263    
  0.354162395    
  0.283444673    
  0.350272119    
  0.504433036    
  0.592981637    
  0.664388359    
  0.693845809    
  0.704949439    
  0.696665049    
  0.685598314    
  0.654959500    
  0.596721590    
  0.521886230    
  0.352932572    
  0.287492543    
  0.353702217    
  0.479151487    
  0.322894067    
  0.288585752    
  0.356310338    
  0.475706756    
  0.567255318    
  0.627526045    
  0.659102321    
  0.676066637    
  0.675459504    
  0.662444592    
  0.666816831    
  0.655517995    
  0.636654198    
  0.574444532    
  0.483361453    
  0.369453371    
  0.281185180    
  0.329825491    
  0.378729820    
  0.416139394    
  0.499774784    
  0.575471163    
  0.620951176    
  0.654347360    
  0.657485902    
  0.644499600    
  0.635688663    
  0.641709149    
  0.636590958    
  0.649911404    
  0.647201538    
  0.627310574    
  0.578323245    
  0.498233676    
  0.414625973    
  0.382728130    
  0.535670936    
  0.567359090    
  0.594638169    
  0.640151024    
  0.663699508    
  0.662384629    
  0.647348583    
  0.633980274    
  0.622006238    
  0.623500109    
  0.628778696    
  0.650100112    
  0.658869982    
  0.667341590    
  0.639752388    
  0.598651886    
  0.558626652    
  0.546744823    
  0.592960179    
  0.613426805    
  0.649140537    
  0.670242846    
  0.677587628    
  0.663987994    
  0.648638427    
  0.617924035    
  0.606991470    
  0.608209729    
  0.618075371    
  0.641650975    
  0.660469532    
  0.680957258    
  0.670270741    
  0.638561249    
  0.609419167    
  0.588106692    
  0.596306443    
  0.616593897    
  0.639638424    
  0.659544528    
  0.675840974    
  0.665077627    
  0.645192623    
  0.614659667    
  0.602279782    
  0.599955082    
  0.613930583    
  0.642023325    
  0.660120487    
  0.680337191    
  0.664718628    
  0.643521667    
  0.602416158    
  0.595507562    
  0.536296189    
  0.560048819    
  0.593927979    
  0.621748447    
  0.673696160    
  0.665348470    
  0.647313833    
  0.629299819    
  0.609870076    
  0.612321496    
  0.626732230    
  0.633554637    
  0.644222081    
  0.649440408    
  0.625927389    
  0.588839233    
  0.553045630    
  0.539069355    
  0.375090718    
  0.401636690    
  0.494594991    
  0.568244636    
  0.620612323    
  0.647469819    
  0.655826330    
  0.640196562    
  0.628856480    
  0.623889506    
  0.640185535    
  0.651555598    
  0.638362229    
  0.600863159    
  0.562421501    
  0.486328751    
  0.403762668    
  0.372503102    
  0.315408260    
  0.291847497    
  0.355823249    
  0.470264286    
  0.568840802    
  0.623495817    
  0.664059937    
  0.663267255    
  0.666585088    
  0.661204219    
  0.657824397    
  0.654147685    
  0.621313512    
  0.553043902    
  0.459432185    
  0.353644848    
  0.290675819    
  0.321863115    
  0.474547535    
  0.360614419    
  0.282849729    
  0.352536798    
  0.511212230    
  0.596248567    
  0.658424616    
  0.685213208    
  0.692938268    
  0.696605384    
  0.683519661    
  0.656152606    
  0.598699808    
  0.509270787    
  0.358953923    
  0.286868691    
  0.358394772    
  0.480777234    
  0.324937969    
  0.483456075    
  0.409006834    
  0.294648290    
  0.379446536    
  0.568935692    
  0.650067568    
  0.705361724    
  0.718717873    
  0.737267375    
  0.703350127    
  0.643909931    
  0.563257515    
  0.378707260    
  0.295835614    
  0.411531448    
  0.499419391    
  0.329530329    
   1.00016179E-04
  0.150599539    
  0.519430757    
  0.352757931    
  0.320377916    
  0.510727465    
  0.646686137    
  0.730393112    
  0.763739824    
  0.766428947    
  0.733886123    
  0.638600528    
  0.508355796    
  0.323105603    
  0.351398021    
  0.529376864    
  0.162922159    
   1.00016179E-04
   1.00016179E-04
   3.29764094E-04
  0.254141152    
  0.411360055    
  0.272676349    
  0.483057588    
  0.636731029    
  0.746732473    
  0.797314048    
  0.784316659    
  0.734860837    
  0.635768294    
  0.486526757    
  0.279187381    
  0.420140207    
  0.275217682    
   4.89071885E-04
   1.00016179E-04
   1.00016179E-04
   1.00016179E-04
   9.63507593E-02
  0.518688262    
  0.296458453    
  0.473731488    
  0.633832455    
  0.746546626    
  0.809466064    
  0.802304149    
  0.741613150    
  0.633779347    
  0.469654411    
  0.298261911    
  0.522640049    
  0.113899492    
   1.00016179E-04
   1.00016179E-04
