# vtk DataFile Version 2.0
entpy
ASCII
DATASET STRUCTURED_GRID 
DIMENSIONS   19    19    19
POINTS     6859 float
   0.0000000000000000            0.0000000000000000            0.0000000000000000     
   0.0000000000000000            0.0000000000000000           0.17405958087463577     
   0.0000000000000000            0.0000000000000000           0.34811916174927154     
   0.0000000000000000            0.0000000000000000           0.52217874262390729     
   0.0000000000000000            0.0000000000000000           0.69623832349854309     
   0.0000000000000000            0.0000000000000000           0.87029790437317889     
   0.0000000000000000            0.0000000000000000            1.0443574852478146     
   0.0000000000000000            0.0000000000000000            1.2184170661224505     
   0.0000000000000000            0.0000000000000000            1.3924766469970862     
   0.0000000000000000            0.0000000000000000            1.5665362278717216     
   0.0000000000000000            0.0000000000000000            1.7405958087463578     
   0.0000000000000000            0.0000000000000000            1.9146553896209932     
   0.0000000000000000            0.0000000000000000            2.0887149704956292     
   0.0000000000000000            0.0000000000000000            2.2627745513702648     
   0.0000000000000000            0.0000000000000000            2.4368341322449010     
   0.0000000000000000            0.0000000000000000            2.6108937131195367     
   0.0000000000000000            0.0000000000000000            2.7849532939941724     
   0.0000000000000000            0.0000000000000000            2.9590128748688080     
   0.0000000000000000            0.0000000000000000            3.1330724557434433     
   0.0000000000000000           0.13924766469970859            0.0000000000000000     
   0.0000000000000000           0.13924766469970859           0.17405958087463577     
   0.0000000000000000           0.13924766469970859           0.34811916174927154     
   0.0000000000000000           0.13924766469970859           0.52217874262390729     
   0.0000000000000000           0.13924766469970859           0.69623832349854309     
   0.0000000000000000           0.13924766469970859           0.87029790437317889     
   0.0000000000000000           0.13924766469970859            1.0443574852478146     
   0.0000000000000000           0.13924766469970859            1.2184170661224505     
   0.0000000000000000           0.13924766469970859            1.3924766469970862     
   0.0000000000000000           0.13924766469970859            1.5665362278717216     
   0.0000000000000000           0.13924766469970859            1.7405958087463578     
   0.0000000000000000           0.13924766469970859            1.9146553896209932     
   0.0000000000000000           0.13924766469970859            2.0887149704956292     
   0.0000000000000000           0.13924766469970859            2.2627745513702648     
   0.0000000000000000           0.13924766469970859            2.4368341322449010     
   0.0000000000000000           0.13924766469970859            2.6108937131195367     
   0.0000000000000000           0.13924766469970859            2.7849532939941724     
   0.0000000000000000           0.13924766469970859            2.9590128748688080     
   0.0000000000000000           0.13924766469970859            3.1330724557434433     
   0.0000000000000000           0.27849532939941718            0.0000000000000000     
   0.0000000000000000           0.27849532939941718           0.17405958087463577     
   0.0000000000000000           0.27849532939941718           0.34811916174927154     
   0.0000000000000000           0.27849532939941718           0.52217874262390729     
   0.0000000000000000           0.27849532939941718           0.69623832349854309     
   0.0000000000000000           0.27849532939941718           0.87029790437317889     
   0.0000000000000000           0.27849532939941718            1.0443574852478146     
   0.0000000000000000           0.27849532939941718            1.2184170661224505     
   0.0000000000000000           0.27849532939941718            1.3924766469970862     
   0.0000000000000000           0.27849532939941718            1.5665362278717216     
   0.0000000000000000           0.27849532939941718            1.7405958087463578     
   0.0000000000000000           0.27849532939941718            1.9146553896209932     
   0.0000000000000000           0.27849532939941718            2.0887149704956292     
   0.0000000000000000           0.27849532939941718            2.2627745513702648     
   0.0000000000000000           0.27849532939941718            2.4368341322449010     
   0.0000000000000000           0.27849532939941718            2.6108937131195367     
   0.0000000000000000           0.27849532939941718            2.7849532939941724     
   0.0000000000000000           0.27849532939941718            2.9590128748688080     
   0.0000000000000000           0.27849532939941718            3.1330724557434433     
   0.0000000000000000           0.41774299409912580            0.0000000000000000     
   0.0000000000000000           0.41774299409912580           0.17405958087463577     
   0.0000000000000000           0.41774299409912580           0.34811916174927154     
   0.0000000000000000           0.41774299409912580           0.52217874262390729     
   0.0000000000000000           0.41774299409912580           0.69623832349854309     
   0.0000000000000000           0.41774299409912580           0.87029790437317889     
   0.0000000000000000           0.41774299409912580            1.0443574852478146     
   0.0000000000000000           0.41774299409912580            1.2184170661224505     
   0.0000000000000000           0.41774299409912580            1.3924766469970862     
   0.0000000000000000           0.41774299409912580            1.5665362278717216     
   0.0000000000000000           0.41774299409912580            1.7405958087463578     
   0.0000000000000000           0.41774299409912580            1.9146553896209932     
   0.0000000000000000           0.41774299409912580            2.0887149704956292     
   0.0000000000000000           0.41774299409912580            2.2627745513702648     
   0.0000000000000000           0.41774299409912580            2.4368341322449010     
   0.0000000000000000           0.41774299409912580            2.6108937131195367     
   0.0000000000000000           0.41774299409912580            2.7849532939941724     
   0.0000000000000000           0.41774299409912580            2.9590128748688080     
   0.0000000000000000           0.41774299409912580            3.1330724557434433     
   0.0000000000000000           0.55699065879883436            0.0000000000000000     
   0.0000000000000000           0.55699065879883436           0.17405958087463577     
   0.0000000000000000           0.55699065879883436           0.34811916174927154     
   0.0000000000000000           0.55699065879883436           0.52217874262390729     
   0.0000000000000000           0.55699065879883436           0.69623832349854309     
   0.0000000000000000           0.55699065879883436           0.87029790437317889     
   0.0000000000000000           0.55699065879883436            1.0443574852478146     
   0.0000000000000000           0.55699065879883436            1.2184170661224505     
   0.0000000000000000           0.55699065879883436            1.3924766469970862     
   0.0000000000000000           0.55699065879883436            1.5665362278717216     
   0.0000000000000000           0.55699065879883436            1.7405958087463578     
   0.0000000000000000           0.55699065879883436            1.9146553896209932     
   0.0000000000000000           0.55699065879883436            2.0887149704956292     
   0.0000000000000000           0.55699065879883436            2.2627745513702648     
   0.0000000000000000           0.55699065879883436            2.4368341322449010     
   0.0000000000000000           0.55699065879883436            2.6108937131195367     
   0.0000000000000000           0.55699065879883436            2.7849532939941724     
   0.0000000000000000           0.55699065879883436            2.9590128748688080     
   0.0000000000000000           0.55699065879883436            3.1330724557434433     
   0.0000000000000000           0.69623832349854298            0.0000000000000000     
   0.0000000000000000           0.69623832349854298           0.17405958087463577     
   0.0000000000000000           0.69623832349854298           0.34811916174927154     
   0.0000000000000000           0.69623832349854298           0.52217874262390729     
   0.0000000000000000           0.69623832349854298           0.69623832349854309     
   0.0000000000000000           0.69623832349854298           0.87029790437317889     
   0.0000000000000000           0.69623832349854298            1.0443574852478146     
   0.0000000000000000           0.69623832349854298            1.2184170661224505     
   0.0000000000000000           0.69623832349854298            1.3924766469970862     
   0.0000000000000000           0.69623832349854298            1.5665362278717216     
   0.0000000000000000           0.69623832349854298            1.7405958087463578     
   0.0000000000000000           0.69623832349854298            1.9146553896209932     
   0.0000000000000000           0.69623832349854298            2.0887149704956292     
   0.0000000000000000           0.69623832349854298            2.2627745513702648     
   0.0000000000000000           0.69623832349854298            2.4368341322449010     
   0.0000000000000000           0.69623832349854298            2.6108937131195367     
   0.0000000000000000           0.69623832349854298            2.7849532939941724     
   0.0000000000000000           0.69623832349854298            2.9590128748688080     
   0.0000000000000000           0.69623832349854298            3.1330724557434433     
   0.0000000000000000           0.83548598819825159            0.0000000000000000     
   0.0000000000000000           0.83548598819825159           0.17405958087463577     
   0.0000000000000000           0.83548598819825159           0.34811916174927154     
   0.0000000000000000           0.83548598819825159           0.52217874262390729     
   0.0000000000000000           0.83548598819825159           0.69623832349854309     
   0.0000000000000000           0.83548598819825159           0.87029790437317889     
   0.0000000000000000           0.83548598819825159            1.0443574852478146     
   0.0000000000000000           0.83548598819825159            1.2184170661224505     
   0.0000000000000000           0.83548598819825159            1.3924766469970862     
   0.0000000000000000           0.83548598819825159            1.5665362278717216     
   0.0000000000000000           0.83548598819825159            1.7405958087463578     
   0.0000000000000000           0.83548598819825159            1.9146553896209932     
   0.0000000000000000           0.83548598819825159            2.0887149704956292     
   0.0000000000000000           0.83548598819825159            2.2627745513702648     
   0.0000000000000000           0.83548598819825159            2.4368341322449010     
   0.0000000000000000           0.83548598819825159            2.6108937131195367     
   0.0000000000000000           0.83548598819825159            2.7849532939941724     
   0.0000000000000000           0.83548598819825159            2.9590128748688080     
   0.0000000000000000           0.83548598819825159            3.1330724557434433     
   0.0000000000000000           0.97473365289796032            0.0000000000000000     
   0.0000000000000000           0.97473365289796032           0.17405958087463577     
   0.0000000000000000           0.97473365289796032           0.34811916174927154     
   0.0000000000000000           0.97473365289796032           0.52217874262390729     
   0.0000000000000000           0.97473365289796032           0.69623832349854309     
   0.0000000000000000           0.97473365289796032           0.87029790437317889     
   0.0000000000000000           0.97473365289796032            1.0443574852478146     
   0.0000000000000000           0.97473365289796032            1.2184170661224505     
   0.0000000000000000           0.97473365289796032            1.3924766469970862     
   0.0000000000000000           0.97473365289796032            1.5665362278717216     
   0.0000000000000000           0.97473365289796032            1.7405958087463578     
   0.0000000000000000           0.97473365289796032            1.9146553896209932     
   0.0000000000000000           0.97473365289796032            2.0887149704956292     
   0.0000000000000000           0.97473365289796032            2.2627745513702648     
   0.0000000000000000           0.97473365289796032            2.4368341322449010     
   0.0000000000000000           0.97473365289796032            2.6108937131195367     
   0.0000000000000000           0.97473365289796032            2.7849532939941724     
   0.0000000000000000           0.97473365289796032            2.9590128748688080     
   0.0000000000000000           0.97473365289796032            3.1330724557434433     
   0.0000000000000000            1.1139813175976687            0.0000000000000000     
   0.0000000000000000            1.1139813175976687           0.17405958087463577     
   0.0000000000000000            1.1139813175976687           0.34811916174927154     
   0.0000000000000000            1.1139813175976687           0.52217874262390729     
   0.0000000000000000            1.1139813175976687           0.69623832349854309     
   0.0000000000000000            1.1139813175976687           0.87029790437317889     
   0.0000000000000000            1.1139813175976687            1.0443574852478146     
   0.0000000000000000            1.1139813175976687            1.2184170661224505     
   0.0000000000000000            1.1139813175976687            1.3924766469970862     
   0.0000000000000000            1.1139813175976687            1.5665362278717216     
   0.0000000000000000            1.1139813175976687            1.7405958087463578     
   0.0000000000000000            1.1139813175976687            1.9146553896209932     
   0.0000000000000000            1.1139813175976687            2.0887149704956292     
   0.0000000000000000            1.1139813175976687            2.2627745513702648     
   0.0000000000000000            1.1139813175976687            2.4368341322449010     
   0.0000000000000000            1.1139813175976687            2.6108937131195367     
   0.0000000000000000            1.1139813175976687            2.7849532939941724     
   0.0000000000000000            1.1139813175976687            2.9590128748688080     
   0.0000000000000000            1.1139813175976687            3.1330724557434433     
   0.0000000000000000            1.2532289822973772            0.0000000000000000     
   0.0000000000000000            1.2532289822973772           0.17405958087463577     
   0.0000000000000000            1.2532289822973772           0.34811916174927154     
   0.0000000000000000            1.2532289822973772           0.52217874262390729     
   0.0000000000000000            1.2532289822973772           0.69623832349854309     
   0.0000000000000000            1.2532289822973772           0.87029790437317889     
   0.0000000000000000            1.2532289822973772            1.0443574852478146     
   0.0000000000000000            1.2532289822973772            1.2184170661224505     
   0.0000000000000000            1.2532289822973772            1.3924766469970862     
   0.0000000000000000            1.2532289822973772            1.5665362278717216     
   0.0000000000000000            1.2532289822973772            1.7405958087463578     
   0.0000000000000000            1.2532289822973772            1.9146553896209932     
   0.0000000000000000            1.2532289822973772            2.0887149704956292     
   0.0000000000000000            1.2532289822973772            2.2627745513702648     
   0.0000000000000000            1.2532289822973772            2.4368341322449010     
   0.0000000000000000            1.2532289822973772            2.6108937131195367     
   0.0000000000000000            1.2532289822973772            2.7849532939941724     
   0.0000000000000000            1.2532289822973772            2.9590128748688080     
   0.0000000000000000            1.2532289822973772            3.1330724557434433     
   0.0000000000000000            1.3924766469970860            0.0000000000000000     
   0.0000000000000000            1.3924766469970860           0.17405958087463577     
   0.0000000000000000            1.3924766469970860           0.34811916174927154     
   0.0000000000000000            1.3924766469970860           0.52217874262390729     
   0.0000000000000000            1.3924766469970860           0.69623832349854309     
   0.0000000000000000            1.3924766469970860           0.87029790437317889     
   0.0000000000000000            1.3924766469970860            1.0443574852478146     
   0.0000000000000000            1.3924766469970860            1.2184170661224505     
   0.0000000000000000            1.3924766469970860            1.3924766469970862     
   0.0000000000000000            1.3924766469970860            1.5665362278717216     
   0.0000000000000000            1.3924766469970860            1.7405958087463578     
   0.0000000000000000            1.3924766469970860            1.9146553896209932     
   0.0000000000000000            1.3924766469970860            2.0887149704956292     
   0.0000000000000000            1.3924766469970860            2.2627745513702648     
   0.0000000000000000            1.3924766469970860            2.4368341322449010     
   0.0000000000000000            1.3924766469970860            2.6108937131195367     
   0.0000000000000000            1.3924766469970860            2.7849532939941724     
   0.0000000000000000            1.3924766469970860            2.9590128748688080     
   0.0000000000000000            1.3924766469970860            3.1330724557434433     
   0.0000000000000000            1.5317243116967947            0.0000000000000000     
   0.0000000000000000            1.5317243116967947           0.17405958087463577     
   0.0000000000000000            1.5317243116967947           0.34811916174927154     
   0.0000000000000000            1.5317243116967947           0.52217874262390729     
   0.0000000000000000            1.5317243116967947           0.69623832349854309     
   0.0000000000000000            1.5317243116967947           0.87029790437317889     
   0.0000000000000000            1.5317243116967947            1.0443574852478146     
   0.0000000000000000            1.5317243116967947            1.2184170661224505     
   0.0000000000000000            1.5317243116967947            1.3924766469970862     
   0.0000000000000000            1.5317243116967947            1.5665362278717216     
   0.0000000000000000            1.5317243116967947            1.7405958087463578     
   0.0000000000000000            1.5317243116967947            1.9146553896209932     
   0.0000000000000000            1.5317243116967947            2.0887149704956292     
   0.0000000000000000            1.5317243116967947            2.2627745513702648     
   0.0000000000000000            1.5317243116967947            2.4368341322449010     
   0.0000000000000000            1.5317243116967947            2.6108937131195367     
   0.0000000000000000            1.5317243116967947            2.7849532939941724     
   0.0000000000000000            1.5317243116967947            2.9590128748688080     
   0.0000000000000000            1.5317243116967947            3.1330724557434433     
   0.0000000000000000            1.6709719763965032            0.0000000000000000     
   0.0000000000000000            1.6709719763965032           0.17405958087463577     
   0.0000000000000000            1.6709719763965032           0.34811916174927154     
   0.0000000000000000            1.6709719763965032           0.52217874262390729     
   0.0000000000000000            1.6709719763965032           0.69623832349854309     
   0.0000000000000000            1.6709719763965032           0.87029790437317889     
   0.0000000000000000            1.6709719763965032            1.0443574852478146     
   0.0000000000000000            1.6709719763965032            1.2184170661224505     
   0.0000000000000000            1.6709719763965032            1.3924766469970862     
   0.0000000000000000            1.6709719763965032            1.5665362278717216     
   0.0000000000000000            1.6709719763965032            1.7405958087463578     
   0.0000000000000000            1.6709719763965032            1.9146553896209932     
   0.0000000000000000            1.6709719763965032            2.0887149704956292     
   0.0000000000000000            1.6709719763965032            2.2627745513702648     
   0.0000000000000000            1.6709719763965032            2.4368341322449010     
   0.0000000000000000            1.6709719763965032            2.6108937131195367     
   0.0000000000000000            1.6709719763965032            2.7849532939941724     
   0.0000000000000000            1.6709719763965032            2.9590128748688080     
   0.0000000000000000            1.6709719763965032            3.1330724557434433     
   0.0000000000000000            1.8102196410962119            0.0000000000000000     
   0.0000000000000000            1.8102196410962119           0.17405958087463577     
   0.0000000000000000            1.8102196410962119           0.34811916174927154     
   0.0000000000000000            1.8102196410962119           0.52217874262390729     
   0.0000000000000000            1.8102196410962119           0.69623832349854309     
   0.0000000000000000            1.8102196410962119           0.87029790437317889     
   0.0000000000000000            1.8102196410962119            1.0443574852478146     
   0.0000000000000000            1.8102196410962119            1.2184170661224505     
   0.0000000000000000            1.8102196410962119            1.3924766469970862     
   0.0000000000000000            1.8102196410962119            1.5665362278717216     
   0.0000000000000000            1.8102196410962119            1.7405958087463578     
   0.0000000000000000            1.8102196410962119            1.9146553896209932     
   0.0000000000000000            1.8102196410962119            2.0887149704956292     
   0.0000000000000000            1.8102196410962119            2.2627745513702648     
   0.0000000000000000            1.8102196410962119            2.4368341322449010     
   0.0000000000000000            1.8102196410962119            2.6108937131195367     
   0.0000000000000000            1.8102196410962119            2.7849532939941724     
   0.0000000000000000            1.8102196410962119            2.9590128748688080     
   0.0000000000000000            1.8102196410962119            3.1330724557434433     
   0.0000000000000000            1.9494673057959206            0.0000000000000000     
   0.0000000000000000            1.9494673057959206           0.17405958087463577     
   0.0000000000000000            1.9494673057959206           0.34811916174927154     
   0.0000000000000000            1.9494673057959206           0.52217874262390729     
   0.0000000000000000            1.9494673057959206           0.69623832349854309     
   0.0000000000000000            1.9494673057959206           0.87029790437317889     
   0.0000000000000000            1.9494673057959206            1.0443574852478146     
   0.0000000000000000            1.9494673057959206            1.2184170661224505     
   0.0000000000000000            1.9494673057959206            1.3924766469970862     
   0.0000000000000000            1.9494673057959206            1.5665362278717216     
   0.0000000000000000            1.9494673057959206            1.7405958087463578     
   0.0000000000000000            1.9494673057959206            1.9146553896209932     
   0.0000000000000000            1.9494673057959206            2.0887149704956292     
   0.0000000000000000            1.9494673057959206            2.2627745513702648     
   0.0000000000000000            1.9494673057959206            2.4368341322449010     
   0.0000000000000000            1.9494673057959206            2.6108937131195367     
   0.0000000000000000            1.9494673057959206            2.7849532939941724     
   0.0000000000000000            1.9494673057959206            2.9590128748688080     
   0.0000000000000000            1.9494673057959206            3.1330724557434433     
   0.0000000000000000            2.0887149704956292            0.0000000000000000     
   0.0000000000000000            2.0887149704956292           0.17405958087463577     
   0.0000000000000000            2.0887149704956292           0.34811916174927154     
   0.0000000000000000            2.0887149704956292           0.52217874262390729     
   0.0000000000000000            2.0887149704956292           0.69623832349854309     
   0.0000000000000000            2.0887149704956292           0.87029790437317889     
   0.0000000000000000            2.0887149704956292            1.0443574852478146     
   0.0000000000000000            2.0887149704956292            1.2184170661224505     
   0.0000000000000000            2.0887149704956292            1.3924766469970862     
   0.0000000000000000            2.0887149704956292            1.5665362278717216     
   0.0000000000000000            2.0887149704956292            1.7405958087463578     
   0.0000000000000000            2.0887149704956292            1.9146553896209932     
   0.0000000000000000            2.0887149704956292            2.0887149704956292     
   0.0000000000000000            2.0887149704956292            2.2627745513702648     
   0.0000000000000000            2.0887149704956292            2.4368341322449010     
   0.0000000000000000            2.0887149704956292            2.6108937131195367     
   0.0000000000000000            2.0887149704956292            2.7849532939941724     
   0.0000000000000000            2.0887149704956292            2.9590128748688080     
   0.0000000000000000            2.0887149704956292            3.1330724557434433     
   0.0000000000000000            2.2279626351953374            0.0000000000000000     
   0.0000000000000000            2.2279626351953374           0.17405958087463577     
   0.0000000000000000            2.2279626351953374           0.34811916174927154     
   0.0000000000000000            2.2279626351953374           0.52217874262390729     
   0.0000000000000000            2.2279626351953374           0.69623832349854309     
   0.0000000000000000            2.2279626351953374           0.87029790437317889     
   0.0000000000000000            2.2279626351953374            1.0443574852478146     
   0.0000000000000000            2.2279626351953374            1.2184170661224505     
   0.0000000000000000            2.2279626351953374            1.3924766469970862     
   0.0000000000000000            2.2279626351953374            1.5665362278717216     
   0.0000000000000000            2.2279626351953374            1.7405958087463578     
   0.0000000000000000            2.2279626351953374            1.9146553896209932     
   0.0000000000000000            2.2279626351953374            2.0887149704956292     
   0.0000000000000000            2.2279626351953374            2.2627745513702648     
   0.0000000000000000            2.2279626351953374            2.4368341322449010     
   0.0000000000000000            2.2279626351953374            2.6108937131195367     
   0.0000000000000000            2.2279626351953374            2.7849532939941724     
   0.0000000000000000            2.2279626351953374            2.9590128748688080     
   0.0000000000000000            2.2279626351953374            3.1330724557434433     
   0.0000000000000000            2.3672102998950462            0.0000000000000000     
   0.0000000000000000            2.3672102998950462           0.17405958087463577     
   0.0000000000000000            2.3672102998950462           0.34811916174927154     
   0.0000000000000000            2.3672102998950462           0.52217874262390729     
   0.0000000000000000            2.3672102998950462           0.69623832349854309     
   0.0000000000000000            2.3672102998950462           0.87029790437317889     
   0.0000000000000000            2.3672102998950462            1.0443574852478146     
   0.0000000000000000            2.3672102998950462            1.2184170661224505     
   0.0000000000000000            2.3672102998950462            1.3924766469970862     
   0.0000000000000000            2.3672102998950462            1.5665362278717216     
   0.0000000000000000            2.3672102998950462            1.7405958087463578     
   0.0000000000000000            2.3672102998950462            1.9146553896209932     
   0.0000000000000000            2.3672102998950462            2.0887149704956292     
   0.0000000000000000            2.3672102998950462            2.2627745513702648     
   0.0000000000000000            2.3672102998950462            2.4368341322449010     
   0.0000000000000000            2.3672102998950462            2.6108937131195367     
   0.0000000000000000            2.3672102998950462            2.7849532939941724     
   0.0000000000000000            2.3672102998950462            2.9590128748688080     
   0.0000000000000000            2.3672102998950462            3.1330724557434433     
   0.0000000000000000            2.5064579645947545            0.0000000000000000     
   0.0000000000000000            2.5064579645947545           0.17405958087463577     
   0.0000000000000000            2.5064579645947545           0.34811916174927154     
   0.0000000000000000            2.5064579645947545           0.52217874262390729     
   0.0000000000000000            2.5064579645947545           0.69623832349854309     
   0.0000000000000000            2.5064579645947545           0.87029790437317889     
   0.0000000000000000            2.5064579645947545            1.0443574852478146     
   0.0000000000000000            2.5064579645947545            1.2184170661224505     
   0.0000000000000000            2.5064579645947545            1.3924766469970862     
   0.0000000000000000            2.5064579645947545            1.5665362278717216     
   0.0000000000000000            2.5064579645947545            1.7405958087463578     
   0.0000000000000000            2.5064579645947545            1.9146553896209932     
   0.0000000000000000            2.5064579645947545            2.0887149704956292     
   0.0000000000000000            2.5064579645947545            2.2627745513702648     
   0.0000000000000000            2.5064579645947545            2.4368341322449010     
   0.0000000000000000            2.5064579645947545            2.6108937131195367     
   0.0000000000000000            2.5064579645947545            2.7849532939941724     
   0.0000000000000000            2.5064579645947545            2.9590128748688080     
   0.0000000000000000            2.5064579645947545            3.1330724557434433     
  0.13924766469970859            0.0000000000000000            0.0000000000000000     
  0.13924766469970859            0.0000000000000000           0.17405958087463577     
  0.13924766469970859            0.0000000000000000           0.34811916174927154     
  0.13924766469970859            0.0000000000000000           0.52217874262390729     
  0.13924766469970859            0.0000000000000000           0.69623832349854309     
  0.13924766469970859            0.0000000000000000           0.87029790437317889     
  0.13924766469970859            0.0000000000000000            1.0443574852478146     
  0.13924766469970859            0.0000000000000000            1.2184170661224505     
  0.13924766469970859            0.0000000000000000            1.3924766469970862     
  0.13924766469970859            0.0000000000000000            1.5665362278717216     
  0.13924766469970859            0.0000000000000000            1.7405958087463578     
  0.13924766469970859            0.0000000000000000            1.9146553896209932     
  0.13924766469970859            0.0000000000000000            2.0887149704956292     
  0.13924766469970859            0.0000000000000000            2.2627745513702648     
  0.13924766469970859            0.0000000000000000            2.4368341322449010     
  0.13924766469970859            0.0000000000000000            2.6108937131195367     
  0.13924766469970859            0.0000000000000000            2.7849532939941724     
  0.13924766469970859            0.0000000000000000            2.9590128748688080     
  0.13924766469970859            0.0000000000000000            3.1330724557434433     
  0.13924766469970859           0.13924766469970859            0.0000000000000000     
  0.13924766469970859           0.13924766469970859           0.17405958087463577     
  0.13924766469970859           0.13924766469970859           0.34811916174927154     
  0.13924766469970859           0.13924766469970859           0.52217874262390729     
  0.13924766469970859           0.13924766469970859           0.69623832349854309     
  0.13924766469970859           0.13924766469970859           0.87029790437317889     
  0.13924766469970859           0.13924766469970859            1.0443574852478146     
  0.13924766469970859           0.13924766469970859            1.2184170661224505     
  0.13924766469970859           0.13924766469970859            1.3924766469970862     
  0.13924766469970859           0.13924766469970859            1.5665362278717216     
  0.13924766469970859           0.13924766469970859            1.7405958087463578     
  0.13924766469970859           0.13924766469970859            1.9146553896209932     
  0.13924766469970859           0.13924766469970859            2.0887149704956292     
  0.13924766469970859           0.13924766469970859            2.2627745513702648     
  0.13924766469970859           0.13924766469970859            2.4368341322449010     
  0.13924766469970859           0.13924766469970859            2.6108937131195367     
  0.13924766469970859           0.13924766469970859            2.7849532939941724     
  0.13924766469970859           0.13924766469970859            2.9590128748688080     
  0.13924766469970859           0.13924766469970859            3.1330724557434433     
  0.13924766469970859           0.27849532939941718            0.0000000000000000     
  0.13924766469970859           0.27849532939941718           0.17405958087463577     
  0.13924766469970859           0.27849532939941718           0.34811916174927154     
  0.13924766469970859           0.27849532939941718           0.52217874262390729     
  0.13924766469970859           0.27849532939941718           0.69623832349854309     
  0.13924766469970859           0.27849532939941718           0.87029790437317889     
  0.13924766469970859           0.27849532939941718            1.0443574852478146     
  0.13924766469970859           0.27849532939941718            1.2184170661224505     
  0.13924766469970859           0.27849532939941718            1.3924766469970862     
  0.13924766469970859           0.27849532939941718            1.5665362278717216     
  0.13924766469970859           0.27849532939941718            1.7405958087463578     
  0.13924766469970859           0.27849532939941718            1.9146553896209932     
  0.13924766469970859           0.27849532939941718            2.0887149704956292     
  0.13924766469970859           0.27849532939941718            2.2627745513702648     
  0.13924766469970859           0.27849532939941718            2.4368341322449010     
  0.13924766469970859           0.27849532939941718            2.6108937131195367     
  0.13924766469970859           0.27849532939941718            2.7849532939941724     
  0.13924766469970859           0.27849532939941718            2.9590128748688080     
  0.13924766469970859           0.27849532939941718            3.1330724557434433     
  0.13924766469970859           0.41774299409912580            0.0000000000000000     
  0.13924766469970859           0.41774299409912580           0.17405958087463577     
  0.13924766469970859           0.41774299409912580           0.34811916174927154     
  0.13924766469970859           0.41774299409912580           0.52217874262390729     
  0.13924766469970859           0.41774299409912580           0.69623832349854309     
  0.13924766469970859           0.41774299409912580           0.87029790437317889     
  0.13924766469970859           0.41774299409912580            1.0443574852478146     
  0.13924766469970859           0.41774299409912580            1.2184170661224505     
  0.13924766469970859           0.41774299409912580            1.3924766469970862     
  0.13924766469970859           0.41774299409912580            1.5665362278717216     
  0.13924766469970859           0.41774299409912580            1.7405958087463578     
  0.13924766469970859           0.41774299409912580            1.9146553896209932     
  0.13924766469970859           0.41774299409912580            2.0887149704956292     
  0.13924766469970859           0.41774299409912580            2.2627745513702648     
  0.13924766469970859           0.41774299409912580            2.4368341322449010     
  0.13924766469970859           0.41774299409912580            2.6108937131195367     
  0.13924766469970859           0.41774299409912580            2.7849532939941724     
  0.13924766469970859           0.41774299409912580            2.9590128748688080     
  0.13924766469970859           0.41774299409912580            3.1330724557434433     
  0.13924766469970859           0.55699065879883436            0.0000000000000000     
  0.13924766469970859           0.55699065879883436           0.17405958087463577     
  0.13924766469970859           0.55699065879883436           0.34811916174927154     
  0.13924766469970859           0.55699065879883436           0.52217874262390729     
  0.13924766469970859           0.55699065879883436           0.69623832349854309     
  0.13924766469970859           0.55699065879883436           0.87029790437317889     
  0.13924766469970859           0.55699065879883436            1.0443574852478146     
  0.13924766469970859           0.55699065879883436            1.2184170661224505     
  0.13924766469970859           0.55699065879883436            1.3924766469970862     
  0.13924766469970859           0.55699065879883436            1.5665362278717216     
  0.13924766469970859           0.55699065879883436            1.7405958087463578     
  0.13924766469970859           0.55699065879883436            1.9146553896209932     
  0.13924766469970859           0.55699065879883436            2.0887149704956292     
  0.13924766469970859           0.55699065879883436            2.2627745513702648     
  0.13924766469970859           0.55699065879883436            2.4368341322449010     
  0.13924766469970859           0.55699065879883436            2.6108937131195367     
  0.13924766469970859           0.55699065879883436            2.7849532939941724     
  0.13924766469970859           0.55699065879883436            2.9590128748688080     
  0.13924766469970859           0.55699065879883436            3.1330724557434433     
  0.13924766469970859           0.69623832349854298            0.0000000000000000     
  0.13924766469970859           0.69623832349854298           0.17405958087463577     
  0.13924766469970859           0.69623832349854298           0.34811916174927154     
  0.13924766469970859           0.69623832349854298           0.52217874262390729     
  0.13924766469970859           0.69623832349854298           0.69623832349854309     
  0.13924766469970859           0.69623832349854298           0.87029790437317889     
  0.13924766469970859           0.69623832349854298            1.0443574852478146     
  0.13924766469970859           0.69623832349854298            1.2184170661224505     
  0.13924766469970859           0.69623832349854298            1.3924766469970862     
  0.13924766469970859           0.69623832349854298            1.5665362278717216     
  0.13924766469970859           0.69623832349854298            1.7405958087463578     
  0.13924766469970859           0.69623832349854298            1.9146553896209932     
  0.13924766469970859           0.69623832349854298            2.0887149704956292     
  0.13924766469970859           0.69623832349854298            2.2627745513702648     
  0.13924766469970859           0.69623832349854298            2.4368341322449010     
  0.13924766469970859           0.69623832349854298            2.6108937131195367     
  0.13924766469970859           0.69623832349854298            2.7849532939941724     
  0.13924766469970859           0.69623832349854298            2.9590128748688080     
  0.13924766469970859           0.69623832349854298            3.1330724557434433     
  0.13924766469970859           0.83548598819825159            0.0000000000000000     
  0.13924766469970859           0.83548598819825159           0.17405958087463577     
  0.13924766469970859           0.83548598819825159           0.34811916174927154     
  0.13924766469970859           0.83548598819825159           0.52217874262390729     
  0.13924766469970859           0.83548598819825159           0.69623832349854309     
  0.13924766469970859           0.83548598819825159           0.87029790437317889     
  0.13924766469970859           0.83548598819825159            1.0443574852478146     
  0.13924766469970859           0.83548598819825159            1.2184170661224505     
  0.13924766469970859           0.83548598819825159            1.3924766469970862     
  0.13924766469970859           0.83548598819825159            1.5665362278717216     
  0.13924766469970859           0.83548598819825159            1.7405958087463578     
  0.13924766469970859           0.83548598819825159            1.9146553896209932     
  0.13924766469970859           0.83548598819825159            2.0887149704956292     
  0.13924766469970859           0.83548598819825159            2.2627745513702648     
  0.13924766469970859           0.83548598819825159            2.4368341322449010     
  0.13924766469970859           0.83548598819825159            2.6108937131195367     
  0.13924766469970859           0.83548598819825159            2.7849532939941724     
  0.13924766469970859           0.83548598819825159            2.9590128748688080     
  0.13924766469970859           0.83548598819825159            3.1330724557434433     
  0.13924766469970859           0.97473365289796032            0.0000000000000000     
  0.13924766469970859           0.97473365289796032           0.17405958087463577     
  0.13924766469970859           0.97473365289796032           0.34811916174927154     
  0.13924766469970859           0.97473365289796032           0.52217874262390729     
  0.13924766469970859           0.97473365289796032           0.69623832349854309     
  0.13924766469970859           0.97473365289796032           0.87029790437317889     
  0.13924766469970859           0.97473365289796032            1.0443574852478146     
  0.13924766469970859           0.97473365289796032            1.2184170661224505     
  0.13924766469970859           0.97473365289796032            1.3924766469970862     
  0.13924766469970859           0.97473365289796032            1.5665362278717216     
  0.13924766469970859           0.97473365289796032            1.7405958087463578     
  0.13924766469970859           0.97473365289796032            1.9146553896209932     
  0.13924766469970859           0.97473365289796032            2.0887149704956292     
  0.13924766469970859           0.97473365289796032            2.2627745513702648     
  0.13924766469970859           0.97473365289796032            2.4368341322449010     
  0.13924766469970859           0.97473365289796032            2.6108937131195367     
  0.13924766469970859           0.97473365289796032            2.7849532939941724     
  0.13924766469970859           0.97473365289796032            2.9590128748688080     
  0.13924766469970859           0.97473365289796032            3.1330724557434433     
  0.13924766469970859            1.1139813175976687            0.0000000000000000     
  0.13924766469970859            1.1139813175976687           0.17405958087463577     
  0.13924766469970859            1.1139813175976687           0.34811916174927154     
  0.13924766469970859            1.1139813175976687           0.52217874262390729     
  0.13924766469970859            1.1139813175976687           0.69623832349854309     
  0.13924766469970859            1.1139813175976687           0.87029790437317889     
  0.13924766469970859            1.1139813175976687            1.0443574852478146     
  0.13924766469970859            1.1139813175976687            1.2184170661224505     
  0.13924766469970859            1.1139813175976687            1.3924766469970862     
  0.13924766469970859            1.1139813175976687            1.5665362278717216     
  0.13924766469970859            1.1139813175976687            1.7405958087463578     
  0.13924766469970859            1.1139813175976687            1.9146553896209932     
  0.13924766469970859            1.1139813175976687            2.0887149704956292     
  0.13924766469970859            1.1139813175976687            2.2627745513702648     
  0.13924766469970859            1.1139813175976687            2.4368341322449010     
  0.13924766469970859            1.1139813175976687            2.6108937131195367     
  0.13924766469970859            1.1139813175976687            2.7849532939941724     
  0.13924766469970859            1.1139813175976687            2.9590128748688080     
  0.13924766469970859            1.1139813175976687            3.1330724557434433     
  0.13924766469970859            1.2532289822973772            0.0000000000000000     
  0.13924766469970859            1.2532289822973772           0.17405958087463577     
  0.13924766469970859            1.2532289822973772           0.34811916174927154     
  0.13924766469970859            1.2532289822973772           0.52217874262390729     
  0.13924766469970859            1.2532289822973772           0.69623832349854309     
  0.13924766469970859            1.2532289822973772           0.87029790437317889     
  0.13924766469970859            1.2532289822973772            1.0443574852478146     
  0.13924766469970859            1.2532289822973772            1.2184170661224505     
  0.13924766469970859            1.2532289822973772            1.3924766469970862     
  0.13924766469970859            1.2532289822973772            1.5665362278717216     
  0.13924766469970859            1.2532289822973772            1.7405958087463578     
  0.13924766469970859            1.2532289822973772            1.9146553896209932     
  0.13924766469970859            1.2532289822973772            2.0887149704956292     
  0.13924766469970859            1.2532289822973772            2.2627745513702648     
  0.13924766469970859            1.2532289822973772            2.4368341322449010     
  0.13924766469970859            1.2532289822973772            2.6108937131195367     
  0.13924766469970859            1.2532289822973772            2.7849532939941724     
  0.13924766469970859            1.2532289822973772            2.9590128748688080     
  0.13924766469970859            1.2532289822973772            3.1330724557434433     
  0.13924766469970859            1.3924766469970860            0.0000000000000000     
  0.13924766469970859            1.3924766469970860           0.17405958087463577     
  0.13924766469970859            1.3924766469970860           0.34811916174927154     
  0.13924766469970859            1.3924766469970860           0.52217874262390729     
  0.13924766469970859            1.3924766469970860           0.69623832349854309     
  0.13924766469970859            1.3924766469970860           0.87029790437317889     
  0.13924766469970859            1.3924766469970860            1.0443574852478146     
  0.13924766469970859            1.3924766469970860            1.2184170661224505     
  0.13924766469970859            1.3924766469970860            1.3924766469970862     
  0.13924766469970859            1.3924766469970860            1.5665362278717216     
  0.13924766469970859            1.3924766469970860            1.7405958087463578     
  0.13924766469970859            1.3924766469970860            1.9146553896209932     
  0.13924766469970859            1.3924766469970860            2.0887149704956292     
  0.13924766469970859            1.3924766469970860            2.2627745513702648     
  0.13924766469970859            1.3924766469970860            2.4368341322449010     
  0.13924766469970859            1.3924766469970860            2.6108937131195367     
  0.13924766469970859            1.3924766469970860            2.7849532939941724     
  0.13924766469970859            1.3924766469970860            2.9590128748688080     
  0.13924766469970859            1.3924766469970860            3.1330724557434433     
  0.13924766469970859            1.5317243116967947            0.0000000000000000     
  0.13924766469970859            1.5317243116967947           0.17405958087463577     
  0.13924766469970859            1.5317243116967947           0.34811916174927154     
  0.13924766469970859            1.5317243116967947           0.52217874262390729     
  0.13924766469970859            1.5317243116967947           0.69623832349854309     
  0.13924766469970859            1.5317243116967947           0.87029790437317889     
  0.13924766469970859            1.5317243116967947            1.0443574852478146     
  0.13924766469970859            1.5317243116967947            1.2184170661224505     
  0.13924766469970859            1.5317243116967947            1.3924766469970862     
  0.13924766469970859            1.5317243116967947            1.5665362278717216     
  0.13924766469970859            1.5317243116967947            1.7405958087463578     
  0.13924766469970859            1.5317243116967947            1.9146553896209932     
  0.13924766469970859            1.5317243116967947            2.0887149704956292     
  0.13924766469970859            1.5317243116967947            2.2627745513702648     
  0.13924766469970859            1.5317243116967947            2.4368341322449010     
  0.13924766469970859            1.5317243116967947            2.6108937131195367     
  0.13924766469970859            1.5317243116967947            2.7849532939941724     
  0.13924766469970859            1.5317243116967947            2.9590128748688080     
  0.13924766469970859            1.5317243116967947            3.1330724557434433     
  0.13924766469970859            1.6709719763965032            0.0000000000000000     
  0.13924766469970859            1.6709719763965032           0.17405958087463577     
  0.13924766469970859            1.6709719763965032           0.34811916174927154     
  0.13924766469970859            1.6709719763965032           0.52217874262390729     
  0.13924766469970859            1.6709719763965032           0.69623832349854309     
  0.13924766469970859            1.6709719763965032           0.87029790437317889     
  0.13924766469970859            1.6709719763965032            1.0443574852478146     
  0.13924766469970859            1.6709719763965032            1.2184170661224505     
  0.13924766469970859            1.6709719763965032            1.3924766469970862     
  0.13924766469970859            1.6709719763965032            1.5665362278717216     
  0.13924766469970859            1.6709719763965032            1.7405958087463578     
  0.13924766469970859            1.6709719763965032            1.9146553896209932     
  0.13924766469970859            1.6709719763965032            2.0887149704956292     
  0.13924766469970859            1.6709719763965032            2.2627745513702648     
  0.13924766469970859            1.6709719763965032            2.4368341322449010     
  0.13924766469970859            1.6709719763965032            2.6108937131195367     
  0.13924766469970859            1.6709719763965032            2.7849532939941724     
  0.13924766469970859            1.6709719763965032            2.9590128748688080     
  0.13924766469970859            1.6709719763965032            3.1330724557434433     
  0.13924766469970859            1.8102196410962119            0.0000000000000000     
  0.13924766469970859            1.8102196410962119           0.17405958087463577     
  0.13924766469970859            1.8102196410962119           0.34811916174927154     
  0.13924766469970859            1.8102196410962119           0.52217874262390729     
  0.13924766469970859            1.8102196410962119           0.69623832349854309     
  0.13924766469970859            1.8102196410962119           0.87029790437317889     
  0.13924766469970859            1.8102196410962119            1.0443574852478146     
  0.13924766469970859            1.8102196410962119            1.2184170661224505     
  0.13924766469970859            1.8102196410962119            1.3924766469970862     
  0.13924766469970859            1.8102196410962119            1.5665362278717216     
  0.13924766469970859            1.8102196410962119            1.7405958087463578     
  0.13924766469970859            1.8102196410962119            1.9146553896209932     
  0.13924766469970859            1.8102196410962119            2.0887149704956292     
  0.13924766469970859            1.8102196410962119            2.2627745513702648     
  0.13924766469970859            1.8102196410962119            2.4368341322449010     
  0.13924766469970859            1.8102196410962119            2.6108937131195367     
  0.13924766469970859            1.8102196410962119            2.7849532939941724     
  0.13924766469970859            1.8102196410962119            2.9590128748688080     
  0.13924766469970859            1.8102196410962119            3.1330724557434433     
  0.13924766469970859            1.9494673057959206            0.0000000000000000     
  0.13924766469970859            1.9494673057959206           0.17405958087463577     
  0.13924766469970859            1.9494673057959206           0.34811916174927154     
  0.13924766469970859            1.9494673057959206           0.52217874262390729     
  0.13924766469970859            1.9494673057959206           0.69623832349854309     
  0.13924766469970859            1.9494673057959206           0.87029790437317889     
  0.13924766469970859            1.9494673057959206            1.0443574852478146     
  0.13924766469970859            1.9494673057959206            1.2184170661224505     
  0.13924766469970859            1.9494673057959206            1.3924766469970862     
  0.13924766469970859            1.9494673057959206            1.5665362278717216     
  0.13924766469970859            1.9494673057959206            1.7405958087463578     
  0.13924766469970859            1.9494673057959206            1.9146553896209932     
  0.13924766469970859            1.9494673057959206            2.0887149704956292     
  0.13924766469970859            1.9494673057959206            2.2627745513702648     
  0.13924766469970859            1.9494673057959206            2.4368341322449010     
  0.13924766469970859            1.9494673057959206            2.6108937131195367     
  0.13924766469970859            1.9494673057959206            2.7849532939941724     
  0.13924766469970859            1.9494673057959206            2.9590128748688080     
  0.13924766469970859            1.9494673057959206            3.1330724557434433     
  0.13924766469970859            2.0887149704956292            0.0000000000000000     
  0.13924766469970859            2.0887149704956292           0.17405958087463577     
  0.13924766469970859            2.0887149704956292           0.34811916174927154     
  0.13924766469970859            2.0887149704956292           0.52217874262390729     
  0.13924766469970859            2.0887149704956292           0.69623832349854309     
  0.13924766469970859            2.0887149704956292           0.87029790437317889     
  0.13924766469970859            2.0887149704956292            1.0443574852478146     
  0.13924766469970859            2.0887149704956292            1.2184170661224505     
  0.13924766469970859            2.0887149704956292            1.3924766469970862     
  0.13924766469970859            2.0887149704956292            1.5665362278717216     
  0.13924766469970859            2.0887149704956292            1.7405958087463578     
  0.13924766469970859            2.0887149704956292            1.9146553896209932     
  0.13924766469970859            2.0887149704956292            2.0887149704956292     
  0.13924766469970859            2.0887149704956292            2.2627745513702648     
  0.13924766469970859            2.0887149704956292            2.4368341322449010     
  0.13924766469970859            2.0887149704956292            2.6108937131195367     
  0.13924766469970859            2.0887149704956292            2.7849532939941724     
  0.13924766469970859            2.0887149704956292            2.9590128748688080     
  0.13924766469970859            2.0887149704956292            3.1330724557434433     
  0.13924766469970859            2.2279626351953374            0.0000000000000000     
  0.13924766469970859            2.2279626351953374           0.17405958087463577     
  0.13924766469970859            2.2279626351953374           0.34811916174927154     
  0.13924766469970859            2.2279626351953374           0.52217874262390729     
  0.13924766469970859            2.2279626351953374           0.69623832349854309     
  0.13924766469970859            2.2279626351953374           0.87029790437317889     
  0.13924766469970859            2.2279626351953374            1.0443574852478146     
  0.13924766469970859            2.2279626351953374            1.2184170661224505     
  0.13924766469970859            2.2279626351953374            1.3924766469970862     
  0.13924766469970859            2.2279626351953374            1.5665362278717216     
  0.13924766469970859            2.2279626351953374            1.7405958087463578     
  0.13924766469970859            2.2279626351953374            1.9146553896209932     
  0.13924766469970859            2.2279626351953374            2.0887149704956292     
  0.13924766469970859            2.2279626351953374            2.2627745513702648     
  0.13924766469970859            2.2279626351953374            2.4368341322449010     
  0.13924766469970859            2.2279626351953374            2.6108937131195367     
  0.13924766469970859            2.2279626351953374            2.7849532939941724     
  0.13924766469970859            2.2279626351953374            2.9590128748688080     
  0.13924766469970859            2.2279626351953374            3.1330724557434433     
  0.13924766469970859            2.3672102998950462            0.0000000000000000     
  0.13924766469970859            2.3672102998950462           0.17405958087463577     
  0.13924766469970859            2.3672102998950462           0.34811916174927154     
  0.13924766469970859            2.3672102998950462           0.52217874262390729     
  0.13924766469970859            2.3672102998950462           0.69623832349854309     
  0.13924766469970859            2.3672102998950462           0.87029790437317889     
  0.13924766469970859            2.3672102998950462            1.0443574852478146     
  0.13924766469970859            2.3672102998950462            1.2184170661224505     
  0.13924766469970859            2.3672102998950462            1.3924766469970862     
  0.13924766469970859            2.3672102998950462            1.5665362278717216     
  0.13924766469970859            2.3672102998950462            1.7405958087463578     
  0.13924766469970859            2.3672102998950462            1.9146553896209932     
  0.13924766469970859            2.3672102998950462            2.0887149704956292     
  0.13924766469970859            2.3672102998950462            2.2627745513702648     
  0.13924766469970859            2.3672102998950462            2.4368341322449010     
  0.13924766469970859            2.3672102998950462            2.6108937131195367     
  0.13924766469970859            2.3672102998950462            2.7849532939941724     
  0.13924766469970859            2.3672102998950462            2.9590128748688080     
  0.13924766469970859            2.3672102998950462            3.1330724557434433     
  0.13924766469970859            2.5064579645947545            0.0000000000000000     
  0.13924766469970859            2.5064579645947545           0.17405958087463577     
  0.13924766469970859            2.5064579645947545           0.34811916174927154     
  0.13924766469970859            2.5064579645947545           0.52217874262390729     
  0.13924766469970859            2.5064579645947545           0.69623832349854309     
  0.13924766469970859            2.5064579645947545           0.87029790437317889     
  0.13924766469970859            2.5064579645947545            1.0443574852478146     
  0.13924766469970859            2.5064579645947545            1.2184170661224505     
  0.13924766469970859            2.5064579645947545            1.3924766469970862     
  0.13924766469970859            2.5064579645947545            1.5665362278717216     
  0.13924766469970859            2.5064579645947545            1.7405958087463578     
  0.13924766469970859            2.5064579645947545            1.9146553896209932     
  0.13924766469970859            2.5064579645947545            2.0887149704956292     
  0.13924766469970859            2.5064579645947545            2.2627745513702648     
  0.13924766469970859            2.5064579645947545            2.4368341322449010     
  0.13924766469970859            2.5064579645947545            2.6108937131195367     
  0.13924766469970859            2.5064579645947545            2.7849532939941724     
  0.13924766469970859            2.5064579645947545            2.9590128748688080     
  0.13924766469970859            2.5064579645947545            3.1330724557434433     
  0.27849532939941718            0.0000000000000000            0.0000000000000000     
  0.27849532939941718            0.0000000000000000           0.17405958087463577     
  0.27849532939941718            0.0000000000000000           0.34811916174927154     
  0.27849532939941718            0.0000000000000000           0.52217874262390729     
  0.27849532939941718            0.0000000000000000           0.69623832349854309     
  0.27849532939941718            0.0000000000000000           0.87029790437317889     
  0.27849532939941718            0.0000000000000000            1.0443574852478146     
  0.27849532939941718            0.0000000000000000            1.2184170661224505     
  0.27849532939941718            0.0000000000000000            1.3924766469970862     
  0.27849532939941718            0.0000000000000000            1.5665362278717216     
  0.27849532939941718            0.0000000000000000            1.7405958087463578     
  0.27849532939941718            0.0000000000000000            1.9146553896209932     
  0.27849532939941718            0.0000000000000000            2.0887149704956292     
  0.27849532939941718            0.0000000000000000            2.2627745513702648     
  0.27849532939941718            0.0000000000000000            2.4368341322449010     
  0.27849532939941718            0.0000000000000000            2.6108937131195367     
  0.27849532939941718            0.0000000000000000            2.7849532939941724     
  0.27849532939941718            0.0000000000000000            2.9590128748688080     
  0.27849532939941718            0.0000000000000000            3.1330724557434433     
  0.27849532939941718           0.13924766469970859            0.0000000000000000     
  0.27849532939941718           0.13924766469970859           0.17405958087463577     
  0.27849532939941718           0.13924766469970859           0.34811916174927154     
  0.27849532939941718           0.13924766469970859           0.52217874262390729     
  0.27849532939941718           0.13924766469970859           0.69623832349854309     
  0.27849532939941718           0.13924766469970859           0.87029790437317889     
  0.27849532939941718           0.13924766469970859            1.0443574852478146     
  0.27849532939941718           0.13924766469970859            1.2184170661224505     
  0.27849532939941718           0.13924766469970859            1.3924766469970862     
  0.27849532939941718           0.13924766469970859            1.5665362278717216     
  0.27849532939941718           0.13924766469970859            1.7405958087463578     
  0.27849532939941718           0.13924766469970859            1.9146553896209932     
  0.27849532939941718           0.13924766469970859            2.0887149704956292     
  0.27849532939941718           0.13924766469970859            2.2627745513702648     
  0.27849532939941718           0.13924766469970859            2.4368341322449010     
  0.27849532939941718           0.13924766469970859            2.6108937131195367     
  0.27849532939941718           0.13924766469970859            2.7849532939941724     
  0.27849532939941718           0.13924766469970859            2.9590128748688080     
  0.27849532939941718           0.13924766469970859            3.1330724557434433     
  0.27849532939941718           0.27849532939941718            0.0000000000000000     
  0.27849532939941718           0.27849532939941718           0.17405958087463577     
  0.27849532939941718           0.27849532939941718           0.34811916174927154     
  0.27849532939941718           0.27849532939941718           0.52217874262390729     
  0.27849532939941718           0.27849532939941718           0.69623832349854309     
  0.27849532939941718           0.27849532939941718           0.87029790437317889     
  0.27849532939941718           0.27849532939941718            1.0443574852478146     
  0.27849532939941718           0.27849532939941718            1.2184170661224505     
  0.27849532939941718           0.27849532939941718            1.3924766469970862     
  0.27849532939941718           0.27849532939941718            1.5665362278717216     
  0.27849532939941718           0.27849532939941718            1.7405958087463578     
  0.27849532939941718           0.27849532939941718            1.9146553896209932     
  0.27849532939941718           0.27849532939941718            2.0887149704956292     
  0.27849532939941718           0.27849532939941718            2.2627745513702648     
  0.27849532939941718           0.27849532939941718            2.4368341322449010     
  0.27849532939941718           0.27849532939941718            2.6108937131195367     
  0.27849532939941718           0.27849532939941718            2.7849532939941724     
  0.27849532939941718           0.27849532939941718            2.9590128748688080     
  0.27849532939941718           0.27849532939941718            3.1330724557434433     
  0.27849532939941718           0.41774299409912580            0.0000000000000000     
  0.27849532939941718           0.41774299409912580           0.17405958087463577     
  0.27849532939941718           0.41774299409912580           0.34811916174927154     
  0.27849532939941718           0.41774299409912580           0.52217874262390729     
  0.27849532939941718           0.41774299409912580           0.69623832349854309     
  0.27849532939941718           0.41774299409912580           0.87029790437317889     
  0.27849532939941718           0.41774299409912580            1.0443574852478146     
  0.27849532939941718           0.41774299409912580            1.2184170661224505     
  0.27849532939941718           0.41774299409912580            1.3924766469970862     
  0.27849532939941718           0.41774299409912580            1.5665362278717216     
  0.27849532939941718           0.41774299409912580            1.7405958087463578     
  0.27849532939941718           0.41774299409912580            1.9146553896209932     
  0.27849532939941718           0.41774299409912580            2.0887149704956292     
  0.27849532939941718           0.41774299409912580            2.2627745513702648     
  0.27849532939941718           0.41774299409912580            2.4368341322449010     
  0.27849532939941718           0.41774299409912580            2.6108937131195367     
  0.27849532939941718           0.41774299409912580            2.7849532939941724     
  0.27849532939941718           0.41774299409912580            2.9590128748688080     
  0.27849532939941718           0.41774299409912580            3.1330724557434433     
  0.27849532939941718           0.55699065879883436            0.0000000000000000     
  0.27849532939941718           0.55699065879883436           0.17405958087463577     
  0.27849532939941718           0.55699065879883436           0.34811916174927154     
  0.27849532939941718           0.55699065879883436           0.52217874262390729     
  0.27849532939941718           0.55699065879883436           0.69623832349854309     
  0.27849532939941718           0.55699065879883436           0.87029790437317889     
  0.27849532939941718           0.55699065879883436            1.0443574852478146     
  0.27849532939941718           0.55699065879883436            1.2184170661224505     
  0.27849532939941718           0.55699065879883436            1.3924766469970862     
  0.27849532939941718           0.55699065879883436            1.5665362278717216     
  0.27849532939941718           0.55699065879883436            1.7405958087463578     
  0.27849532939941718           0.55699065879883436            1.9146553896209932     
  0.27849532939941718           0.55699065879883436            2.0887149704956292     
  0.27849532939941718           0.55699065879883436            2.2627745513702648     
  0.27849532939941718           0.55699065879883436            2.4368341322449010     
  0.27849532939941718           0.55699065879883436            2.6108937131195367     
  0.27849532939941718           0.55699065879883436            2.7849532939941724     
  0.27849532939941718           0.55699065879883436            2.9590128748688080     
  0.27849532939941718           0.55699065879883436            3.1330724557434433     
  0.27849532939941718           0.69623832349854298            0.0000000000000000     
  0.27849532939941718           0.69623832349854298           0.17405958087463577     
  0.27849532939941718           0.69623832349854298           0.34811916174927154     
  0.27849532939941718           0.69623832349854298           0.52217874262390729     
  0.27849532939941718           0.69623832349854298           0.69623832349854309     
  0.27849532939941718           0.69623832349854298           0.87029790437317889     
  0.27849532939941718           0.69623832349854298            1.0443574852478146     
  0.27849532939941718           0.69623832349854298            1.2184170661224505     
  0.27849532939941718           0.69623832349854298            1.3924766469970862     
  0.27849532939941718           0.69623832349854298            1.5665362278717216     
  0.27849532939941718           0.69623832349854298            1.7405958087463578     
  0.27849532939941718           0.69623832349854298            1.9146553896209932     
  0.27849532939941718           0.69623832349854298            2.0887149704956292     
  0.27849532939941718           0.69623832349854298            2.2627745513702648     
  0.27849532939941718           0.69623832349854298            2.4368341322449010     
  0.27849532939941718           0.69623832349854298            2.6108937131195367     
  0.27849532939941718           0.69623832349854298            2.7849532939941724     
  0.27849532939941718           0.69623832349854298            2.9590128748688080     
  0.27849532939941718           0.69623832349854298            3.1330724557434433     
  0.27849532939941718           0.83548598819825159            0.0000000000000000     
  0.27849532939941718           0.83548598819825159           0.17405958087463577     
  0.27849532939941718           0.83548598819825159           0.34811916174927154     
  0.27849532939941718           0.83548598819825159           0.52217874262390729     
  0.27849532939941718           0.83548598819825159           0.69623832349854309     
  0.27849532939941718           0.83548598819825159           0.87029790437317889     
  0.27849532939941718           0.83548598819825159            1.0443574852478146     
  0.27849532939941718           0.83548598819825159            1.2184170661224505     
  0.27849532939941718           0.83548598819825159            1.3924766469970862     
  0.27849532939941718           0.83548598819825159            1.5665362278717216     
  0.27849532939941718           0.83548598819825159            1.7405958087463578     
  0.27849532939941718           0.83548598819825159            1.9146553896209932     
  0.27849532939941718           0.83548598819825159            2.0887149704956292     
  0.27849532939941718           0.83548598819825159            2.2627745513702648     
  0.27849532939941718           0.83548598819825159            2.4368341322449010     
  0.27849532939941718           0.83548598819825159            2.6108937131195367     
  0.27849532939941718           0.83548598819825159            2.7849532939941724     
  0.27849532939941718           0.83548598819825159            2.9590128748688080     
  0.27849532939941718           0.83548598819825159            3.1330724557434433     
  0.27849532939941718           0.97473365289796032            0.0000000000000000     
  0.27849532939941718           0.97473365289796032           0.17405958087463577     
  0.27849532939941718           0.97473365289796032           0.34811916174927154     
  0.27849532939941718           0.97473365289796032           0.52217874262390729     
  0.27849532939941718           0.97473365289796032           0.69623832349854309     
  0.27849532939941718           0.97473365289796032           0.87029790437317889     
  0.27849532939941718           0.97473365289796032            1.0443574852478146     
  0.27849532939941718           0.97473365289796032            1.2184170661224505     
  0.27849532939941718           0.97473365289796032            1.3924766469970862     
  0.27849532939941718           0.97473365289796032            1.5665362278717216     
  0.27849532939941718           0.97473365289796032            1.7405958087463578     
  0.27849532939941718           0.97473365289796032            1.9146553896209932     
  0.27849532939941718           0.97473365289796032            2.0887149704956292     
  0.27849532939941718           0.97473365289796032            2.2627745513702648     
  0.27849532939941718           0.97473365289796032            2.4368341322449010     
  0.27849532939941718           0.97473365289796032            2.6108937131195367     
  0.27849532939941718           0.97473365289796032            2.7849532939941724     
  0.27849532939941718           0.97473365289796032            2.9590128748688080     
  0.27849532939941718           0.97473365289796032            3.1330724557434433     
  0.27849532939941718            1.1139813175976687            0.0000000000000000     
  0.27849532939941718            1.1139813175976687           0.17405958087463577     
  0.27849532939941718            1.1139813175976687           0.34811916174927154     
  0.27849532939941718            1.1139813175976687           0.52217874262390729     
  0.27849532939941718            1.1139813175976687           0.69623832349854309     
  0.27849532939941718            1.1139813175976687           0.87029790437317889     
  0.27849532939941718            1.1139813175976687            1.0443574852478146     
  0.27849532939941718            1.1139813175976687            1.2184170661224505     
  0.27849532939941718            1.1139813175976687            1.3924766469970862     
  0.27849532939941718            1.1139813175976687            1.5665362278717216     
  0.27849532939941718            1.1139813175976687            1.7405958087463578     
  0.27849532939941718            1.1139813175976687            1.9146553896209932     
  0.27849532939941718            1.1139813175976687            2.0887149704956292     
  0.27849532939941718            1.1139813175976687            2.2627745513702648     
  0.27849532939941718            1.1139813175976687            2.4368341322449010     
  0.27849532939941718            1.1139813175976687            2.6108937131195367     
  0.27849532939941718            1.1139813175976687            2.7849532939941724     
  0.27849532939941718            1.1139813175976687            2.9590128748688080     
  0.27849532939941718            1.1139813175976687            3.1330724557434433     
  0.27849532939941718            1.2532289822973772            0.0000000000000000     
  0.27849532939941718            1.2532289822973772           0.17405958087463577     
  0.27849532939941718            1.2532289822973772           0.34811916174927154     
  0.27849532939941718            1.2532289822973772           0.52217874262390729     
  0.27849532939941718            1.2532289822973772           0.69623832349854309     
  0.27849532939941718            1.2532289822973772           0.87029790437317889     
  0.27849532939941718            1.2532289822973772            1.0443574852478146     
  0.27849532939941718            1.2532289822973772            1.2184170661224505     
  0.27849532939941718            1.2532289822973772            1.3924766469970862     
  0.27849532939941718            1.2532289822973772            1.5665362278717216     
  0.27849532939941718            1.2532289822973772            1.7405958087463578     
  0.27849532939941718            1.2532289822973772            1.9146553896209932     
  0.27849532939941718            1.2532289822973772            2.0887149704956292     
  0.27849532939941718            1.2532289822973772            2.2627745513702648     
  0.27849532939941718            1.2532289822973772            2.4368341322449010     
  0.27849532939941718            1.2532289822973772            2.6108937131195367     
  0.27849532939941718            1.2532289822973772            2.7849532939941724     
  0.27849532939941718            1.2532289822973772            2.9590128748688080     
  0.27849532939941718            1.2532289822973772            3.1330724557434433     
  0.27849532939941718            1.3924766469970860            0.0000000000000000     
  0.27849532939941718            1.3924766469970860           0.17405958087463577     
  0.27849532939941718            1.3924766469970860           0.34811916174927154     
  0.27849532939941718            1.3924766469970860           0.52217874262390729     
  0.27849532939941718            1.3924766469970860           0.69623832349854309     
  0.27849532939941718            1.3924766469970860           0.87029790437317889     
  0.27849532939941718            1.3924766469970860            1.0443574852478146     
  0.27849532939941718            1.3924766469970860            1.2184170661224505     
  0.27849532939941718            1.3924766469970860            1.3924766469970862     
  0.27849532939941718            1.3924766469970860            1.5665362278717216     
  0.27849532939941718            1.3924766469970860            1.7405958087463578     
  0.27849532939941718            1.3924766469970860            1.9146553896209932     
  0.27849532939941718            1.3924766469970860            2.0887149704956292     
  0.27849532939941718            1.3924766469970860            2.2627745513702648     
  0.27849532939941718            1.3924766469970860            2.4368341322449010     
  0.27849532939941718            1.3924766469970860            2.6108937131195367     
  0.27849532939941718            1.3924766469970860            2.7849532939941724     
  0.27849532939941718            1.3924766469970860            2.9590128748688080     
  0.27849532939941718            1.3924766469970860            3.1330724557434433     
  0.27849532939941718            1.5317243116967947            0.0000000000000000     
  0.27849532939941718            1.5317243116967947           0.17405958087463577     
  0.27849532939941718            1.5317243116967947           0.34811916174927154     
  0.27849532939941718            1.5317243116967947           0.52217874262390729     
  0.27849532939941718            1.5317243116967947           0.69623832349854309     
  0.27849532939941718            1.5317243116967947           0.87029790437317889     
  0.27849532939941718            1.5317243116967947            1.0443574852478146     
  0.27849532939941718            1.5317243116967947            1.2184170661224505     
  0.27849532939941718            1.5317243116967947            1.3924766469970862     
  0.27849532939941718            1.5317243116967947            1.5665362278717216     
  0.27849532939941718            1.5317243116967947            1.7405958087463578     
  0.27849532939941718            1.5317243116967947            1.9146553896209932     
  0.27849532939941718            1.5317243116967947            2.0887149704956292     
  0.27849532939941718            1.5317243116967947            2.2627745513702648     
  0.27849532939941718            1.5317243116967947            2.4368341322449010     
  0.27849532939941718            1.5317243116967947            2.6108937131195367     
  0.27849532939941718            1.5317243116967947            2.7849532939941724     
  0.27849532939941718            1.5317243116967947            2.9590128748688080     
  0.27849532939941718            1.5317243116967947            3.1330724557434433     
  0.27849532939941718            1.6709719763965032            0.0000000000000000     
  0.27849532939941718            1.6709719763965032           0.17405958087463577     
  0.27849532939941718            1.6709719763965032           0.34811916174927154     
  0.27849532939941718            1.6709719763965032           0.52217874262390729     
  0.27849532939941718            1.6709719763965032           0.69623832349854309     
  0.27849532939941718            1.6709719763965032           0.87029790437317889     
  0.27849532939941718            1.6709719763965032            1.0443574852478146     
  0.27849532939941718            1.6709719763965032            1.2184170661224505     
  0.27849532939941718            1.6709719763965032            1.3924766469970862     
  0.27849532939941718            1.6709719763965032            1.5665362278717216     
  0.27849532939941718            1.6709719763965032            1.7405958087463578     
  0.27849532939941718            1.6709719763965032            1.9146553896209932     
  0.27849532939941718            1.6709719763965032            2.0887149704956292     
  0.27849532939941718            1.6709719763965032            2.2627745513702648     
  0.27849532939941718            1.6709719763965032            2.4368341322449010     
  0.27849532939941718            1.6709719763965032            2.6108937131195367     
  0.27849532939941718            1.6709719763965032            2.7849532939941724     
  0.27849532939941718            1.6709719763965032            2.9590128748688080     
  0.27849532939941718            1.6709719763965032            3.1330724557434433     
  0.27849532939941718            1.8102196410962119            0.0000000000000000     
  0.27849532939941718            1.8102196410962119           0.17405958087463577     
  0.27849532939941718            1.8102196410962119           0.34811916174927154     
  0.27849532939941718            1.8102196410962119           0.52217874262390729     
  0.27849532939941718            1.8102196410962119           0.69623832349854309     
  0.27849532939941718            1.8102196410962119           0.87029790437317889     
  0.27849532939941718            1.8102196410962119            1.0443574852478146     
  0.27849532939941718            1.8102196410962119            1.2184170661224505     
  0.27849532939941718            1.8102196410962119            1.3924766469970862     
  0.27849532939941718            1.8102196410962119            1.5665362278717216     
  0.27849532939941718            1.8102196410962119            1.7405958087463578     
  0.27849532939941718            1.8102196410962119            1.9146553896209932     
  0.27849532939941718            1.8102196410962119            2.0887149704956292     
  0.27849532939941718            1.8102196410962119            2.2627745513702648     
  0.27849532939941718            1.8102196410962119            2.4368341322449010     
  0.27849532939941718            1.8102196410962119            2.6108937131195367     
  0.27849532939941718            1.8102196410962119            2.7849532939941724     
  0.27849532939941718            1.8102196410962119            2.9590128748688080     
  0.27849532939941718            1.8102196410962119            3.1330724557434433     
  0.27849532939941718            1.9494673057959206            0.0000000000000000     
  0.27849532939941718            1.9494673057959206           0.17405958087463577     
  0.27849532939941718            1.9494673057959206           0.34811916174927154     
  0.27849532939941718            1.9494673057959206           0.52217874262390729     
  0.27849532939941718            1.9494673057959206           0.69623832349854309     
  0.27849532939941718            1.9494673057959206           0.87029790437317889     
  0.27849532939941718            1.9494673057959206            1.0443574852478146     
  0.27849532939941718            1.9494673057959206            1.2184170661224505     
  0.27849532939941718            1.9494673057959206            1.3924766469970862     
  0.27849532939941718            1.9494673057959206            1.5665362278717216     
  0.27849532939941718            1.9494673057959206            1.7405958087463578     
  0.27849532939941718            1.9494673057959206            1.9146553896209932     
  0.27849532939941718            1.9494673057959206            2.0887149704956292     
  0.27849532939941718            1.9494673057959206            2.2627745513702648     
  0.27849532939941718            1.9494673057959206            2.4368341322449010     
  0.27849532939941718            1.9494673057959206            2.6108937131195367     
  0.27849532939941718            1.9494673057959206            2.7849532939941724     
  0.27849532939941718            1.9494673057959206            2.9590128748688080     
  0.27849532939941718            1.9494673057959206            3.1330724557434433     
  0.27849532939941718            2.0887149704956292            0.0000000000000000     
  0.27849532939941718            2.0887149704956292           0.17405958087463577     
  0.27849532939941718            2.0887149704956292           0.34811916174927154     
  0.27849532939941718            2.0887149704956292           0.52217874262390729     
  0.27849532939941718            2.0887149704956292           0.69623832349854309     
  0.27849532939941718            2.0887149704956292           0.87029790437317889     
  0.27849532939941718            2.0887149704956292            1.0443574852478146     
  0.27849532939941718            2.0887149704956292            1.2184170661224505     
  0.27849532939941718            2.0887149704956292            1.3924766469970862     
  0.27849532939941718            2.0887149704956292            1.5665362278717216     
  0.27849532939941718            2.0887149704956292            1.7405958087463578     
  0.27849532939941718            2.0887149704956292            1.9146553896209932     
  0.27849532939941718            2.0887149704956292            2.0887149704956292     
  0.27849532939941718            2.0887149704956292            2.2627745513702648     
  0.27849532939941718            2.0887149704956292            2.4368341322449010     
  0.27849532939941718            2.0887149704956292            2.6108937131195367     
  0.27849532939941718            2.0887149704956292            2.7849532939941724     
  0.27849532939941718            2.0887149704956292            2.9590128748688080     
  0.27849532939941718            2.0887149704956292            3.1330724557434433     
  0.27849532939941718            2.2279626351953374            0.0000000000000000     
  0.27849532939941718            2.2279626351953374           0.17405958087463577     
  0.27849532939941718            2.2279626351953374           0.34811916174927154     
  0.27849532939941718            2.2279626351953374           0.52217874262390729     
  0.27849532939941718            2.2279626351953374           0.69623832349854309     
  0.27849532939941718            2.2279626351953374           0.87029790437317889     
  0.27849532939941718            2.2279626351953374            1.0443574852478146     
  0.27849532939941718            2.2279626351953374            1.2184170661224505     
  0.27849532939941718            2.2279626351953374            1.3924766469970862     
  0.27849532939941718            2.2279626351953374            1.5665362278717216     
  0.27849532939941718            2.2279626351953374            1.7405958087463578     
  0.27849532939941718            2.2279626351953374            1.9146553896209932     
  0.27849532939941718            2.2279626351953374            2.0887149704956292     
  0.27849532939941718            2.2279626351953374            2.2627745513702648     
  0.27849532939941718            2.2279626351953374            2.4368341322449010     
  0.27849532939941718            2.2279626351953374            2.6108937131195367     
  0.27849532939941718            2.2279626351953374            2.7849532939941724     
  0.27849532939941718            2.2279626351953374            2.9590128748688080     
  0.27849532939941718            2.2279626351953374            3.1330724557434433     
  0.27849532939941718            2.3672102998950462            0.0000000000000000     
  0.27849532939941718            2.3672102998950462           0.17405958087463577     
  0.27849532939941718            2.3672102998950462           0.34811916174927154     
  0.27849532939941718            2.3672102998950462           0.52217874262390729     
  0.27849532939941718            2.3672102998950462           0.69623832349854309     
  0.27849532939941718            2.3672102998950462           0.87029790437317889     
  0.27849532939941718            2.3672102998950462            1.0443574852478146     
  0.27849532939941718            2.3672102998950462            1.2184170661224505     
  0.27849532939941718            2.3672102998950462            1.3924766469970862     
  0.27849532939941718            2.3672102998950462            1.5665362278717216     
  0.27849532939941718            2.3672102998950462            1.7405958087463578     
  0.27849532939941718            2.3672102998950462            1.9146553896209932     
  0.27849532939941718            2.3672102998950462            2.0887149704956292     
  0.27849532939941718            2.3672102998950462            2.2627745513702648     
  0.27849532939941718            2.3672102998950462            2.4368341322449010     
  0.27849532939941718            2.3672102998950462            2.6108937131195367     
  0.27849532939941718            2.3672102998950462            2.7849532939941724     
  0.27849532939941718            2.3672102998950462            2.9590128748688080     
  0.27849532939941718            2.3672102998950462            3.1330724557434433     
  0.27849532939941718            2.5064579645947545            0.0000000000000000     
  0.27849532939941718            2.5064579645947545           0.17405958087463577     
  0.27849532939941718            2.5064579645947545           0.34811916174927154     
  0.27849532939941718            2.5064579645947545           0.52217874262390729     
  0.27849532939941718            2.5064579645947545           0.69623832349854309     
  0.27849532939941718            2.5064579645947545           0.87029790437317889     
  0.27849532939941718            2.5064579645947545            1.0443574852478146     
  0.27849532939941718            2.5064579645947545            1.2184170661224505     
  0.27849532939941718            2.5064579645947545            1.3924766469970862     
  0.27849532939941718            2.5064579645947545            1.5665362278717216     
  0.27849532939941718            2.5064579645947545            1.7405958087463578     
  0.27849532939941718            2.5064579645947545            1.9146553896209932     
  0.27849532939941718            2.5064579645947545            2.0887149704956292     
  0.27849532939941718            2.5064579645947545            2.2627745513702648     
  0.27849532939941718            2.5064579645947545            2.4368341322449010     
  0.27849532939941718            2.5064579645947545            2.6108937131195367     
  0.27849532939941718            2.5064579645947545            2.7849532939941724     
  0.27849532939941718            2.5064579645947545            2.9590128748688080     
  0.27849532939941718            2.5064579645947545            3.1330724557434433     
  0.41774299409912580            0.0000000000000000            0.0000000000000000     
  0.41774299409912580            0.0000000000000000           0.17405958087463577     
  0.41774299409912580            0.0000000000000000           0.34811916174927154     
  0.41774299409912580            0.0000000000000000           0.52217874262390729     
  0.41774299409912580            0.0000000000000000           0.69623832349854309     
  0.41774299409912580            0.0000000000000000           0.87029790437317889     
  0.41774299409912580            0.0000000000000000            1.0443574852478146     
  0.41774299409912580            0.0000000000000000            1.2184170661224505     
  0.41774299409912580            0.0000000000000000            1.3924766469970862     
  0.41774299409912580            0.0000000000000000            1.5665362278717216     
  0.41774299409912580            0.0000000000000000            1.7405958087463578     
  0.41774299409912580            0.0000000000000000            1.9146553896209932     
  0.41774299409912580            0.0000000000000000            2.0887149704956292     
  0.41774299409912580            0.0000000000000000            2.2627745513702648     
  0.41774299409912580            0.0000000000000000            2.4368341322449010     
  0.41774299409912580            0.0000000000000000            2.6108937131195367     
  0.41774299409912580            0.0000000000000000            2.7849532939941724     
  0.41774299409912580            0.0000000000000000            2.9590128748688080     
  0.41774299409912580            0.0000000000000000            3.1330724557434433     
  0.41774299409912580           0.13924766469970859            0.0000000000000000     
  0.41774299409912580           0.13924766469970859           0.17405958087463577     
  0.41774299409912580           0.13924766469970859           0.34811916174927154     
  0.41774299409912580           0.13924766469970859           0.52217874262390729     
  0.41774299409912580           0.13924766469970859           0.69623832349854309     
  0.41774299409912580           0.13924766469970859           0.87029790437317889     
  0.41774299409912580           0.13924766469970859            1.0443574852478146     
  0.41774299409912580           0.13924766469970859            1.2184170661224505     
  0.41774299409912580           0.13924766469970859            1.3924766469970862     
  0.41774299409912580           0.13924766469970859            1.5665362278717216     
  0.41774299409912580           0.13924766469970859            1.7405958087463578     
  0.41774299409912580           0.13924766469970859            1.9146553896209932     
  0.41774299409912580           0.13924766469970859            2.0887149704956292     
  0.41774299409912580           0.13924766469970859            2.2627745513702648     
  0.41774299409912580           0.13924766469970859            2.4368341322449010     
  0.41774299409912580           0.13924766469970859            2.6108937131195367     
  0.41774299409912580           0.13924766469970859            2.7849532939941724     
  0.41774299409912580           0.13924766469970859            2.9590128748688080     
  0.41774299409912580           0.13924766469970859            3.1330724557434433     
  0.41774299409912580           0.27849532939941718            0.0000000000000000     
  0.41774299409912580           0.27849532939941718           0.17405958087463577     
  0.41774299409912580           0.27849532939941718           0.34811916174927154     
  0.41774299409912580           0.27849532939941718           0.52217874262390729     
  0.41774299409912580           0.27849532939941718           0.69623832349854309     
  0.41774299409912580           0.27849532939941718           0.87029790437317889     
  0.41774299409912580           0.27849532939941718            1.0443574852478146     
  0.41774299409912580           0.27849532939941718            1.2184170661224505     
  0.41774299409912580           0.27849532939941718            1.3924766469970862     
  0.41774299409912580           0.27849532939941718            1.5665362278717216     
  0.41774299409912580           0.27849532939941718            1.7405958087463578     
  0.41774299409912580           0.27849532939941718            1.9146553896209932     
  0.41774299409912580           0.27849532939941718            2.0887149704956292     
  0.41774299409912580           0.27849532939941718            2.2627745513702648     
  0.41774299409912580           0.27849532939941718            2.4368341322449010     
  0.41774299409912580           0.27849532939941718            2.6108937131195367     
  0.41774299409912580           0.27849532939941718            2.7849532939941724     
  0.41774299409912580           0.27849532939941718            2.9590128748688080     
  0.41774299409912580           0.27849532939941718            3.1330724557434433     
  0.41774299409912580           0.41774299409912580            0.0000000000000000     
  0.41774299409912580           0.41774299409912580           0.17405958087463577     
  0.41774299409912580           0.41774299409912580           0.34811916174927154     
  0.41774299409912580           0.41774299409912580           0.52217874262390729     
  0.41774299409912580           0.41774299409912580           0.69623832349854309     
  0.41774299409912580           0.41774299409912580           0.87029790437317889     
  0.41774299409912580           0.41774299409912580            1.0443574852478146     
  0.41774299409912580           0.41774299409912580            1.2184170661224505     
  0.41774299409912580           0.41774299409912580            1.3924766469970862     
  0.41774299409912580           0.41774299409912580            1.5665362278717216     
  0.41774299409912580           0.41774299409912580            1.7405958087463578     
  0.41774299409912580           0.41774299409912580            1.9146553896209932     
  0.41774299409912580           0.41774299409912580            2.0887149704956292     
  0.41774299409912580           0.41774299409912580            2.2627745513702648     
  0.41774299409912580           0.41774299409912580            2.4368341322449010     
  0.41774299409912580           0.41774299409912580            2.6108937131195367     
  0.41774299409912580           0.41774299409912580            2.7849532939941724     
  0.41774299409912580           0.41774299409912580            2.9590128748688080     
  0.41774299409912580           0.41774299409912580            3.1330724557434433     
  0.41774299409912580           0.55699065879883436            0.0000000000000000     
  0.41774299409912580           0.55699065879883436           0.17405958087463577     
  0.41774299409912580           0.55699065879883436           0.34811916174927154     
  0.41774299409912580           0.55699065879883436           0.52217874262390729     
  0.41774299409912580           0.55699065879883436           0.69623832349854309     
  0.41774299409912580           0.55699065879883436           0.87029790437317889     
  0.41774299409912580           0.55699065879883436            1.0443574852478146     
  0.41774299409912580           0.55699065879883436            1.2184170661224505     
  0.41774299409912580           0.55699065879883436            1.3924766469970862     
  0.41774299409912580           0.55699065879883436            1.5665362278717216     
  0.41774299409912580           0.55699065879883436            1.7405958087463578     
  0.41774299409912580           0.55699065879883436            1.9146553896209932     
  0.41774299409912580           0.55699065879883436            2.0887149704956292     
  0.41774299409912580           0.55699065879883436            2.2627745513702648     
  0.41774299409912580           0.55699065879883436            2.4368341322449010     
  0.41774299409912580           0.55699065879883436            2.6108937131195367     
  0.41774299409912580           0.55699065879883436            2.7849532939941724     
  0.41774299409912580           0.55699065879883436            2.9590128748688080     
  0.41774299409912580           0.55699065879883436            3.1330724557434433     
  0.41774299409912580           0.69623832349854298            0.0000000000000000     
  0.41774299409912580           0.69623832349854298           0.17405958087463577     
  0.41774299409912580           0.69623832349854298           0.34811916174927154     
  0.41774299409912580           0.69623832349854298           0.52217874262390729     
  0.41774299409912580           0.69623832349854298           0.69623832349854309     
  0.41774299409912580           0.69623832349854298           0.87029790437317889     
  0.41774299409912580           0.69623832349854298            1.0443574852478146     
  0.41774299409912580           0.69623832349854298            1.2184170661224505     
  0.41774299409912580           0.69623832349854298            1.3924766469970862     
  0.41774299409912580           0.69623832349854298            1.5665362278717216     
  0.41774299409912580           0.69623832349854298            1.7405958087463578     
  0.41774299409912580           0.69623832349854298            1.9146553896209932     
  0.41774299409912580           0.69623832349854298            2.0887149704956292     
  0.41774299409912580           0.69623832349854298            2.2627745513702648     
  0.41774299409912580           0.69623832349854298            2.4368341322449010     
  0.41774299409912580           0.69623832349854298            2.6108937131195367     
  0.41774299409912580           0.69623832349854298            2.7849532939941724     
  0.41774299409912580           0.69623832349854298            2.9590128748688080     
  0.41774299409912580           0.69623832349854298            3.1330724557434433     
  0.41774299409912580           0.83548598819825159            0.0000000000000000     
  0.41774299409912580           0.83548598819825159           0.17405958087463577     
  0.41774299409912580           0.83548598819825159           0.34811916174927154     
  0.41774299409912580           0.83548598819825159           0.52217874262390729     
  0.41774299409912580           0.83548598819825159           0.69623832349854309     
  0.41774299409912580           0.83548598819825159           0.87029790437317889     
  0.41774299409912580           0.83548598819825159            1.0443574852478146     
  0.41774299409912580           0.83548598819825159            1.2184170661224505     
  0.41774299409912580           0.83548598819825159            1.3924766469970862     
  0.41774299409912580           0.83548598819825159            1.5665362278717216     
  0.41774299409912580           0.83548598819825159            1.7405958087463578     
  0.41774299409912580           0.83548598819825159            1.9146553896209932     
  0.41774299409912580           0.83548598819825159            2.0887149704956292     
  0.41774299409912580           0.83548598819825159            2.2627745513702648     
  0.41774299409912580           0.83548598819825159            2.4368341322449010     
  0.41774299409912580           0.83548598819825159            2.6108937131195367     
  0.41774299409912580           0.83548598819825159            2.7849532939941724     
  0.41774299409912580           0.83548598819825159            2.9590128748688080     
  0.41774299409912580           0.83548598819825159            3.1330724557434433     
  0.41774299409912580           0.97473365289796032            0.0000000000000000     
  0.41774299409912580           0.97473365289796032           0.17405958087463577     
  0.41774299409912580           0.97473365289796032           0.34811916174927154     
  0.41774299409912580           0.97473365289796032           0.52217874262390729     
  0.41774299409912580           0.97473365289796032           0.69623832349854309     
  0.41774299409912580           0.97473365289796032           0.87029790437317889     
  0.41774299409912580           0.97473365289796032            1.0443574852478146     
  0.41774299409912580           0.97473365289796032            1.2184170661224505     
  0.41774299409912580           0.97473365289796032            1.3924766469970862     
  0.41774299409912580           0.97473365289796032            1.5665362278717216     
  0.41774299409912580           0.97473365289796032            1.7405958087463578     
  0.41774299409912580           0.97473365289796032            1.9146553896209932     
  0.41774299409912580           0.97473365289796032            2.0887149704956292     
  0.41774299409912580           0.97473365289796032            2.2627745513702648     
  0.41774299409912580           0.97473365289796032            2.4368341322449010     
  0.41774299409912580           0.97473365289796032            2.6108937131195367     
  0.41774299409912580           0.97473365289796032            2.7849532939941724     
  0.41774299409912580           0.97473365289796032            2.9590128748688080     
  0.41774299409912580           0.97473365289796032            3.1330724557434433     
  0.41774299409912580            1.1139813175976687            0.0000000000000000     
  0.41774299409912580            1.1139813175976687           0.17405958087463577     
  0.41774299409912580            1.1139813175976687           0.34811916174927154     
  0.41774299409912580            1.1139813175976687           0.52217874262390729     
  0.41774299409912580            1.1139813175976687           0.69623832349854309     
  0.41774299409912580            1.1139813175976687           0.87029790437317889     
  0.41774299409912580            1.1139813175976687            1.0443574852478146     
  0.41774299409912580            1.1139813175976687            1.2184170661224505     
  0.41774299409912580            1.1139813175976687            1.3924766469970862     
  0.41774299409912580            1.1139813175976687            1.5665362278717216     
  0.41774299409912580            1.1139813175976687            1.7405958087463578     
  0.41774299409912580            1.1139813175976687            1.9146553896209932     
  0.41774299409912580            1.1139813175976687            2.0887149704956292     
  0.41774299409912580            1.1139813175976687            2.2627745513702648     
  0.41774299409912580            1.1139813175976687            2.4368341322449010     
  0.41774299409912580            1.1139813175976687            2.6108937131195367     
  0.41774299409912580            1.1139813175976687            2.7849532939941724     
  0.41774299409912580            1.1139813175976687            2.9590128748688080     
  0.41774299409912580            1.1139813175976687            3.1330724557434433     
  0.41774299409912580            1.2532289822973772            0.0000000000000000     
  0.41774299409912580            1.2532289822973772           0.17405958087463577     
  0.41774299409912580            1.2532289822973772           0.34811916174927154     
  0.41774299409912580            1.2532289822973772           0.52217874262390729     
  0.41774299409912580            1.2532289822973772           0.69623832349854309     
  0.41774299409912580            1.2532289822973772           0.87029790437317889     
  0.41774299409912580            1.2532289822973772            1.0443574852478146     
  0.41774299409912580            1.2532289822973772            1.2184170661224505     
  0.41774299409912580            1.2532289822973772            1.3924766469970862     
  0.41774299409912580            1.2532289822973772            1.5665362278717216     
  0.41774299409912580            1.2532289822973772            1.7405958087463578     
  0.41774299409912580            1.2532289822973772            1.9146553896209932     
  0.41774299409912580            1.2532289822973772            2.0887149704956292     
  0.41774299409912580            1.2532289822973772            2.2627745513702648     
  0.41774299409912580            1.2532289822973772            2.4368341322449010     
  0.41774299409912580            1.2532289822973772            2.6108937131195367     
  0.41774299409912580            1.2532289822973772            2.7849532939941724     
  0.41774299409912580            1.2532289822973772            2.9590128748688080     
  0.41774299409912580            1.2532289822973772            3.1330724557434433     
  0.41774299409912580            1.3924766469970860            0.0000000000000000     
  0.41774299409912580            1.3924766469970860           0.17405958087463577     
  0.41774299409912580            1.3924766469970860           0.34811916174927154     
  0.41774299409912580            1.3924766469970860           0.52217874262390729     
  0.41774299409912580            1.3924766469970860           0.69623832349854309     
  0.41774299409912580            1.3924766469970860           0.87029790437317889     
  0.41774299409912580            1.3924766469970860            1.0443574852478146     
  0.41774299409912580            1.3924766469970860            1.2184170661224505     
  0.41774299409912580            1.3924766469970860            1.3924766469970862     
  0.41774299409912580            1.3924766469970860            1.5665362278717216     
  0.41774299409912580            1.3924766469970860            1.7405958087463578     
  0.41774299409912580            1.3924766469970860            1.9146553896209932     
  0.41774299409912580            1.3924766469970860            2.0887149704956292     
  0.41774299409912580            1.3924766469970860            2.2627745513702648     
  0.41774299409912580            1.3924766469970860            2.4368341322449010     
  0.41774299409912580            1.3924766469970860            2.6108937131195367     
  0.41774299409912580            1.3924766469970860            2.7849532939941724     
  0.41774299409912580            1.3924766469970860            2.9590128748688080     
  0.41774299409912580            1.3924766469970860            3.1330724557434433     
  0.41774299409912580            1.5317243116967947            0.0000000000000000     
  0.41774299409912580            1.5317243116967947           0.17405958087463577     
  0.41774299409912580            1.5317243116967947           0.34811916174927154     
  0.41774299409912580            1.5317243116967947           0.52217874262390729     
  0.41774299409912580            1.5317243116967947           0.69623832349854309     
  0.41774299409912580            1.5317243116967947           0.87029790437317889     
  0.41774299409912580            1.5317243116967947            1.0443574852478146     
  0.41774299409912580            1.5317243116967947            1.2184170661224505     
  0.41774299409912580            1.5317243116967947            1.3924766469970862     
  0.41774299409912580            1.5317243116967947            1.5665362278717216     
  0.41774299409912580            1.5317243116967947            1.7405958087463578     
  0.41774299409912580            1.5317243116967947            1.9146553896209932     
  0.41774299409912580            1.5317243116967947            2.0887149704956292     
  0.41774299409912580            1.5317243116967947            2.2627745513702648     
  0.41774299409912580            1.5317243116967947            2.4368341322449010     
  0.41774299409912580            1.5317243116967947            2.6108937131195367     
  0.41774299409912580            1.5317243116967947            2.7849532939941724     
  0.41774299409912580            1.5317243116967947            2.9590128748688080     
  0.41774299409912580            1.5317243116967947            3.1330724557434433     
  0.41774299409912580            1.6709719763965032            0.0000000000000000     
  0.41774299409912580            1.6709719763965032           0.17405958087463577     
  0.41774299409912580            1.6709719763965032           0.34811916174927154     
  0.41774299409912580            1.6709719763965032           0.52217874262390729     
  0.41774299409912580            1.6709719763965032           0.69623832349854309     
  0.41774299409912580            1.6709719763965032           0.87029790437317889     
  0.41774299409912580            1.6709719763965032            1.0443574852478146     
  0.41774299409912580            1.6709719763965032            1.2184170661224505     
  0.41774299409912580            1.6709719763965032            1.3924766469970862     
  0.41774299409912580            1.6709719763965032            1.5665362278717216     
  0.41774299409912580            1.6709719763965032            1.7405958087463578     
  0.41774299409912580            1.6709719763965032            1.9146553896209932     
  0.41774299409912580            1.6709719763965032            2.0887149704956292     
  0.41774299409912580            1.6709719763965032            2.2627745513702648     
  0.41774299409912580            1.6709719763965032            2.4368341322449010     
  0.41774299409912580            1.6709719763965032            2.6108937131195367     
  0.41774299409912580            1.6709719763965032            2.7849532939941724     
  0.41774299409912580            1.6709719763965032            2.9590128748688080     
  0.41774299409912580            1.6709719763965032            3.1330724557434433     
  0.41774299409912580            1.8102196410962119            0.0000000000000000     
  0.41774299409912580            1.8102196410962119           0.17405958087463577     
  0.41774299409912580            1.8102196410962119           0.34811916174927154     
  0.41774299409912580            1.8102196410962119           0.52217874262390729     
  0.41774299409912580            1.8102196410962119           0.69623832349854309     
  0.41774299409912580            1.8102196410962119           0.87029790437317889     
  0.41774299409912580            1.8102196410962119            1.0443574852478146     
  0.41774299409912580            1.8102196410962119            1.2184170661224505     
  0.41774299409912580            1.8102196410962119            1.3924766469970862     
  0.41774299409912580            1.8102196410962119            1.5665362278717216     
  0.41774299409912580            1.8102196410962119            1.7405958087463578     
  0.41774299409912580            1.8102196410962119            1.9146553896209932     
  0.41774299409912580            1.8102196410962119            2.0887149704956292     
  0.41774299409912580            1.8102196410962119            2.2627745513702648     
  0.41774299409912580            1.8102196410962119            2.4368341322449010     
  0.41774299409912580            1.8102196410962119            2.6108937131195367     
  0.41774299409912580            1.8102196410962119            2.7849532939941724     
  0.41774299409912580            1.8102196410962119            2.9590128748688080     
  0.41774299409912580            1.8102196410962119            3.1330724557434433     
  0.41774299409912580            1.9494673057959206            0.0000000000000000     
  0.41774299409912580            1.9494673057959206           0.17405958087463577     
  0.41774299409912580            1.9494673057959206           0.34811916174927154     
  0.41774299409912580            1.9494673057959206           0.52217874262390729     
  0.41774299409912580            1.9494673057959206           0.69623832349854309     
  0.41774299409912580            1.9494673057959206           0.87029790437317889     
  0.41774299409912580            1.9494673057959206            1.0443574852478146     
  0.41774299409912580            1.9494673057959206            1.2184170661224505     
  0.41774299409912580            1.9494673057959206            1.3924766469970862     
  0.41774299409912580            1.9494673057959206            1.5665362278717216     
  0.41774299409912580            1.9494673057959206            1.7405958087463578     
  0.41774299409912580            1.9494673057959206            1.9146553896209932     
  0.41774299409912580            1.9494673057959206            2.0887149704956292     
  0.41774299409912580            1.9494673057959206            2.2627745513702648     
  0.41774299409912580            1.9494673057959206            2.4368341322449010     
  0.41774299409912580            1.9494673057959206            2.6108937131195367     
  0.41774299409912580            1.9494673057959206            2.7849532939941724     
  0.41774299409912580            1.9494673057959206            2.9590128748688080     
  0.41774299409912580            1.9494673057959206            3.1330724557434433     
  0.41774299409912580            2.0887149704956292            0.0000000000000000     
  0.41774299409912580            2.0887149704956292           0.17405958087463577     
  0.41774299409912580            2.0887149704956292           0.34811916174927154     
  0.41774299409912580            2.0887149704956292           0.52217874262390729     
  0.41774299409912580            2.0887149704956292           0.69623832349854309     
  0.41774299409912580            2.0887149704956292           0.87029790437317889     
  0.41774299409912580            2.0887149704956292            1.0443574852478146     
  0.41774299409912580            2.0887149704956292            1.2184170661224505     
  0.41774299409912580            2.0887149704956292            1.3924766469970862     
  0.41774299409912580            2.0887149704956292            1.5665362278717216     
  0.41774299409912580            2.0887149704956292            1.7405958087463578     
  0.41774299409912580            2.0887149704956292            1.9146553896209932     
  0.41774299409912580            2.0887149704956292            2.0887149704956292     
  0.41774299409912580            2.0887149704956292            2.2627745513702648     
  0.41774299409912580            2.0887149704956292            2.4368341322449010     
  0.41774299409912580            2.0887149704956292            2.6108937131195367     
  0.41774299409912580            2.0887149704956292            2.7849532939941724     
  0.41774299409912580            2.0887149704956292            2.9590128748688080     
  0.41774299409912580            2.0887149704956292            3.1330724557434433     
  0.41774299409912580            2.2279626351953374            0.0000000000000000     
  0.41774299409912580            2.2279626351953374           0.17405958087463577     
  0.41774299409912580            2.2279626351953374           0.34811916174927154     
  0.41774299409912580            2.2279626351953374           0.52217874262390729     
  0.41774299409912580            2.2279626351953374           0.69623832349854309     
  0.41774299409912580            2.2279626351953374           0.87029790437317889     
  0.41774299409912580            2.2279626351953374            1.0443574852478146     
  0.41774299409912580            2.2279626351953374            1.2184170661224505     
  0.41774299409912580            2.2279626351953374            1.3924766469970862     
  0.41774299409912580            2.2279626351953374            1.5665362278717216     
  0.41774299409912580            2.2279626351953374            1.7405958087463578     
  0.41774299409912580            2.2279626351953374            1.9146553896209932     
  0.41774299409912580            2.2279626351953374            2.0887149704956292     
  0.41774299409912580            2.2279626351953374            2.2627745513702648     
  0.41774299409912580            2.2279626351953374            2.4368341322449010     
  0.41774299409912580            2.2279626351953374            2.6108937131195367     
  0.41774299409912580            2.2279626351953374            2.7849532939941724     
  0.41774299409912580            2.2279626351953374            2.9590128748688080     
  0.41774299409912580            2.2279626351953374            3.1330724557434433     
  0.41774299409912580            2.3672102998950462            0.0000000000000000     
  0.41774299409912580            2.3672102998950462           0.17405958087463577     
  0.41774299409912580            2.3672102998950462           0.34811916174927154     
  0.41774299409912580            2.3672102998950462           0.52217874262390729     
  0.41774299409912580            2.3672102998950462           0.69623832349854309     
  0.41774299409912580            2.3672102998950462           0.87029790437317889     
  0.41774299409912580            2.3672102998950462            1.0443574852478146     
  0.41774299409912580            2.3672102998950462            1.2184170661224505     
  0.41774299409912580            2.3672102998950462            1.3924766469970862     
  0.41774299409912580            2.3672102998950462            1.5665362278717216     
  0.41774299409912580            2.3672102998950462            1.7405958087463578     
  0.41774299409912580            2.3672102998950462            1.9146553896209932     
  0.41774299409912580            2.3672102998950462            2.0887149704956292     
  0.41774299409912580            2.3672102998950462            2.2627745513702648     
  0.41774299409912580            2.3672102998950462            2.4368341322449010     
  0.41774299409912580            2.3672102998950462            2.6108937131195367     
  0.41774299409912580            2.3672102998950462            2.7849532939941724     
  0.41774299409912580            2.3672102998950462            2.9590128748688080     
  0.41774299409912580            2.3672102998950462            3.1330724557434433     
  0.41774299409912580            2.5064579645947545            0.0000000000000000     
  0.41774299409912580            2.5064579645947545           0.17405958087463577     
  0.41774299409912580            2.5064579645947545           0.34811916174927154     
  0.41774299409912580            2.5064579645947545           0.52217874262390729     
  0.41774299409912580            2.5064579645947545           0.69623832349854309     
  0.41774299409912580            2.5064579645947545           0.87029790437317889     
  0.41774299409912580            2.5064579645947545            1.0443574852478146     
  0.41774299409912580            2.5064579645947545            1.2184170661224505     
  0.41774299409912580            2.5064579645947545            1.3924766469970862     
  0.41774299409912580            2.5064579645947545            1.5665362278717216     
  0.41774299409912580            2.5064579645947545            1.7405958087463578     
  0.41774299409912580            2.5064579645947545            1.9146553896209932     
  0.41774299409912580            2.5064579645947545            2.0887149704956292     
  0.41774299409912580            2.5064579645947545            2.2627745513702648     
  0.41774299409912580            2.5064579645947545            2.4368341322449010     
  0.41774299409912580            2.5064579645947545            2.6108937131195367     
  0.41774299409912580            2.5064579645947545            2.7849532939941724     
  0.41774299409912580            2.5064579645947545            2.9590128748688080     
  0.41774299409912580            2.5064579645947545            3.1330724557434433     
  0.55699065879883436            0.0000000000000000            0.0000000000000000     
  0.55699065879883436            0.0000000000000000           0.17405958087463577     
  0.55699065879883436            0.0000000000000000           0.34811916174927154     
  0.55699065879883436            0.0000000000000000           0.52217874262390729     
  0.55699065879883436            0.0000000000000000           0.69623832349854309     
  0.55699065879883436            0.0000000000000000           0.87029790437317889     
  0.55699065879883436            0.0000000000000000            1.0443574852478146     
  0.55699065879883436            0.0000000000000000            1.2184170661224505     
  0.55699065879883436            0.0000000000000000            1.3924766469970862     
  0.55699065879883436            0.0000000000000000            1.5665362278717216     
  0.55699065879883436            0.0000000000000000            1.7405958087463578     
  0.55699065879883436            0.0000000000000000            1.9146553896209932     
  0.55699065879883436            0.0000000000000000            2.0887149704956292     
  0.55699065879883436            0.0000000000000000            2.2627745513702648     
  0.55699065879883436            0.0000000000000000            2.4368341322449010     
  0.55699065879883436            0.0000000000000000            2.6108937131195367     
  0.55699065879883436            0.0000000000000000            2.7849532939941724     
  0.55699065879883436            0.0000000000000000            2.9590128748688080     
  0.55699065879883436            0.0000000000000000            3.1330724557434433     
  0.55699065879883436           0.13924766469970859            0.0000000000000000     
  0.55699065879883436           0.13924766469970859           0.17405958087463577     
  0.55699065879883436           0.13924766469970859           0.34811916174927154     
  0.55699065879883436           0.13924766469970859           0.52217874262390729     
  0.55699065879883436           0.13924766469970859           0.69623832349854309     
  0.55699065879883436           0.13924766469970859           0.87029790437317889     
  0.55699065879883436           0.13924766469970859            1.0443574852478146     
  0.55699065879883436           0.13924766469970859            1.2184170661224505     
  0.55699065879883436           0.13924766469970859            1.3924766469970862     
  0.55699065879883436           0.13924766469970859            1.5665362278717216     
  0.55699065879883436           0.13924766469970859            1.7405958087463578     
  0.55699065879883436           0.13924766469970859            1.9146553896209932     
  0.55699065879883436           0.13924766469970859            2.0887149704956292     
  0.55699065879883436           0.13924766469970859            2.2627745513702648     
  0.55699065879883436           0.13924766469970859            2.4368341322449010     
  0.55699065879883436           0.13924766469970859            2.6108937131195367     
  0.55699065879883436           0.13924766469970859            2.7849532939941724     
  0.55699065879883436           0.13924766469970859            2.9590128748688080     
  0.55699065879883436           0.13924766469970859            3.1330724557434433     
  0.55699065879883436           0.27849532939941718            0.0000000000000000     
  0.55699065879883436           0.27849532939941718           0.17405958087463577     
  0.55699065879883436           0.27849532939941718           0.34811916174927154     
  0.55699065879883436           0.27849532939941718           0.52217874262390729     
  0.55699065879883436           0.27849532939941718           0.69623832349854309     
  0.55699065879883436           0.27849532939941718           0.87029790437317889     
  0.55699065879883436           0.27849532939941718            1.0443574852478146     
  0.55699065879883436           0.27849532939941718            1.2184170661224505     
  0.55699065879883436           0.27849532939941718            1.3924766469970862     
  0.55699065879883436           0.27849532939941718            1.5665362278717216     
  0.55699065879883436           0.27849532939941718            1.7405958087463578     
  0.55699065879883436           0.27849532939941718            1.9146553896209932     
  0.55699065879883436           0.27849532939941718            2.0887149704956292     
  0.55699065879883436           0.27849532939941718            2.2627745513702648     
  0.55699065879883436           0.27849532939941718            2.4368341322449010     
  0.55699065879883436           0.27849532939941718            2.6108937131195367     
  0.55699065879883436           0.27849532939941718            2.7849532939941724     
  0.55699065879883436           0.27849532939941718            2.9590128748688080     
  0.55699065879883436           0.27849532939941718            3.1330724557434433     
  0.55699065879883436           0.41774299409912580            0.0000000000000000     
  0.55699065879883436           0.41774299409912580           0.17405958087463577     
  0.55699065879883436           0.41774299409912580           0.34811916174927154     
  0.55699065879883436           0.41774299409912580           0.52217874262390729     
  0.55699065879883436           0.41774299409912580           0.69623832349854309     
  0.55699065879883436           0.41774299409912580           0.87029790437317889     
  0.55699065879883436           0.41774299409912580            1.0443574852478146     
  0.55699065879883436           0.41774299409912580            1.2184170661224505     
  0.55699065879883436           0.41774299409912580            1.3924766469970862     
  0.55699065879883436           0.41774299409912580            1.5665362278717216     
  0.55699065879883436           0.41774299409912580            1.7405958087463578     
  0.55699065879883436           0.41774299409912580            1.9146553896209932     
  0.55699065879883436           0.41774299409912580            2.0887149704956292     
  0.55699065879883436           0.41774299409912580            2.2627745513702648     
  0.55699065879883436           0.41774299409912580            2.4368341322449010     
  0.55699065879883436           0.41774299409912580            2.6108937131195367     
  0.55699065879883436           0.41774299409912580            2.7849532939941724     
  0.55699065879883436           0.41774299409912580            2.9590128748688080     
  0.55699065879883436           0.41774299409912580            3.1330724557434433     
  0.55699065879883436           0.55699065879883436            0.0000000000000000     
  0.55699065879883436           0.55699065879883436           0.17405958087463577     
  0.55699065879883436           0.55699065879883436           0.34811916174927154     
  0.55699065879883436           0.55699065879883436           0.52217874262390729     
  0.55699065879883436           0.55699065879883436           0.69623832349854309     
  0.55699065879883436           0.55699065879883436           0.87029790437317889     
  0.55699065879883436           0.55699065879883436            1.0443574852478146     
  0.55699065879883436           0.55699065879883436            1.2184170661224505     
  0.55699065879883436           0.55699065879883436            1.3924766469970862     
  0.55699065879883436           0.55699065879883436            1.5665362278717216     
  0.55699065879883436           0.55699065879883436            1.7405958087463578     
  0.55699065879883436           0.55699065879883436            1.9146553896209932     
  0.55699065879883436           0.55699065879883436            2.0887149704956292     
  0.55699065879883436           0.55699065879883436            2.2627745513702648     
  0.55699065879883436           0.55699065879883436            2.4368341322449010     
  0.55699065879883436           0.55699065879883436            2.6108937131195367     
  0.55699065879883436           0.55699065879883436            2.7849532939941724     
  0.55699065879883436           0.55699065879883436            2.9590128748688080     
  0.55699065879883436           0.55699065879883436            3.1330724557434433     
  0.55699065879883436           0.69623832349854298            0.0000000000000000     
  0.55699065879883436           0.69623832349854298           0.17405958087463577     
  0.55699065879883436           0.69623832349854298           0.34811916174927154     
  0.55699065879883436           0.69623832349854298           0.52217874262390729     
  0.55699065879883436           0.69623832349854298           0.69623832349854309     
  0.55699065879883436           0.69623832349854298           0.87029790437317889     
  0.55699065879883436           0.69623832349854298            1.0443574852478146     
  0.55699065879883436           0.69623832349854298            1.2184170661224505     
  0.55699065879883436           0.69623832349854298            1.3924766469970862     
  0.55699065879883436           0.69623832349854298            1.5665362278717216     
  0.55699065879883436           0.69623832349854298            1.7405958087463578     
  0.55699065879883436           0.69623832349854298            1.9146553896209932     
  0.55699065879883436           0.69623832349854298            2.0887149704956292     
  0.55699065879883436           0.69623832349854298            2.2627745513702648     
  0.55699065879883436           0.69623832349854298            2.4368341322449010     
  0.55699065879883436           0.69623832349854298            2.6108937131195367     
  0.55699065879883436           0.69623832349854298            2.7849532939941724     
  0.55699065879883436           0.69623832349854298            2.9590128748688080     
  0.55699065879883436           0.69623832349854298            3.1330724557434433     
  0.55699065879883436           0.83548598819825159            0.0000000000000000     
  0.55699065879883436           0.83548598819825159           0.17405958087463577     
  0.55699065879883436           0.83548598819825159           0.34811916174927154     
  0.55699065879883436           0.83548598819825159           0.52217874262390729     
  0.55699065879883436           0.83548598819825159           0.69623832349854309     
  0.55699065879883436           0.83548598819825159           0.87029790437317889     
  0.55699065879883436           0.83548598819825159            1.0443574852478146     
  0.55699065879883436           0.83548598819825159            1.2184170661224505     
  0.55699065879883436           0.83548598819825159            1.3924766469970862     
  0.55699065879883436           0.83548598819825159            1.5665362278717216     
  0.55699065879883436           0.83548598819825159            1.7405958087463578     
  0.55699065879883436           0.83548598819825159            1.9146553896209932     
  0.55699065879883436           0.83548598819825159            2.0887149704956292     
  0.55699065879883436           0.83548598819825159            2.2627745513702648     
  0.55699065879883436           0.83548598819825159            2.4368341322449010     
  0.55699065879883436           0.83548598819825159            2.6108937131195367     
  0.55699065879883436           0.83548598819825159            2.7849532939941724     
  0.55699065879883436           0.83548598819825159            2.9590128748688080     
  0.55699065879883436           0.83548598819825159            3.1330724557434433     
  0.55699065879883436           0.97473365289796032            0.0000000000000000     
  0.55699065879883436           0.97473365289796032           0.17405958087463577     
  0.55699065879883436           0.97473365289796032           0.34811916174927154     
  0.55699065879883436           0.97473365289796032           0.52217874262390729     
  0.55699065879883436           0.97473365289796032           0.69623832349854309     
  0.55699065879883436           0.97473365289796032           0.87029790437317889     
  0.55699065879883436           0.97473365289796032            1.0443574852478146     
  0.55699065879883436           0.97473365289796032            1.2184170661224505     
  0.55699065879883436           0.97473365289796032            1.3924766469970862     
  0.55699065879883436           0.97473365289796032            1.5665362278717216     
  0.55699065879883436           0.97473365289796032            1.7405958087463578     
  0.55699065879883436           0.97473365289796032            1.9146553896209932     
  0.55699065879883436           0.97473365289796032            2.0887149704956292     
  0.55699065879883436           0.97473365289796032            2.2627745513702648     
  0.55699065879883436           0.97473365289796032            2.4368341322449010     
  0.55699065879883436           0.97473365289796032            2.6108937131195367     
  0.55699065879883436           0.97473365289796032            2.7849532939941724     
  0.55699065879883436           0.97473365289796032            2.9590128748688080     
  0.55699065879883436           0.97473365289796032            3.1330724557434433     
  0.55699065879883436            1.1139813175976687            0.0000000000000000     
  0.55699065879883436            1.1139813175976687           0.17405958087463577     
  0.55699065879883436            1.1139813175976687           0.34811916174927154     
  0.55699065879883436            1.1139813175976687           0.52217874262390729     
  0.55699065879883436            1.1139813175976687           0.69623832349854309     
  0.55699065879883436            1.1139813175976687           0.87029790437317889     
  0.55699065879883436            1.1139813175976687            1.0443574852478146     
  0.55699065879883436            1.1139813175976687            1.2184170661224505     
  0.55699065879883436            1.1139813175976687            1.3924766469970862     
  0.55699065879883436            1.1139813175976687            1.5665362278717216     
  0.55699065879883436            1.1139813175976687            1.7405958087463578     
  0.55699065879883436            1.1139813175976687            1.9146553896209932     
  0.55699065879883436            1.1139813175976687            2.0887149704956292     
  0.55699065879883436            1.1139813175976687            2.2627745513702648     
  0.55699065879883436            1.1139813175976687            2.4368341322449010     
  0.55699065879883436            1.1139813175976687            2.6108937131195367     
  0.55699065879883436            1.1139813175976687            2.7849532939941724     
  0.55699065879883436            1.1139813175976687            2.9590128748688080     
  0.55699065879883436            1.1139813175976687            3.1330724557434433     
  0.55699065879883436            1.2532289822973772            0.0000000000000000     
  0.55699065879883436            1.2532289822973772           0.17405958087463577     
  0.55699065879883436            1.2532289822973772           0.34811916174927154     
  0.55699065879883436            1.2532289822973772           0.52217874262390729     
  0.55699065879883436            1.2532289822973772           0.69623832349854309     
  0.55699065879883436            1.2532289822973772           0.87029790437317889     
  0.55699065879883436            1.2532289822973772            1.0443574852478146     
  0.55699065879883436            1.2532289822973772            1.2184170661224505     
  0.55699065879883436            1.2532289822973772            1.3924766469970862     
  0.55699065879883436            1.2532289822973772            1.5665362278717216     
  0.55699065879883436            1.2532289822973772            1.7405958087463578     
  0.55699065879883436            1.2532289822973772            1.9146553896209932     
  0.55699065879883436            1.2532289822973772            2.0887149704956292     
  0.55699065879883436            1.2532289822973772            2.2627745513702648     
  0.55699065879883436            1.2532289822973772            2.4368341322449010     
  0.55699065879883436            1.2532289822973772            2.6108937131195367     
  0.55699065879883436            1.2532289822973772            2.7849532939941724     
  0.55699065879883436            1.2532289822973772            2.9590128748688080     
  0.55699065879883436            1.2532289822973772            3.1330724557434433     
  0.55699065879883436            1.3924766469970860            0.0000000000000000     
  0.55699065879883436            1.3924766469970860           0.17405958087463577     
  0.55699065879883436            1.3924766469970860           0.34811916174927154     
  0.55699065879883436            1.3924766469970860           0.52217874262390729     
  0.55699065879883436            1.3924766469970860           0.69623832349854309     
  0.55699065879883436            1.3924766469970860           0.87029790437317889     
  0.55699065879883436            1.3924766469970860            1.0443574852478146     
  0.55699065879883436            1.3924766469970860            1.2184170661224505     
  0.55699065879883436            1.3924766469970860            1.3924766469970862     
  0.55699065879883436            1.3924766469970860            1.5665362278717216     
  0.55699065879883436            1.3924766469970860            1.7405958087463578     
  0.55699065879883436            1.3924766469970860            1.9146553896209932     
  0.55699065879883436            1.3924766469970860            2.0887149704956292     
  0.55699065879883436            1.3924766469970860            2.2627745513702648     
  0.55699065879883436            1.3924766469970860            2.4368341322449010     
  0.55699065879883436            1.3924766469970860            2.6108937131195367     
  0.55699065879883436            1.3924766469970860            2.7849532939941724     
  0.55699065879883436            1.3924766469970860            2.9590128748688080     
  0.55699065879883436            1.3924766469970860            3.1330724557434433     
  0.55699065879883436            1.5317243116967947            0.0000000000000000     
  0.55699065879883436            1.5317243116967947           0.17405958087463577     
  0.55699065879883436            1.5317243116967947           0.34811916174927154     
  0.55699065879883436            1.5317243116967947           0.52217874262390729     
  0.55699065879883436            1.5317243116967947           0.69623832349854309     
  0.55699065879883436            1.5317243116967947           0.87029790437317889     
  0.55699065879883436            1.5317243116967947            1.0443574852478146     
  0.55699065879883436            1.5317243116967947            1.2184170661224505     
  0.55699065879883436            1.5317243116967947            1.3924766469970862     
  0.55699065879883436            1.5317243116967947            1.5665362278717216     
  0.55699065879883436            1.5317243116967947            1.7405958087463578     
  0.55699065879883436            1.5317243116967947            1.9146553896209932     
  0.55699065879883436            1.5317243116967947            2.0887149704956292     
  0.55699065879883436            1.5317243116967947            2.2627745513702648     
  0.55699065879883436            1.5317243116967947            2.4368341322449010     
  0.55699065879883436            1.5317243116967947            2.6108937131195367     
  0.55699065879883436            1.5317243116967947            2.7849532939941724     
  0.55699065879883436            1.5317243116967947            2.9590128748688080     
  0.55699065879883436            1.5317243116967947            3.1330724557434433     
  0.55699065879883436            1.6709719763965032            0.0000000000000000     
  0.55699065879883436            1.6709719763965032           0.17405958087463577     
  0.55699065879883436            1.6709719763965032           0.34811916174927154     
  0.55699065879883436            1.6709719763965032           0.52217874262390729     
  0.55699065879883436            1.6709719763965032           0.69623832349854309     
  0.55699065879883436            1.6709719763965032           0.87029790437317889     
  0.55699065879883436            1.6709719763965032            1.0443574852478146     
  0.55699065879883436            1.6709719763965032            1.2184170661224505     
  0.55699065879883436            1.6709719763965032            1.3924766469970862     
  0.55699065879883436            1.6709719763965032            1.5665362278717216     
  0.55699065879883436            1.6709719763965032            1.7405958087463578     
  0.55699065879883436            1.6709719763965032            1.9146553896209932     
  0.55699065879883436            1.6709719763965032            2.0887149704956292     
  0.55699065879883436            1.6709719763965032            2.2627745513702648     
  0.55699065879883436            1.6709719763965032            2.4368341322449010     
  0.55699065879883436            1.6709719763965032            2.6108937131195367     
  0.55699065879883436            1.6709719763965032            2.7849532939941724     
  0.55699065879883436            1.6709719763965032            2.9590128748688080     
  0.55699065879883436            1.6709719763965032            3.1330724557434433     
  0.55699065879883436            1.8102196410962119            0.0000000000000000     
  0.55699065879883436            1.8102196410962119           0.17405958087463577     
  0.55699065879883436            1.8102196410962119           0.34811916174927154     
  0.55699065879883436            1.8102196410962119           0.52217874262390729     
  0.55699065879883436            1.8102196410962119           0.69623832349854309     
  0.55699065879883436            1.8102196410962119           0.87029790437317889     
  0.55699065879883436            1.8102196410962119            1.0443574852478146     
  0.55699065879883436            1.8102196410962119            1.2184170661224505     
  0.55699065879883436            1.8102196410962119            1.3924766469970862     
  0.55699065879883436            1.8102196410962119            1.5665362278717216     
  0.55699065879883436            1.8102196410962119            1.7405958087463578     
  0.55699065879883436            1.8102196410962119            1.9146553896209932     
  0.55699065879883436            1.8102196410962119            2.0887149704956292     
  0.55699065879883436            1.8102196410962119            2.2627745513702648     
  0.55699065879883436            1.8102196410962119            2.4368341322449010     
  0.55699065879883436            1.8102196410962119            2.6108937131195367     
  0.55699065879883436            1.8102196410962119            2.7849532939941724     
  0.55699065879883436            1.8102196410962119            2.9590128748688080     
  0.55699065879883436            1.8102196410962119            3.1330724557434433     
  0.55699065879883436            1.9494673057959206            0.0000000000000000     
  0.55699065879883436            1.9494673057959206           0.17405958087463577     
  0.55699065879883436            1.9494673057959206           0.34811916174927154     
  0.55699065879883436            1.9494673057959206           0.52217874262390729     
  0.55699065879883436            1.9494673057959206           0.69623832349854309     
  0.55699065879883436            1.9494673057959206           0.87029790437317889     
  0.55699065879883436            1.9494673057959206            1.0443574852478146     
  0.55699065879883436            1.9494673057959206            1.2184170661224505     
  0.55699065879883436            1.9494673057959206            1.3924766469970862     
  0.55699065879883436            1.9494673057959206            1.5665362278717216     
  0.55699065879883436            1.9494673057959206            1.7405958087463578     
  0.55699065879883436            1.9494673057959206            1.9146553896209932     
  0.55699065879883436            1.9494673057959206            2.0887149704956292     
  0.55699065879883436            1.9494673057959206            2.2627745513702648     
  0.55699065879883436            1.9494673057959206            2.4368341322449010     
  0.55699065879883436            1.9494673057959206            2.6108937131195367     
  0.55699065879883436            1.9494673057959206            2.7849532939941724     
  0.55699065879883436            1.9494673057959206            2.9590128748688080     
  0.55699065879883436            1.9494673057959206            3.1330724557434433     
  0.55699065879883436            2.0887149704956292            0.0000000000000000     
  0.55699065879883436            2.0887149704956292           0.17405958087463577     
  0.55699065879883436            2.0887149704956292           0.34811916174927154     
  0.55699065879883436            2.0887149704956292           0.52217874262390729     
  0.55699065879883436            2.0887149704956292           0.69623832349854309     
  0.55699065879883436            2.0887149704956292           0.87029790437317889     
  0.55699065879883436            2.0887149704956292            1.0443574852478146     
  0.55699065879883436            2.0887149704956292            1.2184170661224505     
  0.55699065879883436            2.0887149704956292            1.3924766469970862     
  0.55699065879883436            2.0887149704956292            1.5665362278717216     
  0.55699065879883436            2.0887149704956292            1.7405958087463578     
  0.55699065879883436            2.0887149704956292            1.9146553896209932     
  0.55699065879883436            2.0887149704956292            2.0887149704956292     
  0.55699065879883436            2.0887149704956292            2.2627745513702648     
  0.55699065879883436            2.0887149704956292            2.4368341322449010     
  0.55699065879883436            2.0887149704956292            2.6108937131195367     
  0.55699065879883436            2.0887149704956292            2.7849532939941724     
  0.55699065879883436            2.0887149704956292            2.9590128748688080     
  0.55699065879883436            2.0887149704956292            3.1330724557434433     
  0.55699065879883436            2.2279626351953374            0.0000000000000000     
  0.55699065879883436            2.2279626351953374           0.17405958087463577     
  0.55699065879883436            2.2279626351953374           0.34811916174927154     
  0.55699065879883436            2.2279626351953374           0.52217874262390729     
  0.55699065879883436            2.2279626351953374           0.69623832349854309     
  0.55699065879883436            2.2279626351953374           0.87029790437317889     
  0.55699065879883436            2.2279626351953374            1.0443574852478146     
  0.55699065879883436            2.2279626351953374            1.2184170661224505     
  0.55699065879883436            2.2279626351953374            1.3924766469970862     
  0.55699065879883436            2.2279626351953374            1.5665362278717216     
  0.55699065879883436            2.2279626351953374            1.7405958087463578     
  0.55699065879883436            2.2279626351953374            1.9146553896209932     
  0.55699065879883436            2.2279626351953374            2.0887149704956292     
  0.55699065879883436            2.2279626351953374            2.2627745513702648     
  0.55699065879883436            2.2279626351953374            2.4368341322449010     
  0.55699065879883436            2.2279626351953374            2.6108937131195367     
  0.55699065879883436            2.2279626351953374            2.7849532939941724     
  0.55699065879883436            2.2279626351953374            2.9590128748688080     
  0.55699065879883436            2.2279626351953374            3.1330724557434433     
  0.55699065879883436            2.3672102998950462            0.0000000000000000     
  0.55699065879883436            2.3672102998950462           0.17405958087463577     
  0.55699065879883436            2.3672102998950462           0.34811916174927154     
  0.55699065879883436            2.3672102998950462           0.52217874262390729     
  0.55699065879883436            2.3672102998950462           0.69623832349854309     
  0.55699065879883436            2.3672102998950462           0.87029790437317889     
  0.55699065879883436            2.3672102998950462            1.0443574852478146     
  0.55699065879883436            2.3672102998950462            1.2184170661224505     
  0.55699065879883436            2.3672102998950462            1.3924766469970862     
  0.55699065879883436            2.3672102998950462            1.5665362278717216     
  0.55699065879883436            2.3672102998950462            1.7405958087463578     
  0.55699065879883436            2.3672102998950462            1.9146553896209932     
  0.55699065879883436            2.3672102998950462            2.0887149704956292     
  0.55699065879883436            2.3672102998950462            2.2627745513702648     
  0.55699065879883436            2.3672102998950462            2.4368341322449010     
  0.55699065879883436            2.3672102998950462            2.6108937131195367     
  0.55699065879883436            2.3672102998950462            2.7849532939941724     
  0.55699065879883436            2.3672102998950462            2.9590128748688080     
  0.55699065879883436            2.3672102998950462            3.1330724557434433     
  0.55699065879883436            2.5064579645947545            0.0000000000000000     
  0.55699065879883436            2.5064579645947545           0.17405958087463577     
  0.55699065879883436            2.5064579645947545           0.34811916174927154     
  0.55699065879883436            2.5064579645947545           0.52217874262390729     
  0.55699065879883436            2.5064579645947545           0.69623832349854309     
  0.55699065879883436            2.5064579645947545           0.87029790437317889     
  0.55699065879883436            2.5064579645947545            1.0443574852478146     
  0.55699065879883436            2.5064579645947545            1.2184170661224505     
  0.55699065879883436            2.5064579645947545            1.3924766469970862     
  0.55699065879883436            2.5064579645947545            1.5665362278717216     
  0.55699065879883436            2.5064579645947545            1.7405958087463578     
  0.55699065879883436            2.5064579645947545            1.9146553896209932     
  0.55699065879883436            2.5064579645947545            2.0887149704956292     
  0.55699065879883436            2.5064579645947545            2.2627745513702648     
  0.55699065879883436            2.5064579645947545            2.4368341322449010     
  0.55699065879883436            2.5064579645947545            2.6108937131195367     
  0.55699065879883436            2.5064579645947545            2.7849532939941724     
  0.55699065879883436            2.5064579645947545            2.9590128748688080     
  0.55699065879883436            2.5064579645947545            3.1330724557434433     
  0.69623832349854298            0.0000000000000000            0.0000000000000000     
  0.69623832349854298            0.0000000000000000           0.17405958087463577     
  0.69623832349854298            0.0000000000000000           0.34811916174927154     
  0.69623832349854298            0.0000000000000000           0.52217874262390729     
  0.69623832349854298            0.0000000000000000           0.69623832349854309     
  0.69623832349854298            0.0000000000000000           0.87029790437317889     
  0.69623832349854298            0.0000000000000000            1.0443574852478146     
  0.69623832349854298            0.0000000000000000            1.2184170661224505     
  0.69623832349854298            0.0000000000000000            1.3924766469970862     
  0.69623832349854298            0.0000000000000000            1.5665362278717216     
  0.69623832349854298            0.0000000000000000            1.7405958087463578     
  0.69623832349854298            0.0000000000000000            1.9146553896209932     
  0.69623832349854298            0.0000000000000000            2.0887149704956292     
  0.69623832349854298            0.0000000000000000            2.2627745513702648     
  0.69623832349854298            0.0000000000000000            2.4368341322449010     
  0.69623832349854298            0.0000000000000000            2.6108937131195367     
  0.69623832349854298            0.0000000000000000            2.7849532939941724     
  0.69623832349854298            0.0000000000000000            2.9590128748688080     
  0.69623832349854298            0.0000000000000000            3.1330724557434433     
  0.69623832349854298           0.13924766469970859            0.0000000000000000     
  0.69623832349854298           0.13924766469970859           0.17405958087463577     
  0.69623832349854298           0.13924766469970859           0.34811916174927154     
  0.69623832349854298           0.13924766469970859           0.52217874262390729     
  0.69623832349854298           0.13924766469970859           0.69623832349854309     
  0.69623832349854298           0.13924766469970859           0.87029790437317889     
  0.69623832349854298           0.13924766469970859            1.0443574852478146     
  0.69623832349854298           0.13924766469970859            1.2184170661224505     
  0.69623832349854298           0.13924766469970859            1.3924766469970862     
  0.69623832349854298           0.13924766469970859            1.5665362278717216     
  0.69623832349854298           0.13924766469970859            1.7405958087463578     
  0.69623832349854298           0.13924766469970859            1.9146553896209932     
  0.69623832349854298           0.13924766469970859            2.0887149704956292     
  0.69623832349854298           0.13924766469970859            2.2627745513702648     
  0.69623832349854298           0.13924766469970859            2.4368341322449010     
  0.69623832349854298           0.13924766469970859            2.6108937131195367     
  0.69623832349854298           0.13924766469970859            2.7849532939941724     
  0.69623832349854298           0.13924766469970859            2.9590128748688080     
  0.69623832349854298           0.13924766469970859            3.1330724557434433     
  0.69623832349854298           0.27849532939941718            0.0000000000000000     
  0.69623832349854298           0.27849532939941718           0.17405958087463577     
  0.69623832349854298           0.27849532939941718           0.34811916174927154     
  0.69623832349854298           0.27849532939941718           0.52217874262390729     
  0.69623832349854298           0.27849532939941718           0.69623832349854309     
  0.69623832349854298           0.27849532939941718           0.87029790437317889     
  0.69623832349854298           0.27849532939941718            1.0443574852478146     
  0.69623832349854298           0.27849532939941718            1.2184170661224505     
  0.69623832349854298           0.27849532939941718            1.3924766469970862     
  0.69623832349854298           0.27849532939941718            1.5665362278717216     
  0.69623832349854298           0.27849532939941718            1.7405958087463578     
  0.69623832349854298           0.27849532939941718            1.9146553896209932     
  0.69623832349854298           0.27849532939941718            2.0887149704956292     
  0.69623832349854298           0.27849532939941718            2.2627745513702648     
  0.69623832349854298           0.27849532939941718            2.4368341322449010     
  0.69623832349854298           0.27849532939941718            2.6108937131195367     
  0.69623832349854298           0.27849532939941718            2.7849532939941724     
  0.69623832349854298           0.27849532939941718            2.9590128748688080     
  0.69623832349854298           0.27849532939941718            3.1330724557434433     
  0.69623832349854298           0.41774299409912580            0.0000000000000000     
  0.69623832349854298           0.41774299409912580           0.17405958087463577     
  0.69623832349854298           0.41774299409912580           0.34811916174927154     
  0.69623832349854298           0.41774299409912580           0.52217874262390729     
  0.69623832349854298           0.41774299409912580           0.69623832349854309     
  0.69623832349854298           0.41774299409912580           0.87029790437317889     
  0.69623832349854298           0.41774299409912580            1.0443574852478146     
  0.69623832349854298           0.41774299409912580            1.2184170661224505     
  0.69623832349854298           0.41774299409912580            1.3924766469970862     
  0.69623832349854298           0.41774299409912580            1.5665362278717216     
  0.69623832349854298           0.41774299409912580            1.7405958087463578     
  0.69623832349854298           0.41774299409912580            1.9146553896209932     
  0.69623832349854298           0.41774299409912580            2.0887149704956292     
  0.69623832349854298           0.41774299409912580            2.2627745513702648     
  0.69623832349854298           0.41774299409912580            2.4368341322449010     
  0.69623832349854298           0.41774299409912580            2.6108937131195367     
  0.69623832349854298           0.41774299409912580            2.7849532939941724     
  0.69623832349854298           0.41774299409912580            2.9590128748688080     
  0.69623832349854298           0.41774299409912580            3.1330724557434433     
  0.69623832349854298           0.55699065879883436            0.0000000000000000     
  0.69623832349854298           0.55699065879883436           0.17405958087463577     
  0.69623832349854298           0.55699065879883436           0.34811916174927154     
  0.69623832349854298           0.55699065879883436           0.52217874262390729     
  0.69623832349854298           0.55699065879883436           0.69623832349854309     
  0.69623832349854298           0.55699065879883436           0.87029790437317889     
  0.69623832349854298           0.55699065879883436            1.0443574852478146     
  0.69623832349854298           0.55699065879883436            1.2184170661224505     
  0.69623832349854298           0.55699065879883436            1.3924766469970862     
  0.69623832349854298           0.55699065879883436            1.5665362278717216     
  0.69623832349854298           0.55699065879883436            1.7405958087463578     
  0.69623832349854298           0.55699065879883436            1.9146553896209932     
  0.69623832349854298           0.55699065879883436            2.0887149704956292     
  0.69623832349854298           0.55699065879883436            2.2627745513702648     
  0.69623832349854298           0.55699065879883436            2.4368341322449010     
  0.69623832349854298           0.55699065879883436            2.6108937131195367     
  0.69623832349854298           0.55699065879883436            2.7849532939941724     
  0.69623832349854298           0.55699065879883436            2.9590128748688080     
  0.69623832349854298           0.55699065879883436            3.1330724557434433     
  0.69623832349854298           0.69623832349854298            0.0000000000000000     
  0.69623832349854298           0.69623832349854298           0.17405958087463577     
  0.69623832349854298           0.69623832349854298           0.34811916174927154     
  0.69623832349854298           0.69623832349854298           0.52217874262390729     
  0.69623832349854298           0.69623832349854298           0.69623832349854309     
  0.69623832349854298           0.69623832349854298           0.87029790437317889     
  0.69623832349854298           0.69623832349854298            1.0443574852478146     
  0.69623832349854298           0.69623832349854298            1.2184170661224505     
  0.69623832349854298           0.69623832349854298            1.3924766469970862     
  0.69623832349854298           0.69623832349854298            1.5665362278717216     
  0.69623832349854298           0.69623832349854298            1.7405958087463578     
  0.69623832349854298           0.69623832349854298            1.9146553896209932     
  0.69623832349854298           0.69623832349854298            2.0887149704956292     
  0.69623832349854298           0.69623832349854298            2.2627745513702648     
  0.69623832349854298           0.69623832349854298            2.4368341322449010     
  0.69623832349854298           0.69623832349854298            2.6108937131195367     
  0.69623832349854298           0.69623832349854298            2.7849532939941724     
  0.69623832349854298           0.69623832349854298            2.9590128748688080     
  0.69623832349854298           0.69623832349854298            3.1330724557434433     
  0.69623832349854298           0.83548598819825159            0.0000000000000000     
  0.69623832349854298           0.83548598819825159           0.17405958087463577     
  0.69623832349854298           0.83548598819825159           0.34811916174927154     
  0.69623832349854298           0.83548598819825159           0.52217874262390729     
  0.69623832349854298           0.83548598819825159           0.69623832349854309     
  0.69623832349854298           0.83548598819825159           0.87029790437317889     
  0.69623832349854298           0.83548598819825159            1.0443574852478146     
  0.69623832349854298           0.83548598819825159            1.2184170661224505     
  0.69623832349854298           0.83548598819825159            1.3924766469970862     
  0.69623832349854298           0.83548598819825159            1.5665362278717216     
  0.69623832349854298           0.83548598819825159            1.7405958087463578     
  0.69623832349854298           0.83548598819825159            1.9146553896209932     
  0.69623832349854298           0.83548598819825159            2.0887149704956292     
  0.69623832349854298           0.83548598819825159            2.2627745513702648     
  0.69623832349854298           0.83548598819825159            2.4368341322449010     
  0.69623832349854298           0.83548598819825159            2.6108937131195367     
  0.69623832349854298           0.83548598819825159            2.7849532939941724     
  0.69623832349854298           0.83548598819825159            2.9590128748688080     
  0.69623832349854298           0.83548598819825159            3.1330724557434433     
  0.69623832349854298           0.97473365289796032            0.0000000000000000     
  0.69623832349854298           0.97473365289796032           0.17405958087463577     
  0.69623832349854298           0.97473365289796032           0.34811916174927154     
  0.69623832349854298           0.97473365289796032           0.52217874262390729     
  0.69623832349854298           0.97473365289796032           0.69623832349854309     
  0.69623832349854298           0.97473365289796032           0.87029790437317889     
  0.69623832349854298           0.97473365289796032            1.0443574852478146     
  0.69623832349854298           0.97473365289796032            1.2184170661224505     
  0.69623832349854298           0.97473365289796032            1.3924766469970862     
  0.69623832349854298           0.97473365289796032            1.5665362278717216     
  0.69623832349854298           0.97473365289796032            1.7405958087463578     
  0.69623832349854298           0.97473365289796032            1.9146553896209932     
  0.69623832349854298           0.97473365289796032            2.0887149704956292     
  0.69623832349854298           0.97473365289796032            2.2627745513702648     
  0.69623832349854298           0.97473365289796032            2.4368341322449010     
  0.69623832349854298           0.97473365289796032            2.6108937131195367     
  0.69623832349854298           0.97473365289796032            2.7849532939941724     
  0.69623832349854298           0.97473365289796032            2.9590128748688080     
  0.69623832349854298           0.97473365289796032            3.1330724557434433     
  0.69623832349854298            1.1139813175976687            0.0000000000000000     
  0.69623832349854298            1.1139813175976687           0.17405958087463577     
  0.69623832349854298            1.1139813175976687           0.34811916174927154     
  0.69623832349854298            1.1139813175976687           0.52217874262390729     
  0.69623832349854298            1.1139813175976687           0.69623832349854309     
  0.69623832349854298            1.1139813175976687           0.87029790437317889     
  0.69623832349854298            1.1139813175976687            1.0443574852478146     
  0.69623832349854298            1.1139813175976687            1.2184170661224505     
  0.69623832349854298            1.1139813175976687            1.3924766469970862     
  0.69623832349854298            1.1139813175976687            1.5665362278717216     
  0.69623832349854298            1.1139813175976687            1.7405958087463578     
  0.69623832349854298            1.1139813175976687            1.9146553896209932     
  0.69623832349854298            1.1139813175976687            2.0887149704956292     
  0.69623832349854298            1.1139813175976687            2.2627745513702648     
  0.69623832349854298            1.1139813175976687            2.4368341322449010     
  0.69623832349854298            1.1139813175976687            2.6108937131195367     
  0.69623832349854298            1.1139813175976687            2.7849532939941724     
  0.69623832349854298            1.1139813175976687            2.9590128748688080     
  0.69623832349854298            1.1139813175976687            3.1330724557434433     
  0.69623832349854298            1.2532289822973772            0.0000000000000000     
  0.69623832349854298            1.2532289822973772           0.17405958087463577     
  0.69623832349854298            1.2532289822973772           0.34811916174927154     
  0.69623832349854298            1.2532289822973772           0.52217874262390729     
  0.69623832349854298            1.2532289822973772           0.69623832349854309     
  0.69623832349854298            1.2532289822973772           0.87029790437317889     
  0.69623832349854298            1.2532289822973772            1.0443574852478146     
  0.69623832349854298            1.2532289822973772            1.2184170661224505     
  0.69623832349854298            1.2532289822973772            1.3924766469970862     
  0.69623832349854298            1.2532289822973772            1.5665362278717216     
  0.69623832349854298            1.2532289822973772            1.7405958087463578     
  0.69623832349854298            1.2532289822973772            1.9146553896209932     
  0.69623832349854298            1.2532289822973772            2.0887149704956292     
  0.69623832349854298            1.2532289822973772            2.2627745513702648     
  0.69623832349854298            1.2532289822973772            2.4368341322449010     
  0.69623832349854298            1.2532289822973772            2.6108937131195367     
  0.69623832349854298            1.2532289822973772            2.7849532939941724     
  0.69623832349854298            1.2532289822973772            2.9590128748688080     
  0.69623832349854298            1.2532289822973772            3.1330724557434433     
  0.69623832349854298            1.3924766469970860            0.0000000000000000     
  0.69623832349854298            1.3924766469970860           0.17405958087463577     
  0.69623832349854298            1.3924766469970860           0.34811916174927154     
  0.69623832349854298            1.3924766469970860           0.52217874262390729     
  0.69623832349854298            1.3924766469970860           0.69623832349854309     
  0.69623832349854298            1.3924766469970860           0.87029790437317889     
  0.69623832349854298            1.3924766469970860            1.0443574852478146     
  0.69623832349854298            1.3924766469970860            1.2184170661224505     
  0.69623832349854298            1.3924766469970860            1.3924766469970862     
  0.69623832349854298            1.3924766469970860            1.5665362278717216     
  0.69623832349854298            1.3924766469970860            1.7405958087463578     
  0.69623832349854298            1.3924766469970860            1.9146553896209932     
  0.69623832349854298            1.3924766469970860            2.0887149704956292     
  0.69623832349854298            1.3924766469970860            2.2627745513702648     
  0.69623832349854298            1.3924766469970860            2.4368341322449010     
  0.69623832349854298            1.3924766469970860            2.6108937131195367     
  0.69623832349854298            1.3924766469970860            2.7849532939941724     
  0.69623832349854298            1.3924766469970860            2.9590128748688080     
  0.69623832349854298            1.3924766469970860            3.1330724557434433     
  0.69623832349854298            1.5317243116967947            0.0000000000000000     
  0.69623832349854298            1.5317243116967947           0.17405958087463577     
  0.69623832349854298            1.5317243116967947           0.34811916174927154     
  0.69623832349854298            1.5317243116967947           0.52217874262390729     
  0.69623832349854298            1.5317243116967947           0.69623832349854309     
  0.69623832349854298            1.5317243116967947           0.87029790437317889     
  0.69623832349854298            1.5317243116967947            1.0443574852478146     
  0.69623832349854298            1.5317243116967947            1.2184170661224505     
  0.69623832349854298            1.5317243116967947            1.3924766469970862     
  0.69623832349854298            1.5317243116967947            1.5665362278717216     
  0.69623832349854298            1.5317243116967947            1.7405958087463578     
  0.69623832349854298            1.5317243116967947            1.9146553896209932     
  0.69623832349854298            1.5317243116967947            2.0887149704956292     
  0.69623832349854298            1.5317243116967947            2.2627745513702648     
  0.69623832349854298            1.5317243116967947            2.4368341322449010     
  0.69623832349854298            1.5317243116967947            2.6108937131195367     
  0.69623832349854298            1.5317243116967947            2.7849532939941724     
  0.69623832349854298            1.5317243116967947            2.9590128748688080     
  0.69623832349854298            1.5317243116967947            3.1330724557434433     
  0.69623832349854298            1.6709719763965032            0.0000000000000000     
  0.69623832349854298            1.6709719763965032           0.17405958087463577     
  0.69623832349854298            1.6709719763965032           0.34811916174927154     
  0.69623832349854298            1.6709719763965032           0.52217874262390729     
  0.69623832349854298            1.6709719763965032           0.69623832349854309     
  0.69623832349854298            1.6709719763965032           0.87029790437317889     
  0.69623832349854298            1.6709719763965032            1.0443574852478146     
  0.69623832349854298            1.6709719763965032            1.2184170661224505     
  0.69623832349854298            1.6709719763965032            1.3924766469970862     
  0.69623832349854298            1.6709719763965032            1.5665362278717216     
  0.69623832349854298            1.6709719763965032            1.7405958087463578     
  0.69623832349854298            1.6709719763965032            1.9146553896209932     
  0.69623832349854298            1.6709719763965032            2.0887149704956292     
  0.69623832349854298            1.6709719763965032            2.2627745513702648     
  0.69623832349854298            1.6709719763965032            2.4368341322449010     
  0.69623832349854298            1.6709719763965032            2.6108937131195367     
  0.69623832349854298            1.6709719763965032            2.7849532939941724     
  0.69623832349854298            1.6709719763965032            2.9590128748688080     
  0.69623832349854298            1.6709719763965032            3.1330724557434433     
  0.69623832349854298            1.8102196410962119            0.0000000000000000     
  0.69623832349854298            1.8102196410962119           0.17405958087463577     
  0.69623832349854298            1.8102196410962119           0.34811916174927154     
  0.69623832349854298            1.8102196410962119           0.52217874262390729     
  0.69623832349854298            1.8102196410962119           0.69623832349854309     
  0.69623832349854298            1.8102196410962119           0.87029790437317889     
  0.69623832349854298            1.8102196410962119            1.0443574852478146     
  0.69623832349854298            1.8102196410962119            1.2184170661224505     
  0.69623832349854298            1.8102196410962119            1.3924766469970862     
  0.69623832349854298            1.8102196410962119            1.5665362278717216     
  0.69623832349854298            1.8102196410962119            1.7405958087463578     
  0.69623832349854298            1.8102196410962119            1.9146553896209932     
  0.69623832349854298            1.8102196410962119            2.0887149704956292     
  0.69623832349854298            1.8102196410962119            2.2627745513702648     
  0.69623832349854298            1.8102196410962119            2.4368341322449010     
  0.69623832349854298            1.8102196410962119            2.6108937131195367     
  0.69623832349854298            1.8102196410962119            2.7849532939941724     
  0.69623832349854298            1.8102196410962119            2.9590128748688080     
  0.69623832349854298            1.8102196410962119            3.1330724557434433     
  0.69623832349854298            1.9494673057959206            0.0000000000000000     
  0.69623832349854298            1.9494673057959206           0.17405958087463577     
  0.69623832349854298            1.9494673057959206           0.34811916174927154     
  0.69623832349854298            1.9494673057959206           0.52217874262390729     
  0.69623832349854298            1.9494673057959206           0.69623832349854309     
  0.69623832349854298            1.9494673057959206           0.87029790437317889     
  0.69623832349854298            1.9494673057959206            1.0443574852478146     
  0.69623832349854298            1.9494673057959206            1.2184170661224505     
  0.69623832349854298            1.9494673057959206            1.3924766469970862     
  0.69623832349854298            1.9494673057959206            1.5665362278717216     
  0.69623832349854298            1.9494673057959206            1.7405958087463578     
  0.69623832349854298            1.9494673057959206            1.9146553896209932     
  0.69623832349854298            1.9494673057959206            2.0887149704956292     
  0.69623832349854298            1.9494673057959206            2.2627745513702648     
  0.69623832349854298            1.9494673057959206            2.4368341322449010     
  0.69623832349854298            1.9494673057959206            2.6108937131195367     
  0.69623832349854298            1.9494673057959206            2.7849532939941724     
  0.69623832349854298            1.9494673057959206            2.9590128748688080     
  0.69623832349854298            1.9494673057959206            3.1330724557434433     
  0.69623832349854298            2.0887149704956292            0.0000000000000000     
  0.69623832349854298            2.0887149704956292           0.17405958087463577     
  0.69623832349854298            2.0887149704956292           0.34811916174927154     
  0.69623832349854298            2.0887149704956292           0.52217874262390729     
  0.69623832349854298            2.0887149704956292           0.69623832349854309     
  0.69623832349854298            2.0887149704956292           0.87029790437317889     
  0.69623832349854298            2.0887149704956292            1.0443574852478146     
  0.69623832349854298            2.0887149704956292            1.2184170661224505     
  0.69623832349854298            2.0887149704956292            1.3924766469970862     
  0.69623832349854298            2.0887149704956292            1.5665362278717216     
  0.69623832349854298            2.0887149704956292            1.7405958087463578     
  0.69623832349854298            2.0887149704956292            1.9146553896209932     
  0.69623832349854298            2.0887149704956292            2.0887149704956292     
  0.69623832349854298            2.0887149704956292            2.2627745513702648     
  0.69623832349854298            2.0887149704956292            2.4368341322449010     
  0.69623832349854298            2.0887149704956292            2.6108937131195367     
  0.69623832349854298            2.0887149704956292            2.7849532939941724     
  0.69623832349854298            2.0887149704956292            2.9590128748688080     
  0.69623832349854298            2.0887149704956292            3.1330724557434433     
  0.69623832349854298            2.2279626351953374            0.0000000000000000     
  0.69623832349854298            2.2279626351953374           0.17405958087463577     
  0.69623832349854298            2.2279626351953374           0.34811916174927154     
  0.69623832349854298            2.2279626351953374           0.52217874262390729     
  0.69623832349854298            2.2279626351953374           0.69623832349854309     
  0.69623832349854298            2.2279626351953374           0.87029790437317889     
  0.69623832349854298            2.2279626351953374            1.0443574852478146     
  0.69623832349854298            2.2279626351953374            1.2184170661224505     
  0.69623832349854298            2.2279626351953374            1.3924766469970862     
  0.69623832349854298            2.2279626351953374            1.5665362278717216     
  0.69623832349854298            2.2279626351953374            1.7405958087463578     
  0.69623832349854298            2.2279626351953374            1.9146553896209932     
  0.69623832349854298            2.2279626351953374            2.0887149704956292     
  0.69623832349854298            2.2279626351953374            2.2627745513702648     
  0.69623832349854298            2.2279626351953374            2.4368341322449010     
  0.69623832349854298            2.2279626351953374            2.6108937131195367     
  0.69623832349854298            2.2279626351953374            2.7849532939941724     
  0.69623832349854298            2.2279626351953374            2.9590128748688080     
  0.69623832349854298            2.2279626351953374            3.1330724557434433     
  0.69623832349854298            2.3672102998950462            0.0000000000000000     
  0.69623832349854298            2.3672102998950462           0.17405958087463577     
  0.69623832349854298            2.3672102998950462           0.34811916174927154     
  0.69623832349854298            2.3672102998950462           0.52217874262390729     
  0.69623832349854298            2.3672102998950462           0.69623832349854309     
  0.69623832349854298            2.3672102998950462           0.87029790437317889     
  0.69623832349854298            2.3672102998950462            1.0443574852478146     
  0.69623832349854298            2.3672102998950462            1.2184170661224505     
  0.69623832349854298            2.3672102998950462            1.3924766469970862     
  0.69623832349854298            2.3672102998950462            1.5665362278717216     
  0.69623832349854298            2.3672102998950462            1.7405958087463578     
  0.69623832349854298            2.3672102998950462            1.9146553896209932     
  0.69623832349854298            2.3672102998950462            2.0887149704956292     
  0.69623832349854298            2.3672102998950462            2.2627745513702648     
  0.69623832349854298            2.3672102998950462            2.4368341322449010     
  0.69623832349854298            2.3672102998950462            2.6108937131195367     
  0.69623832349854298            2.3672102998950462            2.7849532939941724     
  0.69623832349854298            2.3672102998950462            2.9590128748688080     
  0.69623832349854298            2.3672102998950462            3.1330724557434433     
  0.69623832349854298            2.5064579645947545            0.0000000000000000     
  0.69623832349854298            2.5064579645947545           0.17405958087463577     
  0.69623832349854298            2.5064579645947545           0.34811916174927154     
  0.69623832349854298            2.5064579645947545           0.52217874262390729     
  0.69623832349854298            2.5064579645947545           0.69623832349854309     
  0.69623832349854298            2.5064579645947545           0.87029790437317889     
  0.69623832349854298            2.5064579645947545            1.0443574852478146     
  0.69623832349854298            2.5064579645947545            1.2184170661224505     
  0.69623832349854298            2.5064579645947545            1.3924766469970862     
  0.69623832349854298            2.5064579645947545            1.5665362278717216     
  0.69623832349854298            2.5064579645947545            1.7405958087463578     
  0.69623832349854298            2.5064579645947545            1.9146553896209932     
  0.69623832349854298            2.5064579645947545            2.0887149704956292     
  0.69623832349854298            2.5064579645947545            2.2627745513702648     
  0.69623832349854298            2.5064579645947545            2.4368341322449010     
  0.69623832349854298            2.5064579645947545            2.6108937131195367     
  0.69623832349854298            2.5064579645947545            2.7849532939941724     
  0.69623832349854298            2.5064579645947545            2.9590128748688080     
  0.69623832349854298            2.5064579645947545            3.1330724557434433     
  0.83548598819825159            0.0000000000000000            0.0000000000000000     
  0.83548598819825159            0.0000000000000000           0.17405958087463577     
  0.83548598819825159            0.0000000000000000           0.34811916174927154     
  0.83548598819825159            0.0000000000000000           0.52217874262390729     
  0.83548598819825159            0.0000000000000000           0.69623832349854309     
  0.83548598819825159            0.0000000000000000           0.87029790437317889     
  0.83548598819825159            0.0000000000000000            1.0443574852478146     
  0.83548598819825159            0.0000000000000000            1.2184170661224505     
  0.83548598819825159            0.0000000000000000            1.3924766469970862     
  0.83548598819825159            0.0000000000000000            1.5665362278717216     
  0.83548598819825159            0.0000000000000000            1.7405958087463578     
  0.83548598819825159            0.0000000000000000            1.9146553896209932     
  0.83548598819825159            0.0000000000000000            2.0887149704956292     
  0.83548598819825159            0.0000000000000000            2.2627745513702648     
  0.83548598819825159            0.0000000000000000            2.4368341322449010     
  0.83548598819825159            0.0000000000000000            2.6108937131195367     
  0.83548598819825159            0.0000000000000000            2.7849532939941724     
  0.83548598819825159            0.0000000000000000            2.9590128748688080     
  0.83548598819825159            0.0000000000000000            3.1330724557434433     
  0.83548598819825159           0.13924766469970859            0.0000000000000000     
  0.83548598819825159           0.13924766469970859           0.17405958087463577     
  0.83548598819825159           0.13924766469970859           0.34811916174927154     
  0.83548598819825159           0.13924766469970859           0.52217874262390729     
  0.83548598819825159           0.13924766469970859           0.69623832349854309     
  0.83548598819825159           0.13924766469970859           0.87029790437317889     
  0.83548598819825159           0.13924766469970859            1.0443574852478146     
  0.83548598819825159           0.13924766469970859            1.2184170661224505     
  0.83548598819825159           0.13924766469970859            1.3924766469970862     
  0.83548598819825159           0.13924766469970859            1.5665362278717216     
  0.83548598819825159           0.13924766469970859            1.7405958087463578     
  0.83548598819825159           0.13924766469970859            1.9146553896209932     
  0.83548598819825159           0.13924766469970859            2.0887149704956292     
  0.83548598819825159           0.13924766469970859            2.2627745513702648     
  0.83548598819825159           0.13924766469970859            2.4368341322449010     
  0.83548598819825159           0.13924766469970859            2.6108937131195367     
  0.83548598819825159           0.13924766469970859            2.7849532939941724     
  0.83548598819825159           0.13924766469970859            2.9590128748688080     
  0.83548598819825159           0.13924766469970859            3.1330724557434433     
  0.83548598819825159           0.27849532939941718            0.0000000000000000     
  0.83548598819825159           0.27849532939941718           0.17405958087463577     
  0.83548598819825159           0.27849532939941718           0.34811916174927154     
  0.83548598819825159           0.27849532939941718           0.52217874262390729     
  0.83548598819825159           0.27849532939941718           0.69623832349854309     
  0.83548598819825159           0.27849532939941718           0.87029790437317889     
  0.83548598819825159           0.27849532939941718            1.0443574852478146     
  0.83548598819825159           0.27849532939941718            1.2184170661224505     
  0.83548598819825159           0.27849532939941718            1.3924766469970862     
  0.83548598819825159           0.27849532939941718            1.5665362278717216     
  0.83548598819825159           0.27849532939941718            1.7405958087463578     
  0.83548598819825159           0.27849532939941718            1.9146553896209932     
  0.83548598819825159           0.27849532939941718            2.0887149704956292     
  0.83548598819825159           0.27849532939941718            2.2627745513702648     
  0.83548598819825159           0.27849532939941718            2.4368341322449010     
  0.83548598819825159           0.27849532939941718            2.6108937131195367     
  0.83548598819825159           0.27849532939941718            2.7849532939941724     
  0.83548598819825159           0.27849532939941718            2.9590128748688080     
  0.83548598819825159           0.27849532939941718            3.1330724557434433     
  0.83548598819825159           0.41774299409912580            0.0000000000000000     
  0.83548598819825159           0.41774299409912580           0.17405958087463577     
  0.83548598819825159           0.41774299409912580           0.34811916174927154     
  0.83548598819825159           0.41774299409912580           0.52217874262390729     
  0.83548598819825159           0.41774299409912580           0.69623832349854309     
  0.83548598819825159           0.41774299409912580           0.87029790437317889     
  0.83548598819825159           0.41774299409912580            1.0443574852478146     
  0.83548598819825159           0.41774299409912580            1.2184170661224505     
  0.83548598819825159           0.41774299409912580            1.3924766469970862     
  0.83548598819825159           0.41774299409912580            1.5665362278717216     
  0.83548598819825159           0.41774299409912580            1.7405958087463578     
  0.83548598819825159           0.41774299409912580            1.9146553896209932     
  0.83548598819825159           0.41774299409912580            2.0887149704956292     
  0.83548598819825159           0.41774299409912580            2.2627745513702648     
  0.83548598819825159           0.41774299409912580            2.4368341322449010     
  0.83548598819825159           0.41774299409912580            2.6108937131195367     
  0.83548598819825159           0.41774299409912580            2.7849532939941724     
  0.83548598819825159           0.41774299409912580            2.9590128748688080     
  0.83548598819825159           0.41774299409912580            3.1330724557434433     
  0.83548598819825159           0.55699065879883436            0.0000000000000000     
  0.83548598819825159           0.55699065879883436           0.17405958087463577     
  0.83548598819825159           0.55699065879883436           0.34811916174927154     
  0.83548598819825159           0.55699065879883436           0.52217874262390729     
  0.83548598819825159           0.55699065879883436           0.69623832349854309     
  0.83548598819825159           0.55699065879883436           0.87029790437317889     
  0.83548598819825159           0.55699065879883436            1.0443574852478146     
  0.83548598819825159           0.55699065879883436            1.2184170661224505     
  0.83548598819825159           0.55699065879883436            1.3924766469970862     
  0.83548598819825159           0.55699065879883436            1.5665362278717216     
  0.83548598819825159           0.55699065879883436            1.7405958087463578     
  0.83548598819825159           0.55699065879883436            1.9146553896209932     
  0.83548598819825159           0.55699065879883436            2.0887149704956292     
  0.83548598819825159           0.55699065879883436            2.2627745513702648     
  0.83548598819825159           0.55699065879883436            2.4368341322449010     
  0.83548598819825159           0.55699065879883436            2.6108937131195367     
  0.83548598819825159           0.55699065879883436            2.7849532939941724     
  0.83548598819825159           0.55699065879883436            2.9590128748688080     
  0.83548598819825159           0.55699065879883436            3.1330724557434433     
  0.83548598819825159           0.69623832349854298            0.0000000000000000     
  0.83548598819825159           0.69623832349854298           0.17405958087463577     
  0.83548598819825159           0.69623832349854298           0.34811916174927154     
  0.83548598819825159           0.69623832349854298           0.52217874262390729     
  0.83548598819825159           0.69623832349854298           0.69623832349854309     
  0.83548598819825159           0.69623832349854298           0.87029790437317889     
  0.83548598819825159           0.69623832349854298            1.0443574852478146     
  0.83548598819825159           0.69623832349854298            1.2184170661224505     
  0.83548598819825159           0.69623832349854298            1.3924766469970862     
  0.83548598819825159           0.69623832349854298            1.5665362278717216     
  0.83548598819825159           0.69623832349854298            1.7405958087463578     
  0.83548598819825159           0.69623832349854298            1.9146553896209932     
  0.83548598819825159           0.69623832349854298            2.0887149704956292     
  0.83548598819825159           0.69623832349854298            2.2627745513702648     
  0.83548598819825159           0.69623832349854298            2.4368341322449010     
  0.83548598819825159           0.69623832349854298            2.6108937131195367     
  0.83548598819825159           0.69623832349854298            2.7849532939941724     
  0.83548598819825159           0.69623832349854298            2.9590128748688080     
  0.83548598819825159           0.69623832349854298            3.1330724557434433     
  0.83548598819825159           0.83548598819825159            0.0000000000000000     
  0.83548598819825159           0.83548598819825159           0.17405958087463577     
  0.83548598819825159           0.83548598819825159           0.34811916174927154     
  0.83548598819825159           0.83548598819825159           0.52217874262390729     
  0.83548598819825159           0.83548598819825159           0.69623832349854309     
  0.83548598819825159           0.83548598819825159           0.87029790437317889     
  0.83548598819825159           0.83548598819825159            1.0443574852478146     
  0.83548598819825159           0.83548598819825159            1.2184170661224505     
  0.83548598819825159           0.83548598819825159            1.3924766469970862     
  0.83548598819825159           0.83548598819825159            1.5665362278717216     
  0.83548598819825159           0.83548598819825159            1.7405958087463578     
  0.83548598819825159           0.83548598819825159            1.9146553896209932     
  0.83548598819825159           0.83548598819825159            2.0887149704956292     
  0.83548598819825159           0.83548598819825159            2.2627745513702648     
  0.83548598819825159           0.83548598819825159            2.4368341322449010     
  0.83548598819825159           0.83548598819825159            2.6108937131195367     
  0.83548598819825159           0.83548598819825159            2.7849532939941724     
  0.83548598819825159           0.83548598819825159            2.9590128748688080     
  0.83548598819825159           0.83548598819825159            3.1330724557434433     
  0.83548598819825159           0.97473365289796032            0.0000000000000000     
  0.83548598819825159           0.97473365289796032           0.17405958087463577     
  0.83548598819825159           0.97473365289796032           0.34811916174927154     
  0.83548598819825159           0.97473365289796032           0.52217874262390729     
  0.83548598819825159           0.97473365289796032           0.69623832349854309     
  0.83548598819825159           0.97473365289796032           0.87029790437317889     
  0.83548598819825159           0.97473365289796032            1.0443574852478146     
  0.83548598819825159           0.97473365289796032            1.2184170661224505     
  0.83548598819825159           0.97473365289796032            1.3924766469970862     
  0.83548598819825159           0.97473365289796032            1.5665362278717216     
  0.83548598819825159           0.97473365289796032            1.7405958087463578     
  0.83548598819825159           0.97473365289796032            1.9146553896209932     
  0.83548598819825159           0.97473365289796032            2.0887149704956292     
  0.83548598819825159           0.97473365289796032            2.2627745513702648     
  0.83548598819825159           0.97473365289796032            2.4368341322449010     
  0.83548598819825159           0.97473365289796032            2.6108937131195367     
  0.83548598819825159           0.97473365289796032            2.7849532939941724     
  0.83548598819825159           0.97473365289796032            2.9590128748688080     
  0.83548598819825159           0.97473365289796032            3.1330724557434433     
  0.83548598819825159            1.1139813175976687            0.0000000000000000     
  0.83548598819825159            1.1139813175976687           0.17405958087463577     
  0.83548598819825159            1.1139813175976687           0.34811916174927154     
  0.83548598819825159            1.1139813175976687           0.52217874262390729     
  0.83548598819825159            1.1139813175976687           0.69623832349854309     
  0.83548598819825159            1.1139813175976687           0.87029790437317889     
  0.83548598819825159            1.1139813175976687            1.0443574852478146     
  0.83548598819825159            1.1139813175976687            1.2184170661224505     
  0.83548598819825159            1.1139813175976687            1.3924766469970862     
  0.83548598819825159            1.1139813175976687            1.5665362278717216     
  0.83548598819825159            1.1139813175976687            1.7405958087463578     
  0.83548598819825159            1.1139813175976687            1.9146553896209932     
  0.83548598819825159            1.1139813175976687            2.0887149704956292     
  0.83548598819825159            1.1139813175976687            2.2627745513702648     
  0.83548598819825159            1.1139813175976687            2.4368341322449010     
  0.83548598819825159            1.1139813175976687            2.6108937131195367     
  0.83548598819825159            1.1139813175976687            2.7849532939941724     
  0.83548598819825159            1.1139813175976687            2.9590128748688080     
  0.83548598819825159            1.1139813175976687            3.1330724557434433     
  0.83548598819825159            1.2532289822973772            0.0000000000000000     
  0.83548598819825159            1.2532289822973772           0.17405958087463577     
  0.83548598819825159            1.2532289822973772           0.34811916174927154     
  0.83548598819825159            1.2532289822973772           0.52217874262390729     
  0.83548598819825159            1.2532289822973772           0.69623832349854309     
  0.83548598819825159            1.2532289822973772           0.87029790437317889     
  0.83548598819825159            1.2532289822973772            1.0443574852478146     
  0.83548598819825159            1.2532289822973772            1.2184170661224505     
  0.83548598819825159            1.2532289822973772            1.3924766469970862     
  0.83548598819825159            1.2532289822973772            1.5665362278717216     
  0.83548598819825159            1.2532289822973772            1.7405958087463578     
  0.83548598819825159            1.2532289822973772            1.9146553896209932     
  0.83548598819825159            1.2532289822973772            2.0887149704956292     
  0.83548598819825159            1.2532289822973772            2.2627745513702648     
  0.83548598819825159            1.2532289822973772            2.4368341322449010     
  0.83548598819825159            1.2532289822973772            2.6108937131195367     
  0.83548598819825159            1.2532289822973772            2.7849532939941724     
  0.83548598819825159            1.2532289822973772            2.9590128748688080     
  0.83548598819825159            1.2532289822973772            3.1330724557434433     
  0.83548598819825159            1.3924766469970860            0.0000000000000000     
  0.83548598819825159            1.3924766469970860           0.17405958087463577     
  0.83548598819825159            1.3924766469970860           0.34811916174927154     
  0.83548598819825159            1.3924766469970860           0.52217874262390729     
  0.83548598819825159            1.3924766469970860           0.69623832349854309     
  0.83548598819825159            1.3924766469970860           0.87029790437317889     
  0.83548598819825159            1.3924766469970860            1.0443574852478146     
  0.83548598819825159            1.3924766469970860            1.2184170661224505     
  0.83548598819825159            1.3924766469970860            1.3924766469970862     
  0.83548598819825159            1.3924766469970860            1.5665362278717216     
  0.83548598819825159            1.3924766469970860            1.7405958087463578     
  0.83548598819825159            1.3924766469970860            1.9146553896209932     
  0.83548598819825159            1.3924766469970860            2.0887149704956292     
  0.83548598819825159            1.3924766469970860            2.2627745513702648     
  0.83548598819825159            1.3924766469970860            2.4368341322449010     
  0.83548598819825159            1.3924766469970860            2.6108937131195367     
  0.83548598819825159            1.3924766469970860            2.7849532939941724     
  0.83548598819825159            1.3924766469970860            2.9590128748688080     
  0.83548598819825159            1.3924766469970860            3.1330724557434433     
  0.83548598819825159            1.5317243116967947            0.0000000000000000     
  0.83548598819825159            1.5317243116967947           0.17405958087463577     
  0.83548598819825159            1.5317243116967947           0.34811916174927154     
  0.83548598819825159            1.5317243116967947           0.52217874262390729     
  0.83548598819825159            1.5317243116967947           0.69623832349854309     
  0.83548598819825159            1.5317243116967947           0.87029790437317889     
  0.83548598819825159            1.5317243116967947            1.0443574852478146     
  0.83548598819825159            1.5317243116967947            1.2184170661224505     
  0.83548598819825159            1.5317243116967947            1.3924766469970862     
  0.83548598819825159            1.5317243116967947            1.5665362278717216     
  0.83548598819825159            1.5317243116967947            1.7405958087463578     
  0.83548598819825159            1.5317243116967947            1.9146553896209932     
  0.83548598819825159            1.5317243116967947            2.0887149704956292     
  0.83548598819825159            1.5317243116967947            2.2627745513702648     
  0.83548598819825159            1.5317243116967947            2.4368341322449010     
  0.83548598819825159            1.5317243116967947            2.6108937131195367     
  0.83548598819825159            1.5317243116967947            2.7849532939941724     
  0.83548598819825159            1.5317243116967947            2.9590128748688080     
  0.83548598819825159            1.5317243116967947            3.1330724557434433     
  0.83548598819825159            1.6709719763965032            0.0000000000000000     
  0.83548598819825159            1.6709719763965032           0.17405958087463577     
  0.83548598819825159            1.6709719763965032           0.34811916174927154     
  0.83548598819825159            1.6709719763965032           0.52217874262390729     
  0.83548598819825159            1.6709719763965032           0.69623832349854309     
  0.83548598819825159            1.6709719763965032           0.87029790437317889     
  0.83548598819825159            1.6709719763965032            1.0443574852478146     
  0.83548598819825159            1.6709719763965032            1.2184170661224505     
  0.83548598819825159            1.6709719763965032            1.3924766469970862     
  0.83548598819825159            1.6709719763965032            1.5665362278717216     
  0.83548598819825159            1.6709719763965032            1.7405958087463578     
  0.83548598819825159            1.6709719763965032            1.9146553896209932     
  0.83548598819825159            1.6709719763965032            2.0887149704956292     
  0.83548598819825159            1.6709719763965032            2.2627745513702648     
  0.83548598819825159            1.6709719763965032            2.4368341322449010     
  0.83548598819825159            1.6709719763965032            2.6108937131195367     
  0.83548598819825159            1.6709719763965032            2.7849532939941724     
  0.83548598819825159            1.6709719763965032            2.9590128748688080     
  0.83548598819825159            1.6709719763965032            3.1330724557434433     
  0.83548598819825159            1.8102196410962119            0.0000000000000000     
  0.83548598819825159            1.8102196410962119           0.17405958087463577     
  0.83548598819825159            1.8102196410962119           0.34811916174927154     
  0.83548598819825159            1.8102196410962119           0.52217874262390729     
  0.83548598819825159            1.8102196410962119           0.69623832349854309     
  0.83548598819825159            1.8102196410962119           0.87029790437317889     
  0.83548598819825159            1.8102196410962119            1.0443574852478146     
  0.83548598819825159            1.8102196410962119            1.2184170661224505     
  0.83548598819825159            1.8102196410962119            1.3924766469970862     
  0.83548598819825159            1.8102196410962119            1.5665362278717216     
  0.83548598819825159            1.8102196410962119            1.7405958087463578     
  0.83548598819825159            1.8102196410962119            1.9146553896209932     
  0.83548598819825159            1.8102196410962119            2.0887149704956292     
  0.83548598819825159            1.8102196410962119            2.2627745513702648     
  0.83548598819825159            1.8102196410962119            2.4368341322449010     
  0.83548598819825159            1.8102196410962119            2.6108937131195367     
  0.83548598819825159            1.8102196410962119            2.7849532939941724     
  0.83548598819825159            1.8102196410962119            2.9590128748688080     
  0.83548598819825159            1.8102196410962119            3.1330724557434433     
  0.83548598819825159            1.9494673057959206            0.0000000000000000     
  0.83548598819825159            1.9494673057959206           0.17405958087463577     
  0.83548598819825159            1.9494673057959206           0.34811916174927154     
  0.83548598819825159            1.9494673057959206           0.52217874262390729     
  0.83548598819825159            1.9494673057959206           0.69623832349854309     
  0.83548598819825159            1.9494673057959206           0.87029790437317889     
  0.83548598819825159            1.9494673057959206            1.0443574852478146     
  0.83548598819825159            1.9494673057959206            1.2184170661224505     
  0.83548598819825159            1.9494673057959206            1.3924766469970862     
  0.83548598819825159            1.9494673057959206            1.5665362278717216     
  0.83548598819825159            1.9494673057959206            1.7405958087463578     
  0.83548598819825159            1.9494673057959206            1.9146553896209932     
  0.83548598819825159            1.9494673057959206            2.0887149704956292     
  0.83548598819825159            1.9494673057959206            2.2627745513702648     
  0.83548598819825159            1.9494673057959206            2.4368341322449010     
  0.83548598819825159            1.9494673057959206            2.6108937131195367     
  0.83548598819825159            1.9494673057959206            2.7849532939941724     
  0.83548598819825159            1.9494673057959206            2.9590128748688080     
  0.83548598819825159            1.9494673057959206            3.1330724557434433     
  0.83548598819825159            2.0887149704956292            0.0000000000000000     
  0.83548598819825159            2.0887149704956292           0.17405958087463577     
  0.83548598819825159            2.0887149704956292           0.34811916174927154     
  0.83548598819825159            2.0887149704956292           0.52217874262390729     
  0.83548598819825159            2.0887149704956292           0.69623832349854309     
  0.83548598819825159            2.0887149704956292           0.87029790437317889     
  0.83548598819825159            2.0887149704956292            1.0443574852478146     
  0.83548598819825159            2.0887149704956292            1.2184170661224505     
  0.83548598819825159            2.0887149704956292            1.3924766469970862     
  0.83548598819825159            2.0887149704956292            1.5665362278717216     
  0.83548598819825159            2.0887149704956292            1.7405958087463578     
  0.83548598819825159            2.0887149704956292            1.9146553896209932     
  0.83548598819825159            2.0887149704956292            2.0887149704956292     
  0.83548598819825159            2.0887149704956292            2.2627745513702648     
  0.83548598819825159            2.0887149704956292            2.4368341322449010     
  0.83548598819825159            2.0887149704956292            2.6108937131195367     
  0.83548598819825159            2.0887149704956292            2.7849532939941724     
  0.83548598819825159            2.0887149704956292            2.9590128748688080     
  0.83548598819825159            2.0887149704956292            3.1330724557434433     
  0.83548598819825159            2.2279626351953374            0.0000000000000000     
  0.83548598819825159            2.2279626351953374           0.17405958087463577     
  0.83548598819825159            2.2279626351953374           0.34811916174927154     
  0.83548598819825159            2.2279626351953374           0.52217874262390729     
  0.83548598819825159            2.2279626351953374           0.69623832349854309     
  0.83548598819825159            2.2279626351953374           0.87029790437317889     
  0.83548598819825159            2.2279626351953374            1.0443574852478146     
  0.83548598819825159            2.2279626351953374            1.2184170661224505     
  0.83548598819825159            2.2279626351953374            1.3924766469970862     
  0.83548598819825159            2.2279626351953374            1.5665362278717216     
  0.83548598819825159            2.2279626351953374            1.7405958087463578     
  0.83548598819825159            2.2279626351953374            1.9146553896209932     
  0.83548598819825159            2.2279626351953374            2.0887149704956292     
  0.83548598819825159            2.2279626351953374            2.2627745513702648     
  0.83548598819825159            2.2279626351953374            2.4368341322449010     
  0.83548598819825159            2.2279626351953374            2.6108937131195367     
  0.83548598819825159            2.2279626351953374            2.7849532939941724     
  0.83548598819825159            2.2279626351953374            2.9590128748688080     
  0.83548598819825159            2.2279626351953374            3.1330724557434433     
  0.83548598819825159            2.3672102998950462            0.0000000000000000     
  0.83548598819825159            2.3672102998950462           0.17405958087463577     
  0.83548598819825159            2.3672102998950462           0.34811916174927154     
  0.83548598819825159            2.3672102998950462           0.52217874262390729     
  0.83548598819825159            2.3672102998950462           0.69623832349854309     
  0.83548598819825159            2.3672102998950462           0.87029790437317889     
  0.83548598819825159            2.3672102998950462            1.0443574852478146     
  0.83548598819825159            2.3672102998950462            1.2184170661224505     
  0.83548598819825159            2.3672102998950462            1.3924766469970862     
  0.83548598819825159            2.3672102998950462            1.5665362278717216     
  0.83548598819825159            2.3672102998950462            1.7405958087463578     
  0.83548598819825159            2.3672102998950462            1.9146553896209932     
  0.83548598819825159            2.3672102998950462            2.0887149704956292     
  0.83548598819825159            2.3672102998950462            2.2627745513702648     
  0.83548598819825159            2.3672102998950462            2.4368341322449010     
  0.83548598819825159            2.3672102998950462            2.6108937131195367     
  0.83548598819825159            2.3672102998950462            2.7849532939941724     
  0.83548598819825159            2.3672102998950462            2.9590128748688080     
  0.83548598819825159            2.3672102998950462            3.1330724557434433     
  0.83548598819825159            2.5064579645947545            0.0000000000000000     
  0.83548598819825159            2.5064579645947545           0.17405958087463577     
  0.83548598819825159            2.5064579645947545           0.34811916174927154     
  0.83548598819825159            2.5064579645947545           0.52217874262390729     
  0.83548598819825159            2.5064579645947545           0.69623832349854309     
  0.83548598819825159            2.5064579645947545           0.87029790437317889     
  0.83548598819825159            2.5064579645947545            1.0443574852478146     
  0.83548598819825159            2.5064579645947545            1.2184170661224505     
  0.83548598819825159            2.5064579645947545            1.3924766469970862     
  0.83548598819825159            2.5064579645947545            1.5665362278717216     
  0.83548598819825159            2.5064579645947545            1.7405958087463578     
  0.83548598819825159            2.5064579645947545            1.9146553896209932     
  0.83548598819825159            2.5064579645947545            2.0887149704956292     
  0.83548598819825159            2.5064579645947545            2.2627745513702648     
  0.83548598819825159            2.5064579645947545            2.4368341322449010     
  0.83548598819825159            2.5064579645947545            2.6108937131195367     
  0.83548598819825159            2.5064579645947545            2.7849532939941724     
  0.83548598819825159            2.5064579645947545            2.9590128748688080     
  0.83548598819825159            2.5064579645947545            3.1330724557434433     
  0.97473365289796032            0.0000000000000000            0.0000000000000000     
  0.97473365289796032            0.0000000000000000           0.17405958087463577     
  0.97473365289796032            0.0000000000000000           0.34811916174927154     
  0.97473365289796032            0.0000000000000000           0.52217874262390729     
  0.97473365289796032            0.0000000000000000           0.69623832349854309     
  0.97473365289796032            0.0000000000000000           0.87029790437317889     
  0.97473365289796032            0.0000000000000000            1.0443574852478146     
  0.97473365289796032            0.0000000000000000            1.2184170661224505     
  0.97473365289796032            0.0000000000000000            1.3924766469970862     
  0.97473365289796032            0.0000000000000000            1.5665362278717216     
  0.97473365289796032            0.0000000000000000            1.7405958087463578     
  0.97473365289796032            0.0000000000000000            1.9146553896209932     
  0.97473365289796032            0.0000000000000000            2.0887149704956292     
  0.97473365289796032            0.0000000000000000            2.2627745513702648     
  0.97473365289796032            0.0000000000000000            2.4368341322449010     
  0.97473365289796032            0.0000000000000000            2.6108937131195367     
  0.97473365289796032            0.0000000000000000            2.7849532939941724     
  0.97473365289796032            0.0000000000000000            2.9590128748688080     
  0.97473365289796032            0.0000000000000000            3.1330724557434433     
  0.97473365289796032           0.13924766469970859            0.0000000000000000     
  0.97473365289796032           0.13924766469970859           0.17405958087463577     
  0.97473365289796032           0.13924766469970859           0.34811916174927154     
  0.97473365289796032           0.13924766469970859           0.52217874262390729     
  0.97473365289796032           0.13924766469970859           0.69623832349854309     
  0.97473365289796032           0.13924766469970859           0.87029790437317889     
  0.97473365289796032           0.13924766469970859            1.0443574852478146     
  0.97473365289796032           0.13924766469970859            1.2184170661224505     
  0.97473365289796032           0.13924766469970859            1.3924766469970862     
  0.97473365289796032           0.13924766469970859            1.5665362278717216     
  0.97473365289796032           0.13924766469970859            1.7405958087463578     
  0.97473365289796032           0.13924766469970859            1.9146553896209932     
  0.97473365289796032           0.13924766469970859            2.0887149704956292     
  0.97473365289796032           0.13924766469970859            2.2627745513702648     
  0.97473365289796032           0.13924766469970859            2.4368341322449010     
  0.97473365289796032           0.13924766469970859            2.6108937131195367     
  0.97473365289796032           0.13924766469970859            2.7849532939941724     
  0.97473365289796032           0.13924766469970859            2.9590128748688080     
  0.97473365289796032           0.13924766469970859            3.1330724557434433     
  0.97473365289796032           0.27849532939941718            0.0000000000000000     
  0.97473365289796032           0.27849532939941718           0.17405958087463577     
  0.97473365289796032           0.27849532939941718           0.34811916174927154     
  0.97473365289796032           0.27849532939941718           0.52217874262390729     
  0.97473365289796032           0.27849532939941718           0.69623832349854309     
  0.97473365289796032           0.27849532939941718           0.87029790437317889     
  0.97473365289796032           0.27849532939941718            1.0443574852478146     
  0.97473365289796032           0.27849532939941718            1.2184170661224505     
  0.97473365289796032           0.27849532939941718            1.3924766469970862     
  0.97473365289796032           0.27849532939941718            1.5665362278717216     
  0.97473365289796032           0.27849532939941718            1.7405958087463578     
  0.97473365289796032           0.27849532939941718            1.9146553896209932     
  0.97473365289796032           0.27849532939941718            2.0887149704956292     
  0.97473365289796032           0.27849532939941718            2.2627745513702648     
  0.97473365289796032           0.27849532939941718            2.4368341322449010     
  0.97473365289796032           0.27849532939941718            2.6108937131195367     
  0.97473365289796032           0.27849532939941718            2.7849532939941724     
  0.97473365289796032           0.27849532939941718            2.9590128748688080     
  0.97473365289796032           0.27849532939941718            3.1330724557434433     
  0.97473365289796032           0.41774299409912580            0.0000000000000000     
  0.97473365289796032           0.41774299409912580           0.17405958087463577     
  0.97473365289796032           0.41774299409912580           0.34811916174927154     
  0.97473365289796032           0.41774299409912580           0.52217874262390729     
  0.97473365289796032           0.41774299409912580           0.69623832349854309     
  0.97473365289796032           0.41774299409912580           0.87029790437317889     
  0.97473365289796032           0.41774299409912580            1.0443574852478146     
  0.97473365289796032           0.41774299409912580            1.2184170661224505     
  0.97473365289796032           0.41774299409912580            1.3924766469970862     
  0.97473365289796032           0.41774299409912580            1.5665362278717216     
  0.97473365289796032           0.41774299409912580            1.7405958087463578     
  0.97473365289796032           0.41774299409912580            1.9146553896209932     
  0.97473365289796032           0.41774299409912580            2.0887149704956292     
  0.97473365289796032           0.41774299409912580            2.2627745513702648     
  0.97473365289796032           0.41774299409912580            2.4368341322449010     
  0.97473365289796032           0.41774299409912580            2.6108937131195367     
  0.97473365289796032           0.41774299409912580            2.7849532939941724     
  0.97473365289796032           0.41774299409912580            2.9590128748688080     
  0.97473365289796032           0.41774299409912580            3.1330724557434433     
  0.97473365289796032           0.55699065879883436            0.0000000000000000     
  0.97473365289796032           0.55699065879883436           0.17405958087463577     
  0.97473365289796032           0.55699065879883436           0.34811916174927154     
  0.97473365289796032           0.55699065879883436           0.52217874262390729     
  0.97473365289796032           0.55699065879883436           0.69623832349854309     
  0.97473365289796032           0.55699065879883436           0.87029790437317889     
  0.97473365289796032           0.55699065879883436            1.0443574852478146     
  0.97473365289796032           0.55699065879883436            1.2184170661224505     
  0.97473365289796032           0.55699065879883436            1.3924766469970862     
  0.97473365289796032           0.55699065879883436            1.5665362278717216     
  0.97473365289796032           0.55699065879883436            1.7405958087463578     
  0.97473365289796032           0.55699065879883436            1.9146553896209932     
  0.97473365289796032           0.55699065879883436            2.0887149704956292     
  0.97473365289796032           0.55699065879883436            2.2627745513702648     
  0.97473365289796032           0.55699065879883436            2.4368341322449010     
  0.97473365289796032           0.55699065879883436            2.6108937131195367     
  0.97473365289796032           0.55699065879883436            2.7849532939941724     
  0.97473365289796032           0.55699065879883436            2.9590128748688080     
  0.97473365289796032           0.55699065879883436            3.1330724557434433     
  0.97473365289796032           0.69623832349854298            0.0000000000000000     
  0.97473365289796032           0.69623832349854298           0.17405958087463577     
  0.97473365289796032           0.69623832349854298           0.34811916174927154     
  0.97473365289796032           0.69623832349854298           0.52217874262390729     
  0.97473365289796032           0.69623832349854298           0.69623832349854309     
  0.97473365289796032           0.69623832349854298           0.87029790437317889     
  0.97473365289796032           0.69623832349854298            1.0443574852478146     
  0.97473365289796032           0.69623832349854298            1.2184170661224505     
  0.97473365289796032           0.69623832349854298            1.3924766469970862     
  0.97473365289796032           0.69623832349854298            1.5665362278717216     
  0.97473365289796032           0.69623832349854298            1.7405958087463578     
  0.97473365289796032           0.69623832349854298            1.9146553896209932     
  0.97473365289796032           0.69623832349854298            2.0887149704956292     
  0.97473365289796032           0.69623832349854298            2.2627745513702648     
  0.97473365289796032           0.69623832349854298            2.4368341322449010     
  0.97473365289796032           0.69623832349854298            2.6108937131195367     
  0.97473365289796032           0.69623832349854298            2.7849532939941724     
  0.97473365289796032           0.69623832349854298            2.9590128748688080     
  0.97473365289796032           0.69623832349854298            3.1330724557434433     
  0.97473365289796032           0.83548598819825159            0.0000000000000000     
  0.97473365289796032           0.83548598819825159           0.17405958087463577     
  0.97473365289796032           0.83548598819825159           0.34811916174927154     
  0.97473365289796032           0.83548598819825159           0.52217874262390729     
  0.97473365289796032           0.83548598819825159           0.69623832349854309     
  0.97473365289796032           0.83548598819825159           0.87029790437317889     
  0.97473365289796032           0.83548598819825159            1.0443574852478146     
  0.97473365289796032           0.83548598819825159            1.2184170661224505     
  0.97473365289796032           0.83548598819825159            1.3924766469970862     
  0.97473365289796032           0.83548598819825159            1.5665362278717216     
  0.97473365289796032           0.83548598819825159            1.7405958087463578     
  0.97473365289796032           0.83548598819825159            1.9146553896209932     
  0.97473365289796032           0.83548598819825159            2.0887149704956292     
  0.97473365289796032           0.83548598819825159            2.2627745513702648     
  0.97473365289796032           0.83548598819825159            2.4368341322449010     
  0.97473365289796032           0.83548598819825159            2.6108937131195367     
  0.97473365289796032           0.83548598819825159            2.7849532939941724     
  0.97473365289796032           0.83548598819825159            2.9590128748688080     
  0.97473365289796032           0.83548598819825159            3.1330724557434433     
  0.97473365289796032           0.97473365289796032            0.0000000000000000     
  0.97473365289796032           0.97473365289796032           0.17405958087463577     
  0.97473365289796032           0.97473365289796032           0.34811916174927154     
  0.97473365289796032           0.97473365289796032           0.52217874262390729     
  0.97473365289796032           0.97473365289796032           0.69623832349854309     
  0.97473365289796032           0.97473365289796032           0.87029790437317889     
  0.97473365289796032           0.97473365289796032            1.0443574852478146     
  0.97473365289796032           0.97473365289796032            1.2184170661224505     
  0.97473365289796032           0.97473365289796032            1.3924766469970862     
  0.97473365289796032           0.97473365289796032            1.5665362278717216     
  0.97473365289796032           0.97473365289796032            1.7405958087463578     
  0.97473365289796032           0.97473365289796032            1.9146553896209932     
  0.97473365289796032           0.97473365289796032            2.0887149704956292     
  0.97473365289796032           0.97473365289796032            2.2627745513702648     
  0.97473365289796032           0.97473365289796032            2.4368341322449010     
  0.97473365289796032           0.97473365289796032            2.6108937131195367     
  0.97473365289796032           0.97473365289796032            2.7849532939941724     
  0.97473365289796032           0.97473365289796032            2.9590128748688080     
  0.97473365289796032           0.97473365289796032            3.1330724557434433     
  0.97473365289796032            1.1139813175976687            0.0000000000000000     
  0.97473365289796032            1.1139813175976687           0.17405958087463577     
  0.97473365289796032            1.1139813175976687           0.34811916174927154     
  0.97473365289796032            1.1139813175976687           0.52217874262390729     
  0.97473365289796032            1.1139813175976687           0.69623832349854309     
  0.97473365289796032            1.1139813175976687           0.87029790437317889     
  0.97473365289796032            1.1139813175976687            1.0443574852478146     
  0.97473365289796032            1.1139813175976687            1.2184170661224505     
  0.97473365289796032            1.1139813175976687            1.3924766469970862     
  0.97473365289796032            1.1139813175976687            1.5665362278717216     
  0.97473365289796032            1.1139813175976687            1.7405958087463578     
  0.97473365289796032            1.1139813175976687            1.9146553896209932     
  0.97473365289796032            1.1139813175976687            2.0887149704956292     
  0.97473365289796032            1.1139813175976687            2.2627745513702648     
  0.97473365289796032            1.1139813175976687            2.4368341322449010     
  0.97473365289796032            1.1139813175976687            2.6108937131195367     
  0.97473365289796032            1.1139813175976687            2.7849532939941724     
  0.97473365289796032            1.1139813175976687            2.9590128748688080     
  0.97473365289796032            1.1139813175976687            3.1330724557434433     
  0.97473365289796032            1.2532289822973772            0.0000000000000000     
  0.97473365289796032            1.2532289822973772           0.17405958087463577     
  0.97473365289796032            1.2532289822973772           0.34811916174927154     
  0.97473365289796032            1.2532289822973772           0.52217874262390729     
  0.97473365289796032            1.2532289822973772           0.69623832349854309     
  0.97473365289796032            1.2532289822973772           0.87029790437317889     
  0.97473365289796032            1.2532289822973772            1.0443574852478146     
  0.97473365289796032            1.2532289822973772            1.2184170661224505     
  0.97473365289796032            1.2532289822973772            1.3924766469970862     
  0.97473365289796032            1.2532289822973772            1.5665362278717216     
  0.97473365289796032            1.2532289822973772            1.7405958087463578     
  0.97473365289796032            1.2532289822973772            1.9146553896209932     
  0.97473365289796032            1.2532289822973772            2.0887149704956292     
  0.97473365289796032            1.2532289822973772            2.2627745513702648     
  0.97473365289796032            1.2532289822973772            2.4368341322449010     
  0.97473365289796032            1.2532289822973772            2.6108937131195367     
  0.97473365289796032            1.2532289822973772            2.7849532939941724     
  0.97473365289796032            1.2532289822973772            2.9590128748688080     
  0.97473365289796032            1.2532289822973772            3.1330724557434433     
  0.97473365289796032            1.3924766469970860            0.0000000000000000     
  0.97473365289796032            1.3924766469970860           0.17405958087463577     
  0.97473365289796032            1.3924766469970860           0.34811916174927154     
  0.97473365289796032            1.3924766469970860           0.52217874262390729     
  0.97473365289796032            1.3924766469970860           0.69623832349854309     
  0.97473365289796032            1.3924766469970860           0.87029790437317889     
  0.97473365289796032            1.3924766469970860            1.0443574852478146     
  0.97473365289796032            1.3924766469970860            1.2184170661224505     
  0.97473365289796032            1.3924766469970860            1.3924766469970862     
  0.97473365289796032            1.3924766469970860            1.5665362278717216     
  0.97473365289796032            1.3924766469970860            1.7405958087463578     
  0.97473365289796032            1.3924766469970860            1.9146553896209932     
  0.97473365289796032            1.3924766469970860            2.0887149704956292     
  0.97473365289796032            1.3924766469970860            2.2627745513702648     
  0.97473365289796032            1.3924766469970860            2.4368341322449010     
  0.97473365289796032            1.3924766469970860            2.6108937131195367     
  0.97473365289796032            1.3924766469970860            2.7849532939941724     
  0.97473365289796032            1.3924766469970860            2.9590128748688080     
  0.97473365289796032            1.3924766469970860            3.1330724557434433     
  0.97473365289796032            1.5317243116967947            0.0000000000000000     
  0.97473365289796032            1.5317243116967947           0.17405958087463577     
  0.97473365289796032            1.5317243116967947           0.34811916174927154     
  0.97473365289796032            1.5317243116967947           0.52217874262390729     
  0.97473365289796032            1.5317243116967947           0.69623832349854309     
  0.97473365289796032            1.5317243116967947           0.87029790437317889     
  0.97473365289796032            1.5317243116967947            1.0443574852478146     
  0.97473365289796032            1.5317243116967947            1.2184170661224505     
  0.97473365289796032            1.5317243116967947            1.3924766469970862     
  0.97473365289796032            1.5317243116967947            1.5665362278717216     
  0.97473365289796032            1.5317243116967947            1.7405958087463578     
  0.97473365289796032            1.5317243116967947            1.9146553896209932     
  0.97473365289796032            1.5317243116967947            2.0887149704956292     
  0.97473365289796032            1.5317243116967947            2.2627745513702648     
  0.97473365289796032            1.5317243116967947            2.4368341322449010     
  0.97473365289796032            1.5317243116967947            2.6108937131195367     
  0.97473365289796032            1.5317243116967947            2.7849532939941724     
  0.97473365289796032            1.5317243116967947            2.9590128748688080     
  0.97473365289796032            1.5317243116967947            3.1330724557434433     
  0.97473365289796032            1.6709719763965032            0.0000000000000000     
  0.97473365289796032            1.6709719763965032           0.17405958087463577     
  0.97473365289796032            1.6709719763965032           0.34811916174927154     
  0.97473365289796032            1.6709719763965032           0.52217874262390729     
  0.97473365289796032            1.6709719763965032           0.69623832349854309     
  0.97473365289796032            1.6709719763965032           0.87029790437317889     
  0.97473365289796032            1.6709719763965032            1.0443574852478146     
  0.97473365289796032            1.6709719763965032            1.2184170661224505     
  0.97473365289796032            1.6709719763965032            1.3924766469970862     
  0.97473365289796032            1.6709719763965032            1.5665362278717216     
  0.97473365289796032            1.6709719763965032            1.7405958087463578     
  0.97473365289796032            1.6709719763965032            1.9146553896209932     
  0.97473365289796032            1.6709719763965032            2.0887149704956292     
  0.97473365289796032            1.6709719763965032            2.2627745513702648     
  0.97473365289796032            1.6709719763965032            2.4368341322449010     
  0.97473365289796032            1.6709719763965032            2.6108937131195367     
  0.97473365289796032            1.6709719763965032            2.7849532939941724     
  0.97473365289796032            1.6709719763965032            2.9590128748688080     
  0.97473365289796032            1.6709719763965032            3.1330724557434433     
  0.97473365289796032            1.8102196410962119            0.0000000000000000     
  0.97473365289796032            1.8102196410962119           0.17405958087463577     
  0.97473365289796032            1.8102196410962119           0.34811916174927154     
  0.97473365289796032            1.8102196410962119           0.52217874262390729     
  0.97473365289796032            1.8102196410962119           0.69623832349854309     
  0.97473365289796032            1.8102196410962119           0.87029790437317889     
  0.97473365289796032            1.8102196410962119            1.0443574852478146     
  0.97473365289796032            1.8102196410962119            1.2184170661224505     
  0.97473365289796032            1.8102196410962119            1.3924766469970862     
  0.97473365289796032            1.8102196410962119            1.5665362278717216     
  0.97473365289796032            1.8102196410962119            1.7405958087463578     
  0.97473365289796032            1.8102196410962119            1.9146553896209932     
  0.97473365289796032            1.8102196410962119            2.0887149704956292     
  0.97473365289796032            1.8102196410962119            2.2627745513702648     
  0.97473365289796032            1.8102196410962119            2.4368341322449010     
  0.97473365289796032            1.8102196410962119            2.6108937131195367     
  0.97473365289796032            1.8102196410962119            2.7849532939941724     
  0.97473365289796032            1.8102196410962119            2.9590128748688080     
  0.97473365289796032            1.8102196410962119            3.1330724557434433     
  0.97473365289796032            1.9494673057959206            0.0000000000000000     
  0.97473365289796032            1.9494673057959206           0.17405958087463577     
  0.97473365289796032            1.9494673057959206           0.34811916174927154     
  0.97473365289796032            1.9494673057959206           0.52217874262390729     
  0.97473365289796032            1.9494673057959206           0.69623832349854309     
  0.97473365289796032            1.9494673057959206           0.87029790437317889     
  0.97473365289796032            1.9494673057959206            1.0443574852478146     
  0.97473365289796032            1.9494673057959206            1.2184170661224505     
  0.97473365289796032            1.9494673057959206            1.3924766469970862     
  0.97473365289796032            1.9494673057959206            1.5665362278717216     
  0.97473365289796032            1.9494673057959206            1.7405958087463578     
  0.97473365289796032            1.9494673057959206            1.9146553896209932     
  0.97473365289796032            1.9494673057959206            2.0887149704956292     
  0.97473365289796032            1.9494673057959206            2.2627745513702648     
  0.97473365289796032            1.9494673057959206            2.4368341322449010     
  0.97473365289796032            1.9494673057959206            2.6108937131195367     
  0.97473365289796032            1.9494673057959206            2.7849532939941724     
  0.97473365289796032            1.9494673057959206            2.9590128748688080     
  0.97473365289796032            1.9494673057959206            3.1330724557434433     
  0.97473365289796032            2.0887149704956292            0.0000000000000000     
  0.97473365289796032            2.0887149704956292           0.17405958087463577     
  0.97473365289796032            2.0887149704956292           0.34811916174927154     
  0.97473365289796032            2.0887149704956292           0.52217874262390729     
  0.97473365289796032            2.0887149704956292           0.69623832349854309     
  0.97473365289796032            2.0887149704956292           0.87029790437317889     
  0.97473365289796032            2.0887149704956292            1.0443574852478146     
  0.97473365289796032            2.0887149704956292            1.2184170661224505     
  0.97473365289796032            2.0887149704956292            1.3924766469970862     
  0.97473365289796032            2.0887149704956292            1.5665362278717216     
  0.97473365289796032            2.0887149704956292            1.7405958087463578     
  0.97473365289796032            2.0887149704956292            1.9146553896209932     
  0.97473365289796032            2.0887149704956292            2.0887149704956292     
  0.97473365289796032            2.0887149704956292            2.2627745513702648     
  0.97473365289796032            2.0887149704956292            2.4368341322449010     
  0.97473365289796032            2.0887149704956292            2.6108937131195367     
  0.97473365289796032            2.0887149704956292            2.7849532939941724     
  0.97473365289796032            2.0887149704956292            2.9590128748688080     
  0.97473365289796032            2.0887149704956292            3.1330724557434433     
  0.97473365289796032            2.2279626351953374            0.0000000000000000     
  0.97473365289796032            2.2279626351953374           0.17405958087463577     
  0.97473365289796032            2.2279626351953374           0.34811916174927154     
  0.97473365289796032            2.2279626351953374           0.52217874262390729     
  0.97473365289796032            2.2279626351953374           0.69623832349854309     
  0.97473365289796032            2.2279626351953374           0.87029790437317889     
  0.97473365289796032            2.2279626351953374            1.0443574852478146     
  0.97473365289796032            2.2279626351953374            1.2184170661224505     
  0.97473365289796032            2.2279626351953374            1.3924766469970862     
  0.97473365289796032            2.2279626351953374            1.5665362278717216     
  0.97473365289796032            2.2279626351953374            1.7405958087463578     
  0.97473365289796032            2.2279626351953374            1.9146553896209932     
  0.97473365289796032            2.2279626351953374            2.0887149704956292     
  0.97473365289796032            2.2279626351953374            2.2627745513702648     
  0.97473365289796032            2.2279626351953374            2.4368341322449010     
  0.97473365289796032            2.2279626351953374            2.6108937131195367     
  0.97473365289796032            2.2279626351953374            2.7849532939941724     
  0.97473365289796032            2.2279626351953374            2.9590128748688080     
  0.97473365289796032            2.2279626351953374            3.1330724557434433     
  0.97473365289796032            2.3672102998950462            0.0000000000000000     
  0.97473365289796032            2.3672102998950462           0.17405958087463577     
  0.97473365289796032            2.3672102998950462           0.34811916174927154     
  0.97473365289796032            2.3672102998950462           0.52217874262390729     
  0.97473365289796032            2.3672102998950462           0.69623832349854309     
  0.97473365289796032            2.3672102998950462           0.87029790437317889     
  0.97473365289796032            2.3672102998950462            1.0443574852478146     
  0.97473365289796032            2.3672102998950462            1.2184170661224505     
  0.97473365289796032            2.3672102998950462            1.3924766469970862     
  0.97473365289796032            2.3672102998950462            1.5665362278717216     
  0.97473365289796032            2.3672102998950462            1.7405958087463578     
  0.97473365289796032            2.3672102998950462            1.9146553896209932     
  0.97473365289796032            2.3672102998950462            2.0887149704956292     
  0.97473365289796032            2.3672102998950462            2.2627745513702648     
  0.97473365289796032            2.3672102998950462            2.4368341322449010     
  0.97473365289796032            2.3672102998950462            2.6108937131195367     
  0.97473365289796032            2.3672102998950462            2.7849532939941724     
  0.97473365289796032            2.3672102998950462            2.9590128748688080     
  0.97473365289796032            2.3672102998950462            3.1330724557434433     
  0.97473365289796032            2.5064579645947545            0.0000000000000000     
  0.97473365289796032            2.5064579645947545           0.17405958087463577     
  0.97473365289796032            2.5064579645947545           0.34811916174927154     
  0.97473365289796032            2.5064579645947545           0.52217874262390729     
  0.97473365289796032            2.5064579645947545           0.69623832349854309     
  0.97473365289796032            2.5064579645947545           0.87029790437317889     
  0.97473365289796032            2.5064579645947545            1.0443574852478146     
  0.97473365289796032            2.5064579645947545            1.2184170661224505     
  0.97473365289796032            2.5064579645947545            1.3924766469970862     
  0.97473365289796032            2.5064579645947545            1.5665362278717216     
  0.97473365289796032            2.5064579645947545            1.7405958087463578     
  0.97473365289796032            2.5064579645947545            1.9146553896209932     
  0.97473365289796032            2.5064579645947545            2.0887149704956292     
  0.97473365289796032            2.5064579645947545            2.2627745513702648     
  0.97473365289796032            2.5064579645947545            2.4368341322449010     
  0.97473365289796032            2.5064579645947545            2.6108937131195367     
  0.97473365289796032            2.5064579645947545            2.7849532939941724     
  0.97473365289796032            2.5064579645947545            2.9590128748688080     
  0.97473365289796032            2.5064579645947545            3.1330724557434433     
   1.1139813175976687            0.0000000000000000            0.0000000000000000     
   1.1139813175976687            0.0000000000000000           0.17405958087463577     
   1.1139813175976687            0.0000000000000000           0.34811916174927154     
   1.1139813175976687            0.0000000000000000           0.52217874262390729     
   1.1139813175976687            0.0000000000000000           0.69623832349854309     
   1.1139813175976687            0.0000000000000000           0.87029790437317889     
   1.1139813175976687            0.0000000000000000            1.0443574852478146     
   1.1139813175976687            0.0000000000000000            1.2184170661224505     
   1.1139813175976687            0.0000000000000000            1.3924766469970862     
   1.1139813175976687            0.0000000000000000            1.5665362278717216     
   1.1139813175976687            0.0000000000000000            1.7405958087463578     
   1.1139813175976687            0.0000000000000000            1.9146553896209932     
   1.1139813175976687            0.0000000000000000            2.0887149704956292     
   1.1139813175976687            0.0000000000000000            2.2627745513702648     
   1.1139813175976687            0.0000000000000000            2.4368341322449010     
   1.1139813175976687            0.0000000000000000            2.6108937131195367     
   1.1139813175976687            0.0000000000000000            2.7849532939941724     
   1.1139813175976687            0.0000000000000000            2.9590128748688080     
   1.1139813175976687            0.0000000000000000            3.1330724557434433     
   1.1139813175976687           0.13924766469970859            0.0000000000000000     
   1.1139813175976687           0.13924766469970859           0.17405958087463577     
   1.1139813175976687           0.13924766469970859           0.34811916174927154     
   1.1139813175976687           0.13924766469970859           0.52217874262390729     
   1.1139813175976687           0.13924766469970859           0.69623832349854309     
   1.1139813175976687           0.13924766469970859           0.87029790437317889     
   1.1139813175976687           0.13924766469970859            1.0443574852478146     
   1.1139813175976687           0.13924766469970859            1.2184170661224505     
   1.1139813175976687           0.13924766469970859            1.3924766469970862     
   1.1139813175976687           0.13924766469970859            1.5665362278717216     
   1.1139813175976687           0.13924766469970859            1.7405958087463578     
   1.1139813175976687           0.13924766469970859            1.9146553896209932     
   1.1139813175976687           0.13924766469970859            2.0887149704956292     
   1.1139813175976687           0.13924766469970859            2.2627745513702648     
   1.1139813175976687           0.13924766469970859            2.4368341322449010     
   1.1139813175976687           0.13924766469970859            2.6108937131195367     
   1.1139813175976687           0.13924766469970859            2.7849532939941724     
   1.1139813175976687           0.13924766469970859            2.9590128748688080     
   1.1139813175976687           0.13924766469970859            3.1330724557434433     
   1.1139813175976687           0.27849532939941718            0.0000000000000000     
   1.1139813175976687           0.27849532939941718           0.17405958087463577     
   1.1139813175976687           0.27849532939941718           0.34811916174927154     
   1.1139813175976687           0.27849532939941718           0.52217874262390729     
   1.1139813175976687           0.27849532939941718           0.69623832349854309     
   1.1139813175976687           0.27849532939941718           0.87029790437317889     
   1.1139813175976687           0.27849532939941718            1.0443574852478146     
   1.1139813175976687           0.27849532939941718            1.2184170661224505     
   1.1139813175976687           0.27849532939941718            1.3924766469970862     
   1.1139813175976687           0.27849532939941718            1.5665362278717216     
   1.1139813175976687           0.27849532939941718            1.7405958087463578     
   1.1139813175976687           0.27849532939941718            1.9146553896209932     
   1.1139813175976687           0.27849532939941718            2.0887149704956292     
   1.1139813175976687           0.27849532939941718            2.2627745513702648     
   1.1139813175976687           0.27849532939941718            2.4368341322449010     
   1.1139813175976687           0.27849532939941718            2.6108937131195367     
   1.1139813175976687           0.27849532939941718            2.7849532939941724     
   1.1139813175976687           0.27849532939941718            2.9590128748688080     
   1.1139813175976687           0.27849532939941718            3.1330724557434433     
   1.1139813175976687           0.41774299409912580            0.0000000000000000     
   1.1139813175976687           0.41774299409912580           0.17405958087463577     
   1.1139813175976687           0.41774299409912580           0.34811916174927154     
   1.1139813175976687           0.41774299409912580           0.52217874262390729     
   1.1139813175976687           0.41774299409912580           0.69623832349854309     
   1.1139813175976687           0.41774299409912580           0.87029790437317889     
   1.1139813175976687           0.41774299409912580            1.0443574852478146     
   1.1139813175976687           0.41774299409912580            1.2184170661224505     
   1.1139813175976687           0.41774299409912580            1.3924766469970862     
   1.1139813175976687           0.41774299409912580            1.5665362278717216     
   1.1139813175976687           0.41774299409912580            1.7405958087463578     
   1.1139813175976687           0.41774299409912580            1.9146553896209932     
   1.1139813175976687           0.41774299409912580            2.0887149704956292     
   1.1139813175976687           0.41774299409912580            2.2627745513702648     
   1.1139813175976687           0.41774299409912580            2.4368341322449010     
   1.1139813175976687           0.41774299409912580            2.6108937131195367     
   1.1139813175976687           0.41774299409912580            2.7849532939941724     
   1.1139813175976687           0.41774299409912580            2.9590128748688080     
   1.1139813175976687           0.41774299409912580            3.1330724557434433     
   1.1139813175976687           0.55699065879883436            0.0000000000000000     
   1.1139813175976687           0.55699065879883436           0.17405958087463577     
   1.1139813175976687           0.55699065879883436           0.34811916174927154     
   1.1139813175976687           0.55699065879883436           0.52217874262390729     
   1.1139813175976687           0.55699065879883436           0.69623832349854309     
   1.1139813175976687           0.55699065879883436           0.87029790437317889     
   1.1139813175976687           0.55699065879883436            1.0443574852478146     
   1.1139813175976687           0.55699065879883436            1.2184170661224505     
   1.1139813175976687           0.55699065879883436            1.3924766469970862     
   1.1139813175976687           0.55699065879883436            1.5665362278717216     
   1.1139813175976687           0.55699065879883436            1.7405958087463578     
   1.1139813175976687           0.55699065879883436            1.9146553896209932     
   1.1139813175976687           0.55699065879883436            2.0887149704956292     
   1.1139813175976687           0.55699065879883436            2.2627745513702648     
   1.1139813175976687           0.55699065879883436            2.4368341322449010     
   1.1139813175976687           0.55699065879883436            2.6108937131195367     
   1.1139813175976687           0.55699065879883436            2.7849532939941724     
   1.1139813175976687           0.55699065879883436            2.9590128748688080     
   1.1139813175976687           0.55699065879883436            3.1330724557434433     
   1.1139813175976687           0.69623832349854298            0.0000000000000000     
   1.1139813175976687           0.69623832349854298           0.17405958087463577     
   1.1139813175976687           0.69623832349854298           0.34811916174927154     
   1.1139813175976687           0.69623832349854298           0.52217874262390729     
   1.1139813175976687           0.69623832349854298           0.69623832349854309     
   1.1139813175976687           0.69623832349854298           0.87029790437317889     
   1.1139813175976687           0.69623832349854298            1.0443574852478146     
   1.1139813175976687           0.69623832349854298            1.2184170661224505     
   1.1139813175976687           0.69623832349854298            1.3924766469970862     
   1.1139813175976687           0.69623832349854298            1.5665362278717216     
   1.1139813175976687           0.69623832349854298            1.7405958087463578     
   1.1139813175976687           0.69623832349854298            1.9146553896209932     
   1.1139813175976687           0.69623832349854298            2.0887149704956292     
   1.1139813175976687           0.69623832349854298            2.2627745513702648     
   1.1139813175976687           0.69623832349854298            2.4368341322449010     
   1.1139813175976687           0.69623832349854298            2.6108937131195367     
   1.1139813175976687           0.69623832349854298            2.7849532939941724     
   1.1139813175976687           0.69623832349854298            2.9590128748688080     
   1.1139813175976687           0.69623832349854298            3.1330724557434433     
   1.1139813175976687           0.83548598819825159            0.0000000000000000     
   1.1139813175976687           0.83548598819825159           0.17405958087463577     
   1.1139813175976687           0.83548598819825159           0.34811916174927154     
   1.1139813175976687           0.83548598819825159           0.52217874262390729     
   1.1139813175976687           0.83548598819825159           0.69623832349854309     
   1.1139813175976687           0.83548598819825159           0.87029790437317889     
   1.1139813175976687           0.83548598819825159            1.0443574852478146     
   1.1139813175976687           0.83548598819825159            1.2184170661224505     
   1.1139813175976687           0.83548598819825159            1.3924766469970862     
   1.1139813175976687           0.83548598819825159            1.5665362278717216     
   1.1139813175976687           0.83548598819825159            1.7405958087463578     
   1.1139813175976687           0.83548598819825159            1.9146553896209932     
   1.1139813175976687           0.83548598819825159            2.0887149704956292     
   1.1139813175976687           0.83548598819825159            2.2627745513702648     
   1.1139813175976687           0.83548598819825159            2.4368341322449010     
   1.1139813175976687           0.83548598819825159            2.6108937131195367     
   1.1139813175976687           0.83548598819825159            2.7849532939941724     
   1.1139813175976687           0.83548598819825159            2.9590128748688080     
   1.1139813175976687           0.83548598819825159            3.1330724557434433     
   1.1139813175976687           0.97473365289796032            0.0000000000000000     
   1.1139813175976687           0.97473365289796032           0.17405958087463577     
   1.1139813175976687           0.97473365289796032           0.34811916174927154     
   1.1139813175976687           0.97473365289796032           0.52217874262390729     
   1.1139813175976687           0.97473365289796032           0.69623832349854309     
   1.1139813175976687           0.97473365289796032           0.87029790437317889     
   1.1139813175976687           0.97473365289796032            1.0443574852478146     
   1.1139813175976687           0.97473365289796032            1.2184170661224505     
   1.1139813175976687           0.97473365289796032            1.3924766469970862     
   1.1139813175976687           0.97473365289796032            1.5665362278717216     
   1.1139813175976687           0.97473365289796032            1.7405958087463578     
   1.1139813175976687           0.97473365289796032            1.9146553896209932     
   1.1139813175976687           0.97473365289796032            2.0887149704956292     
   1.1139813175976687           0.97473365289796032            2.2627745513702648     
   1.1139813175976687           0.97473365289796032            2.4368341322449010     
   1.1139813175976687           0.97473365289796032            2.6108937131195367     
   1.1139813175976687           0.97473365289796032            2.7849532939941724     
   1.1139813175976687           0.97473365289796032            2.9590128748688080     
   1.1139813175976687           0.97473365289796032            3.1330724557434433     
   1.1139813175976687            1.1139813175976687            0.0000000000000000     
   1.1139813175976687            1.1139813175976687           0.17405958087463577     
   1.1139813175976687            1.1139813175976687           0.34811916174927154     
   1.1139813175976687            1.1139813175976687           0.52217874262390729     
   1.1139813175976687            1.1139813175976687           0.69623832349854309     
   1.1139813175976687            1.1139813175976687           0.87029790437317889     
   1.1139813175976687            1.1139813175976687            1.0443574852478146     
   1.1139813175976687            1.1139813175976687            1.2184170661224505     
   1.1139813175976687            1.1139813175976687            1.3924766469970862     
   1.1139813175976687            1.1139813175976687            1.5665362278717216     
   1.1139813175976687            1.1139813175976687            1.7405958087463578     
   1.1139813175976687            1.1139813175976687            1.9146553896209932     
   1.1139813175976687            1.1139813175976687            2.0887149704956292     
   1.1139813175976687            1.1139813175976687            2.2627745513702648     
   1.1139813175976687            1.1139813175976687            2.4368341322449010     
   1.1139813175976687            1.1139813175976687            2.6108937131195367     
   1.1139813175976687            1.1139813175976687            2.7849532939941724     
   1.1139813175976687            1.1139813175976687            2.9590128748688080     
   1.1139813175976687            1.1139813175976687            3.1330724557434433     
   1.1139813175976687            1.2532289822973772            0.0000000000000000     
   1.1139813175976687            1.2532289822973772           0.17405958087463577     
   1.1139813175976687            1.2532289822973772           0.34811916174927154     
   1.1139813175976687            1.2532289822973772           0.52217874262390729     
   1.1139813175976687            1.2532289822973772           0.69623832349854309     
   1.1139813175976687            1.2532289822973772           0.87029790437317889     
   1.1139813175976687            1.2532289822973772            1.0443574852478146     
   1.1139813175976687            1.2532289822973772            1.2184170661224505     
   1.1139813175976687            1.2532289822973772            1.3924766469970862     
   1.1139813175976687            1.2532289822973772            1.5665362278717216     
   1.1139813175976687            1.2532289822973772            1.7405958087463578     
   1.1139813175976687            1.2532289822973772            1.9146553896209932     
   1.1139813175976687            1.2532289822973772            2.0887149704956292     
   1.1139813175976687            1.2532289822973772            2.2627745513702648     
   1.1139813175976687            1.2532289822973772            2.4368341322449010     
   1.1139813175976687            1.2532289822973772            2.6108937131195367     
   1.1139813175976687            1.2532289822973772            2.7849532939941724     
   1.1139813175976687            1.2532289822973772            2.9590128748688080     
   1.1139813175976687            1.2532289822973772            3.1330724557434433     
   1.1139813175976687            1.3924766469970860            0.0000000000000000     
   1.1139813175976687            1.3924766469970860           0.17405958087463577     
   1.1139813175976687            1.3924766469970860           0.34811916174927154     
   1.1139813175976687            1.3924766469970860           0.52217874262390729     
   1.1139813175976687            1.3924766469970860           0.69623832349854309     
   1.1139813175976687            1.3924766469970860           0.87029790437317889     
   1.1139813175976687            1.3924766469970860            1.0443574852478146     
   1.1139813175976687            1.3924766469970860            1.2184170661224505     
   1.1139813175976687            1.3924766469970860            1.3924766469970862     
   1.1139813175976687            1.3924766469970860            1.5665362278717216     
   1.1139813175976687            1.3924766469970860            1.7405958087463578     
   1.1139813175976687            1.3924766469970860            1.9146553896209932     
   1.1139813175976687            1.3924766469970860            2.0887149704956292     
   1.1139813175976687            1.3924766469970860            2.2627745513702648     
   1.1139813175976687            1.3924766469970860            2.4368341322449010     
   1.1139813175976687            1.3924766469970860            2.6108937131195367     
   1.1139813175976687            1.3924766469970860            2.7849532939941724     
   1.1139813175976687            1.3924766469970860            2.9590128748688080     
   1.1139813175976687            1.3924766469970860            3.1330724557434433     
   1.1139813175976687            1.5317243116967947            0.0000000000000000     
   1.1139813175976687            1.5317243116967947           0.17405958087463577     
   1.1139813175976687            1.5317243116967947           0.34811916174927154     
   1.1139813175976687            1.5317243116967947           0.52217874262390729     
   1.1139813175976687            1.5317243116967947           0.69623832349854309     
   1.1139813175976687            1.5317243116967947           0.87029790437317889     
   1.1139813175976687            1.5317243116967947            1.0443574852478146     
   1.1139813175976687            1.5317243116967947            1.2184170661224505     
   1.1139813175976687            1.5317243116967947            1.3924766469970862     
   1.1139813175976687            1.5317243116967947            1.5665362278717216     
   1.1139813175976687            1.5317243116967947            1.7405958087463578     
   1.1139813175976687            1.5317243116967947            1.9146553896209932     
   1.1139813175976687            1.5317243116967947            2.0887149704956292     
   1.1139813175976687            1.5317243116967947            2.2627745513702648     
   1.1139813175976687            1.5317243116967947            2.4368341322449010     
   1.1139813175976687            1.5317243116967947            2.6108937131195367     
   1.1139813175976687            1.5317243116967947            2.7849532939941724     
   1.1139813175976687            1.5317243116967947            2.9590128748688080     
   1.1139813175976687            1.5317243116967947            3.1330724557434433     
   1.1139813175976687            1.6709719763965032            0.0000000000000000     
   1.1139813175976687            1.6709719763965032           0.17405958087463577     
   1.1139813175976687            1.6709719763965032           0.34811916174927154     
   1.1139813175976687            1.6709719763965032           0.52217874262390729     
   1.1139813175976687            1.6709719763965032           0.69623832349854309     
   1.1139813175976687            1.6709719763965032           0.87029790437317889     
   1.1139813175976687            1.6709719763965032            1.0443574852478146     
   1.1139813175976687            1.6709719763965032            1.2184170661224505     
   1.1139813175976687            1.6709719763965032            1.3924766469970862     
   1.1139813175976687            1.6709719763965032            1.5665362278717216     
   1.1139813175976687            1.6709719763965032            1.7405958087463578     
   1.1139813175976687            1.6709719763965032            1.9146553896209932     
   1.1139813175976687            1.6709719763965032            2.0887149704956292     
   1.1139813175976687            1.6709719763965032            2.2627745513702648     
   1.1139813175976687            1.6709719763965032            2.4368341322449010     
   1.1139813175976687            1.6709719763965032            2.6108937131195367     
   1.1139813175976687            1.6709719763965032            2.7849532939941724     
   1.1139813175976687            1.6709719763965032            2.9590128748688080     
   1.1139813175976687            1.6709719763965032            3.1330724557434433     
   1.1139813175976687            1.8102196410962119            0.0000000000000000     
   1.1139813175976687            1.8102196410962119           0.17405958087463577     
   1.1139813175976687            1.8102196410962119           0.34811916174927154     
   1.1139813175976687            1.8102196410962119           0.52217874262390729     
   1.1139813175976687            1.8102196410962119           0.69623832349854309     
   1.1139813175976687            1.8102196410962119           0.87029790437317889     
   1.1139813175976687            1.8102196410962119            1.0443574852478146     
   1.1139813175976687            1.8102196410962119            1.2184170661224505     
   1.1139813175976687            1.8102196410962119            1.3924766469970862     
   1.1139813175976687            1.8102196410962119            1.5665362278717216     
   1.1139813175976687            1.8102196410962119            1.7405958087463578     
   1.1139813175976687            1.8102196410962119            1.9146553896209932     
   1.1139813175976687            1.8102196410962119            2.0887149704956292     
   1.1139813175976687            1.8102196410962119            2.2627745513702648     
   1.1139813175976687            1.8102196410962119            2.4368341322449010     
   1.1139813175976687            1.8102196410962119            2.6108937131195367     
   1.1139813175976687            1.8102196410962119            2.7849532939941724     
   1.1139813175976687            1.8102196410962119            2.9590128748688080     
   1.1139813175976687            1.8102196410962119            3.1330724557434433     
   1.1139813175976687            1.9494673057959206            0.0000000000000000     
   1.1139813175976687            1.9494673057959206           0.17405958087463577     
   1.1139813175976687            1.9494673057959206           0.34811916174927154     
   1.1139813175976687            1.9494673057959206           0.52217874262390729     
   1.1139813175976687            1.9494673057959206           0.69623832349854309     
   1.1139813175976687            1.9494673057959206           0.87029790437317889     
   1.1139813175976687            1.9494673057959206            1.0443574852478146     
   1.1139813175976687            1.9494673057959206            1.2184170661224505     
   1.1139813175976687            1.9494673057959206            1.3924766469970862     
   1.1139813175976687            1.9494673057959206            1.5665362278717216     
   1.1139813175976687            1.9494673057959206            1.7405958087463578     
   1.1139813175976687            1.9494673057959206            1.9146553896209932     
   1.1139813175976687            1.9494673057959206            2.0887149704956292     
   1.1139813175976687            1.9494673057959206            2.2627745513702648     
   1.1139813175976687            1.9494673057959206            2.4368341322449010     
   1.1139813175976687            1.9494673057959206            2.6108937131195367     
   1.1139813175976687            1.9494673057959206            2.7849532939941724     
   1.1139813175976687            1.9494673057959206            2.9590128748688080     
   1.1139813175976687            1.9494673057959206            3.1330724557434433     
   1.1139813175976687            2.0887149704956292            0.0000000000000000     
   1.1139813175976687            2.0887149704956292           0.17405958087463577     
   1.1139813175976687            2.0887149704956292           0.34811916174927154     
   1.1139813175976687            2.0887149704956292           0.52217874262390729     
   1.1139813175976687            2.0887149704956292           0.69623832349854309     
   1.1139813175976687            2.0887149704956292           0.87029790437317889     
   1.1139813175976687            2.0887149704956292            1.0443574852478146     
   1.1139813175976687            2.0887149704956292            1.2184170661224505     
   1.1139813175976687            2.0887149704956292            1.3924766469970862     
   1.1139813175976687            2.0887149704956292            1.5665362278717216     
   1.1139813175976687            2.0887149704956292            1.7405958087463578     
   1.1139813175976687            2.0887149704956292            1.9146553896209932     
   1.1139813175976687            2.0887149704956292            2.0887149704956292     
   1.1139813175976687            2.0887149704956292            2.2627745513702648     
   1.1139813175976687            2.0887149704956292            2.4368341322449010     
   1.1139813175976687            2.0887149704956292            2.6108937131195367     
   1.1139813175976687            2.0887149704956292            2.7849532939941724     
   1.1139813175976687            2.0887149704956292            2.9590128748688080     
   1.1139813175976687            2.0887149704956292            3.1330724557434433     
   1.1139813175976687            2.2279626351953374            0.0000000000000000     
   1.1139813175976687            2.2279626351953374           0.17405958087463577     
   1.1139813175976687            2.2279626351953374           0.34811916174927154     
   1.1139813175976687            2.2279626351953374           0.52217874262390729     
   1.1139813175976687            2.2279626351953374           0.69623832349854309     
   1.1139813175976687            2.2279626351953374           0.87029790437317889     
   1.1139813175976687            2.2279626351953374            1.0443574852478146     
   1.1139813175976687            2.2279626351953374            1.2184170661224505     
   1.1139813175976687            2.2279626351953374            1.3924766469970862     
   1.1139813175976687            2.2279626351953374            1.5665362278717216     
   1.1139813175976687            2.2279626351953374            1.7405958087463578     
   1.1139813175976687            2.2279626351953374            1.9146553896209932     
   1.1139813175976687            2.2279626351953374            2.0887149704956292     
   1.1139813175976687            2.2279626351953374            2.2627745513702648     
   1.1139813175976687            2.2279626351953374            2.4368341322449010     
   1.1139813175976687            2.2279626351953374            2.6108937131195367     
   1.1139813175976687            2.2279626351953374            2.7849532939941724     
   1.1139813175976687            2.2279626351953374            2.9590128748688080     
   1.1139813175976687            2.2279626351953374            3.1330724557434433     
   1.1139813175976687            2.3672102998950462            0.0000000000000000     
   1.1139813175976687            2.3672102998950462           0.17405958087463577     
   1.1139813175976687            2.3672102998950462           0.34811916174927154     
   1.1139813175976687            2.3672102998950462           0.52217874262390729     
   1.1139813175976687            2.3672102998950462           0.69623832349854309     
   1.1139813175976687            2.3672102998950462           0.87029790437317889     
   1.1139813175976687            2.3672102998950462            1.0443574852478146     
   1.1139813175976687            2.3672102998950462            1.2184170661224505     
   1.1139813175976687            2.3672102998950462            1.3924766469970862     
   1.1139813175976687            2.3672102998950462            1.5665362278717216     
   1.1139813175976687            2.3672102998950462            1.7405958087463578     
   1.1139813175976687            2.3672102998950462            1.9146553896209932     
   1.1139813175976687            2.3672102998950462            2.0887149704956292     
   1.1139813175976687            2.3672102998950462            2.2627745513702648     
   1.1139813175976687            2.3672102998950462            2.4368341322449010     
   1.1139813175976687            2.3672102998950462            2.6108937131195367     
   1.1139813175976687            2.3672102998950462            2.7849532939941724     
   1.1139813175976687            2.3672102998950462            2.9590128748688080     
   1.1139813175976687            2.3672102998950462            3.1330724557434433     
   1.1139813175976687            2.5064579645947545            0.0000000000000000     
   1.1139813175976687            2.5064579645947545           0.17405958087463577     
   1.1139813175976687            2.5064579645947545           0.34811916174927154     
   1.1139813175976687            2.5064579645947545           0.52217874262390729     
   1.1139813175976687            2.5064579645947545           0.69623832349854309     
   1.1139813175976687            2.5064579645947545           0.87029790437317889     
   1.1139813175976687            2.5064579645947545            1.0443574852478146     
   1.1139813175976687            2.5064579645947545            1.2184170661224505     
   1.1139813175976687            2.5064579645947545            1.3924766469970862     
   1.1139813175976687            2.5064579645947545            1.5665362278717216     
   1.1139813175976687            2.5064579645947545            1.7405958087463578     
   1.1139813175976687            2.5064579645947545            1.9146553896209932     
   1.1139813175976687            2.5064579645947545            2.0887149704956292     
   1.1139813175976687            2.5064579645947545            2.2627745513702648     
   1.1139813175976687            2.5064579645947545            2.4368341322449010     
   1.1139813175976687            2.5064579645947545            2.6108937131195367     
   1.1139813175976687            2.5064579645947545            2.7849532939941724     
   1.1139813175976687            2.5064579645947545            2.9590128748688080     
   1.1139813175976687            2.5064579645947545            3.1330724557434433     
   1.2532289822973772            0.0000000000000000            0.0000000000000000     
   1.2532289822973772            0.0000000000000000           0.17405958087463577     
   1.2532289822973772            0.0000000000000000           0.34811916174927154     
   1.2532289822973772            0.0000000000000000           0.52217874262390729     
   1.2532289822973772            0.0000000000000000           0.69623832349854309     
   1.2532289822973772            0.0000000000000000           0.87029790437317889     
   1.2532289822973772            0.0000000000000000            1.0443574852478146     
   1.2532289822973772            0.0000000000000000            1.2184170661224505     
   1.2532289822973772            0.0000000000000000            1.3924766469970862     
   1.2532289822973772            0.0000000000000000            1.5665362278717216     
   1.2532289822973772            0.0000000000000000            1.7405958087463578     
   1.2532289822973772            0.0000000000000000            1.9146553896209932     
   1.2532289822973772            0.0000000000000000            2.0887149704956292     
   1.2532289822973772            0.0000000000000000            2.2627745513702648     
   1.2532289822973772            0.0000000000000000            2.4368341322449010     
   1.2532289822973772            0.0000000000000000            2.6108937131195367     
   1.2532289822973772            0.0000000000000000            2.7849532939941724     
   1.2532289822973772            0.0000000000000000            2.9590128748688080     
   1.2532289822973772            0.0000000000000000            3.1330724557434433     
   1.2532289822973772           0.13924766469970859            0.0000000000000000     
   1.2532289822973772           0.13924766469970859           0.17405958087463577     
   1.2532289822973772           0.13924766469970859           0.34811916174927154     
   1.2532289822973772           0.13924766469970859           0.52217874262390729     
   1.2532289822973772           0.13924766469970859           0.69623832349854309     
   1.2532289822973772           0.13924766469970859           0.87029790437317889     
   1.2532289822973772           0.13924766469970859            1.0443574852478146     
   1.2532289822973772           0.13924766469970859            1.2184170661224505     
   1.2532289822973772           0.13924766469970859            1.3924766469970862     
   1.2532289822973772           0.13924766469970859            1.5665362278717216     
   1.2532289822973772           0.13924766469970859            1.7405958087463578     
   1.2532289822973772           0.13924766469970859            1.9146553896209932     
   1.2532289822973772           0.13924766469970859            2.0887149704956292     
   1.2532289822973772           0.13924766469970859            2.2627745513702648     
   1.2532289822973772           0.13924766469970859            2.4368341322449010     
   1.2532289822973772           0.13924766469970859            2.6108937131195367     
   1.2532289822973772           0.13924766469970859            2.7849532939941724     
   1.2532289822973772           0.13924766469970859            2.9590128748688080     
   1.2532289822973772           0.13924766469970859            3.1330724557434433     
   1.2532289822973772           0.27849532939941718            0.0000000000000000     
   1.2532289822973772           0.27849532939941718           0.17405958087463577     
   1.2532289822973772           0.27849532939941718           0.34811916174927154     
   1.2532289822973772           0.27849532939941718           0.52217874262390729     
   1.2532289822973772           0.27849532939941718           0.69623832349854309     
   1.2532289822973772           0.27849532939941718           0.87029790437317889     
   1.2532289822973772           0.27849532939941718            1.0443574852478146     
   1.2532289822973772           0.27849532939941718            1.2184170661224505     
   1.2532289822973772           0.27849532939941718            1.3924766469970862     
   1.2532289822973772           0.27849532939941718            1.5665362278717216     
   1.2532289822973772           0.27849532939941718            1.7405958087463578     
   1.2532289822973772           0.27849532939941718            1.9146553896209932     
   1.2532289822973772           0.27849532939941718            2.0887149704956292     
   1.2532289822973772           0.27849532939941718            2.2627745513702648     
   1.2532289822973772           0.27849532939941718            2.4368341322449010     
   1.2532289822973772           0.27849532939941718            2.6108937131195367     
   1.2532289822973772           0.27849532939941718            2.7849532939941724     
   1.2532289822973772           0.27849532939941718            2.9590128748688080     
   1.2532289822973772           0.27849532939941718            3.1330724557434433     
   1.2532289822973772           0.41774299409912580            0.0000000000000000     
   1.2532289822973772           0.41774299409912580           0.17405958087463577     
   1.2532289822973772           0.41774299409912580           0.34811916174927154     
   1.2532289822973772           0.41774299409912580           0.52217874262390729     
   1.2532289822973772           0.41774299409912580           0.69623832349854309     
   1.2532289822973772           0.41774299409912580           0.87029790437317889     
   1.2532289822973772           0.41774299409912580            1.0443574852478146     
   1.2532289822973772           0.41774299409912580            1.2184170661224505     
   1.2532289822973772           0.41774299409912580            1.3924766469970862     
   1.2532289822973772           0.41774299409912580            1.5665362278717216     
   1.2532289822973772           0.41774299409912580            1.7405958087463578     
   1.2532289822973772           0.41774299409912580            1.9146553896209932     
   1.2532289822973772           0.41774299409912580            2.0887149704956292     
   1.2532289822973772           0.41774299409912580            2.2627745513702648     
   1.2532289822973772           0.41774299409912580            2.4368341322449010     
   1.2532289822973772           0.41774299409912580            2.6108937131195367     
   1.2532289822973772           0.41774299409912580            2.7849532939941724     
   1.2532289822973772           0.41774299409912580            2.9590128748688080     
   1.2532289822973772           0.41774299409912580            3.1330724557434433     
   1.2532289822973772           0.55699065879883436            0.0000000000000000     
   1.2532289822973772           0.55699065879883436           0.17405958087463577     
   1.2532289822973772           0.55699065879883436           0.34811916174927154     
   1.2532289822973772           0.55699065879883436           0.52217874262390729     
   1.2532289822973772           0.55699065879883436           0.69623832349854309     
   1.2532289822973772           0.55699065879883436           0.87029790437317889     
   1.2532289822973772           0.55699065879883436            1.0443574852478146     
   1.2532289822973772           0.55699065879883436            1.2184170661224505     
   1.2532289822973772           0.55699065879883436            1.3924766469970862     
   1.2532289822973772           0.55699065879883436            1.5665362278717216     
   1.2532289822973772           0.55699065879883436            1.7405958087463578     
   1.2532289822973772           0.55699065879883436            1.9146553896209932     
   1.2532289822973772           0.55699065879883436            2.0887149704956292     
   1.2532289822973772           0.55699065879883436            2.2627745513702648     
   1.2532289822973772           0.55699065879883436            2.4368341322449010     
   1.2532289822973772           0.55699065879883436            2.6108937131195367     
   1.2532289822973772           0.55699065879883436            2.7849532939941724     
   1.2532289822973772           0.55699065879883436            2.9590128748688080     
   1.2532289822973772           0.55699065879883436            3.1330724557434433     
   1.2532289822973772           0.69623832349854298            0.0000000000000000     
   1.2532289822973772           0.69623832349854298           0.17405958087463577     
   1.2532289822973772           0.69623832349854298           0.34811916174927154     
   1.2532289822973772           0.69623832349854298           0.52217874262390729     
   1.2532289822973772           0.69623832349854298           0.69623832349854309     
   1.2532289822973772           0.69623832349854298           0.87029790437317889     
   1.2532289822973772           0.69623832349854298            1.0443574852478146     
   1.2532289822973772           0.69623832349854298            1.2184170661224505     
   1.2532289822973772           0.69623832349854298            1.3924766469970862     
   1.2532289822973772           0.69623832349854298            1.5665362278717216     
   1.2532289822973772           0.69623832349854298            1.7405958087463578     
   1.2532289822973772           0.69623832349854298            1.9146553896209932     
   1.2532289822973772           0.69623832349854298            2.0887149704956292     
   1.2532289822973772           0.69623832349854298            2.2627745513702648     
   1.2532289822973772           0.69623832349854298            2.4368341322449010     
   1.2532289822973772           0.69623832349854298            2.6108937131195367     
   1.2532289822973772           0.69623832349854298            2.7849532939941724     
   1.2532289822973772           0.69623832349854298            2.9590128748688080     
   1.2532289822973772           0.69623832349854298            3.1330724557434433     
   1.2532289822973772           0.83548598819825159            0.0000000000000000     
   1.2532289822973772           0.83548598819825159           0.17405958087463577     
   1.2532289822973772           0.83548598819825159           0.34811916174927154     
   1.2532289822973772           0.83548598819825159           0.52217874262390729     
   1.2532289822973772           0.83548598819825159           0.69623832349854309     
   1.2532289822973772           0.83548598819825159           0.87029790437317889     
   1.2532289822973772           0.83548598819825159            1.0443574852478146     
   1.2532289822973772           0.83548598819825159            1.2184170661224505     
   1.2532289822973772           0.83548598819825159            1.3924766469970862     
   1.2532289822973772           0.83548598819825159            1.5665362278717216     
   1.2532289822973772           0.83548598819825159            1.7405958087463578     
   1.2532289822973772           0.83548598819825159            1.9146553896209932     
   1.2532289822973772           0.83548598819825159            2.0887149704956292     
   1.2532289822973772           0.83548598819825159            2.2627745513702648     
   1.2532289822973772           0.83548598819825159            2.4368341322449010     
   1.2532289822973772           0.83548598819825159            2.6108937131195367     
   1.2532289822973772           0.83548598819825159            2.7849532939941724     
   1.2532289822973772           0.83548598819825159            2.9590128748688080     
   1.2532289822973772           0.83548598819825159            3.1330724557434433     
   1.2532289822973772           0.97473365289796032            0.0000000000000000     
   1.2532289822973772           0.97473365289796032           0.17405958087463577     
   1.2532289822973772           0.97473365289796032           0.34811916174927154     
   1.2532289822973772           0.97473365289796032           0.52217874262390729     
   1.2532289822973772           0.97473365289796032           0.69623832349854309     
   1.2532289822973772           0.97473365289796032           0.87029790437317889     
   1.2532289822973772           0.97473365289796032            1.0443574852478146     
   1.2532289822973772           0.97473365289796032            1.2184170661224505     
   1.2532289822973772           0.97473365289796032            1.3924766469970862     
   1.2532289822973772           0.97473365289796032            1.5665362278717216     
   1.2532289822973772           0.97473365289796032            1.7405958087463578     
   1.2532289822973772           0.97473365289796032            1.9146553896209932     
   1.2532289822973772           0.97473365289796032            2.0887149704956292     
   1.2532289822973772           0.97473365289796032            2.2627745513702648     
   1.2532289822973772           0.97473365289796032            2.4368341322449010     
   1.2532289822973772           0.97473365289796032            2.6108937131195367     
   1.2532289822973772           0.97473365289796032            2.7849532939941724     
   1.2532289822973772           0.97473365289796032            2.9590128748688080     
   1.2532289822973772           0.97473365289796032            3.1330724557434433     
   1.2532289822973772            1.1139813175976687            0.0000000000000000     
   1.2532289822973772            1.1139813175976687           0.17405958087463577     
   1.2532289822973772            1.1139813175976687           0.34811916174927154     
   1.2532289822973772            1.1139813175976687           0.52217874262390729     
   1.2532289822973772            1.1139813175976687           0.69623832349854309     
   1.2532289822973772            1.1139813175976687           0.87029790437317889     
   1.2532289822973772            1.1139813175976687            1.0443574852478146     
   1.2532289822973772            1.1139813175976687            1.2184170661224505     
   1.2532289822973772            1.1139813175976687            1.3924766469970862     
   1.2532289822973772            1.1139813175976687            1.5665362278717216     
   1.2532289822973772            1.1139813175976687            1.7405958087463578     
   1.2532289822973772            1.1139813175976687            1.9146553896209932     
   1.2532289822973772            1.1139813175976687            2.0887149704956292     
   1.2532289822973772            1.1139813175976687            2.2627745513702648     
   1.2532289822973772            1.1139813175976687            2.4368341322449010     
   1.2532289822973772            1.1139813175976687            2.6108937131195367     
   1.2532289822973772            1.1139813175976687            2.7849532939941724     
   1.2532289822973772            1.1139813175976687            2.9590128748688080     
   1.2532289822973772            1.1139813175976687            3.1330724557434433     
   1.2532289822973772            1.2532289822973772            0.0000000000000000     
   1.2532289822973772            1.2532289822973772           0.17405958087463577     
   1.2532289822973772            1.2532289822973772           0.34811916174927154     
   1.2532289822973772            1.2532289822973772           0.52217874262390729     
   1.2532289822973772            1.2532289822973772           0.69623832349854309     
   1.2532289822973772            1.2532289822973772           0.87029790437317889     
   1.2532289822973772            1.2532289822973772            1.0443574852478146     
   1.2532289822973772            1.2532289822973772            1.2184170661224505     
   1.2532289822973772            1.2532289822973772            1.3924766469970862     
   1.2532289822973772            1.2532289822973772            1.5665362278717216     
   1.2532289822973772            1.2532289822973772            1.7405958087463578     
   1.2532289822973772            1.2532289822973772            1.9146553896209932     
   1.2532289822973772            1.2532289822973772            2.0887149704956292     
   1.2532289822973772            1.2532289822973772            2.2627745513702648     
   1.2532289822973772            1.2532289822973772            2.4368341322449010     
   1.2532289822973772            1.2532289822973772            2.6108937131195367     
   1.2532289822973772            1.2532289822973772            2.7849532939941724     
   1.2532289822973772            1.2532289822973772            2.9590128748688080     
   1.2532289822973772            1.2532289822973772            3.1330724557434433     
   1.2532289822973772            1.3924766469970860            0.0000000000000000     
   1.2532289822973772            1.3924766469970860           0.17405958087463577     
   1.2532289822973772            1.3924766469970860           0.34811916174927154     
   1.2532289822973772            1.3924766469970860           0.52217874262390729     
   1.2532289822973772            1.3924766469970860           0.69623832349854309     
   1.2532289822973772            1.3924766469970860           0.87029790437317889     
   1.2532289822973772            1.3924766469970860            1.0443574852478146     
   1.2532289822973772            1.3924766469970860            1.2184170661224505     
   1.2532289822973772            1.3924766469970860            1.3924766469970862     
   1.2532289822973772            1.3924766469970860            1.5665362278717216     
   1.2532289822973772            1.3924766469970860            1.7405958087463578     
   1.2532289822973772            1.3924766469970860            1.9146553896209932     
   1.2532289822973772            1.3924766469970860            2.0887149704956292     
   1.2532289822973772            1.3924766469970860            2.2627745513702648     
   1.2532289822973772            1.3924766469970860            2.4368341322449010     
   1.2532289822973772            1.3924766469970860            2.6108937131195367     
   1.2532289822973772            1.3924766469970860            2.7849532939941724     
   1.2532289822973772            1.3924766469970860            2.9590128748688080     
   1.2532289822973772            1.3924766469970860            3.1330724557434433     
   1.2532289822973772            1.5317243116967947            0.0000000000000000     
   1.2532289822973772            1.5317243116967947           0.17405958087463577     
   1.2532289822973772            1.5317243116967947           0.34811916174927154     
   1.2532289822973772            1.5317243116967947           0.52217874262390729     
   1.2532289822973772            1.5317243116967947           0.69623832349854309     
   1.2532289822973772            1.5317243116967947           0.87029790437317889     
   1.2532289822973772            1.5317243116967947            1.0443574852478146     
   1.2532289822973772            1.5317243116967947            1.2184170661224505     
   1.2532289822973772            1.5317243116967947            1.3924766469970862     
   1.2532289822973772            1.5317243116967947            1.5665362278717216     
   1.2532289822973772            1.5317243116967947            1.7405958087463578     
   1.2532289822973772            1.5317243116967947            1.9146553896209932     
   1.2532289822973772            1.5317243116967947            2.0887149704956292     
   1.2532289822973772            1.5317243116967947            2.2627745513702648     
   1.2532289822973772            1.5317243116967947            2.4368341322449010     
   1.2532289822973772            1.5317243116967947            2.6108937131195367     
   1.2532289822973772            1.5317243116967947            2.7849532939941724     
   1.2532289822973772            1.5317243116967947            2.9590128748688080     
   1.2532289822973772            1.5317243116967947            3.1330724557434433     
   1.2532289822973772            1.6709719763965032            0.0000000000000000     
   1.2532289822973772            1.6709719763965032           0.17405958087463577     
   1.2532289822973772            1.6709719763965032           0.34811916174927154     
   1.2532289822973772            1.6709719763965032           0.52217874262390729     
   1.2532289822973772            1.6709719763965032           0.69623832349854309     
   1.2532289822973772            1.6709719763965032           0.87029790437317889     
   1.2532289822973772            1.6709719763965032            1.0443574852478146     
   1.2532289822973772            1.6709719763965032            1.2184170661224505     
   1.2532289822973772            1.6709719763965032            1.3924766469970862     
   1.2532289822973772            1.6709719763965032            1.5665362278717216     
   1.2532289822973772            1.6709719763965032            1.7405958087463578     
   1.2532289822973772            1.6709719763965032            1.9146553896209932     
   1.2532289822973772            1.6709719763965032            2.0887149704956292     
   1.2532289822973772            1.6709719763965032            2.2627745513702648     
   1.2532289822973772            1.6709719763965032            2.4368341322449010     
   1.2532289822973772            1.6709719763965032            2.6108937131195367     
   1.2532289822973772            1.6709719763965032            2.7849532939941724     
   1.2532289822973772            1.6709719763965032            2.9590128748688080     
   1.2532289822973772            1.6709719763965032            3.1330724557434433     
   1.2532289822973772            1.8102196410962119            0.0000000000000000     
   1.2532289822973772            1.8102196410962119           0.17405958087463577     
   1.2532289822973772            1.8102196410962119           0.34811916174927154     
   1.2532289822973772            1.8102196410962119           0.52217874262390729     
   1.2532289822973772            1.8102196410962119           0.69623832349854309     
   1.2532289822973772            1.8102196410962119           0.87029790437317889     
   1.2532289822973772            1.8102196410962119            1.0443574852478146     
   1.2532289822973772            1.8102196410962119            1.2184170661224505     
   1.2532289822973772            1.8102196410962119            1.3924766469970862     
   1.2532289822973772            1.8102196410962119            1.5665362278717216     
   1.2532289822973772            1.8102196410962119            1.7405958087463578     
   1.2532289822973772            1.8102196410962119            1.9146553896209932     
   1.2532289822973772            1.8102196410962119            2.0887149704956292     
   1.2532289822973772            1.8102196410962119            2.2627745513702648     
   1.2532289822973772            1.8102196410962119            2.4368341322449010     
   1.2532289822973772            1.8102196410962119            2.6108937131195367     
   1.2532289822973772            1.8102196410962119            2.7849532939941724     
   1.2532289822973772            1.8102196410962119            2.9590128748688080     
   1.2532289822973772            1.8102196410962119            3.1330724557434433     
   1.2532289822973772            1.9494673057959206            0.0000000000000000     
   1.2532289822973772            1.9494673057959206           0.17405958087463577     
   1.2532289822973772            1.9494673057959206           0.34811916174927154     
   1.2532289822973772            1.9494673057959206           0.52217874262390729     
   1.2532289822973772            1.9494673057959206           0.69623832349854309     
   1.2532289822973772            1.9494673057959206           0.87029790437317889     
   1.2532289822973772            1.9494673057959206            1.0443574852478146     
   1.2532289822973772            1.9494673057959206            1.2184170661224505     
   1.2532289822973772            1.9494673057959206            1.3924766469970862     
   1.2532289822973772            1.9494673057959206            1.5665362278717216     
   1.2532289822973772            1.9494673057959206            1.7405958087463578     
   1.2532289822973772            1.9494673057959206            1.9146553896209932     
   1.2532289822973772            1.9494673057959206            2.0887149704956292     
   1.2532289822973772            1.9494673057959206            2.2627745513702648     
   1.2532289822973772            1.9494673057959206            2.4368341322449010     
   1.2532289822973772            1.9494673057959206            2.6108937131195367     
   1.2532289822973772            1.9494673057959206            2.7849532939941724     
   1.2532289822973772            1.9494673057959206            2.9590128748688080     
   1.2532289822973772            1.9494673057959206            3.1330724557434433     
   1.2532289822973772            2.0887149704956292            0.0000000000000000     
   1.2532289822973772            2.0887149704956292           0.17405958087463577     
   1.2532289822973772            2.0887149704956292           0.34811916174927154     
   1.2532289822973772            2.0887149704956292           0.52217874262390729     
   1.2532289822973772            2.0887149704956292           0.69623832349854309     
   1.2532289822973772            2.0887149704956292           0.87029790437317889     
   1.2532289822973772            2.0887149704956292            1.0443574852478146     
   1.2532289822973772            2.0887149704956292            1.2184170661224505     
   1.2532289822973772            2.0887149704956292            1.3924766469970862     
   1.2532289822973772            2.0887149704956292            1.5665362278717216     
   1.2532289822973772            2.0887149704956292            1.7405958087463578     
   1.2532289822973772            2.0887149704956292            1.9146553896209932     
   1.2532289822973772            2.0887149704956292            2.0887149704956292     
   1.2532289822973772            2.0887149704956292            2.2627745513702648     
   1.2532289822973772            2.0887149704956292            2.4368341322449010     
   1.2532289822973772            2.0887149704956292            2.6108937131195367     
   1.2532289822973772            2.0887149704956292            2.7849532939941724     
   1.2532289822973772            2.0887149704956292            2.9590128748688080     
   1.2532289822973772            2.0887149704956292            3.1330724557434433     
   1.2532289822973772            2.2279626351953374            0.0000000000000000     
   1.2532289822973772            2.2279626351953374           0.17405958087463577     
   1.2532289822973772            2.2279626351953374           0.34811916174927154     
   1.2532289822973772            2.2279626351953374           0.52217874262390729     
   1.2532289822973772            2.2279626351953374           0.69623832349854309     
   1.2532289822973772            2.2279626351953374           0.87029790437317889     
   1.2532289822973772            2.2279626351953374            1.0443574852478146     
   1.2532289822973772            2.2279626351953374            1.2184170661224505     
   1.2532289822973772            2.2279626351953374            1.3924766469970862     
   1.2532289822973772            2.2279626351953374            1.5665362278717216     
   1.2532289822973772            2.2279626351953374            1.7405958087463578     
   1.2532289822973772            2.2279626351953374            1.9146553896209932     
   1.2532289822973772            2.2279626351953374            2.0887149704956292     
   1.2532289822973772            2.2279626351953374            2.2627745513702648     
   1.2532289822973772            2.2279626351953374            2.4368341322449010     
   1.2532289822973772            2.2279626351953374            2.6108937131195367     
   1.2532289822973772            2.2279626351953374            2.7849532939941724     
   1.2532289822973772            2.2279626351953374            2.9590128748688080     
   1.2532289822973772            2.2279626351953374            3.1330724557434433     
   1.2532289822973772            2.3672102998950462            0.0000000000000000     
   1.2532289822973772            2.3672102998950462           0.17405958087463577     
   1.2532289822973772            2.3672102998950462           0.34811916174927154     
   1.2532289822973772            2.3672102998950462           0.52217874262390729     
   1.2532289822973772            2.3672102998950462           0.69623832349854309     
   1.2532289822973772            2.3672102998950462           0.87029790437317889     
   1.2532289822973772            2.3672102998950462            1.0443574852478146     
   1.2532289822973772            2.3672102998950462            1.2184170661224505     
   1.2532289822973772            2.3672102998950462            1.3924766469970862     
   1.2532289822973772            2.3672102998950462            1.5665362278717216     
   1.2532289822973772            2.3672102998950462            1.7405958087463578     
   1.2532289822973772            2.3672102998950462            1.9146553896209932     
   1.2532289822973772            2.3672102998950462            2.0887149704956292     
   1.2532289822973772            2.3672102998950462            2.2627745513702648     
   1.2532289822973772            2.3672102998950462            2.4368341322449010     
   1.2532289822973772            2.3672102998950462            2.6108937131195367     
   1.2532289822973772            2.3672102998950462            2.7849532939941724     
   1.2532289822973772            2.3672102998950462            2.9590128748688080     
   1.2532289822973772            2.3672102998950462            3.1330724557434433     
   1.2532289822973772            2.5064579645947545            0.0000000000000000     
   1.2532289822973772            2.5064579645947545           0.17405958087463577     
   1.2532289822973772            2.5064579645947545           0.34811916174927154     
   1.2532289822973772            2.5064579645947545           0.52217874262390729     
   1.2532289822973772            2.5064579645947545           0.69623832349854309     
   1.2532289822973772            2.5064579645947545           0.87029790437317889     
   1.2532289822973772            2.5064579645947545            1.0443574852478146     
   1.2532289822973772            2.5064579645947545            1.2184170661224505     
   1.2532289822973772            2.5064579645947545            1.3924766469970862     
   1.2532289822973772            2.5064579645947545            1.5665362278717216     
   1.2532289822973772            2.5064579645947545            1.7405958087463578     
   1.2532289822973772            2.5064579645947545            1.9146553896209932     
   1.2532289822973772            2.5064579645947545            2.0887149704956292     
   1.2532289822973772            2.5064579645947545            2.2627745513702648     
   1.2532289822973772            2.5064579645947545            2.4368341322449010     
   1.2532289822973772            2.5064579645947545            2.6108937131195367     
   1.2532289822973772            2.5064579645947545            2.7849532939941724     
   1.2532289822973772            2.5064579645947545            2.9590128748688080     
   1.2532289822973772            2.5064579645947545            3.1330724557434433     
   1.3924766469970860            0.0000000000000000            0.0000000000000000     
   1.3924766469970860            0.0000000000000000           0.17405958087463577     
   1.3924766469970860            0.0000000000000000           0.34811916174927154     
   1.3924766469970860            0.0000000000000000           0.52217874262390729     
   1.3924766469970860            0.0000000000000000           0.69623832349854309     
   1.3924766469970860            0.0000000000000000           0.87029790437317889     
   1.3924766469970860            0.0000000000000000            1.0443574852478146     
   1.3924766469970860            0.0000000000000000            1.2184170661224505     
   1.3924766469970860            0.0000000000000000            1.3924766469970862     
   1.3924766469970860            0.0000000000000000            1.5665362278717216     
   1.3924766469970860            0.0000000000000000            1.7405958087463578     
   1.3924766469970860            0.0000000000000000            1.9146553896209932     
   1.3924766469970860            0.0000000000000000            2.0887149704956292     
   1.3924766469970860            0.0000000000000000            2.2627745513702648     
   1.3924766469970860            0.0000000000000000            2.4368341322449010     
   1.3924766469970860            0.0000000000000000            2.6108937131195367     
   1.3924766469970860            0.0000000000000000            2.7849532939941724     
   1.3924766469970860            0.0000000000000000            2.9590128748688080     
   1.3924766469970860            0.0000000000000000            3.1330724557434433     
   1.3924766469970860           0.13924766469970859            0.0000000000000000     
   1.3924766469970860           0.13924766469970859           0.17405958087463577     
   1.3924766469970860           0.13924766469970859           0.34811916174927154     
   1.3924766469970860           0.13924766469970859           0.52217874262390729     
   1.3924766469970860           0.13924766469970859           0.69623832349854309     
   1.3924766469970860           0.13924766469970859           0.87029790437317889     
   1.3924766469970860           0.13924766469970859            1.0443574852478146     
   1.3924766469970860           0.13924766469970859            1.2184170661224505     
   1.3924766469970860           0.13924766469970859            1.3924766469970862     
   1.3924766469970860           0.13924766469970859            1.5665362278717216     
   1.3924766469970860           0.13924766469970859            1.7405958087463578     
   1.3924766469970860           0.13924766469970859            1.9146553896209932     
   1.3924766469970860           0.13924766469970859            2.0887149704956292     
   1.3924766469970860           0.13924766469970859            2.2627745513702648     
   1.3924766469970860           0.13924766469970859            2.4368341322449010     
   1.3924766469970860           0.13924766469970859            2.6108937131195367     
   1.3924766469970860           0.13924766469970859            2.7849532939941724     
   1.3924766469970860           0.13924766469970859            2.9590128748688080     
   1.3924766469970860           0.13924766469970859            3.1330724557434433     
   1.3924766469970860           0.27849532939941718            0.0000000000000000     
   1.3924766469970860           0.27849532939941718           0.17405958087463577     
   1.3924766469970860           0.27849532939941718           0.34811916174927154     
   1.3924766469970860           0.27849532939941718           0.52217874262390729     
   1.3924766469970860           0.27849532939941718           0.69623832349854309     
   1.3924766469970860           0.27849532939941718           0.87029790437317889     
   1.3924766469970860           0.27849532939941718            1.0443574852478146     
   1.3924766469970860           0.27849532939941718            1.2184170661224505     
   1.3924766469970860           0.27849532939941718            1.3924766469970862     
   1.3924766469970860           0.27849532939941718            1.5665362278717216     
   1.3924766469970860           0.27849532939941718            1.7405958087463578     
   1.3924766469970860           0.27849532939941718            1.9146553896209932     
   1.3924766469970860           0.27849532939941718            2.0887149704956292     
   1.3924766469970860           0.27849532939941718            2.2627745513702648     
   1.3924766469970860           0.27849532939941718            2.4368341322449010     
   1.3924766469970860           0.27849532939941718            2.6108937131195367     
   1.3924766469970860           0.27849532939941718            2.7849532939941724     
   1.3924766469970860           0.27849532939941718            2.9590128748688080     
   1.3924766469970860           0.27849532939941718            3.1330724557434433     
   1.3924766469970860           0.41774299409912580            0.0000000000000000     
   1.3924766469970860           0.41774299409912580           0.17405958087463577     
   1.3924766469970860           0.41774299409912580           0.34811916174927154     
   1.3924766469970860           0.41774299409912580           0.52217874262390729     
   1.3924766469970860           0.41774299409912580           0.69623832349854309     
   1.3924766469970860           0.41774299409912580           0.87029790437317889     
   1.3924766469970860           0.41774299409912580            1.0443574852478146     
   1.3924766469970860           0.41774299409912580            1.2184170661224505     
   1.3924766469970860           0.41774299409912580            1.3924766469970862     
   1.3924766469970860           0.41774299409912580            1.5665362278717216     
   1.3924766469970860           0.41774299409912580            1.7405958087463578     
   1.3924766469970860           0.41774299409912580            1.9146553896209932     
   1.3924766469970860           0.41774299409912580            2.0887149704956292     
   1.3924766469970860           0.41774299409912580            2.2627745513702648     
   1.3924766469970860           0.41774299409912580            2.4368341322449010     
   1.3924766469970860           0.41774299409912580            2.6108937131195367     
   1.3924766469970860           0.41774299409912580            2.7849532939941724     
   1.3924766469970860           0.41774299409912580            2.9590128748688080     
   1.3924766469970860           0.41774299409912580            3.1330724557434433     
   1.3924766469970860           0.55699065879883436            0.0000000000000000     
   1.3924766469970860           0.55699065879883436           0.17405958087463577     
   1.3924766469970860           0.55699065879883436           0.34811916174927154     
   1.3924766469970860           0.55699065879883436           0.52217874262390729     
   1.3924766469970860           0.55699065879883436           0.69623832349854309     
   1.3924766469970860           0.55699065879883436           0.87029790437317889     
   1.3924766469970860           0.55699065879883436            1.0443574852478146     
   1.3924766469970860           0.55699065879883436            1.2184170661224505     
   1.3924766469970860           0.55699065879883436            1.3924766469970862     
   1.3924766469970860           0.55699065879883436            1.5665362278717216     
   1.3924766469970860           0.55699065879883436            1.7405958087463578     
   1.3924766469970860           0.55699065879883436            1.9146553896209932     
   1.3924766469970860           0.55699065879883436            2.0887149704956292     
   1.3924766469970860           0.55699065879883436            2.2627745513702648     
   1.3924766469970860           0.55699065879883436            2.4368341322449010     
   1.3924766469970860           0.55699065879883436            2.6108937131195367     
   1.3924766469970860           0.55699065879883436            2.7849532939941724     
   1.3924766469970860           0.55699065879883436            2.9590128748688080     
   1.3924766469970860           0.55699065879883436            3.1330724557434433     
   1.3924766469970860           0.69623832349854298            0.0000000000000000     
   1.3924766469970860           0.69623832349854298           0.17405958087463577     
   1.3924766469970860           0.69623832349854298           0.34811916174927154     
   1.3924766469970860           0.69623832349854298           0.52217874262390729     
   1.3924766469970860           0.69623832349854298           0.69623832349854309     
   1.3924766469970860           0.69623832349854298           0.87029790437317889     
   1.3924766469970860           0.69623832349854298            1.0443574852478146     
   1.3924766469970860           0.69623832349854298            1.2184170661224505     
   1.3924766469970860           0.69623832349854298            1.3924766469970862     
   1.3924766469970860           0.69623832349854298            1.5665362278717216     
   1.3924766469970860           0.69623832349854298            1.7405958087463578     
   1.3924766469970860           0.69623832349854298            1.9146553896209932     
   1.3924766469970860           0.69623832349854298            2.0887149704956292     
   1.3924766469970860           0.69623832349854298            2.2627745513702648     
   1.3924766469970860           0.69623832349854298            2.4368341322449010     
   1.3924766469970860           0.69623832349854298            2.6108937131195367     
   1.3924766469970860           0.69623832349854298            2.7849532939941724     
   1.3924766469970860           0.69623832349854298            2.9590128748688080     
   1.3924766469970860           0.69623832349854298            3.1330724557434433     
   1.3924766469970860           0.83548598819825159            0.0000000000000000     
   1.3924766469970860           0.83548598819825159           0.17405958087463577     
   1.3924766469970860           0.83548598819825159           0.34811916174927154     
   1.3924766469970860           0.83548598819825159           0.52217874262390729     
   1.3924766469970860           0.83548598819825159           0.69623832349854309     
   1.3924766469970860           0.83548598819825159           0.87029790437317889     
   1.3924766469970860           0.83548598819825159            1.0443574852478146     
   1.3924766469970860           0.83548598819825159            1.2184170661224505     
   1.3924766469970860           0.83548598819825159            1.3924766469970862     
   1.3924766469970860           0.83548598819825159            1.5665362278717216     
   1.3924766469970860           0.83548598819825159            1.7405958087463578     
   1.3924766469970860           0.83548598819825159            1.9146553896209932     
   1.3924766469970860           0.83548598819825159            2.0887149704956292     
   1.3924766469970860           0.83548598819825159            2.2627745513702648     
   1.3924766469970860           0.83548598819825159            2.4368341322449010     
   1.3924766469970860           0.83548598819825159            2.6108937131195367     
   1.3924766469970860           0.83548598819825159            2.7849532939941724     
   1.3924766469970860           0.83548598819825159            2.9590128748688080     
   1.3924766469970860           0.83548598819825159            3.1330724557434433     
   1.3924766469970860           0.97473365289796032            0.0000000000000000     
   1.3924766469970860           0.97473365289796032           0.17405958087463577     
   1.3924766469970860           0.97473365289796032           0.34811916174927154     
   1.3924766469970860           0.97473365289796032           0.52217874262390729     
   1.3924766469970860           0.97473365289796032           0.69623832349854309     
   1.3924766469970860           0.97473365289796032           0.87029790437317889     
   1.3924766469970860           0.97473365289796032            1.0443574852478146     
   1.3924766469970860           0.97473365289796032            1.2184170661224505     
   1.3924766469970860           0.97473365289796032            1.3924766469970862     
   1.3924766469970860           0.97473365289796032            1.5665362278717216     
   1.3924766469970860           0.97473365289796032            1.7405958087463578     
   1.3924766469970860           0.97473365289796032            1.9146553896209932     
   1.3924766469970860           0.97473365289796032            2.0887149704956292     
   1.3924766469970860           0.97473365289796032            2.2627745513702648     
   1.3924766469970860           0.97473365289796032            2.4368341322449010     
   1.3924766469970860           0.97473365289796032            2.6108937131195367     
   1.3924766469970860           0.97473365289796032            2.7849532939941724     
   1.3924766469970860           0.97473365289796032            2.9590128748688080     
   1.3924766469970860           0.97473365289796032            3.1330724557434433     
   1.3924766469970860            1.1139813175976687            0.0000000000000000     
   1.3924766469970860            1.1139813175976687           0.17405958087463577     
   1.3924766469970860            1.1139813175976687           0.34811916174927154     
   1.3924766469970860            1.1139813175976687           0.52217874262390729     
   1.3924766469970860            1.1139813175976687           0.69623832349854309     
   1.3924766469970860            1.1139813175976687           0.87029790437317889     
   1.3924766469970860            1.1139813175976687            1.0443574852478146     
   1.3924766469970860            1.1139813175976687            1.2184170661224505     
   1.3924766469970860            1.1139813175976687            1.3924766469970862     
   1.3924766469970860            1.1139813175976687            1.5665362278717216     
   1.3924766469970860            1.1139813175976687            1.7405958087463578     
   1.3924766469970860            1.1139813175976687            1.9146553896209932     
   1.3924766469970860            1.1139813175976687            2.0887149704956292     
   1.3924766469970860            1.1139813175976687            2.2627745513702648     
   1.3924766469970860            1.1139813175976687            2.4368341322449010     
   1.3924766469970860            1.1139813175976687            2.6108937131195367     
   1.3924766469970860            1.1139813175976687            2.7849532939941724     
   1.3924766469970860            1.1139813175976687            2.9590128748688080     
   1.3924766469970860            1.1139813175976687            3.1330724557434433     
   1.3924766469970860            1.2532289822973772            0.0000000000000000     
   1.3924766469970860            1.2532289822973772           0.17405958087463577     
   1.3924766469970860            1.2532289822973772           0.34811916174927154     
   1.3924766469970860            1.2532289822973772           0.52217874262390729     
   1.3924766469970860            1.2532289822973772           0.69623832349854309     
   1.3924766469970860            1.2532289822973772           0.87029790437317889     
   1.3924766469970860            1.2532289822973772            1.0443574852478146     
   1.3924766469970860            1.2532289822973772            1.2184170661224505     
   1.3924766469970860            1.2532289822973772            1.3924766469970862     
   1.3924766469970860            1.2532289822973772            1.5665362278717216     
   1.3924766469970860            1.2532289822973772            1.7405958087463578     
   1.3924766469970860            1.2532289822973772            1.9146553896209932     
   1.3924766469970860            1.2532289822973772            2.0887149704956292     
   1.3924766469970860            1.2532289822973772            2.2627745513702648     
   1.3924766469970860            1.2532289822973772            2.4368341322449010     
   1.3924766469970860            1.2532289822973772            2.6108937131195367     
   1.3924766469970860            1.2532289822973772            2.7849532939941724     
   1.3924766469970860            1.2532289822973772            2.9590128748688080     
   1.3924766469970860            1.2532289822973772            3.1330724557434433     
   1.3924766469970860            1.3924766469970860            0.0000000000000000     
   1.3924766469970860            1.3924766469970860           0.17405958087463577     
   1.3924766469970860            1.3924766469970860           0.34811916174927154     
   1.3924766469970860            1.3924766469970860           0.52217874262390729     
   1.3924766469970860            1.3924766469970860           0.69623832349854309     
   1.3924766469970860            1.3924766469970860           0.87029790437317889     
   1.3924766469970860            1.3924766469970860            1.0443574852478146     
   1.3924766469970860            1.3924766469970860            1.2184170661224505     
   1.3924766469970860            1.3924766469970860            1.3924766469970862     
   1.3924766469970860            1.3924766469970860            1.5665362278717216     
   1.3924766469970860            1.3924766469970860            1.7405958087463578     
   1.3924766469970860            1.3924766469970860            1.9146553896209932     
   1.3924766469970860            1.3924766469970860            2.0887149704956292     
   1.3924766469970860            1.3924766469970860            2.2627745513702648     
   1.3924766469970860            1.3924766469970860            2.4368341322449010     
   1.3924766469970860            1.3924766469970860            2.6108937131195367     
   1.3924766469970860            1.3924766469970860            2.7849532939941724     
   1.3924766469970860            1.3924766469970860            2.9590128748688080     
   1.3924766469970860            1.3924766469970860            3.1330724557434433     
   1.3924766469970860            1.5317243116967947            0.0000000000000000     
   1.3924766469970860            1.5317243116967947           0.17405958087463577     
   1.3924766469970860            1.5317243116967947           0.34811916174927154     
   1.3924766469970860            1.5317243116967947           0.52217874262390729     
   1.3924766469970860            1.5317243116967947           0.69623832349854309     
   1.3924766469970860            1.5317243116967947           0.87029790437317889     
   1.3924766469970860            1.5317243116967947            1.0443574852478146     
   1.3924766469970860            1.5317243116967947            1.2184170661224505     
   1.3924766469970860            1.5317243116967947            1.3924766469970862     
   1.3924766469970860            1.5317243116967947            1.5665362278717216     
   1.3924766469970860            1.5317243116967947            1.7405958087463578     
   1.3924766469970860            1.5317243116967947            1.9146553896209932     
   1.3924766469970860            1.5317243116967947            2.0887149704956292     
   1.3924766469970860            1.5317243116967947            2.2627745513702648     
   1.3924766469970860            1.5317243116967947            2.4368341322449010     
   1.3924766469970860            1.5317243116967947            2.6108937131195367     
   1.3924766469970860            1.5317243116967947            2.7849532939941724     
   1.3924766469970860            1.5317243116967947            2.9590128748688080     
   1.3924766469970860            1.5317243116967947            3.1330724557434433     
   1.3924766469970860            1.6709719763965032            0.0000000000000000     
   1.3924766469970860            1.6709719763965032           0.17405958087463577     
   1.3924766469970860            1.6709719763965032           0.34811916174927154     
   1.3924766469970860            1.6709719763965032           0.52217874262390729     
   1.3924766469970860            1.6709719763965032           0.69623832349854309     
   1.3924766469970860            1.6709719763965032           0.87029790437317889     
   1.3924766469970860            1.6709719763965032            1.0443574852478146     
   1.3924766469970860            1.6709719763965032            1.2184170661224505     
   1.3924766469970860            1.6709719763965032            1.3924766469970862     
   1.3924766469970860            1.6709719763965032            1.5665362278717216     
   1.3924766469970860            1.6709719763965032            1.7405958087463578     
   1.3924766469970860            1.6709719763965032            1.9146553896209932     
   1.3924766469970860            1.6709719763965032            2.0887149704956292     
   1.3924766469970860            1.6709719763965032            2.2627745513702648     
   1.3924766469970860            1.6709719763965032            2.4368341322449010     
   1.3924766469970860            1.6709719763965032            2.6108937131195367     
   1.3924766469970860            1.6709719763965032            2.7849532939941724     
   1.3924766469970860            1.6709719763965032            2.9590128748688080     
   1.3924766469970860            1.6709719763965032            3.1330724557434433     
   1.3924766469970860            1.8102196410962119            0.0000000000000000     
   1.3924766469970860            1.8102196410962119           0.17405958087463577     
   1.3924766469970860            1.8102196410962119           0.34811916174927154     
   1.3924766469970860            1.8102196410962119           0.52217874262390729     
   1.3924766469970860            1.8102196410962119           0.69623832349854309     
   1.3924766469970860            1.8102196410962119           0.87029790437317889     
   1.3924766469970860            1.8102196410962119            1.0443574852478146     
   1.3924766469970860            1.8102196410962119            1.2184170661224505     
   1.3924766469970860            1.8102196410962119            1.3924766469970862     
   1.3924766469970860            1.8102196410962119            1.5665362278717216     
   1.3924766469970860            1.8102196410962119            1.7405958087463578     
   1.3924766469970860            1.8102196410962119            1.9146553896209932     
   1.3924766469970860            1.8102196410962119            2.0887149704956292     
   1.3924766469970860            1.8102196410962119            2.2627745513702648     
   1.3924766469970860            1.8102196410962119            2.4368341322449010     
   1.3924766469970860            1.8102196410962119            2.6108937131195367     
   1.3924766469970860            1.8102196410962119            2.7849532939941724     
   1.3924766469970860            1.8102196410962119            2.9590128748688080     
   1.3924766469970860            1.8102196410962119            3.1330724557434433     
   1.3924766469970860            1.9494673057959206            0.0000000000000000     
   1.3924766469970860            1.9494673057959206           0.17405958087463577     
   1.3924766469970860            1.9494673057959206           0.34811916174927154     
   1.3924766469970860            1.9494673057959206           0.52217874262390729     
   1.3924766469970860            1.9494673057959206           0.69623832349854309     
   1.3924766469970860            1.9494673057959206           0.87029790437317889     
   1.3924766469970860            1.9494673057959206            1.0443574852478146     
   1.3924766469970860            1.9494673057959206            1.2184170661224505     
   1.3924766469970860            1.9494673057959206            1.3924766469970862     
   1.3924766469970860            1.9494673057959206            1.5665362278717216     
   1.3924766469970860            1.9494673057959206            1.7405958087463578     
   1.3924766469970860            1.9494673057959206            1.9146553896209932     
   1.3924766469970860            1.9494673057959206            2.0887149704956292     
   1.3924766469970860            1.9494673057959206            2.2627745513702648     
   1.3924766469970860            1.9494673057959206            2.4368341322449010     
   1.3924766469970860            1.9494673057959206            2.6108937131195367     
   1.3924766469970860            1.9494673057959206            2.7849532939941724     
   1.3924766469970860            1.9494673057959206            2.9590128748688080     
   1.3924766469970860            1.9494673057959206            3.1330724557434433     
   1.3924766469970860            2.0887149704956292            0.0000000000000000     
   1.3924766469970860            2.0887149704956292           0.17405958087463577     
   1.3924766469970860            2.0887149704956292           0.34811916174927154     
   1.3924766469970860            2.0887149704956292           0.52217874262390729     
   1.3924766469970860            2.0887149704956292           0.69623832349854309     
   1.3924766469970860            2.0887149704956292           0.87029790437317889     
   1.3924766469970860            2.0887149704956292            1.0443574852478146     
   1.3924766469970860            2.0887149704956292            1.2184170661224505     
   1.3924766469970860            2.0887149704956292            1.3924766469970862     
   1.3924766469970860            2.0887149704956292            1.5665362278717216     
   1.3924766469970860            2.0887149704956292            1.7405958087463578     
   1.3924766469970860            2.0887149704956292            1.9146553896209932     
   1.3924766469970860            2.0887149704956292            2.0887149704956292     
   1.3924766469970860            2.0887149704956292            2.2627745513702648     
   1.3924766469970860            2.0887149704956292            2.4368341322449010     
   1.3924766469970860            2.0887149704956292            2.6108937131195367     
   1.3924766469970860            2.0887149704956292            2.7849532939941724     
   1.3924766469970860            2.0887149704956292            2.9590128748688080     
   1.3924766469970860            2.0887149704956292            3.1330724557434433     
   1.3924766469970860            2.2279626351953374            0.0000000000000000     
   1.3924766469970860            2.2279626351953374           0.17405958087463577     
   1.3924766469970860            2.2279626351953374           0.34811916174927154     
   1.3924766469970860            2.2279626351953374           0.52217874262390729     
   1.3924766469970860            2.2279626351953374           0.69623832349854309     
   1.3924766469970860            2.2279626351953374           0.87029790437317889     
   1.3924766469970860            2.2279626351953374            1.0443574852478146     
   1.3924766469970860            2.2279626351953374            1.2184170661224505     
   1.3924766469970860            2.2279626351953374            1.3924766469970862     
   1.3924766469970860            2.2279626351953374            1.5665362278717216     
   1.3924766469970860            2.2279626351953374            1.7405958087463578     
   1.3924766469970860            2.2279626351953374            1.9146553896209932     
   1.3924766469970860            2.2279626351953374            2.0887149704956292     
   1.3924766469970860            2.2279626351953374            2.2627745513702648     
   1.3924766469970860            2.2279626351953374            2.4368341322449010     
   1.3924766469970860            2.2279626351953374            2.6108937131195367     
   1.3924766469970860            2.2279626351953374            2.7849532939941724     
   1.3924766469970860            2.2279626351953374            2.9590128748688080     
   1.3924766469970860            2.2279626351953374            3.1330724557434433     
   1.3924766469970860            2.3672102998950462            0.0000000000000000     
   1.3924766469970860            2.3672102998950462           0.17405958087463577     
   1.3924766469970860            2.3672102998950462           0.34811916174927154     
   1.3924766469970860            2.3672102998950462           0.52217874262390729     
   1.3924766469970860            2.3672102998950462           0.69623832349854309     
   1.3924766469970860            2.3672102998950462           0.87029790437317889     
   1.3924766469970860            2.3672102998950462            1.0443574852478146     
   1.3924766469970860            2.3672102998950462            1.2184170661224505     
   1.3924766469970860            2.3672102998950462            1.3924766469970862     
   1.3924766469970860            2.3672102998950462            1.5665362278717216     
   1.3924766469970860            2.3672102998950462            1.7405958087463578     
   1.3924766469970860            2.3672102998950462            1.9146553896209932     
   1.3924766469970860            2.3672102998950462            2.0887149704956292     
   1.3924766469970860            2.3672102998950462            2.2627745513702648     
   1.3924766469970860            2.3672102998950462            2.4368341322449010     
   1.3924766469970860            2.3672102998950462            2.6108937131195367     
   1.3924766469970860            2.3672102998950462            2.7849532939941724     
   1.3924766469970860            2.3672102998950462            2.9590128748688080     
   1.3924766469970860            2.3672102998950462            3.1330724557434433     
   1.3924766469970860            2.5064579645947545            0.0000000000000000     
   1.3924766469970860            2.5064579645947545           0.17405958087463577     
   1.3924766469970860            2.5064579645947545           0.34811916174927154     
   1.3924766469970860            2.5064579645947545           0.52217874262390729     
   1.3924766469970860            2.5064579645947545           0.69623832349854309     
   1.3924766469970860            2.5064579645947545           0.87029790437317889     
   1.3924766469970860            2.5064579645947545            1.0443574852478146     
   1.3924766469970860            2.5064579645947545            1.2184170661224505     
   1.3924766469970860            2.5064579645947545            1.3924766469970862     
   1.3924766469970860            2.5064579645947545            1.5665362278717216     
   1.3924766469970860            2.5064579645947545            1.7405958087463578     
   1.3924766469970860            2.5064579645947545            1.9146553896209932     
   1.3924766469970860            2.5064579645947545            2.0887149704956292     
   1.3924766469970860            2.5064579645947545            2.2627745513702648     
   1.3924766469970860            2.5064579645947545            2.4368341322449010     
   1.3924766469970860            2.5064579645947545            2.6108937131195367     
   1.3924766469970860            2.5064579645947545            2.7849532939941724     
   1.3924766469970860            2.5064579645947545            2.9590128748688080     
   1.3924766469970860            2.5064579645947545            3.1330724557434433     
   1.5317243116967947            0.0000000000000000            0.0000000000000000     
   1.5317243116967947            0.0000000000000000           0.17405958087463577     
   1.5317243116967947            0.0000000000000000           0.34811916174927154     
   1.5317243116967947            0.0000000000000000           0.52217874262390729     
   1.5317243116967947            0.0000000000000000           0.69623832349854309     
   1.5317243116967947            0.0000000000000000           0.87029790437317889     
   1.5317243116967947            0.0000000000000000            1.0443574852478146     
   1.5317243116967947            0.0000000000000000            1.2184170661224505     
   1.5317243116967947            0.0000000000000000            1.3924766469970862     
   1.5317243116967947            0.0000000000000000            1.5665362278717216     
   1.5317243116967947            0.0000000000000000            1.7405958087463578     
   1.5317243116967947            0.0000000000000000            1.9146553896209932     
   1.5317243116967947            0.0000000000000000            2.0887149704956292     
   1.5317243116967947            0.0000000000000000            2.2627745513702648     
   1.5317243116967947            0.0000000000000000            2.4368341322449010     
   1.5317243116967947            0.0000000000000000            2.6108937131195367     
   1.5317243116967947            0.0000000000000000            2.7849532939941724     
   1.5317243116967947            0.0000000000000000            2.9590128748688080     
   1.5317243116967947            0.0000000000000000            3.1330724557434433     
   1.5317243116967947           0.13924766469970859            0.0000000000000000     
   1.5317243116967947           0.13924766469970859           0.17405958087463577     
   1.5317243116967947           0.13924766469970859           0.34811916174927154     
   1.5317243116967947           0.13924766469970859           0.52217874262390729     
   1.5317243116967947           0.13924766469970859           0.69623832349854309     
   1.5317243116967947           0.13924766469970859           0.87029790437317889     
   1.5317243116967947           0.13924766469970859            1.0443574852478146     
   1.5317243116967947           0.13924766469970859            1.2184170661224505     
   1.5317243116967947           0.13924766469970859            1.3924766469970862     
   1.5317243116967947           0.13924766469970859            1.5665362278717216     
   1.5317243116967947           0.13924766469970859            1.7405958087463578     
   1.5317243116967947           0.13924766469970859            1.9146553896209932     
   1.5317243116967947           0.13924766469970859            2.0887149704956292     
   1.5317243116967947           0.13924766469970859            2.2627745513702648     
   1.5317243116967947           0.13924766469970859            2.4368341322449010     
   1.5317243116967947           0.13924766469970859            2.6108937131195367     
   1.5317243116967947           0.13924766469970859            2.7849532939941724     
   1.5317243116967947           0.13924766469970859            2.9590128748688080     
   1.5317243116967947           0.13924766469970859            3.1330724557434433     
   1.5317243116967947           0.27849532939941718            0.0000000000000000     
   1.5317243116967947           0.27849532939941718           0.17405958087463577     
   1.5317243116967947           0.27849532939941718           0.34811916174927154     
   1.5317243116967947           0.27849532939941718           0.52217874262390729     
   1.5317243116967947           0.27849532939941718           0.69623832349854309     
   1.5317243116967947           0.27849532939941718           0.87029790437317889     
   1.5317243116967947           0.27849532939941718            1.0443574852478146     
   1.5317243116967947           0.27849532939941718            1.2184170661224505     
   1.5317243116967947           0.27849532939941718            1.3924766469970862     
   1.5317243116967947           0.27849532939941718            1.5665362278717216     
   1.5317243116967947           0.27849532939941718            1.7405958087463578     
   1.5317243116967947           0.27849532939941718            1.9146553896209932     
   1.5317243116967947           0.27849532939941718            2.0887149704956292     
   1.5317243116967947           0.27849532939941718            2.2627745513702648     
   1.5317243116967947           0.27849532939941718            2.4368341322449010     
   1.5317243116967947           0.27849532939941718            2.6108937131195367     
   1.5317243116967947           0.27849532939941718            2.7849532939941724     
   1.5317243116967947           0.27849532939941718            2.9590128748688080     
   1.5317243116967947           0.27849532939941718            3.1330724557434433     
   1.5317243116967947           0.41774299409912580            0.0000000000000000     
   1.5317243116967947           0.41774299409912580           0.17405958087463577     
   1.5317243116967947           0.41774299409912580           0.34811916174927154     
   1.5317243116967947           0.41774299409912580           0.52217874262390729     
   1.5317243116967947           0.41774299409912580           0.69623832349854309     
   1.5317243116967947           0.41774299409912580           0.87029790437317889     
   1.5317243116967947           0.41774299409912580            1.0443574852478146     
   1.5317243116967947           0.41774299409912580            1.2184170661224505     
   1.5317243116967947           0.41774299409912580            1.3924766469970862     
   1.5317243116967947           0.41774299409912580            1.5665362278717216     
   1.5317243116967947           0.41774299409912580            1.7405958087463578     
   1.5317243116967947           0.41774299409912580            1.9146553896209932     
   1.5317243116967947           0.41774299409912580            2.0887149704956292     
   1.5317243116967947           0.41774299409912580            2.2627745513702648     
   1.5317243116967947           0.41774299409912580            2.4368341322449010     
   1.5317243116967947           0.41774299409912580            2.6108937131195367     
   1.5317243116967947           0.41774299409912580            2.7849532939941724     
   1.5317243116967947           0.41774299409912580            2.9590128748688080     
   1.5317243116967947           0.41774299409912580            3.1330724557434433     
   1.5317243116967947           0.55699065879883436            0.0000000000000000     
   1.5317243116967947           0.55699065879883436           0.17405958087463577     
   1.5317243116967947           0.55699065879883436           0.34811916174927154     
   1.5317243116967947           0.55699065879883436           0.52217874262390729     
   1.5317243116967947           0.55699065879883436           0.69623832349854309     
   1.5317243116967947           0.55699065879883436           0.87029790437317889     
   1.5317243116967947           0.55699065879883436            1.0443574852478146     
   1.5317243116967947           0.55699065879883436            1.2184170661224505     
   1.5317243116967947           0.55699065879883436            1.3924766469970862     
   1.5317243116967947           0.55699065879883436            1.5665362278717216     
   1.5317243116967947           0.55699065879883436            1.7405958087463578     
   1.5317243116967947           0.55699065879883436            1.9146553896209932     
   1.5317243116967947           0.55699065879883436            2.0887149704956292     
   1.5317243116967947           0.55699065879883436            2.2627745513702648     
   1.5317243116967947           0.55699065879883436            2.4368341322449010     
   1.5317243116967947           0.55699065879883436            2.6108937131195367     
   1.5317243116967947           0.55699065879883436            2.7849532939941724     
   1.5317243116967947           0.55699065879883436            2.9590128748688080     
   1.5317243116967947           0.55699065879883436            3.1330724557434433     
   1.5317243116967947           0.69623832349854298            0.0000000000000000     
   1.5317243116967947           0.69623832349854298           0.17405958087463577     
   1.5317243116967947           0.69623832349854298           0.34811916174927154     
   1.5317243116967947           0.69623832349854298           0.52217874262390729     
   1.5317243116967947           0.69623832349854298           0.69623832349854309     
   1.5317243116967947           0.69623832349854298           0.87029790437317889     
   1.5317243116967947           0.69623832349854298            1.0443574852478146     
   1.5317243116967947           0.69623832349854298            1.2184170661224505     
   1.5317243116967947           0.69623832349854298            1.3924766469970862     
   1.5317243116967947           0.69623832349854298            1.5665362278717216     
   1.5317243116967947           0.69623832349854298            1.7405958087463578     
   1.5317243116967947           0.69623832349854298            1.9146553896209932     
   1.5317243116967947           0.69623832349854298            2.0887149704956292     
   1.5317243116967947           0.69623832349854298            2.2627745513702648     
   1.5317243116967947           0.69623832349854298            2.4368341322449010     
   1.5317243116967947           0.69623832349854298            2.6108937131195367     
   1.5317243116967947           0.69623832349854298            2.7849532939941724     
   1.5317243116967947           0.69623832349854298            2.9590128748688080     
   1.5317243116967947           0.69623832349854298            3.1330724557434433     
   1.5317243116967947           0.83548598819825159            0.0000000000000000     
   1.5317243116967947           0.83548598819825159           0.17405958087463577     
   1.5317243116967947           0.83548598819825159           0.34811916174927154     
   1.5317243116967947           0.83548598819825159           0.52217874262390729     
   1.5317243116967947           0.83548598819825159           0.69623832349854309     
   1.5317243116967947           0.83548598819825159           0.87029790437317889     
   1.5317243116967947           0.83548598819825159            1.0443574852478146     
   1.5317243116967947           0.83548598819825159            1.2184170661224505     
   1.5317243116967947           0.83548598819825159            1.3924766469970862     
   1.5317243116967947           0.83548598819825159            1.5665362278717216     
   1.5317243116967947           0.83548598819825159            1.7405958087463578     
   1.5317243116967947           0.83548598819825159            1.9146553896209932     
   1.5317243116967947           0.83548598819825159            2.0887149704956292     
   1.5317243116967947           0.83548598819825159            2.2627745513702648     
   1.5317243116967947           0.83548598819825159            2.4368341322449010     
   1.5317243116967947           0.83548598819825159            2.6108937131195367     
   1.5317243116967947           0.83548598819825159            2.7849532939941724     
   1.5317243116967947           0.83548598819825159            2.9590128748688080     
   1.5317243116967947           0.83548598819825159            3.1330724557434433     
   1.5317243116967947           0.97473365289796032            0.0000000000000000     
   1.5317243116967947           0.97473365289796032           0.17405958087463577     
   1.5317243116967947           0.97473365289796032           0.34811916174927154     
   1.5317243116967947           0.97473365289796032           0.52217874262390729     
   1.5317243116967947           0.97473365289796032           0.69623832349854309     
   1.5317243116967947           0.97473365289796032           0.87029790437317889     
   1.5317243116967947           0.97473365289796032            1.0443574852478146     
   1.5317243116967947           0.97473365289796032            1.2184170661224505     
   1.5317243116967947           0.97473365289796032            1.3924766469970862     
   1.5317243116967947           0.97473365289796032            1.5665362278717216     
   1.5317243116967947           0.97473365289796032            1.7405958087463578     
   1.5317243116967947           0.97473365289796032            1.9146553896209932     
   1.5317243116967947           0.97473365289796032            2.0887149704956292     
   1.5317243116967947           0.97473365289796032            2.2627745513702648     
   1.5317243116967947           0.97473365289796032            2.4368341322449010     
   1.5317243116967947           0.97473365289796032            2.6108937131195367     
   1.5317243116967947           0.97473365289796032            2.7849532939941724     
   1.5317243116967947           0.97473365289796032            2.9590128748688080     
   1.5317243116967947           0.97473365289796032            3.1330724557434433     
   1.5317243116967947            1.1139813175976687            0.0000000000000000     
   1.5317243116967947            1.1139813175976687           0.17405958087463577     
   1.5317243116967947            1.1139813175976687           0.34811916174927154     
   1.5317243116967947            1.1139813175976687           0.52217874262390729     
   1.5317243116967947            1.1139813175976687           0.69623832349854309     
   1.5317243116967947            1.1139813175976687           0.87029790437317889     
   1.5317243116967947            1.1139813175976687            1.0443574852478146     
   1.5317243116967947            1.1139813175976687            1.2184170661224505     
   1.5317243116967947            1.1139813175976687            1.3924766469970862     
   1.5317243116967947            1.1139813175976687            1.5665362278717216     
   1.5317243116967947            1.1139813175976687            1.7405958087463578     
   1.5317243116967947            1.1139813175976687            1.9146553896209932     
   1.5317243116967947            1.1139813175976687            2.0887149704956292     
   1.5317243116967947            1.1139813175976687            2.2627745513702648     
   1.5317243116967947            1.1139813175976687            2.4368341322449010     
   1.5317243116967947            1.1139813175976687            2.6108937131195367     
   1.5317243116967947            1.1139813175976687            2.7849532939941724     
   1.5317243116967947            1.1139813175976687            2.9590128748688080     
   1.5317243116967947            1.1139813175976687            3.1330724557434433     
   1.5317243116967947            1.2532289822973772            0.0000000000000000     
   1.5317243116967947            1.2532289822973772           0.17405958087463577     
   1.5317243116967947            1.2532289822973772           0.34811916174927154     
   1.5317243116967947            1.2532289822973772           0.52217874262390729     
   1.5317243116967947            1.2532289822973772           0.69623832349854309     
   1.5317243116967947            1.2532289822973772           0.87029790437317889     
   1.5317243116967947            1.2532289822973772            1.0443574852478146     
   1.5317243116967947            1.2532289822973772            1.2184170661224505     
   1.5317243116967947            1.2532289822973772            1.3924766469970862     
   1.5317243116967947            1.2532289822973772            1.5665362278717216     
   1.5317243116967947            1.2532289822973772            1.7405958087463578     
   1.5317243116967947            1.2532289822973772            1.9146553896209932     
   1.5317243116967947            1.2532289822973772            2.0887149704956292     
   1.5317243116967947            1.2532289822973772            2.2627745513702648     
   1.5317243116967947            1.2532289822973772            2.4368341322449010     
   1.5317243116967947            1.2532289822973772            2.6108937131195367     
   1.5317243116967947            1.2532289822973772            2.7849532939941724     
   1.5317243116967947            1.2532289822973772            2.9590128748688080     
   1.5317243116967947            1.2532289822973772            3.1330724557434433     
   1.5317243116967947            1.3924766469970860            0.0000000000000000     
   1.5317243116967947            1.3924766469970860           0.17405958087463577     
   1.5317243116967947            1.3924766469970860           0.34811916174927154     
   1.5317243116967947            1.3924766469970860           0.52217874262390729     
   1.5317243116967947            1.3924766469970860           0.69623832349854309     
   1.5317243116967947            1.3924766469970860           0.87029790437317889     
   1.5317243116967947            1.3924766469970860            1.0443574852478146     
   1.5317243116967947            1.3924766469970860            1.2184170661224505     
   1.5317243116967947            1.3924766469970860            1.3924766469970862     
   1.5317243116967947            1.3924766469970860            1.5665362278717216     
   1.5317243116967947            1.3924766469970860            1.7405958087463578     
   1.5317243116967947            1.3924766469970860            1.9146553896209932     
   1.5317243116967947            1.3924766469970860            2.0887149704956292     
   1.5317243116967947            1.3924766469970860            2.2627745513702648     
   1.5317243116967947            1.3924766469970860            2.4368341322449010     
   1.5317243116967947            1.3924766469970860            2.6108937131195367     
   1.5317243116967947            1.3924766469970860            2.7849532939941724     
   1.5317243116967947            1.3924766469970860            2.9590128748688080     
   1.5317243116967947            1.3924766469970860            3.1330724557434433     
   1.5317243116967947            1.5317243116967947            0.0000000000000000     
   1.5317243116967947            1.5317243116967947           0.17405958087463577     
   1.5317243116967947            1.5317243116967947           0.34811916174927154     
   1.5317243116967947            1.5317243116967947           0.52217874262390729     
   1.5317243116967947            1.5317243116967947           0.69623832349854309     
   1.5317243116967947            1.5317243116967947           0.87029790437317889     
   1.5317243116967947            1.5317243116967947            1.0443574852478146     
   1.5317243116967947            1.5317243116967947            1.2184170661224505     
   1.5317243116967947            1.5317243116967947            1.3924766469970862     
   1.5317243116967947            1.5317243116967947            1.5665362278717216     
   1.5317243116967947            1.5317243116967947            1.7405958087463578     
   1.5317243116967947            1.5317243116967947            1.9146553896209932     
   1.5317243116967947            1.5317243116967947            2.0887149704956292     
   1.5317243116967947            1.5317243116967947            2.2627745513702648     
   1.5317243116967947            1.5317243116967947            2.4368341322449010     
   1.5317243116967947            1.5317243116967947            2.6108937131195367     
   1.5317243116967947            1.5317243116967947            2.7849532939941724     
   1.5317243116967947            1.5317243116967947            2.9590128748688080     
   1.5317243116967947            1.5317243116967947            3.1330724557434433     
   1.5317243116967947            1.6709719763965032            0.0000000000000000     
   1.5317243116967947            1.6709719763965032           0.17405958087463577     
   1.5317243116967947            1.6709719763965032           0.34811916174927154     
   1.5317243116967947            1.6709719763965032           0.52217874262390729     
   1.5317243116967947            1.6709719763965032           0.69623832349854309     
   1.5317243116967947            1.6709719763965032           0.87029790437317889     
   1.5317243116967947            1.6709719763965032            1.0443574852478146     
   1.5317243116967947            1.6709719763965032            1.2184170661224505     
   1.5317243116967947            1.6709719763965032            1.3924766469970862     
   1.5317243116967947            1.6709719763965032            1.5665362278717216     
   1.5317243116967947            1.6709719763965032            1.7405958087463578     
   1.5317243116967947            1.6709719763965032            1.9146553896209932     
   1.5317243116967947            1.6709719763965032            2.0887149704956292     
   1.5317243116967947            1.6709719763965032            2.2627745513702648     
   1.5317243116967947            1.6709719763965032            2.4368341322449010     
   1.5317243116967947            1.6709719763965032            2.6108937131195367     
   1.5317243116967947            1.6709719763965032            2.7849532939941724     
   1.5317243116967947            1.6709719763965032            2.9590128748688080     
   1.5317243116967947            1.6709719763965032            3.1330724557434433     
   1.5317243116967947            1.8102196410962119            0.0000000000000000     
   1.5317243116967947            1.8102196410962119           0.17405958087463577     
   1.5317243116967947            1.8102196410962119           0.34811916174927154     
   1.5317243116967947            1.8102196410962119           0.52217874262390729     
   1.5317243116967947            1.8102196410962119           0.69623832349854309     
   1.5317243116967947            1.8102196410962119           0.87029790437317889     
   1.5317243116967947            1.8102196410962119            1.0443574852478146     
   1.5317243116967947            1.8102196410962119            1.2184170661224505     
   1.5317243116967947            1.8102196410962119            1.3924766469970862     
   1.5317243116967947            1.8102196410962119            1.5665362278717216     
   1.5317243116967947            1.8102196410962119            1.7405958087463578     
   1.5317243116967947            1.8102196410962119            1.9146553896209932     
   1.5317243116967947            1.8102196410962119            2.0887149704956292     
   1.5317243116967947            1.8102196410962119            2.2627745513702648     
   1.5317243116967947            1.8102196410962119            2.4368341322449010     
   1.5317243116967947            1.8102196410962119            2.6108937131195367     
   1.5317243116967947            1.8102196410962119            2.7849532939941724     
   1.5317243116967947            1.8102196410962119            2.9590128748688080     
   1.5317243116967947            1.8102196410962119            3.1330724557434433     
   1.5317243116967947            1.9494673057959206            0.0000000000000000     
   1.5317243116967947            1.9494673057959206           0.17405958087463577     
   1.5317243116967947            1.9494673057959206           0.34811916174927154     
   1.5317243116967947            1.9494673057959206           0.52217874262390729     
   1.5317243116967947            1.9494673057959206           0.69623832349854309     
   1.5317243116967947            1.9494673057959206           0.87029790437317889     
   1.5317243116967947            1.9494673057959206            1.0443574852478146     
   1.5317243116967947            1.9494673057959206            1.2184170661224505     
   1.5317243116967947            1.9494673057959206            1.3924766469970862     
   1.5317243116967947            1.9494673057959206            1.5665362278717216     
   1.5317243116967947            1.9494673057959206            1.7405958087463578     
   1.5317243116967947            1.9494673057959206            1.9146553896209932     
   1.5317243116967947            1.9494673057959206            2.0887149704956292     
   1.5317243116967947            1.9494673057959206            2.2627745513702648     
   1.5317243116967947            1.9494673057959206            2.4368341322449010     
   1.5317243116967947            1.9494673057959206            2.6108937131195367     
   1.5317243116967947            1.9494673057959206            2.7849532939941724     
   1.5317243116967947            1.9494673057959206            2.9590128748688080     
   1.5317243116967947            1.9494673057959206            3.1330724557434433     
   1.5317243116967947            2.0887149704956292            0.0000000000000000     
   1.5317243116967947            2.0887149704956292           0.17405958087463577     
   1.5317243116967947            2.0887149704956292           0.34811916174927154     
   1.5317243116967947            2.0887149704956292           0.52217874262390729     
   1.5317243116967947            2.0887149704956292           0.69623832349854309     
   1.5317243116967947            2.0887149704956292           0.87029790437317889     
   1.5317243116967947            2.0887149704956292            1.0443574852478146     
   1.5317243116967947            2.0887149704956292            1.2184170661224505     
   1.5317243116967947            2.0887149704956292            1.3924766469970862     
   1.5317243116967947            2.0887149704956292            1.5665362278717216     
   1.5317243116967947            2.0887149704956292            1.7405958087463578     
   1.5317243116967947            2.0887149704956292            1.9146553896209932     
   1.5317243116967947            2.0887149704956292            2.0887149704956292     
   1.5317243116967947            2.0887149704956292            2.2627745513702648     
   1.5317243116967947            2.0887149704956292            2.4368341322449010     
   1.5317243116967947            2.0887149704956292            2.6108937131195367     
   1.5317243116967947            2.0887149704956292            2.7849532939941724     
   1.5317243116967947            2.0887149704956292            2.9590128748688080     
   1.5317243116967947            2.0887149704956292            3.1330724557434433     
   1.5317243116967947            2.2279626351953374            0.0000000000000000     
   1.5317243116967947            2.2279626351953374           0.17405958087463577     
   1.5317243116967947            2.2279626351953374           0.34811916174927154     
   1.5317243116967947            2.2279626351953374           0.52217874262390729     
   1.5317243116967947            2.2279626351953374           0.69623832349854309     
   1.5317243116967947            2.2279626351953374           0.87029790437317889     
   1.5317243116967947            2.2279626351953374            1.0443574852478146     
   1.5317243116967947            2.2279626351953374            1.2184170661224505     
   1.5317243116967947            2.2279626351953374            1.3924766469970862     
   1.5317243116967947            2.2279626351953374            1.5665362278717216     
   1.5317243116967947            2.2279626351953374            1.7405958087463578     
   1.5317243116967947            2.2279626351953374            1.9146553896209932     
   1.5317243116967947            2.2279626351953374            2.0887149704956292     
   1.5317243116967947            2.2279626351953374            2.2627745513702648     
   1.5317243116967947            2.2279626351953374            2.4368341322449010     
   1.5317243116967947            2.2279626351953374            2.6108937131195367     
   1.5317243116967947            2.2279626351953374            2.7849532939941724     
   1.5317243116967947            2.2279626351953374            2.9590128748688080     
   1.5317243116967947            2.2279626351953374            3.1330724557434433     
   1.5317243116967947            2.3672102998950462            0.0000000000000000     
   1.5317243116967947            2.3672102998950462           0.17405958087463577     
   1.5317243116967947            2.3672102998950462           0.34811916174927154     
   1.5317243116967947            2.3672102998950462           0.52217874262390729     
   1.5317243116967947            2.3672102998950462           0.69623832349854309     
   1.5317243116967947            2.3672102998950462           0.87029790437317889     
   1.5317243116967947            2.3672102998950462            1.0443574852478146     
   1.5317243116967947            2.3672102998950462            1.2184170661224505     
   1.5317243116967947            2.3672102998950462            1.3924766469970862     
   1.5317243116967947            2.3672102998950462            1.5665362278717216     
   1.5317243116967947            2.3672102998950462            1.7405958087463578     
   1.5317243116967947            2.3672102998950462            1.9146553896209932     
   1.5317243116967947            2.3672102998950462            2.0887149704956292     
   1.5317243116967947            2.3672102998950462            2.2627745513702648     
   1.5317243116967947            2.3672102998950462            2.4368341322449010     
   1.5317243116967947            2.3672102998950462            2.6108937131195367     
   1.5317243116967947            2.3672102998950462            2.7849532939941724     
   1.5317243116967947            2.3672102998950462            2.9590128748688080     
   1.5317243116967947            2.3672102998950462            3.1330724557434433     
   1.5317243116967947            2.5064579645947545            0.0000000000000000     
   1.5317243116967947            2.5064579645947545           0.17405958087463577     
   1.5317243116967947            2.5064579645947545           0.34811916174927154     
   1.5317243116967947            2.5064579645947545           0.52217874262390729     
   1.5317243116967947            2.5064579645947545           0.69623832349854309     
   1.5317243116967947            2.5064579645947545           0.87029790437317889     
   1.5317243116967947            2.5064579645947545            1.0443574852478146     
   1.5317243116967947            2.5064579645947545            1.2184170661224505     
   1.5317243116967947            2.5064579645947545            1.3924766469970862     
   1.5317243116967947            2.5064579645947545            1.5665362278717216     
   1.5317243116967947            2.5064579645947545            1.7405958087463578     
   1.5317243116967947            2.5064579645947545            1.9146553896209932     
   1.5317243116967947            2.5064579645947545            2.0887149704956292     
   1.5317243116967947            2.5064579645947545            2.2627745513702648     
   1.5317243116967947            2.5064579645947545            2.4368341322449010     
   1.5317243116967947            2.5064579645947545            2.6108937131195367     
   1.5317243116967947            2.5064579645947545            2.7849532939941724     
   1.5317243116967947            2.5064579645947545            2.9590128748688080     
   1.5317243116967947            2.5064579645947545            3.1330724557434433     
   1.6709719763965032            0.0000000000000000            0.0000000000000000     
   1.6709719763965032            0.0000000000000000           0.17405958087463577     
   1.6709719763965032            0.0000000000000000           0.34811916174927154     
   1.6709719763965032            0.0000000000000000           0.52217874262390729     
   1.6709719763965032            0.0000000000000000           0.69623832349854309     
   1.6709719763965032            0.0000000000000000           0.87029790437317889     
   1.6709719763965032            0.0000000000000000            1.0443574852478146     
   1.6709719763965032            0.0000000000000000            1.2184170661224505     
   1.6709719763965032            0.0000000000000000            1.3924766469970862     
   1.6709719763965032            0.0000000000000000            1.5665362278717216     
   1.6709719763965032            0.0000000000000000            1.7405958087463578     
   1.6709719763965032            0.0000000000000000            1.9146553896209932     
   1.6709719763965032            0.0000000000000000            2.0887149704956292     
   1.6709719763965032            0.0000000000000000            2.2627745513702648     
   1.6709719763965032            0.0000000000000000            2.4368341322449010     
   1.6709719763965032            0.0000000000000000            2.6108937131195367     
   1.6709719763965032            0.0000000000000000            2.7849532939941724     
   1.6709719763965032            0.0000000000000000            2.9590128748688080     
   1.6709719763965032            0.0000000000000000            3.1330724557434433     
   1.6709719763965032           0.13924766469970859            0.0000000000000000     
   1.6709719763965032           0.13924766469970859           0.17405958087463577     
   1.6709719763965032           0.13924766469970859           0.34811916174927154     
   1.6709719763965032           0.13924766469970859           0.52217874262390729     
   1.6709719763965032           0.13924766469970859           0.69623832349854309     
   1.6709719763965032           0.13924766469970859           0.87029790437317889     
   1.6709719763965032           0.13924766469970859            1.0443574852478146     
   1.6709719763965032           0.13924766469970859            1.2184170661224505     
   1.6709719763965032           0.13924766469970859            1.3924766469970862     
   1.6709719763965032           0.13924766469970859            1.5665362278717216     
   1.6709719763965032           0.13924766469970859            1.7405958087463578     
   1.6709719763965032           0.13924766469970859            1.9146553896209932     
   1.6709719763965032           0.13924766469970859            2.0887149704956292     
   1.6709719763965032           0.13924766469970859            2.2627745513702648     
   1.6709719763965032           0.13924766469970859            2.4368341322449010     
   1.6709719763965032           0.13924766469970859            2.6108937131195367     
   1.6709719763965032           0.13924766469970859            2.7849532939941724     
   1.6709719763965032           0.13924766469970859            2.9590128748688080     
   1.6709719763965032           0.13924766469970859            3.1330724557434433     
   1.6709719763965032           0.27849532939941718            0.0000000000000000     
   1.6709719763965032           0.27849532939941718           0.17405958087463577     
   1.6709719763965032           0.27849532939941718           0.34811916174927154     
   1.6709719763965032           0.27849532939941718           0.52217874262390729     
   1.6709719763965032           0.27849532939941718           0.69623832349854309     
   1.6709719763965032           0.27849532939941718           0.87029790437317889     
   1.6709719763965032           0.27849532939941718            1.0443574852478146     
   1.6709719763965032           0.27849532939941718            1.2184170661224505     
   1.6709719763965032           0.27849532939941718            1.3924766469970862     
   1.6709719763965032           0.27849532939941718            1.5665362278717216     
   1.6709719763965032           0.27849532939941718            1.7405958087463578     
   1.6709719763965032           0.27849532939941718            1.9146553896209932     
   1.6709719763965032           0.27849532939941718            2.0887149704956292     
   1.6709719763965032           0.27849532939941718            2.2627745513702648     
   1.6709719763965032           0.27849532939941718            2.4368341322449010     
   1.6709719763965032           0.27849532939941718            2.6108937131195367     
   1.6709719763965032           0.27849532939941718            2.7849532939941724     
   1.6709719763965032           0.27849532939941718            2.9590128748688080     
   1.6709719763965032           0.27849532939941718            3.1330724557434433     
   1.6709719763965032           0.41774299409912580            0.0000000000000000     
   1.6709719763965032           0.41774299409912580           0.17405958087463577     
   1.6709719763965032           0.41774299409912580           0.34811916174927154     
   1.6709719763965032           0.41774299409912580           0.52217874262390729     
   1.6709719763965032           0.41774299409912580           0.69623832349854309     
   1.6709719763965032           0.41774299409912580           0.87029790437317889     
   1.6709719763965032           0.41774299409912580            1.0443574852478146     
   1.6709719763965032           0.41774299409912580            1.2184170661224505     
   1.6709719763965032           0.41774299409912580            1.3924766469970862     
   1.6709719763965032           0.41774299409912580            1.5665362278717216     
   1.6709719763965032           0.41774299409912580            1.7405958087463578     
   1.6709719763965032           0.41774299409912580            1.9146553896209932     
   1.6709719763965032           0.41774299409912580            2.0887149704956292     
   1.6709719763965032           0.41774299409912580            2.2627745513702648     
   1.6709719763965032           0.41774299409912580            2.4368341322449010     
   1.6709719763965032           0.41774299409912580            2.6108937131195367     
   1.6709719763965032           0.41774299409912580            2.7849532939941724     
   1.6709719763965032           0.41774299409912580            2.9590128748688080     
   1.6709719763965032           0.41774299409912580            3.1330724557434433     
   1.6709719763965032           0.55699065879883436            0.0000000000000000     
   1.6709719763965032           0.55699065879883436           0.17405958087463577     
   1.6709719763965032           0.55699065879883436           0.34811916174927154     
   1.6709719763965032           0.55699065879883436           0.52217874262390729     
   1.6709719763965032           0.55699065879883436           0.69623832349854309     
   1.6709719763965032           0.55699065879883436           0.87029790437317889     
   1.6709719763965032           0.55699065879883436            1.0443574852478146     
   1.6709719763965032           0.55699065879883436            1.2184170661224505     
   1.6709719763965032           0.55699065879883436            1.3924766469970862     
   1.6709719763965032           0.55699065879883436            1.5665362278717216     
   1.6709719763965032           0.55699065879883436            1.7405958087463578     
   1.6709719763965032           0.55699065879883436            1.9146553896209932     
   1.6709719763965032           0.55699065879883436            2.0887149704956292     
   1.6709719763965032           0.55699065879883436            2.2627745513702648     
   1.6709719763965032           0.55699065879883436            2.4368341322449010     
   1.6709719763965032           0.55699065879883436            2.6108937131195367     
   1.6709719763965032           0.55699065879883436            2.7849532939941724     
   1.6709719763965032           0.55699065879883436            2.9590128748688080     
   1.6709719763965032           0.55699065879883436            3.1330724557434433     
   1.6709719763965032           0.69623832349854298            0.0000000000000000     
   1.6709719763965032           0.69623832349854298           0.17405958087463577     
   1.6709719763965032           0.69623832349854298           0.34811916174927154     
   1.6709719763965032           0.69623832349854298           0.52217874262390729     
   1.6709719763965032           0.69623832349854298           0.69623832349854309     
   1.6709719763965032           0.69623832349854298           0.87029790437317889     
   1.6709719763965032           0.69623832349854298            1.0443574852478146     
   1.6709719763965032           0.69623832349854298            1.2184170661224505     
   1.6709719763965032           0.69623832349854298            1.3924766469970862     
   1.6709719763965032           0.69623832349854298            1.5665362278717216     
   1.6709719763965032           0.69623832349854298            1.7405958087463578     
   1.6709719763965032           0.69623832349854298            1.9146553896209932     
   1.6709719763965032           0.69623832349854298            2.0887149704956292     
   1.6709719763965032           0.69623832349854298            2.2627745513702648     
   1.6709719763965032           0.69623832349854298            2.4368341322449010     
   1.6709719763965032           0.69623832349854298            2.6108937131195367     
   1.6709719763965032           0.69623832349854298            2.7849532939941724     
   1.6709719763965032           0.69623832349854298            2.9590128748688080     
   1.6709719763965032           0.69623832349854298            3.1330724557434433     
   1.6709719763965032           0.83548598819825159            0.0000000000000000     
   1.6709719763965032           0.83548598819825159           0.17405958087463577     
   1.6709719763965032           0.83548598819825159           0.34811916174927154     
   1.6709719763965032           0.83548598819825159           0.52217874262390729     
   1.6709719763965032           0.83548598819825159           0.69623832349854309     
   1.6709719763965032           0.83548598819825159           0.87029790437317889     
   1.6709719763965032           0.83548598819825159            1.0443574852478146     
   1.6709719763965032           0.83548598819825159            1.2184170661224505     
   1.6709719763965032           0.83548598819825159            1.3924766469970862     
   1.6709719763965032           0.83548598819825159            1.5665362278717216     
   1.6709719763965032           0.83548598819825159            1.7405958087463578     
   1.6709719763965032           0.83548598819825159            1.9146553896209932     
   1.6709719763965032           0.83548598819825159            2.0887149704956292     
   1.6709719763965032           0.83548598819825159            2.2627745513702648     
   1.6709719763965032           0.83548598819825159            2.4368341322449010     
   1.6709719763965032           0.83548598819825159            2.6108937131195367     
   1.6709719763965032           0.83548598819825159            2.7849532939941724     
   1.6709719763965032           0.83548598819825159            2.9590128748688080     
   1.6709719763965032           0.83548598819825159            3.1330724557434433     
   1.6709719763965032           0.97473365289796032            0.0000000000000000     
   1.6709719763965032           0.97473365289796032           0.17405958087463577     
   1.6709719763965032           0.97473365289796032           0.34811916174927154     
   1.6709719763965032           0.97473365289796032           0.52217874262390729     
   1.6709719763965032           0.97473365289796032           0.69623832349854309     
   1.6709719763965032           0.97473365289796032           0.87029790437317889     
   1.6709719763965032           0.97473365289796032            1.0443574852478146     
   1.6709719763965032           0.97473365289796032            1.2184170661224505     
   1.6709719763965032           0.97473365289796032            1.3924766469970862     
   1.6709719763965032           0.97473365289796032            1.5665362278717216     
   1.6709719763965032           0.97473365289796032            1.7405958087463578     
   1.6709719763965032           0.97473365289796032            1.9146553896209932     
   1.6709719763965032           0.97473365289796032            2.0887149704956292     
   1.6709719763965032           0.97473365289796032            2.2627745513702648     
   1.6709719763965032           0.97473365289796032            2.4368341322449010     
   1.6709719763965032           0.97473365289796032            2.6108937131195367     
   1.6709719763965032           0.97473365289796032            2.7849532939941724     
   1.6709719763965032           0.97473365289796032            2.9590128748688080     
   1.6709719763965032           0.97473365289796032            3.1330724557434433     
   1.6709719763965032            1.1139813175976687            0.0000000000000000     
   1.6709719763965032            1.1139813175976687           0.17405958087463577     
   1.6709719763965032            1.1139813175976687           0.34811916174927154     
   1.6709719763965032            1.1139813175976687           0.52217874262390729     
   1.6709719763965032            1.1139813175976687           0.69623832349854309     
   1.6709719763965032            1.1139813175976687           0.87029790437317889     
   1.6709719763965032            1.1139813175976687            1.0443574852478146     
   1.6709719763965032            1.1139813175976687            1.2184170661224505     
   1.6709719763965032            1.1139813175976687            1.3924766469970862     
   1.6709719763965032            1.1139813175976687            1.5665362278717216     
   1.6709719763965032            1.1139813175976687            1.7405958087463578     
   1.6709719763965032            1.1139813175976687            1.9146553896209932     
   1.6709719763965032            1.1139813175976687            2.0887149704956292     
   1.6709719763965032            1.1139813175976687            2.2627745513702648     
   1.6709719763965032            1.1139813175976687            2.4368341322449010     
   1.6709719763965032            1.1139813175976687            2.6108937131195367     
   1.6709719763965032            1.1139813175976687            2.7849532939941724     
   1.6709719763965032            1.1139813175976687            2.9590128748688080     
   1.6709719763965032            1.1139813175976687            3.1330724557434433     
   1.6709719763965032            1.2532289822973772            0.0000000000000000     
   1.6709719763965032            1.2532289822973772           0.17405958087463577     
   1.6709719763965032            1.2532289822973772           0.34811916174927154     
   1.6709719763965032            1.2532289822973772           0.52217874262390729     
   1.6709719763965032            1.2532289822973772           0.69623832349854309     
   1.6709719763965032            1.2532289822973772           0.87029790437317889     
   1.6709719763965032            1.2532289822973772            1.0443574852478146     
   1.6709719763965032            1.2532289822973772            1.2184170661224505     
   1.6709719763965032            1.2532289822973772            1.3924766469970862     
   1.6709719763965032            1.2532289822973772            1.5665362278717216     
   1.6709719763965032            1.2532289822973772            1.7405958087463578     
   1.6709719763965032            1.2532289822973772            1.9146553896209932     
   1.6709719763965032            1.2532289822973772            2.0887149704956292     
   1.6709719763965032            1.2532289822973772            2.2627745513702648     
   1.6709719763965032            1.2532289822973772            2.4368341322449010     
   1.6709719763965032            1.2532289822973772            2.6108937131195367     
   1.6709719763965032            1.2532289822973772            2.7849532939941724     
   1.6709719763965032            1.2532289822973772            2.9590128748688080     
   1.6709719763965032            1.2532289822973772            3.1330724557434433     
   1.6709719763965032            1.3924766469970860            0.0000000000000000     
   1.6709719763965032            1.3924766469970860           0.17405958087463577     
   1.6709719763965032            1.3924766469970860           0.34811916174927154     
   1.6709719763965032            1.3924766469970860           0.52217874262390729     
   1.6709719763965032            1.3924766469970860           0.69623832349854309     
   1.6709719763965032            1.3924766469970860           0.87029790437317889     
   1.6709719763965032            1.3924766469970860            1.0443574852478146     
   1.6709719763965032            1.3924766469970860            1.2184170661224505     
   1.6709719763965032            1.3924766469970860            1.3924766469970862     
   1.6709719763965032            1.3924766469970860            1.5665362278717216     
   1.6709719763965032            1.3924766469970860            1.7405958087463578     
   1.6709719763965032            1.3924766469970860            1.9146553896209932     
   1.6709719763965032            1.3924766469970860            2.0887149704956292     
   1.6709719763965032            1.3924766469970860            2.2627745513702648     
   1.6709719763965032            1.3924766469970860            2.4368341322449010     
   1.6709719763965032            1.3924766469970860            2.6108937131195367     
   1.6709719763965032            1.3924766469970860            2.7849532939941724     
   1.6709719763965032            1.3924766469970860            2.9590128748688080     
   1.6709719763965032            1.3924766469970860            3.1330724557434433     
   1.6709719763965032            1.5317243116967947            0.0000000000000000     
   1.6709719763965032            1.5317243116967947           0.17405958087463577     
   1.6709719763965032            1.5317243116967947           0.34811916174927154     
   1.6709719763965032            1.5317243116967947           0.52217874262390729     
   1.6709719763965032            1.5317243116967947           0.69623832349854309     
   1.6709719763965032            1.5317243116967947           0.87029790437317889     
   1.6709719763965032            1.5317243116967947            1.0443574852478146     
   1.6709719763965032            1.5317243116967947            1.2184170661224505     
   1.6709719763965032            1.5317243116967947            1.3924766469970862     
   1.6709719763965032            1.5317243116967947            1.5665362278717216     
   1.6709719763965032            1.5317243116967947            1.7405958087463578     
   1.6709719763965032            1.5317243116967947            1.9146553896209932     
   1.6709719763965032            1.5317243116967947            2.0887149704956292     
   1.6709719763965032            1.5317243116967947            2.2627745513702648     
   1.6709719763965032            1.5317243116967947            2.4368341322449010     
   1.6709719763965032            1.5317243116967947            2.6108937131195367     
   1.6709719763965032            1.5317243116967947            2.7849532939941724     
   1.6709719763965032            1.5317243116967947            2.9590128748688080     
   1.6709719763965032            1.5317243116967947            3.1330724557434433     
   1.6709719763965032            1.6709719763965032            0.0000000000000000     
   1.6709719763965032            1.6709719763965032           0.17405958087463577     
   1.6709719763965032            1.6709719763965032           0.34811916174927154     
   1.6709719763965032            1.6709719763965032           0.52217874262390729     
   1.6709719763965032            1.6709719763965032           0.69623832349854309     
   1.6709719763965032            1.6709719763965032           0.87029790437317889     
   1.6709719763965032            1.6709719763965032            1.0443574852478146     
   1.6709719763965032            1.6709719763965032            1.2184170661224505     
   1.6709719763965032            1.6709719763965032            1.3924766469970862     
   1.6709719763965032            1.6709719763965032            1.5665362278717216     
   1.6709719763965032            1.6709719763965032            1.7405958087463578     
   1.6709719763965032            1.6709719763965032            1.9146553896209932     
   1.6709719763965032            1.6709719763965032            2.0887149704956292     
   1.6709719763965032            1.6709719763965032            2.2627745513702648     
   1.6709719763965032            1.6709719763965032            2.4368341322449010     
   1.6709719763965032            1.6709719763965032            2.6108937131195367     
   1.6709719763965032            1.6709719763965032            2.7849532939941724     
   1.6709719763965032            1.6709719763965032            2.9590128748688080     
   1.6709719763965032            1.6709719763965032            3.1330724557434433     
   1.6709719763965032            1.8102196410962119            0.0000000000000000     
   1.6709719763965032            1.8102196410962119           0.17405958087463577     
   1.6709719763965032            1.8102196410962119           0.34811916174927154     
   1.6709719763965032            1.8102196410962119           0.52217874262390729     
   1.6709719763965032            1.8102196410962119           0.69623832349854309     
   1.6709719763965032            1.8102196410962119           0.87029790437317889     
   1.6709719763965032            1.8102196410962119            1.0443574852478146     
   1.6709719763965032            1.8102196410962119            1.2184170661224505     
   1.6709719763965032            1.8102196410962119            1.3924766469970862     
   1.6709719763965032            1.8102196410962119            1.5665362278717216     
   1.6709719763965032            1.8102196410962119            1.7405958087463578     
   1.6709719763965032            1.8102196410962119            1.9146553896209932     
   1.6709719763965032            1.8102196410962119            2.0887149704956292     
   1.6709719763965032            1.8102196410962119            2.2627745513702648     
   1.6709719763965032            1.8102196410962119            2.4368341322449010     
   1.6709719763965032            1.8102196410962119            2.6108937131195367     
   1.6709719763965032            1.8102196410962119            2.7849532939941724     
   1.6709719763965032            1.8102196410962119            2.9590128748688080     
   1.6709719763965032            1.8102196410962119            3.1330724557434433     
   1.6709719763965032            1.9494673057959206            0.0000000000000000     
   1.6709719763965032            1.9494673057959206           0.17405958087463577     
   1.6709719763965032            1.9494673057959206           0.34811916174927154     
   1.6709719763965032            1.9494673057959206           0.52217874262390729     
   1.6709719763965032            1.9494673057959206           0.69623832349854309     
   1.6709719763965032            1.9494673057959206           0.87029790437317889     
   1.6709719763965032            1.9494673057959206            1.0443574852478146     
   1.6709719763965032            1.9494673057959206            1.2184170661224505     
   1.6709719763965032            1.9494673057959206            1.3924766469970862     
   1.6709719763965032            1.9494673057959206            1.5665362278717216     
   1.6709719763965032            1.9494673057959206            1.7405958087463578     
   1.6709719763965032            1.9494673057959206            1.9146553896209932     
   1.6709719763965032            1.9494673057959206            2.0887149704956292     
   1.6709719763965032            1.9494673057959206            2.2627745513702648     
   1.6709719763965032            1.9494673057959206            2.4368341322449010     
   1.6709719763965032            1.9494673057959206            2.6108937131195367     
   1.6709719763965032            1.9494673057959206            2.7849532939941724     
   1.6709719763965032            1.9494673057959206            2.9590128748688080     
   1.6709719763965032            1.9494673057959206            3.1330724557434433     
   1.6709719763965032            2.0887149704956292            0.0000000000000000     
   1.6709719763965032            2.0887149704956292           0.17405958087463577     
   1.6709719763965032            2.0887149704956292           0.34811916174927154     
   1.6709719763965032            2.0887149704956292           0.52217874262390729     
   1.6709719763965032            2.0887149704956292           0.69623832349854309     
   1.6709719763965032            2.0887149704956292           0.87029790437317889     
   1.6709719763965032            2.0887149704956292            1.0443574852478146     
   1.6709719763965032            2.0887149704956292            1.2184170661224505     
   1.6709719763965032            2.0887149704956292            1.3924766469970862     
   1.6709719763965032            2.0887149704956292            1.5665362278717216     
   1.6709719763965032            2.0887149704956292            1.7405958087463578     
   1.6709719763965032            2.0887149704956292            1.9146553896209932     
   1.6709719763965032            2.0887149704956292            2.0887149704956292     
   1.6709719763965032            2.0887149704956292            2.2627745513702648     
   1.6709719763965032            2.0887149704956292            2.4368341322449010     
   1.6709719763965032            2.0887149704956292            2.6108937131195367     
   1.6709719763965032            2.0887149704956292            2.7849532939941724     
   1.6709719763965032            2.0887149704956292            2.9590128748688080     
   1.6709719763965032            2.0887149704956292            3.1330724557434433     
   1.6709719763965032            2.2279626351953374            0.0000000000000000     
   1.6709719763965032            2.2279626351953374           0.17405958087463577     
   1.6709719763965032            2.2279626351953374           0.34811916174927154     
   1.6709719763965032            2.2279626351953374           0.52217874262390729     
   1.6709719763965032            2.2279626351953374           0.69623832349854309     
   1.6709719763965032            2.2279626351953374           0.87029790437317889     
   1.6709719763965032            2.2279626351953374            1.0443574852478146     
   1.6709719763965032            2.2279626351953374            1.2184170661224505     
   1.6709719763965032            2.2279626351953374            1.3924766469970862     
   1.6709719763965032            2.2279626351953374            1.5665362278717216     
   1.6709719763965032            2.2279626351953374            1.7405958087463578     
   1.6709719763965032            2.2279626351953374            1.9146553896209932     
   1.6709719763965032            2.2279626351953374            2.0887149704956292     
   1.6709719763965032            2.2279626351953374            2.2627745513702648     
   1.6709719763965032            2.2279626351953374            2.4368341322449010     
   1.6709719763965032            2.2279626351953374            2.6108937131195367     
   1.6709719763965032            2.2279626351953374            2.7849532939941724     
   1.6709719763965032            2.2279626351953374            2.9590128748688080     
   1.6709719763965032            2.2279626351953374            3.1330724557434433     
   1.6709719763965032            2.3672102998950462            0.0000000000000000     
   1.6709719763965032            2.3672102998950462           0.17405958087463577     
   1.6709719763965032            2.3672102998950462           0.34811916174927154     
   1.6709719763965032            2.3672102998950462           0.52217874262390729     
   1.6709719763965032            2.3672102998950462           0.69623832349854309     
   1.6709719763965032            2.3672102998950462           0.87029790437317889     
   1.6709719763965032            2.3672102998950462            1.0443574852478146     
   1.6709719763965032            2.3672102998950462            1.2184170661224505     
   1.6709719763965032            2.3672102998950462            1.3924766469970862     
   1.6709719763965032            2.3672102998950462            1.5665362278717216     
   1.6709719763965032            2.3672102998950462            1.7405958087463578     
   1.6709719763965032            2.3672102998950462            1.9146553896209932     
   1.6709719763965032            2.3672102998950462            2.0887149704956292     
   1.6709719763965032            2.3672102998950462            2.2627745513702648     
   1.6709719763965032            2.3672102998950462            2.4368341322449010     
   1.6709719763965032            2.3672102998950462            2.6108937131195367     
   1.6709719763965032            2.3672102998950462            2.7849532939941724     
   1.6709719763965032            2.3672102998950462            2.9590128748688080     
   1.6709719763965032            2.3672102998950462            3.1330724557434433     
   1.6709719763965032            2.5064579645947545            0.0000000000000000     
   1.6709719763965032            2.5064579645947545           0.17405958087463577     
   1.6709719763965032            2.5064579645947545           0.34811916174927154     
   1.6709719763965032            2.5064579645947545           0.52217874262390729     
   1.6709719763965032            2.5064579645947545           0.69623832349854309     
   1.6709719763965032            2.5064579645947545           0.87029790437317889     
   1.6709719763965032            2.5064579645947545            1.0443574852478146     
   1.6709719763965032            2.5064579645947545            1.2184170661224505     
   1.6709719763965032            2.5064579645947545            1.3924766469970862     
   1.6709719763965032            2.5064579645947545            1.5665362278717216     
   1.6709719763965032            2.5064579645947545            1.7405958087463578     
   1.6709719763965032            2.5064579645947545            1.9146553896209932     
   1.6709719763965032            2.5064579645947545            2.0887149704956292     
   1.6709719763965032            2.5064579645947545            2.2627745513702648     
   1.6709719763965032            2.5064579645947545            2.4368341322449010     
   1.6709719763965032            2.5064579645947545            2.6108937131195367     
   1.6709719763965032            2.5064579645947545            2.7849532939941724     
   1.6709719763965032            2.5064579645947545            2.9590128748688080     
   1.6709719763965032            2.5064579645947545            3.1330724557434433     
   1.8102196410962119            0.0000000000000000            0.0000000000000000     
   1.8102196410962119            0.0000000000000000           0.17405958087463577     
   1.8102196410962119            0.0000000000000000           0.34811916174927154     
   1.8102196410962119            0.0000000000000000           0.52217874262390729     
   1.8102196410962119            0.0000000000000000           0.69623832349854309     
   1.8102196410962119            0.0000000000000000           0.87029790437317889     
   1.8102196410962119            0.0000000000000000            1.0443574852478146     
   1.8102196410962119            0.0000000000000000            1.2184170661224505     
   1.8102196410962119            0.0000000000000000            1.3924766469970862     
   1.8102196410962119            0.0000000000000000            1.5665362278717216     
   1.8102196410962119            0.0000000000000000            1.7405958087463578     
   1.8102196410962119            0.0000000000000000            1.9146553896209932     
   1.8102196410962119            0.0000000000000000            2.0887149704956292     
   1.8102196410962119            0.0000000000000000            2.2627745513702648     
   1.8102196410962119            0.0000000000000000            2.4368341322449010     
   1.8102196410962119            0.0000000000000000            2.6108937131195367     
   1.8102196410962119            0.0000000000000000            2.7849532939941724     
   1.8102196410962119            0.0000000000000000            2.9590128748688080     
   1.8102196410962119            0.0000000000000000            3.1330724557434433     
   1.8102196410962119           0.13924766469970859            0.0000000000000000     
   1.8102196410962119           0.13924766469970859           0.17405958087463577     
   1.8102196410962119           0.13924766469970859           0.34811916174927154     
   1.8102196410962119           0.13924766469970859           0.52217874262390729     
   1.8102196410962119           0.13924766469970859           0.69623832349854309     
   1.8102196410962119           0.13924766469970859           0.87029790437317889     
   1.8102196410962119           0.13924766469970859            1.0443574852478146     
   1.8102196410962119           0.13924766469970859            1.2184170661224505     
   1.8102196410962119           0.13924766469970859            1.3924766469970862     
   1.8102196410962119           0.13924766469970859            1.5665362278717216     
   1.8102196410962119           0.13924766469970859            1.7405958087463578     
   1.8102196410962119           0.13924766469970859            1.9146553896209932     
   1.8102196410962119           0.13924766469970859            2.0887149704956292     
   1.8102196410962119           0.13924766469970859            2.2627745513702648     
   1.8102196410962119           0.13924766469970859            2.4368341322449010     
   1.8102196410962119           0.13924766469970859            2.6108937131195367     
   1.8102196410962119           0.13924766469970859            2.7849532939941724     
   1.8102196410962119           0.13924766469970859            2.9590128748688080     
   1.8102196410962119           0.13924766469970859            3.1330724557434433     
   1.8102196410962119           0.27849532939941718            0.0000000000000000     
   1.8102196410962119           0.27849532939941718           0.17405958087463577     
   1.8102196410962119           0.27849532939941718           0.34811916174927154     
   1.8102196410962119           0.27849532939941718           0.52217874262390729     
   1.8102196410962119           0.27849532939941718           0.69623832349854309     
   1.8102196410962119           0.27849532939941718           0.87029790437317889     
   1.8102196410962119           0.27849532939941718            1.0443574852478146     
   1.8102196410962119           0.27849532939941718            1.2184170661224505     
   1.8102196410962119           0.27849532939941718            1.3924766469970862     
   1.8102196410962119           0.27849532939941718            1.5665362278717216     
   1.8102196410962119           0.27849532939941718            1.7405958087463578     
   1.8102196410962119           0.27849532939941718            1.9146553896209932     
   1.8102196410962119           0.27849532939941718            2.0887149704956292     
   1.8102196410962119           0.27849532939941718            2.2627745513702648     
   1.8102196410962119           0.27849532939941718            2.4368341322449010     
   1.8102196410962119           0.27849532939941718            2.6108937131195367     
   1.8102196410962119           0.27849532939941718            2.7849532939941724     
   1.8102196410962119           0.27849532939941718            2.9590128748688080     
   1.8102196410962119           0.27849532939941718            3.1330724557434433     
   1.8102196410962119           0.41774299409912580            0.0000000000000000     
   1.8102196410962119           0.41774299409912580           0.17405958087463577     
   1.8102196410962119           0.41774299409912580           0.34811916174927154     
   1.8102196410962119           0.41774299409912580           0.52217874262390729     
   1.8102196410962119           0.41774299409912580           0.69623832349854309     
   1.8102196410962119           0.41774299409912580           0.87029790437317889     
   1.8102196410962119           0.41774299409912580            1.0443574852478146     
   1.8102196410962119           0.41774299409912580            1.2184170661224505     
   1.8102196410962119           0.41774299409912580            1.3924766469970862     
   1.8102196410962119           0.41774299409912580            1.5665362278717216     
   1.8102196410962119           0.41774299409912580            1.7405958087463578     
   1.8102196410962119           0.41774299409912580            1.9146553896209932     
   1.8102196410962119           0.41774299409912580            2.0887149704956292     
   1.8102196410962119           0.41774299409912580            2.2627745513702648     
   1.8102196410962119           0.41774299409912580            2.4368341322449010     
   1.8102196410962119           0.41774299409912580            2.6108937131195367     
   1.8102196410962119           0.41774299409912580            2.7849532939941724     
   1.8102196410962119           0.41774299409912580            2.9590128748688080     
   1.8102196410962119           0.41774299409912580            3.1330724557434433     
   1.8102196410962119           0.55699065879883436            0.0000000000000000     
   1.8102196410962119           0.55699065879883436           0.17405958087463577     
   1.8102196410962119           0.55699065879883436           0.34811916174927154     
   1.8102196410962119           0.55699065879883436           0.52217874262390729     
   1.8102196410962119           0.55699065879883436           0.69623832349854309     
   1.8102196410962119           0.55699065879883436           0.87029790437317889     
   1.8102196410962119           0.55699065879883436            1.0443574852478146     
   1.8102196410962119           0.55699065879883436            1.2184170661224505     
   1.8102196410962119           0.55699065879883436            1.3924766469970862     
   1.8102196410962119           0.55699065879883436            1.5665362278717216     
   1.8102196410962119           0.55699065879883436            1.7405958087463578     
   1.8102196410962119           0.55699065879883436            1.9146553896209932     
   1.8102196410962119           0.55699065879883436            2.0887149704956292     
   1.8102196410962119           0.55699065879883436            2.2627745513702648     
   1.8102196410962119           0.55699065879883436            2.4368341322449010     
   1.8102196410962119           0.55699065879883436            2.6108937131195367     
   1.8102196410962119           0.55699065879883436            2.7849532939941724     
   1.8102196410962119           0.55699065879883436            2.9590128748688080     
   1.8102196410962119           0.55699065879883436            3.1330724557434433     
   1.8102196410962119           0.69623832349854298            0.0000000000000000     
   1.8102196410962119           0.69623832349854298           0.17405958087463577     
   1.8102196410962119           0.69623832349854298           0.34811916174927154     
   1.8102196410962119           0.69623832349854298           0.52217874262390729     
   1.8102196410962119           0.69623832349854298           0.69623832349854309     
   1.8102196410962119           0.69623832349854298           0.87029790437317889     
   1.8102196410962119           0.69623832349854298            1.0443574852478146     
   1.8102196410962119           0.69623832349854298            1.2184170661224505     
   1.8102196410962119           0.69623832349854298            1.3924766469970862     
   1.8102196410962119           0.69623832349854298            1.5665362278717216     
   1.8102196410962119           0.69623832349854298            1.7405958087463578     
   1.8102196410962119           0.69623832349854298            1.9146553896209932     
   1.8102196410962119           0.69623832349854298            2.0887149704956292     
   1.8102196410962119           0.69623832349854298            2.2627745513702648     
   1.8102196410962119           0.69623832349854298            2.4368341322449010     
   1.8102196410962119           0.69623832349854298            2.6108937131195367     
   1.8102196410962119           0.69623832349854298            2.7849532939941724     
   1.8102196410962119           0.69623832349854298            2.9590128748688080     
   1.8102196410962119           0.69623832349854298            3.1330724557434433     
   1.8102196410962119           0.83548598819825159            0.0000000000000000     
   1.8102196410962119           0.83548598819825159           0.17405958087463577     
   1.8102196410962119           0.83548598819825159           0.34811916174927154     
   1.8102196410962119           0.83548598819825159           0.52217874262390729     
   1.8102196410962119           0.83548598819825159           0.69623832349854309     
   1.8102196410962119           0.83548598819825159           0.87029790437317889     
   1.8102196410962119           0.83548598819825159            1.0443574852478146     
   1.8102196410962119           0.83548598819825159            1.2184170661224505     
   1.8102196410962119           0.83548598819825159            1.3924766469970862     
   1.8102196410962119           0.83548598819825159            1.5665362278717216     
   1.8102196410962119           0.83548598819825159            1.7405958087463578     
   1.8102196410962119           0.83548598819825159            1.9146553896209932     
   1.8102196410962119           0.83548598819825159            2.0887149704956292     
   1.8102196410962119           0.83548598819825159            2.2627745513702648     
   1.8102196410962119           0.83548598819825159            2.4368341322449010     
   1.8102196410962119           0.83548598819825159            2.6108937131195367     
   1.8102196410962119           0.83548598819825159            2.7849532939941724     
   1.8102196410962119           0.83548598819825159            2.9590128748688080     
   1.8102196410962119           0.83548598819825159            3.1330724557434433     
   1.8102196410962119           0.97473365289796032            0.0000000000000000     
   1.8102196410962119           0.97473365289796032           0.17405958087463577     
   1.8102196410962119           0.97473365289796032           0.34811916174927154     
   1.8102196410962119           0.97473365289796032           0.52217874262390729     
   1.8102196410962119           0.97473365289796032           0.69623832349854309     
   1.8102196410962119           0.97473365289796032           0.87029790437317889     
   1.8102196410962119           0.97473365289796032            1.0443574852478146     
   1.8102196410962119           0.97473365289796032            1.2184170661224505     
   1.8102196410962119           0.97473365289796032            1.3924766469970862     
   1.8102196410962119           0.97473365289796032            1.5665362278717216     
   1.8102196410962119           0.97473365289796032            1.7405958087463578     
   1.8102196410962119           0.97473365289796032            1.9146553896209932     
   1.8102196410962119           0.97473365289796032            2.0887149704956292     
   1.8102196410962119           0.97473365289796032            2.2627745513702648     
   1.8102196410962119           0.97473365289796032            2.4368341322449010     
   1.8102196410962119           0.97473365289796032            2.6108937131195367     
   1.8102196410962119           0.97473365289796032            2.7849532939941724     
   1.8102196410962119           0.97473365289796032            2.9590128748688080     
   1.8102196410962119           0.97473365289796032            3.1330724557434433     
   1.8102196410962119            1.1139813175976687            0.0000000000000000     
   1.8102196410962119            1.1139813175976687           0.17405958087463577     
   1.8102196410962119            1.1139813175976687           0.34811916174927154     
   1.8102196410962119            1.1139813175976687           0.52217874262390729     
   1.8102196410962119            1.1139813175976687           0.69623832349854309     
   1.8102196410962119            1.1139813175976687           0.87029790437317889     
   1.8102196410962119            1.1139813175976687            1.0443574852478146     
   1.8102196410962119            1.1139813175976687            1.2184170661224505     
   1.8102196410962119            1.1139813175976687            1.3924766469970862     
   1.8102196410962119            1.1139813175976687            1.5665362278717216     
   1.8102196410962119            1.1139813175976687            1.7405958087463578     
   1.8102196410962119            1.1139813175976687            1.9146553896209932     
   1.8102196410962119            1.1139813175976687            2.0887149704956292     
   1.8102196410962119            1.1139813175976687            2.2627745513702648     
   1.8102196410962119            1.1139813175976687            2.4368341322449010     
   1.8102196410962119            1.1139813175976687            2.6108937131195367     
   1.8102196410962119            1.1139813175976687            2.7849532939941724     
   1.8102196410962119            1.1139813175976687            2.9590128748688080     
   1.8102196410962119            1.1139813175976687            3.1330724557434433     
   1.8102196410962119            1.2532289822973772            0.0000000000000000     
   1.8102196410962119            1.2532289822973772           0.17405958087463577     
   1.8102196410962119            1.2532289822973772           0.34811916174927154     
   1.8102196410962119            1.2532289822973772           0.52217874262390729     
   1.8102196410962119            1.2532289822973772           0.69623832349854309     
   1.8102196410962119            1.2532289822973772           0.87029790437317889     
   1.8102196410962119            1.2532289822973772            1.0443574852478146     
   1.8102196410962119            1.2532289822973772            1.2184170661224505     
   1.8102196410962119            1.2532289822973772            1.3924766469970862     
   1.8102196410962119            1.2532289822973772            1.5665362278717216     
   1.8102196410962119            1.2532289822973772            1.7405958087463578     
   1.8102196410962119            1.2532289822973772            1.9146553896209932     
   1.8102196410962119            1.2532289822973772            2.0887149704956292     
   1.8102196410962119            1.2532289822973772            2.2627745513702648     
   1.8102196410962119            1.2532289822973772            2.4368341322449010     
   1.8102196410962119            1.2532289822973772            2.6108937131195367     
   1.8102196410962119            1.2532289822973772            2.7849532939941724     
   1.8102196410962119            1.2532289822973772            2.9590128748688080     
   1.8102196410962119            1.2532289822973772            3.1330724557434433     
   1.8102196410962119            1.3924766469970860            0.0000000000000000     
   1.8102196410962119            1.3924766469970860           0.17405958087463577     
   1.8102196410962119            1.3924766469970860           0.34811916174927154     
   1.8102196410962119            1.3924766469970860           0.52217874262390729     
   1.8102196410962119            1.3924766469970860           0.69623832349854309     
   1.8102196410962119            1.3924766469970860           0.87029790437317889     
   1.8102196410962119            1.3924766469970860            1.0443574852478146     
   1.8102196410962119            1.3924766469970860            1.2184170661224505     
   1.8102196410962119            1.3924766469970860            1.3924766469970862     
   1.8102196410962119            1.3924766469970860            1.5665362278717216     
   1.8102196410962119            1.3924766469970860            1.7405958087463578     
   1.8102196410962119            1.3924766469970860            1.9146553896209932     
   1.8102196410962119            1.3924766469970860            2.0887149704956292     
   1.8102196410962119            1.3924766469970860            2.2627745513702648     
   1.8102196410962119            1.3924766469970860            2.4368341322449010     
   1.8102196410962119            1.3924766469970860            2.6108937131195367     
   1.8102196410962119            1.3924766469970860            2.7849532939941724     
   1.8102196410962119            1.3924766469970860            2.9590128748688080     
   1.8102196410962119            1.3924766469970860            3.1330724557434433     
   1.8102196410962119            1.5317243116967947            0.0000000000000000     
   1.8102196410962119            1.5317243116967947           0.17405958087463577     
   1.8102196410962119            1.5317243116967947           0.34811916174927154     
   1.8102196410962119            1.5317243116967947           0.52217874262390729     
   1.8102196410962119            1.5317243116967947           0.69623832349854309     
   1.8102196410962119            1.5317243116967947           0.87029790437317889     
   1.8102196410962119            1.5317243116967947            1.0443574852478146     
   1.8102196410962119            1.5317243116967947            1.2184170661224505     
   1.8102196410962119            1.5317243116967947            1.3924766469970862     
   1.8102196410962119            1.5317243116967947            1.5665362278717216     
   1.8102196410962119            1.5317243116967947            1.7405958087463578     
   1.8102196410962119            1.5317243116967947            1.9146553896209932     
   1.8102196410962119            1.5317243116967947            2.0887149704956292     
   1.8102196410962119            1.5317243116967947            2.2627745513702648     
   1.8102196410962119            1.5317243116967947            2.4368341322449010     
   1.8102196410962119            1.5317243116967947            2.6108937131195367     
   1.8102196410962119            1.5317243116967947            2.7849532939941724     
   1.8102196410962119            1.5317243116967947            2.9590128748688080     
   1.8102196410962119            1.5317243116967947            3.1330724557434433     
   1.8102196410962119            1.6709719763965032            0.0000000000000000     
   1.8102196410962119            1.6709719763965032           0.17405958087463577     
   1.8102196410962119            1.6709719763965032           0.34811916174927154     
   1.8102196410962119            1.6709719763965032           0.52217874262390729     
   1.8102196410962119            1.6709719763965032           0.69623832349854309     
   1.8102196410962119            1.6709719763965032           0.87029790437317889     
   1.8102196410962119            1.6709719763965032            1.0443574852478146     
   1.8102196410962119            1.6709719763965032            1.2184170661224505     
   1.8102196410962119            1.6709719763965032            1.3924766469970862     
   1.8102196410962119            1.6709719763965032            1.5665362278717216     
   1.8102196410962119            1.6709719763965032            1.7405958087463578     
   1.8102196410962119            1.6709719763965032            1.9146553896209932     
   1.8102196410962119            1.6709719763965032            2.0887149704956292     
   1.8102196410962119            1.6709719763965032            2.2627745513702648     
   1.8102196410962119            1.6709719763965032            2.4368341322449010     
   1.8102196410962119            1.6709719763965032            2.6108937131195367     
   1.8102196410962119            1.6709719763965032            2.7849532939941724     
   1.8102196410962119            1.6709719763965032            2.9590128748688080     
   1.8102196410962119            1.6709719763965032            3.1330724557434433     
   1.8102196410962119            1.8102196410962119            0.0000000000000000     
   1.8102196410962119            1.8102196410962119           0.17405958087463577     
   1.8102196410962119            1.8102196410962119           0.34811916174927154     
   1.8102196410962119            1.8102196410962119           0.52217874262390729     
   1.8102196410962119            1.8102196410962119           0.69623832349854309     
   1.8102196410962119            1.8102196410962119           0.87029790437317889     
   1.8102196410962119            1.8102196410962119            1.0443574852478146     
   1.8102196410962119            1.8102196410962119            1.2184170661224505     
   1.8102196410962119            1.8102196410962119            1.3924766469970862     
   1.8102196410962119            1.8102196410962119            1.5665362278717216     
   1.8102196410962119            1.8102196410962119            1.7405958087463578     
   1.8102196410962119            1.8102196410962119            1.9146553896209932     
   1.8102196410962119            1.8102196410962119            2.0887149704956292     
   1.8102196410962119            1.8102196410962119            2.2627745513702648     
   1.8102196410962119            1.8102196410962119            2.4368341322449010     
   1.8102196410962119            1.8102196410962119            2.6108937131195367     
   1.8102196410962119            1.8102196410962119            2.7849532939941724     
   1.8102196410962119            1.8102196410962119            2.9590128748688080     
   1.8102196410962119            1.8102196410962119            3.1330724557434433     
   1.8102196410962119            1.9494673057959206            0.0000000000000000     
   1.8102196410962119            1.9494673057959206           0.17405958087463577     
   1.8102196410962119            1.9494673057959206           0.34811916174927154     
   1.8102196410962119            1.9494673057959206           0.52217874262390729     
   1.8102196410962119            1.9494673057959206           0.69623832349854309     
   1.8102196410962119            1.9494673057959206           0.87029790437317889     
   1.8102196410962119            1.9494673057959206            1.0443574852478146     
   1.8102196410962119            1.9494673057959206            1.2184170661224505     
   1.8102196410962119            1.9494673057959206            1.3924766469970862     
   1.8102196410962119            1.9494673057959206            1.5665362278717216     
   1.8102196410962119            1.9494673057959206            1.7405958087463578     
   1.8102196410962119            1.9494673057959206            1.9146553896209932     
   1.8102196410962119            1.9494673057959206            2.0887149704956292     
   1.8102196410962119            1.9494673057959206            2.2627745513702648     
   1.8102196410962119            1.9494673057959206            2.4368341322449010     
   1.8102196410962119            1.9494673057959206            2.6108937131195367     
   1.8102196410962119            1.9494673057959206            2.7849532939941724     
   1.8102196410962119            1.9494673057959206            2.9590128748688080     
   1.8102196410962119            1.9494673057959206            3.1330724557434433     
   1.8102196410962119            2.0887149704956292            0.0000000000000000     
   1.8102196410962119            2.0887149704956292           0.17405958087463577     
   1.8102196410962119            2.0887149704956292           0.34811916174927154     
   1.8102196410962119            2.0887149704956292           0.52217874262390729     
   1.8102196410962119            2.0887149704956292           0.69623832349854309     
   1.8102196410962119            2.0887149704956292           0.87029790437317889     
   1.8102196410962119            2.0887149704956292            1.0443574852478146     
   1.8102196410962119            2.0887149704956292            1.2184170661224505     
   1.8102196410962119            2.0887149704956292            1.3924766469970862     
   1.8102196410962119            2.0887149704956292            1.5665362278717216     
   1.8102196410962119            2.0887149704956292            1.7405958087463578     
   1.8102196410962119            2.0887149704956292            1.9146553896209932     
   1.8102196410962119            2.0887149704956292            2.0887149704956292     
   1.8102196410962119            2.0887149704956292            2.2627745513702648     
   1.8102196410962119            2.0887149704956292            2.4368341322449010     
   1.8102196410962119            2.0887149704956292            2.6108937131195367     
   1.8102196410962119            2.0887149704956292            2.7849532939941724     
   1.8102196410962119            2.0887149704956292            2.9590128748688080     
   1.8102196410962119            2.0887149704956292            3.1330724557434433     
   1.8102196410962119            2.2279626351953374            0.0000000000000000     
   1.8102196410962119            2.2279626351953374           0.17405958087463577     
   1.8102196410962119            2.2279626351953374           0.34811916174927154     
   1.8102196410962119            2.2279626351953374           0.52217874262390729     
   1.8102196410962119            2.2279626351953374           0.69623832349854309     
   1.8102196410962119            2.2279626351953374           0.87029790437317889     
   1.8102196410962119            2.2279626351953374            1.0443574852478146     
   1.8102196410962119            2.2279626351953374            1.2184170661224505     
   1.8102196410962119            2.2279626351953374            1.3924766469970862     
   1.8102196410962119            2.2279626351953374            1.5665362278717216     
   1.8102196410962119            2.2279626351953374            1.7405958087463578     
   1.8102196410962119            2.2279626351953374            1.9146553896209932     
   1.8102196410962119            2.2279626351953374            2.0887149704956292     
   1.8102196410962119            2.2279626351953374            2.2627745513702648     
   1.8102196410962119            2.2279626351953374            2.4368341322449010     
   1.8102196410962119            2.2279626351953374            2.6108937131195367     
   1.8102196410962119            2.2279626351953374            2.7849532939941724     
   1.8102196410962119            2.2279626351953374            2.9590128748688080     
   1.8102196410962119            2.2279626351953374            3.1330724557434433     
   1.8102196410962119            2.3672102998950462            0.0000000000000000     
   1.8102196410962119            2.3672102998950462           0.17405958087463577     
   1.8102196410962119            2.3672102998950462           0.34811916174927154     
   1.8102196410962119            2.3672102998950462           0.52217874262390729     
   1.8102196410962119            2.3672102998950462           0.69623832349854309     
   1.8102196410962119            2.3672102998950462           0.87029790437317889     
   1.8102196410962119            2.3672102998950462            1.0443574852478146     
   1.8102196410962119            2.3672102998950462            1.2184170661224505     
   1.8102196410962119            2.3672102998950462            1.3924766469970862     
   1.8102196410962119            2.3672102998950462            1.5665362278717216     
   1.8102196410962119            2.3672102998950462            1.7405958087463578     
   1.8102196410962119            2.3672102998950462            1.9146553896209932     
   1.8102196410962119            2.3672102998950462            2.0887149704956292     
   1.8102196410962119            2.3672102998950462            2.2627745513702648     
   1.8102196410962119            2.3672102998950462            2.4368341322449010     
   1.8102196410962119            2.3672102998950462            2.6108937131195367     
   1.8102196410962119            2.3672102998950462            2.7849532939941724     
   1.8102196410962119            2.3672102998950462            2.9590128748688080     
   1.8102196410962119            2.3672102998950462            3.1330724557434433     
   1.8102196410962119            2.5064579645947545            0.0000000000000000     
   1.8102196410962119            2.5064579645947545           0.17405958087463577     
   1.8102196410962119            2.5064579645947545           0.34811916174927154     
   1.8102196410962119            2.5064579645947545           0.52217874262390729     
   1.8102196410962119            2.5064579645947545           0.69623832349854309     
   1.8102196410962119            2.5064579645947545           0.87029790437317889     
   1.8102196410962119            2.5064579645947545            1.0443574852478146     
   1.8102196410962119            2.5064579645947545            1.2184170661224505     
   1.8102196410962119            2.5064579645947545            1.3924766469970862     
   1.8102196410962119            2.5064579645947545            1.5665362278717216     
   1.8102196410962119            2.5064579645947545            1.7405958087463578     
   1.8102196410962119            2.5064579645947545            1.9146553896209932     
   1.8102196410962119            2.5064579645947545            2.0887149704956292     
   1.8102196410962119            2.5064579645947545            2.2627745513702648     
   1.8102196410962119            2.5064579645947545            2.4368341322449010     
   1.8102196410962119            2.5064579645947545            2.6108937131195367     
   1.8102196410962119            2.5064579645947545            2.7849532939941724     
   1.8102196410962119            2.5064579645947545            2.9590128748688080     
   1.8102196410962119            2.5064579645947545            3.1330724557434433     
   1.9494673057959206            0.0000000000000000            0.0000000000000000     
   1.9494673057959206            0.0000000000000000           0.17405958087463577     
   1.9494673057959206            0.0000000000000000           0.34811916174927154     
   1.9494673057959206            0.0000000000000000           0.52217874262390729     
   1.9494673057959206            0.0000000000000000           0.69623832349854309     
   1.9494673057959206            0.0000000000000000           0.87029790437317889     
   1.9494673057959206            0.0000000000000000            1.0443574852478146     
   1.9494673057959206            0.0000000000000000            1.2184170661224505     
   1.9494673057959206            0.0000000000000000            1.3924766469970862     
   1.9494673057959206            0.0000000000000000            1.5665362278717216     
   1.9494673057959206            0.0000000000000000            1.7405958087463578     
   1.9494673057959206            0.0000000000000000            1.9146553896209932     
   1.9494673057959206            0.0000000000000000            2.0887149704956292     
   1.9494673057959206            0.0000000000000000            2.2627745513702648     
   1.9494673057959206            0.0000000000000000            2.4368341322449010     
   1.9494673057959206            0.0000000000000000            2.6108937131195367     
   1.9494673057959206            0.0000000000000000            2.7849532939941724     
   1.9494673057959206            0.0000000000000000            2.9590128748688080     
   1.9494673057959206            0.0000000000000000            3.1330724557434433     
   1.9494673057959206           0.13924766469970859            0.0000000000000000     
   1.9494673057959206           0.13924766469970859           0.17405958087463577     
   1.9494673057959206           0.13924766469970859           0.34811916174927154     
   1.9494673057959206           0.13924766469970859           0.52217874262390729     
   1.9494673057959206           0.13924766469970859           0.69623832349854309     
   1.9494673057959206           0.13924766469970859           0.87029790437317889     
   1.9494673057959206           0.13924766469970859            1.0443574852478146     
   1.9494673057959206           0.13924766469970859            1.2184170661224505     
   1.9494673057959206           0.13924766469970859            1.3924766469970862     
   1.9494673057959206           0.13924766469970859            1.5665362278717216     
   1.9494673057959206           0.13924766469970859            1.7405958087463578     
   1.9494673057959206           0.13924766469970859            1.9146553896209932     
   1.9494673057959206           0.13924766469970859            2.0887149704956292     
   1.9494673057959206           0.13924766469970859            2.2627745513702648     
   1.9494673057959206           0.13924766469970859            2.4368341322449010     
   1.9494673057959206           0.13924766469970859            2.6108937131195367     
   1.9494673057959206           0.13924766469970859            2.7849532939941724     
   1.9494673057959206           0.13924766469970859            2.9590128748688080     
   1.9494673057959206           0.13924766469970859            3.1330724557434433     
   1.9494673057959206           0.27849532939941718            0.0000000000000000     
   1.9494673057959206           0.27849532939941718           0.17405958087463577     
   1.9494673057959206           0.27849532939941718           0.34811916174927154     
   1.9494673057959206           0.27849532939941718           0.52217874262390729     
   1.9494673057959206           0.27849532939941718           0.69623832349854309     
   1.9494673057959206           0.27849532939941718           0.87029790437317889     
   1.9494673057959206           0.27849532939941718            1.0443574852478146     
   1.9494673057959206           0.27849532939941718            1.2184170661224505     
   1.9494673057959206           0.27849532939941718            1.3924766469970862     
   1.9494673057959206           0.27849532939941718            1.5665362278717216     
   1.9494673057959206           0.27849532939941718            1.7405958087463578     
   1.9494673057959206           0.27849532939941718            1.9146553896209932     
   1.9494673057959206           0.27849532939941718            2.0887149704956292     
   1.9494673057959206           0.27849532939941718            2.2627745513702648     
   1.9494673057959206           0.27849532939941718            2.4368341322449010     
   1.9494673057959206           0.27849532939941718            2.6108937131195367     
   1.9494673057959206           0.27849532939941718            2.7849532939941724     
   1.9494673057959206           0.27849532939941718            2.9590128748688080     
   1.9494673057959206           0.27849532939941718            3.1330724557434433     
   1.9494673057959206           0.41774299409912580            0.0000000000000000     
   1.9494673057959206           0.41774299409912580           0.17405958087463577     
   1.9494673057959206           0.41774299409912580           0.34811916174927154     
   1.9494673057959206           0.41774299409912580           0.52217874262390729     
   1.9494673057959206           0.41774299409912580           0.69623832349854309     
   1.9494673057959206           0.41774299409912580           0.87029790437317889     
   1.9494673057959206           0.41774299409912580            1.0443574852478146     
   1.9494673057959206           0.41774299409912580            1.2184170661224505     
   1.9494673057959206           0.41774299409912580            1.3924766469970862     
   1.9494673057959206           0.41774299409912580            1.5665362278717216     
   1.9494673057959206           0.41774299409912580            1.7405958087463578     
   1.9494673057959206           0.41774299409912580            1.9146553896209932     
   1.9494673057959206           0.41774299409912580            2.0887149704956292     
   1.9494673057959206           0.41774299409912580            2.2627745513702648     
   1.9494673057959206           0.41774299409912580            2.4368341322449010     
   1.9494673057959206           0.41774299409912580            2.6108937131195367     
   1.9494673057959206           0.41774299409912580            2.7849532939941724     
   1.9494673057959206           0.41774299409912580            2.9590128748688080     
   1.9494673057959206           0.41774299409912580            3.1330724557434433     
   1.9494673057959206           0.55699065879883436            0.0000000000000000     
   1.9494673057959206           0.55699065879883436           0.17405958087463577     
   1.9494673057959206           0.55699065879883436           0.34811916174927154     
   1.9494673057959206           0.55699065879883436           0.52217874262390729     
   1.9494673057959206           0.55699065879883436           0.69623832349854309     
   1.9494673057959206           0.55699065879883436           0.87029790437317889     
   1.9494673057959206           0.55699065879883436            1.0443574852478146     
   1.9494673057959206           0.55699065879883436            1.2184170661224505     
   1.9494673057959206           0.55699065879883436            1.3924766469970862     
   1.9494673057959206           0.55699065879883436            1.5665362278717216     
   1.9494673057959206           0.55699065879883436            1.7405958087463578     
   1.9494673057959206           0.55699065879883436            1.9146553896209932     
   1.9494673057959206           0.55699065879883436            2.0887149704956292     
   1.9494673057959206           0.55699065879883436            2.2627745513702648     
   1.9494673057959206           0.55699065879883436            2.4368341322449010     
   1.9494673057959206           0.55699065879883436            2.6108937131195367     
   1.9494673057959206           0.55699065879883436            2.7849532939941724     
   1.9494673057959206           0.55699065879883436            2.9590128748688080     
   1.9494673057959206           0.55699065879883436            3.1330724557434433     
   1.9494673057959206           0.69623832349854298            0.0000000000000000     
   1.9494673057959206           0.69623832349854298           0.17405958087463577     
   1.9494673057959206           0.69623832349854298           0.34811916174927154     
   1.9494673057959206           0.69623832349854298           0.52217874262390729     
   1.9494673057959206           0.69623832349854298           0.69623832349854309     
   1.9494673057959206           0.69623832349854298           0.87029790437317889     
   1.9494673057959206           0.69623832349854298            1.0443574852478146     
   1.9494673057959206           0.69623832349854298            1.2184170661224505     
   1.9494673057959206           0.69623832349854298            1.3924766469970862     
   1.9494673057959206           0.69623832349854298            1.5665362278717216     
   1.9494673057959206           0.69623832349854298            1.7405958087463578     
   1.9494673057959206           0.69623832349854298            1.9146553896209932     
   1.9494673057959206           0.69623832349854298            2.0887149704956292     
   1.9494673057959206           0.69623832349854298            2.2627745513702648     
   1.9494673057959206           0.69623832349854298            2.4368341322449010     
   1.9494673057959206           0.69623832349854298            2.6108937131195367     
   1.9494673057959206           0.69623832349854298            2.7849532939941724     
   1.9494673057959206           0.69623832349854298            2.9590128748688080     
   1.9494673057959206           0.69623832349854298            3.1330724557434433     
   1.9494673057959206           0.83548598819825159            0.0000000000000000     
   1.9494673057959206           0.83548598819825159           0.17405958087463577     
   1.9494673057959206           0.83548598819825159           0.34811916174927154     
   1.9494673057959206           0.83548598819825159           0.52217874262390729     
   1.9494673057959206           0.83548598819825159           0.69623832349854309     
   1.9494673057959206           0.83548598819825159           0.87029790437317889     
   1.9494673057959206           0.83548598819825159            1.0443574852478146     
   1.9494673057959206           0.83548598819825159            1.2184170661224505     
   1.9494673057959206           0.83548598819825159            1.3924766469970862     
   1.9494673057959206           0.83548598819825159            1.5665362278717216     
   1.9494673057959206           0.83548598819825159            1.7405958087463578     
   1.9494673057959206           0.83548598819825159            1.9146553896209932     
   1.9494673057959206           0.83548598819825159            2.0887149704956292     
   1.9494673057959206           0.83548598819825159            2.2627745513702648     
   1.9494673057959206           0.83548598819825159            2.4368341322449010     
   1.9494673057959206           0.83548598819825159            2.6108937131195367     
   1.9494673057959206           0.83548598819825159            2.7849532939941724     
   1.9494673057959206           0.83548598819825159            2.9590128748688080     
   1.9494673057959206           0.83548598819825159            3.1330724557434433     
   1.9494673057959206           0.97473365289796032            0.0000000000000000     
   1.9494673057959206           0.97473365289796032           0.17405958087463577     
   1.9494673057959206           0.97473365289796032           0.34811916174927154     
   1.9494673057959206           0.97473365289796032           0.52217874262390729     
   1.9494673057959206           0.97473365289796032           0.69623832349854309     
   1.9494673057959206           0.97473365289796032           0.87029790437317889     
   1.9494673057959206           0.97473365289796032            1.0443574852478146     
   1.9494673057959206           0.97473365289796032            1.2184170661224505     
   1.9494673057959206           0.97473365289796032            1.3924766469970862     
   1.9494673057959206           0.97473365289796032            1.5665362278717216     
   1.9494673057959206           0.97473365289796032            1.7405958087463578     
   1.9494673057959206           0.97473365289796032            1.9146553896209932     
   1.9494673057959206           0.97473365289796032            2.0887149704956292     
   1.9494673057959206           0.97473365289796032            2.2627745513702648     
   1.9494673057959206           0.97473365289796032            2.4368341322449010     
   1.9494673057959206           0.97473365289796032            2.6108937131195367     
   1.9494673057959206           0.97473365289796032            2.7849532939941724     
   1.9494673057959206           0.97473365289796032            2.9590128748688080     
   1.9494673057959206           0.97473365289796032            3.1330724557434433     
   1.9494673057959206            1.1139813175976687            0.0000000000000000     
   1.9494673057959206            1.1139813175976687           0.17405958087463577     
   1.9494673057959206            1.1139813175976687           0.34811916174927154     
   1.9494673057959206            1.1139813175976687           0.52217874262390729     
   1.9494673057959206            1.1139813175976687           0.69623832349854309     
   1.9494673057959206            1.1139813175976687           0.87029790437317889     
   1.9494673057959206            1.1139813175976687            1.0443574852478146     
   1.9494673057959206            1.1139813175976687            1.2184170661224505     
   1.9494673057959206            1.1139813175976687            1.3924766469970862     
   1.9494673057959206            1.1139813175976687            1.5665362278717216     
   1.9494673057959206            1.1139813175976687            1.7405958087463578     
   1.9494673057959206            1.1139813175976687            1.9146553896209932     
   1.9494673057959206            1.1139813175976687            2.0887149704956292     
   1.9494673057959206            1.1139813175976687            2.2627745513702648     
   1.9494673057959206            1.1139813175976687            2.4368341322449010     
   1.9494673057959206            1.1139813175976687            2.6108937131195367     
   1.9494673057959206            1.1139813175976687            2.7849532939941724     
   1.9494673057959206            1.1139813175976687            2.9590128748688080     
   1.9494673057959206            1.1139813175976687            3.1330724557434433     
   1.9494673057959206            1.2532289822973772            0.0000000000000000     
   1.9494673057959206            1.2532289822973772           0.17405958087463577     
   1.9494673057959206            1.2532289822973772           0.34811916174927154     
   1.9494673057959206            1.2532289822973772           0.52217874262390729     
   1.9494673057959206            1.2532289822973772           0.69623832349854309     
   1.9494673057959206            1.2532289822973772           0.87029790437317889     
   1.9494673057959206            1.2532289822973772            1.0443574852478146     
   1.9494673057959206            1.2532289822973772            1.2184170661224505     
   1.9494673057959206            1.2532289822973772            1.3924766469970862     
   1.9494673057959206            1.2532289822973772            1.5665362278717216     
   1.9494673057959206            1.2532289822973772            1.7405958087463578     
   1.9494673057959206            1.2532289822973772            1.9146553896209932     
   1.9494673057959206            1.2532289822973772            2.0887149704956292     
   1.9494673057959206            1.2532289822973772            2.2627745513702648     
   1.9494673057959206            1.2532289822973772            2.4368341322449010     
   1.9494673057959206            1.2532289822973772            2.6108937131195367     
   1.9494673057959206            1.2532289822973772            2.7849532939941724     
   1.9494673057959206            1.2532289822973772            2.9590128748688080     
   1.9494673057959206            1.2532289822973772            3.1330724557434433     
   1.9494673057959206            1.3924766469970860            0.0000000000000000     
   1.9494673057959206            1.3924766469970860           0.17405958087463577     
   1.9494673057959206            1.3924766469970860           0.34811916174927154     
   1.9494673057959206            1.3924766469970860           0.52217874262390729     
   1.9494673057959206            1.3924766469970860           0.69623832349854309     
   1.9494673057959206            1.3924766469970860           0.87029790437317889     
   1.9494673057959206            1.3924766469970860            1.0443574852478146     
   1.9494673057959206            1.3924766469970860            1.2184170661224505     
   1.9494673057959206            1.3924766469970860            1.3924766469970862     
   1.9494673057959206            1.3924766469970860            1.5665362278717216     
   1.9494673057959206            1.3924766469970860            1.7405958087463578     
   1.9494673057959206            1.3924766469970860            1.9146553896209932     
   1.9494673057959206            1.3924766469970860            2.0887149704956292     
   1.9494673057959206            1.3924766469970860            2.2627745513702648     
   1.9494673057959206            1.3924766469970860            2.4368341322449010     
   1.9494673057959206            1.3924766469970860            2.6108937131195367     
   1.9494673057959206            1.3924766469970860            2.7849532939941724     
   1.9494673057959206            1.3924766469970860            2.9590128748688080     
   1.9494673057959206            1.3924766469970860            3.1330724557434433     
   1.9494673057959206            1.5317243116967947            0.0000000000000000     
   1.9494673057959206            1.5317243116967947           0.17405958087463577     
   1.9494673057959206            1.5317243116967947           0.34811916174927154     
   1.9494673057959206            1.5317243116967947           0.52217874262390729     
   1.9494673057959206            1.5317243116967947           0.69623832349854309     
   1.9494673057959206            1.5317243116967947           0.87029790437317889     
   1.9494673057959206            1.5317243116967947            1.0443574852478146     
   1.9494673057959206            1.5317243116967947            1.2184170661224505     
   1.9494673057959206            1.5317243116967947            1.3924766469970862     
   1.9494673057959206            1.5317243116967947            1.5665362278717216     
   1.9494673057959206            1.5317243116967947            1.7405958087463578     
   1.9494673057959206            1.5317243116967947            1.9146553896209932     
   1.9494673057959206            1.5317243116967947            2.0887149704956292     
   1.9494673057959206            1.5317243116967947            2.2627745513702648     
   1.9494673057959206            1.5317243116967947            2.4368341322449010     
   1.9494673057959206            1.5317243116967947            2.6108937131195367     
   1.9494673057959206            1.5317243116967947            2.7849532939941724     
   1.9494673057959206            1.5317243116967947            2.9590128748688080     
   1.9494673057959206            1.5317243116967947            3.1330724557434433     
   1.9494673057959206            1.6709719763965032            0.0000000000000000     
   1.9494673057959206            1.6709719763965032           0.17405958087463577     
   1.9494673057959206            1.6709719763965032           0.34811916174927154     
   1.9494673057959206            1.6709719763965032           0.52217874262390729     
   1.9494673057959206            1.6709719763965032           0.69623832349854309     
   1.9494673057959206            1.6709719763965032           0.87029790437317889     
   1.9494673057959206            1.6709719763965032            1.0443574852478146     
   1.9494673057959206            1.6709719763965032            1.2184170661224505     
   1.9494673057959206            1.6709719763965032            1.3924766469970862     
   1.9494673057959206            1.6709719763965032            1.5665362278717216     
   1.9494673057959206            1.6709719763965032            1.7405958087463578     
   1.9494673057959206            1.6709719763965032            1.9146553896209932     
   1.9494673057959206            1.6709719763965032            2.0887149704956292     
   1.9494673057959206            1.6709719763965032            2.2627745513702648     
   1.9494673057959206            1.6709719763965032            2.4368341322449010     
   1.9494673057959206            1.6709719763965032            2.6108937131195367     
   1.9494673057959206            1.6709719763965032            2.7849532939941724     
   1.9494673057959206            1.6709719763965032            2.9590128748688080     
   1.9494673057959206            1.6709719763965032            3.1330724557434433     
   1.9494673057959206            1.8102196410962119            0.0000000000000000     
   1.9494673057959206            1.8102196410962119           0.17405958087463577     
   1.9494673057959206            1.8102196410962119           0.34811916174927154     
   1.9494673057959206            1.8102196410962119           0.52217874262390729     
   1.9494673057959206            1.8102196410962119           0.69623832349854309     
   1.9494673057959206            1.8102196410962119           0.87029790437317889     
   1.9494673057959206            1.8102196410962119            1.0443574852478146     
   1.9494673057959206            1.8102196410962119            1.2184170661224505     
   1.9494673057959206            1.8102196410962119            1.3924766469970862     
   1.9494673057959206            1.8102196410962119            1.5665362278717216     
   1.9494673057959206            1.8102196410962119            1.7405958087463578     
   1.9494673057959206            1.8102196410962119            1.9146553896209932     
   1.9494673057959206            1.8102196410962119            2.0887149704956292     
   1.9494673057959206            1.8102196410962119            2.2627745513702648     
   1.9494673057959206            1.8102196410962119            2.4368341322449010     
   1.9494673057959206            1.8102196410962119            2.6108937131195367     
   1.9494673057959206            1.8102196410962119            2.7849532939941724     
   1.9494673057959206            1.8102196410962119            2.9590128748688080     
   1.9494673057959206            1.8102196410962119            3.1330724557434433     
   1.9494673057959206            1.9494673057959206            0.0000000000000000     
   1.9494673057959206            1.9494673057959206           0.17405958087463577     
   1.9494673057959206            1.9494673057959206           0.34811916174927154     
   1.9494673057959206            1.9494673057959206           0.52217874262390729     
   1.9494673057959206            1.9494673057959206           0.69623832349854309     
   1.9494673057959206            1.9494673057959206           0.87029790437317889     
   1.9494673057959206            1.9494673057959206            1.0443574852478146     
   1.9494673057959206            1.9494673057959206            1.2184170661224505     
   1.9494673057959206            1.9494673057959206            1.3924766469970862     
   1.9494673057959206            1.9494673057959206            1.5665362278717216     
   1.9494673057959206            1.9494673057959206            1.7405958087463578     
   1.9494673057959206            1.9494673057959206            1.9146553896209932     
   1.9494673057959206            1.9494673057959206            2.0887149704956292     
   1.9494673057959206            1.9494673057959206            2.2627745513702648     
   1.9494673057959206            1.9494673057959206            2.4368341322449010     
   1.9494673057959206            1.9494673057959206            2.6108937131195367     
   1.9494673057959206            1.9494673057959206            2.7849532939941724     
   1.9494673057959206            1.9494673057959206            2.9590128748688080     
   1.9494673057959206            1.9494673057959206            3.1330724557434433     
   1.9494673057959206            2.0887149704956292            0.0000000000000000     
   1.9494673057959206            2.0887149704956292           0.17405958087463577     
   1.9494673057959206            2.0887149704956292           0.34811916174927154     
   1.9494673057959206            2.0887149704956292           0.52217874262390729     
   1.9494673057959206            2.0887149704956292           0.69623832349854309     
   1.9494673057959206            2.0887149704956292           0.87029790437317889     
   1.9494673057959206            2.0887149704956292            1.0443574852478146     
   1.9494673057959206            2.0887149704956292            1.2184170661224505     
   1.9494673057959206            2.0887149704956292            1.3924766469970862     
   1.9494673057959206            2.0887149704956292            1.5665362278717216     
   1.9494673057959206            2.0887149704956292            1.7405958087463578     
   1.9494673057959206            2.0887149704956292            1.9146553896209932     
   1.9494673057959206            2.0887149704956292            2.0887149704956292     
   1.9494673057959206            2.0887149704956292            2.2627745513702648     
   1.9494673057959206            2.0887149704956292            2.4368341322449010     
   1.9494673057959206            2.0887149704956292            2.6108937131195367     
   1.9494673057959206            2.0887149704956292            2.7849532939941724     
   1.9494673057959206            2.0887149704956292            2.9590128748688080     
   1.9494673057959206            2.0887149704956292            3.1330724557434433     
   1.9494673057959206            2.2279626351953374            0.0000000000000000     
   1.9494673057959206            2.2279626351953374           0.17405958087463577     
   1.9494673057959206            2.2279626351953374           0.34811916174927154     
   1.9494673057959206            2.2279626351953374           0.52217874262390729     
   1.9494673057959206            2.2279626351953374           0.69623832349854309     
   1.9494673057959206            2.2279626351953374           0.87029790437317889     
   1.9494673057959206            2.2279626351953374            1.0443574852478146     
   1.9494673057959206            2.2279626351953374            1.2184170661224505     
   1.9494673057959206            2.2279626351953374            1.3924766469970862     
   1.9494673057959206            2.2279626351953374            1.5665362278717216     
   1.9494673057959206            2.2279626351953374            1.7405958087463578     
   1.9494673057959206            2.2279626351953374            1.9146553896209932     
   1.9494673057959206            2.2279626351953374            2.0887149704956292     
   1.9494673057959206            2.2279626351953374            2.2627745513702648     
   1.9494673057959206            2.2279626351953374            2.4368341322449010     
   1.9494673057959206            2.2279626351953374            2.6108937131195367     
   1.9494673057959206            2.2279626351953374            2.7849532939941724     
   1.9494673057959206            2.2279626351953374            2.9590128748688080     
   1.9494673057959206            2.2279626351953374            3.1330724557434433     
   1.9494673057959206            2.3672102998950462            0.0000000000000000     
   1.9494673057959206            2.3672102998950462           0.17405958087463577     
   1.9494673057959206            2.3672102998950462           0.34811916174927154     
   1.9494673057959206            2.3672102998950462           0.52217874262390729     
   1.9494673057959206            2.3672102998950462           0.69623832349854309     
   1.9494673057959206            2.3672102998950462           0.87029790437317889     
   1.9494673057959206            2.3672102998950462            1.0443574852478146     
   1.9494673057959206            2.3672102998950462            1.2184170661224505     
   1.9494673057959206            2.3672102998950462            1.3924766469970862     
   1.9494673057959206            2.3672102998950462            1.5665362278717216     
   1.9494673057959206            2.3672102998950462            1.7405958087463578     
   1.9494673057959206            2.3672102998950462            1.9146553896209932     
   1.9494673057959206            2.3672102998950462            2.0887149704956292     
   1.9494673057959206            2.3672102998950462            2.2627745513702648     
   1.9494673057959206            2.3672102998950462            2.4368341322449010     
   1.9494673057959206            2.3672102998950462            2.6108937131195367     
   1.9494673057959206            2.3672102998950462            2.7849532939941724     
   1.9494673057959206            2.3672102998950462            2.9590128748688080     
   1.9494673057959206            2.3672102998950462            3.1330724557434433     
   1.9494673057959206            2.5064579645947545            0.0000000000000000     
   1.9494673057959206            2.5064579645947545           0.17405958087463577     
   1.9494673057959206            2.5064579645947545           0.34811916174927154     
   1.9494673057959206            2.5064579645947545           0.52217874262390729     
   1.9494673057959206            2.5064579645947545           0.69623832349854309     
   1.9494673057959206            2.5064579645947545           0.87029790437317889     
   1.9494673057959206            2.5064579645947545            1.0443574852478146     
   1.9494673057959206            2.5064579645947545            1.2184170661224505     
   1.9494673057959206            2.5064579645947545            1.3924766469970862     
   1.9494673057959206            2.5064579645947545            1.5665362278717216     
   1.9494673057959206            2.5064579645947545            1.7405958087463578     
   1.9494673057959206            2.5064579645947545            1.9146553896209932     
   1.9494673057959206            2.5064579645947545            2.0887149704956292     
   1.9494673057959206            2.5064579645947545            2.2627745513702648     
   1.9494673057959206            2.5064579645947545            2.4368341322449010     
   1.9494673057959206            2.5064579645947545            2.6108937131195367     
   1.9494673057959206            2.5064579645947545            2.7849532939941724     
   1.9494673057959206            2.5064579645947545            2.9590128748688080     
   1.9494673057959206            2.5064579645947545            3.1330724557434433     
   2.0887149704956292            0.0000000000000000            0.0000000000000000     
   2.0887149704956292            0.0000000000000000           0.17405958087463577     
   2.0887149704956292            0.0000000000000000           0.34811916174927154     
   2.0887149704956292            0.0000000000000000           0.52217874262390729     
   2.0887149704956292            0.0000000000000000           0.69623832349854309     
   2.0887149704956292            0.0000000000000000           0.87029790437317889     
   2.0887149704956292            0.0000000000000000            1.0443574852478146     
   2.0887149704956292            0.0000000000000000            1.2184170661224505     
   2.0887149704956292            0.0000000000000000            1.3924766469970862     
   2.0887149704956292            0.0000000000000000            1.5665362278717216     
   2.0887149704956292            0.0000000000000000            1.7405958087463578     
   2.0887149704956292            0.0000000000000000            1.9146553896209932     
   2.0887149704956292            0.0000000000000000            2.0887149704956292     
   2.0887149704956292            0.0000000000000000            2.2627745513702648     
   2.0887149704956292            0.0000000000000000            2.4368341322449010     
   2.0887149704956292            0.0000000000000000            2.6108937131195367     
   2.0887149704956292            0.0000000000000000            2.7849532939941724     
   2.0887149704956292            0.0000000000000000            2.9590128748688080     
   2.0887149704956292            0.0000000000000000            3.1330724557434433     
   2.0887149704956292           0.13924766469970859            0.0000000000000000     
   2.0887149704956292           0.13924766469970859           0.17405958087463577     
   2.0887149704956292           0.13924766469970859           0.34811916174927154     
   2.0887149704956292           0.13924766469970859           0.52217874262390729     
   2.0887149704956292           0.13924766469970859           0.69623832349854309     
   2.0887149704956292           0.13924766469970859           0.87029790437317889     
   2.0887149704956292           0.13924766469970859            1.0443574852478146     
   2.0887149704956292           0.13924766469970859            1.2184170661224505     
   2.0887149704956292           0.13924766469970859            1.3924766469970862     
   2.0887149704956292           0.13924766469970859            1.5665362278717216     
   2.0887149704956292           0.13924766469970859            1.7405958087463578     
   2.0887149704956292           0.13924766469970859            1.9146553896209932     
   2.0887149704956292           0.13924766469970859            2.0887149704956292     
   2.0887149704956292           0.13924766469970859            2.2627745513702648     
   2.0887149704956292           0.13924766469970859            2.4368341322449010     
   2.0887149704956292           0.13924766469970859            2.6108937131195367     
   2.0887149704956292           0.13924766469970859            2.7849532939941724     
   2.0887149704956292           0.13924766469970859            2.9590128748688080     
   2.0887149704956292           0.13924766469970859            3.1330724557434433     
   2.0887149704956292           0.27849532939941718            0.0000000000000000     
   2.0887149704956292           0.27849532939941718           0.17405958087463577     
   2.0887149704956292           0.27849532939941718           0.34811916174927154     
   2.0887149704956292           0.27849532939941718           0.52217874262390729     
   2.0887149704956292           0.27849532939941718           0.69623832349854309     
   2.0887149704956292           0.27849532939941718           0.87029790437317889     
   2.0887149704956292           0.27849532939941718            1.0443574852478146     
   2.0887149704956292           0.27849532939941718            1.2184170661224505     
   2.0887149704956292           0.27849532939941718            1.3924766469970862     
   2.0887149704956292           0.27849532939941718            1.5665362278717216     
   2.0887149704956292           0.27849532939941718            1.7405958087463578     
   2.0887149704956292           0.27849532939941718            1.9146553896209932     
   2.0887149704956292           0.27849532939941718            2.0887149704956292     
   2.0887149704956292           0.27849532939941718            2.2627745513702648     
   2.0887149704956292           0.27849532939941718            2.4368341322449010     
   2.0887149704956292           0.27849532939941718            2.6108937131195367     
   2.0887149704956292           0.27849532939941718            2.7849532939941724     
   2.0887149704956292           0.27849532939941718            2.9590128748688080     
   2.0887149704956292           0.27849532939941718            3.1330724557434433     
   2.0887149704956292           0.41774299409912580            0.0000000000000000     
   2.0887149704956292           0.41774299409912580           0.17405958087463577     
   2.0887149704956292           0.41774299409912580           0.34811916174927154     
   2.0887149704956292           0.41774299409912580           0.52217874262390729     
   2.0887149704956292           0.41774299409912580           0.69623832349854309     
   2.0887149704956292           0.41774299409912580           0.87029790437317889     
   2.0887149704956292           0.41774299409912580            1.0443574852478146     
   2.0887149704956292           0.41774299409912580            1.2184170661224505     
   2.0887149704956292           0.41774299409912580            1.3924766469970862     
   2.0887149704956292           0.41774299409912580            1.5665362278717216     
   2.0887149704956292           0.41774299409912580            1.7405958087463578     
   2.0887149704956292           0.41774299409912580            1.9146553896209932     
   2.0887149704956292           0.41774299409912580            2.0887149704956292     
   2.0887149704956292           0.41774299409912580            2.2627745513702648     
   2.0887149704956292           0.41774299409912580            2.4368341322449010     
   2.0887149704956292           0.41774299409912580            2.6108937131195367     
   2.0887149704956292           0.41774299409912580            2.7849532939941724     
   2.0887149704956292           0.41774299409912580            2.9590128748688080     
   2.0887149704956292           0.41774299409912580            3.1330724557434433     
   2.0887149704956292           0.55699065879883436            0.0000000000000000     
   2.0887149704956292           0.55699065879883436           0.17405958087463577     
   2.0887149704956292           0.55699065879883436           0.34811916174927154     
   2.0887149704956292           0.55699065879883436           0.52217874262390729     
   2.0887149704956292           0.55699065879883436           0.69623832349854309     
   2.0887149704956292           0.55699065879883436           0.87029790437317889     
   2.0887149704956292           0.55699065879883436            1.0443574852478146     
   2.0887149704956292           0.55699065879883436            1.2184170661224505     
   2.0887149704956292           0.55699065879883436            1.3924766469970862     
   2.0887149704956292           0.55699065879883436            1.5665362278717216     
   2.0887149704956292           0.55699065879883436            1.7405958087463578     
   2.0887149704956292           0.55699065879883436            1.9146553896209932     
   2.0887149704956292           0.55699065879883436            2.0887149704956292     
   2.0887149704956292           0.55699065879883436            2.2627745513702648     
   2.0887149704956292           0.55699065879883436            2.4368341322449010     
   2.0887149704956292           0.55699065879883436            2.6108937131195367     
   2.0887149704956292           0.55699065879883436            2.7849532939941724     
   2.0887149704956292           0.55699065879883436            2.9590128748688080     
   2.0887149704956292           0.55699065879883436            3.1330724557434433     
   2.0887149704956292           0.69623832349854298            0.0000000000000000     
   2.0887149704956292           0.69623832349854298           0.17405958087463577     
   2.0887149704956292           0.69623832349854298           0.34811916174927154     
   2.0887149704956292           0.69623832349854298           0.52217874262390729     
   2.0887149704956292           0.69623832349854298           0.69623832349854309     
   2.0887149704956292           0.69623832349854298           0.87029790437317889     
   2.0887149704956292           0.69623832349854298            1.0443574852478146     
   2.0887149704956292           0.69623832349854298            1.2184170661224505     
   2.0887149704956292           0.69623832349854298            1.3924766469970862     
   2.0887149704956292           0.69623832349854298            1.5665362278717216     
   2.0887149704956292           0.69623832349854298            1.7405958087463578     
   2.0887149704956292           0.69623832349854298            1.9146553896209932     
   2.0887149704956292           0.69623832349854298            2.0887149704956292     
   2.0887149704956292           0.69623832349854298            2.2627745513702648     
   2.0887149704956292           0.69623832349854298            2.4368341322449010     
   2.0887149704956292           0.69623832349854298            2.6108937131195367     
   2.0887149704956292           0.69623832349854298            2.7849532939941724     
   2.0887149704956292           0.69623832349854298            2.9590128748688080     
   2.0887149704956292           0.69623832349854298            3.1330724557434433     
   2.0887149704956292           0.83548598819825159            0.0000000000000000     
   2.0887149704956292           0.83548598819825159           0.17405958087463577     
   2.0887149704956292           0.83548598819825159           0.34811916174927154     
   2.0887149704956292           0.83548598819825159           0.52217874262390729     
   2.0887149704956292           0.83548598819825159           0.69623832349854309     
   2.0887149704956292           0.83548598819825159           0.87029790437317889     
   2.0887149704956292           0.83548598819825159            1.0443574852478146     
   2.0887149704956292           0.83548598819825159            1.2184170661224505     
   2.0887149704956292           0.83548598819825159            1.3924766469970862     
   2.0887149704956292           0.83548598819825159            1.5665362278717216     
   2.0887149704956292           0.83548598819825159            1.7405958087463578     
   2.0887149704956292           0.83548598819825159            1.9146553896209932     
   2.0887149704956292           0.83548598819825159            2.0887149704956292     
   2.0887149704956292           0.83548598819825159            2.2627745513702648     
   2.0887149704956292           0.83548598819825159            2.4368341322449010     
   2.0887149704956292           0.83548598819825159            2.6108937131195367     
   2.0887149704956292           0.83548598819825159            2.7849532939941724     
   2.0887149704956292           0.83548598819825159            2.9590128748688080     
   2.0887149704956292           0.83548598819825159            3.1330724557434433     
   2.0887149704956292           0.97473365289796032            0.0000000000000000     
   2.0887149704956292           0.97473365289796032           0.17405958087463577     
   2.0887149704956292           0.97473365289796032           0.34811916174927154     
   2.0887149704956292           0.97473365289796032           0.52217874262390729     
   2.0887149704956292           0.97473365289796032           0.69623832349854309     
   2.0887149704956292           0.97473365289796032           0.87029790437317889     
   2.0887149704956292           0.97473365289796032            1.0443574852478146     
   2.0887149704956292           0.97473365289796032            1.2184170661224505     
   2.0887149704956292           0.97473365289796032            1.3924766469970862     
   2.0887149704956292           0.97473365289796032            1.5665362278717216     
   2.0887149704956292           0.97473365289796032            1.7405958087463578     
   2.0887149704956292           0.97473365289796032            1.9146553896209932     
   2.0887149704956292           0.97473365289796032            2.0887149704956292     
   2.0887149704956292           0.97473365289796032            2.2627745513702648     
   2.0887149704956292           0.97473365289796032            2.4368341322449010     
   2.0887149704956292           0.97473365289796032            2.6108937131195367     
   2.0887149704956292           0.97473365289796032            2.7849532939941724     
   2.0887149704956292           0.97473365289796032            2.9590128748688080     
   2.0887149704956292           0.97473365289796032            3.1330724557434433     
   2.0887149704956292            1.1139813175976687            0.0000000000000000     
   2.0887149704956292            1.1139813175976687           0.17405958087463577     
   2.0887149704956292            1.1139813175976687           0.34811916174927154     
   2.0887149704956292            1.1139813175976687           0.52217874262390729     
   2.0887149704956292            1.1139813175976687           0.69623832349854309     
   2.0887149704956292            1.1139813175976687           0.87029790437317889     
   2.0887149704956292            1.1139813175976687            1.0443574852478146     
   2.0887149704956292            1.1139813175976687            1.2184170661224505     
   2.0887149704956292            1.1139813175976687            1.3924766469970862     
   2.0887149704956292            1.1139813175976687            1.5665362278717216     
   2.0887149704956292            1.1139813175976687            1.7405958087463578     
   2.0887149704956292            1.1139813175976687            1.9146553896209932     
   2.0887149704956292            1.1139813175976687            2.0887149704956292     
   2.0887149704956292            1.1139813175976687            2.2627745513702648     
   2.0887149704956292            1.1139813175976687            2.4368341322449010     
   2.0887149704956292            1.1139813175976687            2.6108937131195367     
   2.0887149704956292            1.1139813175976687            2.7849532939941724     
   2.0887149704956292            1.1139813175976687            2.9590128748688080     
   2.0887149704956292            1.1139813175976687            3.1330724557434433     
   2.0887149704956292            1.2532289822973772            0.0000000000000000     
   2.0887149704956292            1.2532289822973772           0.17405958087463577     
   2.0887149704956292            1.2532289822973772           0.34811916174927154     
   2.0887149704956292            1.2532289822973772           0.52217874262390729     
   2.0887149704956292            1.2532289822973772           0.69623832349854309     
   2.0887149704956292            1.2532289822973772           0.87029790437317889     
   2.0887149704956292            1.2532289822973772            1.0443574852478146     
   2.0887149704956292            1.2532289822973772            1.2184170661224505     
   2.0887149704956292            1.2532289822973772            1.3924766469970862     
   2.0887149704956292            1.2532289822973772            1.5665362278717216     
   2.0887149704956292            1.2532289822973772            1.7405958087463578     
   2.0887149704956292            1.2532289822973772            1.9146553896209932     
   2.0887149704956292            1.2532289822973772            2.0887149704956292     
   2.0887149704956292            1.2532289822973772            2.2627745513702648     
   2.0887149704956292            1.2532289822973772            2.4368341322449010     
   2.0887149704956292            1.2532289822973772            2.6108937131195367     
   2.0887149704956292            1.2532289822973772            2.7849532939941724     
   2.0887149704956292            1.2532289822973772            2.9590128748688080     
   2.0887149704956292            1.2532289822973772            3.1330724557434433     
   2.0887149704956292            1.3924766469970860            0.0000000000000000     
   2.0887149704956292            1.3924766469970860           0.17405958087463577     
   2.0887149704956292            1.3924766469970860           0.34811916174927154     
   2.0887149704956292            1.3924766469970860           0.52217874262390729     
   2.0887149704956292            1.3924766469970860           0.69623832349854309     
   2.0887149704956292            1.3924766469970860           0.87029790437317889     
   2.0887149704956292            1.3924766469970860            1.0443574852478146     
   2.0887149704956292            1.3924766469970860            1.2184170661224505     
   2.0887149704956292            1.3924766469970860            1.3924766469970862     
   2.0887149704956292            1.3924766469970860            1.5665362278717216     
   2.0887149704956292            1.3924766469970860            1.7405958087463578     
   2.0887149704956292            1.3924766469970860            1.9146553896209932     
   2.0887149704956292            1.3924766469970860            2.0887149704956292     
   2.0887149704956292            1.3924766469970860            2.2627745513702648     
   2.0887149704956292            1.3924766469970860            2.4368341322449010     
   2.0887149704956292            1.3924766469970860            2.6108937131195367     
   2.0887149704956292            1.3924766469970860            2.7849532939941724     
   2.0887149704956292            1.3924766469970860            2.9590128748688080     
   2.0887149704956292            1.3924766469970860            3.1330724557434433     
   2.0887149704956292            1.5317243116967947            0.0000000000000000     
   2.0887149704956292            1.5317243116967947           0.17405958087463577     
   2.0887149704956292            1.5317243116967947           0.34811916174927154     
   2.0887149704956292            1.5317243116967947           0.52217874262390729     
   2.0887149704956292            1.5317243116967947           0.69623832349854309     
   2.0887149704956292            1.5317243116967947           0.87029790437317889     
   2.0887149704956292            1.5317243116967947            1.0443574852478146     
   2.0887149704956292            1.5317243116967947            1.2184170661224505     
   2.0887149704956292            1.5317243116967947            1.3924766469970862     
   2.0887149704956292            1.5317243116967947            1.5665362278717216     
   2.0887149704956292            1.5317243116967947            1.7405958087463578     
   2.0887149704956292            1.5317243116967947            1.9146553896209932     
   2.0887149704956292            1.5317243116967947            2.0887149704956292     
   2.0887149704956292            1.5317243116967947            2.2627745513702648     
   2.0887149704956292            1.5317243116967947            2.4368341322449010     
   2.0887149704956292            1.5317243116967947            2.6108937131195367     
   2.0887149704956292            1.5317243116967947            2.7849532939941724     
   2.0887149704956292            1.5317243116967947            2.9590128748688080     
   2.0887149704956292            1.5317243116967947            3.1330724557434433     
   2.0887149704956292            1.6709719763965032            0.0000000000000000     
   2.0887149704956292            1.6709719763965032           0.17405958087463577     
   2.0887149704956292            1.6709719763965032           0.34811916174927154     
   2.0887149704956292            1.6709719763965032           0.52217874262390729     
   2.0887149704956292            1.6709719763965032           0.69623832349854309     
   2.0887149704956292            1.6709719763965032           0.87029790437317889     
   2.0887149704956292            1.6709719763965032            1.0443574852478146     
   2.0887149704956292            1.6709719763965032            1.2184170661224505     
   2.0887149704956292            1.6709719763965032            1.3924766469970862     
   2.0887149704956292            1.6709719763965032            1.5665362278717216     
   2.0887149704956292            1.6709719763965032            1.7405958087463578     
   2.0887149704956292            1.6709719763965032            1.9146553896209932     
   2.0887149704956292            1.6709719763965032            2.0887149704956292     
   2.0887149704956292            1.6709719763965032            2.2627745513702648     
   2.0887149704956292            1.6709719763965032            2.4368341322449010     
   2.0887149704956292            1.6709719763965032            2.6108937131195367     
   2.0887149704956292            1.6709719763965032            2.7849532939941724     
   2.0887149704956292            1.6709719763965032            2.9590128748688080     
   2.0887149704956292            1.6709719763965032            3.1330724557434433     
   2.0887149704956292            1.8102196410962119            0.0000000000000000     
   2.0887149704956292            1.8102196410962119           0.17405958087463577     
   2.0887149704956292            1.8102196410962119           0.34811916174927154     
   2.0887149704956292            1.8102196410962119           0.52217874262390729     
   2.0887149704956292            1.8102196410962119           0.69623832349854309     
   2.0887149704956292            1.8102196410962119           0.87029790437317889     
   2.0887149704956292            1.8102196410962119            1.0443574852478146     
   2.0887149704956292            1.8102196410962119            1.2184170661224505     
   2.0887149704956292            1.8102196410962119            1.3924766469970862     
   2.0887149704956292            1.8102196410962119            1.5665362278717216     
   2.0887149704956292            1.8102196410962119            1.7405958087463578     
   2.0887149704956292            1.8102196410962119            1.9146553896209932     
   2.0887149704956292            1.8102196410962119            2.0887149704956292     
   2.0887149704956292            1.8102196410962119            2.2627745513702648     
   2.0887149704956292            1.8102196410962119            2.4368341322449010     
   2.0887149704956292            1.8102196410962119            2.6108937131195367     
   2.0887149704956292            1.8102196410962119            2.7849532939941724     
   2.0887149704956292            1.8102196410962119            2.9590128748688080     
   2.0887149704956292            1.8102196410962119            3.1330724557434433     
   2.0887149704956292            1.9494673057959206            0.0000000000000000     
   2.0887149704956292            1.9494673057959206           0.17405958087463577     
   2.0887149704956292            1.9494673057959206           0.34811916174927154     
   2.0887149704956292            1.9494673057959206           0.52217874262390729     
   2.0887149704956292            1.9494673057959206           0.69623832349854309     
   2.0887149704956292            1.9494673057959206           0.87029790437317889     
   2.0887149704956292            1.9494673057959206            1.0443574852478146     
   2.0887149704956292            1.9494673057959206            1.2184170661224505     
   2.0887149704956292            1.9494673057959206            1.3924766469970862     
   2.0887149704956292            1.9494673057959206            1.5665362278717216     
   2.0887149704956292            1.9494673057959206            1.7405958087463578     
   2.0887149704956292            1.9494673057959206            1.9146553896209932     
   2.0887149704956292            1.9494673057959206            2.0887149704956292     
   2.0887149704956292            1.9494673057959206            2.2627745513702648     
   2.0887149704956292            1.9494673057959206            2.4368341322449010     
   2.0887149704956292            1.9494673057959206            2.6108937131195367     
   2.0887149704956292            1.9494673057959206            2.7849532939941724     
   2.0887149704956292            1.9494673057959206            2.9590128748688080     
   2.0887149704956292            1.9494673057959206            3.1330724557434433     
   2.0887149704956292            2.0887149704956292            0.0000000000000000     
   2.0887149704956292            2.0887149704956292           0.17405958087463577     
   2.0887149704956292            2.0887149704956292           0.34811916174927154     
   2.0887149704956292            2.0887149704956292           0.52217874262390729     
   2.0887149704956292            2.0887149704956292           0.69623832349854309     
   2.0887149704956292            2.0887149704956292           0.87029790437317889     
   2.0887149704956292            2.0887149704956292            1.0443574852478146     
   2.0887149704956292            2.0887149704956292            1.2184170661224505     
   2.0887149704956292            2.0887149704956292            1.3924766469970862     
   2.0887149704956292            2.0887149704956292            1.5665362278717216     
   2.0887149704956292            2.0887149704956292            1.7405958087463578     
   2.0887149704956292            2.0887149704956292            1.9146553896209932     
   2.0887149704956292            2.0887149704956292            2.0887149704956292     
   2.0887149704956292            2.0887149704956292            2.2627745513702648     
   2.0887149704956292            2.0887149704956292            2.4368341322449010     
   2.0887149704956292            2.0887149704956292            2.6108937131195367     
   2.0887149704956292            2.0887149704956292            2.7849532939941724     
   2.0887149704956292            2.0887149704956292            2.9590128748688080     
   2.0887149704956292            2.0887149704956292            3.1330724557434433     
   2.0887149704956292            2.2279626351953374            0.0000000000000000     
   2.0887149704956292            2.2279626351953374           0.17405958087463577     
   2.0887149704956292            2.2279626351953374           0.34811916174927154     
   2.0887149704956292            2.2279626351953374           0.52217874262390729     
   2.0887149704956292            2.2279626351953374           0.69623832349854309     
   2.0887149704956292            2.2279626351953374           0.87029790437317889     
   2.0887149704956292            2.2279626351953374            1.0443574852478146     
   2.0887149704956292            2.2279626351953374            1.2184170661224505     
   2.0887149704956292            2.2279626351953374            1.3924766469970862     
   2.0887149704956292            2.2279626351953374            1.5665362278717216     
   2.0887149704956292            2.2279626351953374            1.7405958087463578     
   2.0887149704956292            2.2279626351953374            1.9146553896209932     
   2.0887149704956292            2.2279626351953374            2.0887149704956292     
   2.0887149704956292            2.2279626351953374            2.2627745513702648     
   2.0887149704956292            2.2279626351953374            2.4368341322449010     
   2.0887149704956292            2.2279626351953374            2.6108937131195367     
   2.0887149704956292            2.2279626351953374            2.7849532939941724     
   2.0887149704956292            2.2279626351953374            2.9590128748688080     
   2.0887149704956292            2.2279626351953374            3.1330724557434433     
   2.0887149704956292            2.3672102998950462            0.0000000000000000     
   2.0887149704956292            2.3672102998950462           0.17405958087463577     
   2.0887149704956292            2.3672102998950462           0.34811916174927154     
   2.0887149704956292            2.3672102998950462           0.52217874262390729     
   2.0887149704956292            2.3672102998950462           0.69623832349854309     
   2.0887149704956292            2.3672102998950462           0.87029790437317889     
   2.0887149704956292            2.3672102998950462            1.0443574852478146     
   2.0887149704956292            2.3672102998950462            1.2184170661224505     
   2.0887149704956292            2.3672102998950462            1.3924766469970862     
   2.0887149704956292            2.3672102998950462            1.5665362278717216     
   2.0887149704956292            2.3672102998950462            1.7405958087463578     
   2.0887149704956292            2.3672102998950462            1.9146553896209932     
   2.0887149704956292            2.3672102998950462            2.0887149704956292     
   2.0887149704956292            2.3672102998950462            2.2627745513702648     
   2.0887149704956292            2.3672102998950462            2.4368341322449010     
   2.0887149704956292            2.3672102998950462            2.6108937131195367     
   2.0887149704956292            2.3672102998950462            2.7849532939941724     
   2.0887149704956292            2.3672102998950462            2.9590128748688080     
   2.0887149704956292            2.3672102998950462            3.1330724557434433     
   2.0887149704956292            2.5064579645947545            0.0000000000000000     
   2.0887149704956292            2.5064579645947545           0.17405958087463577     
   2.0887149704956292            2.5064579645947545           0.34811916174927154     
   2.0887149704956292            2.5064579645947545           0.52217874262390729     
   2.0887149704956292            2.5064579645947545           0.69623832349854309     
   2.0887149704956292            2.5064579645947545           0.87029790437317889     
   2.0887149704956292            2.5064579645947545            1.0443574852478146     
   2.0887149704956292            2.5064579645947545            1.2184170661224505     
   2.0887149704956292            2.5064579645947545            1.3924766469970862     
   2.0887149704956292            2.5064579645947545            1.5665362278717216     
   2.0887149704956292            2.5064579645947545            1.7405958087463578     
   2.0887149704956292            2.5064579645947545            1.9146553896209932     
   2.0887149704956292            2.5064579645947545            2.0887149704956292     
   2.0887149704956292            2.5064579645947545            2.2627745513702648     
   2.0887149704956292            2.5064579645947545            2.4368341322449010     
   2.0887149704956292            2.5064579645947545            2.6108937131195367     
   2.0887149704956292            2.5064579645947545            2.7849532939941724     
   2.0887149704956292            2.5064579645947545            2.9590128748688080     
   2.0887149704956292            2.5064579645947545            3.1330724557434433     
   2.2279626351953374            0.0000000000000000            0.0000000000000000     
   2.2279626351953374            0.0000000000000000           0.17405958087463577     
   2.2279626351953374            0.0000000000000000           0.34811916174927154     
   2.2279626351953374            0.0000000000000000           0.52217874262390729     
   2.2279626351953374            0.0000000000000000           0.69623832349854309     
   2.2279626351953374            0.0000000000000000           0.87029790437317889     
   2.2279626351953374            0.0000000000000000            1.0443574852478146     
   2.2279626351953374            0.0000000000000000            1.2184170661224505     
   2.2279626351953374            0.0000000000000000            1.3924766469970862     
   2.2279626351953374            0.0000000000000000            1.5665362278717216     
   2.2279626351953374            0.0000000000000000            1.7405958087463578     
   2.2279626351953374            0.0000000000000000            1.9146553896209932     
   2.2279626351953374            0.0000000000000000            2.0887149704956292     
   2.2279626351953374            0.0000000000000000            2.2627745513702648     
   2.2279626351953374            0.0000000000000000            2.4368341322449010     
   2.2279626351953374            0.0000000000000000            2.6108937131195367     
   2.2279626351953374            0.0000000000000000            2.7849532939941724     
   2.2279626351953374            0.0000000000000000            2.9590128748688080     
   2.2279626351953374            0.0000000000000000            3.1330724557434433     
   2.2279626351953374           0.13924766469970859            0.0000000000000000     
   2.2279626351953374           0.13924766469970859           0.17405958087463577     
   2.2279626351953374           0.13924766469970859           0.34811916174927154     
   2.2279626351953374           0.13924766469970859           0.52217874262390729     
   2.2279626351953374           0.13924766469970859           0.69623832349854309     
   2.2279626351953374           0.13924766469970859           0.87029790437317889     
   2.2279626351953374           0.13924766469970859            1.0443574852478146     
   2.2279626351953374           0.13924766469970859            1.2184170661224505     
   2.2279626351953374           0.13924766469970859            1.3924766469970862     
   2.2279626351953374           0.13924766469970859            1.5665362278717216     
   2.2279626351953374           0.13924766469970859            1.7405958087463578     
   2.2279626351953374           0.13924766469970859            1.9146553896209932     
   2.2279626351953374           0.13924766469970859            2.0887149704956292     
   2.2279626351953374           0.13924766469970859            2.2627745513702648     
   2.2279626351953374           0.13924766469970859            2.4368341322449010     
   2.2279626351953374           0.13924766469970859            2.6108937131195367     
   2.2279626351953374           0.13924766469970859            2.7849532939941724     
   2.2279626351953374           0.13924766469970859            2.9590128748688080     
   2.2279626351953374           0.13924766469970859            3.1330724557434433     
   2.2279626351953374           0.27849532939941718            0.0000000000000000     
   2.2279626351953374           0.27849532939941718           0.17405958087463577     
   2.2279626351953374           0.27849532939941718           0.34811916174927154     
   2.2279626351953374           0.27849532939941718           0.52217874262390729     
   2.2279626351953374           0.27849532939941718           0.69623832349854309     
   2.2279626351953374           0.27849532939941718           0.87029790437317889     
   2.2279626351953374           0.27849532939941718            1.0443574852478146     
   2.2279626351953374           0.27849532939941718            1.2184170661224505     
   2.2279626351953374           0.27849532939941718            1.3924766469970862     
   2.2279626351953374           0.27849532939941718            1.5665362278717216     
   2.2279626351953374           0.27849532939941718            1.7405958087463578     
   2.2279626351953374           0.27849532939941718            1.9146553896209932     
   2.2279626351953374           0.27849532939941718            2.0887149704956292     
   2.2279626351953374           0.27849532939941718            2.2627745513702648     
   2.2279626351953374           0.27849532939941718            2.4368341322449010     
   2.2279626351953374           0.27849532939941718            2.6108937131195367     
   2.2279626351953374           0.27849532939941718            2.7849532939941724     
   2.2279626351953374           0.27849532939941718            2.9590128748688080     
   2.2279626351953374           0.27849532939941718            3.1330724557434433     
   2.2279626351953374           0.41774299409912580            0.0000000000000000     
   2.2279626351953374           0.41774299409912580           0.17405958087463577     
   2.2279626351953374           0.41774299409912580           0.34811916174927154     
   2.2279626351953374           0.41774299409912580           0.52217874262390729     
   2.2279626351953374           0.41774299409912580           0.69623832349854309     
   2.2279626351953374           0.41774299409912580           0.87029790437317889     
   2.2279626351953374           0.41774299409912580            1.0443574852478146     
   2.2279626351953374           0.41774299409912580            1.2184170661224505     
   2.2279626351953374           0.41774299409912580            1.3924766469970862     
   2.2279626351953374           0.41774299409912580            1.5665362278717216     
   2.2279626351953374           0.41774299409912580            1.7405958087463578     
   2.2279626351953374           0.41774299409912580            1.9146553896209932     
   2.2279626351953374           0.41774299409912580            2.0887149704956292     
   2.2279626351953374           0.41774299409912580            2.2627745513702648     
   2.2279626351953374           0.41774299409912580            2.4368341322449010     
   2.2279626351953374           0.41774299409912580            2.6108937131195367     
   2.2279626351953374           0.41774299409912580            2.7849532939941724     
   2.2279626351953374           0.41774299409912580            2.9590128748688080     
   2.2279626351953374           0.41774299409912580            3.1330724557434433     
   2.2279626351953374           0.55699065879883436            0.0000000000000000     
   2.2279626351953374           0.55699065879883436           0.17405958087463577     
   2.2279626351953374           0.55699065879883436           0.34811916174927154     
   2.2279626351953374           0.55699065879883436           0.52217874262390729     
   2.2279626351953374           0.55699065879883436           0.69623832349854309     
   2.2279626351953374           0.55699065879883436           0.87029790437317889     
   2.2279626351953374           0.55699065879883436            1.0443574852478146     
   2.2279626351953374           0.55699065879883436            1.2184170661224505     
   2.2279626351953374           0.55699065879883436            1.3924766469970862     
   2.2279626351953374           0.55699065879883436            1.5665362278717216     
   2.2279626351953374           0.55699065879883436            1.7405958087463578     
   2.2279626351953374           0.55699065879883436            1.9146553896209932     
   2.2279626351953374           0.55699065879883436            2.0887149704956292     
   2.2279626351953374           0.55699065879883436            2.2627745513702648     
   2.2279626351953374           0.55699065879883436            2.4368341322449010     
   2.2279626351953374           0.55699065879883436            2.6108937131195367     
   2.2279626351953374           0.55699065879883436            2.7849532939941724     
   2.2279626351953374           0.55699065879883436            2.9590128748688080     
   2.2279626351953374           0.55699065879883436            3.1330724557434433     
   2.2279626351953374           0.69623832349854298            0.0000000000000000     
   2.2279626351953374           0.69623832349854298           0.17405958087463577     
   2.2279626351953374           0.69623832349854298           0.34811916174927154     
   2.2279626351953374           0.69623832349854298           0.52217874262390729     
   2.2279626351953374           0.69623832349854298           0.69623832349854309     
   2.2279626351953374           0.69623832349854298           0.87029790437317889     
   2.2279626351953374           0.69623832349854298            1.0443574852478146     
   2.2279626351953374           0.69623832349854298            1.2184170661224505     
   2.2279626351953374           0.69623832349854298            1.3924766469970862     
   2.2279626351953374           0.69623832349854298            1.5665362278717216     
   2.2279626351953374           0.69623832349854298            1.7405958087463578     
   2.2279626351953374           0.69623832349854298            1.9146553896209932     
   2.2279626351953374           0.69623832349854298            2.0887149704956292     
   2.2279626351953374           0.69623832349854298            2.2627745513702648     
   2.2279626351953374           0.69623832349854298            2.4368341322449010     
   2.2279626351953374           0.69623832349854298            2.6108937131195367     
   2.2279626351953374           0.69623832349854298            2.7849532939941724     
   2.2279626351953374           0.69623832349854298            2.9590128748688080     
   2.2279626351953374           0.69623832349854298            3.1330724557434433     
   2.2279626351953374           0.83548598819825159            0.0000000000000000     
   2.2279626351953374           0.83548598819825159           0.17405958087463577     
   2.2279626351953374           0.83548598819825159           0.34811916174927154     
   2.2279626351953374           0.83548598819825159           0.52217874262390729     
   2.2279626351953374           0.83548598819825159           0.69623832349854309     
   2.2279626351953374           0.83548598819825159           0.87029790437317889     
   2.2279626351953374           0.83548598819825159            1.0443574852478146     
   2.2279626351953374           0.83548598819825159            1.2184170661224505     
   2.2279626351953374           0.83548598819825159            1.3924766469970862     
   2.2279626351953374           0.83548598819825159            1.5665362278717216     
   2.2279626351953374           0.83548598819825159            1.7405958087463578     
   2.2279626351953374           0.83548598819825159            1.9146553896209932     
   2.2279626351953374           0.83548598819825159            2.0887149704956292     
   2.2279626351953374           0.83548598819825159            2.2627745513702648     
   2.2279626351953374           0.83548598819825159            2.4368341322449010     
   2.2279626351953374           0.83548598819825159            2.6108937131195367     
   2.2279626351953374           0.83548598819825159            2.7849532939941724     
   2.2279626351953374           0.83548598819825159            2.9590128748688080     
   2.2279626351953374           0.83548598819825159            3.1330724557434433     
   2.2279626351953374           0.97473365289796032            0.0000000000000000     
   2.2279626351953374           0.97473365289796032           0.17405958087463577     
   2.2279626351953374           0.97473365289796032           0.34811916174927154     
   2.2279626351953374           0.97473365289796032           0.52217874262390729     
   2.2279626351953374           0.97473365289796032           0.69623832349854309     
   2.2279626351953374           0.97473365289796032           0.87029790437317889     
   2.2279626351953374           0.97473365289796032            1.0443574852478146     
   2.2279626351953374           0.97473365289796032            1.2184170661224505     
   2.2279626351953374           0.97473365289796032            1.3924766469970862     
   2.2279626351953374           0.97473365289796032            1.5665362278717216     
   2.2279626351953374           0.97473365289796032            1.7405958087463578     
   2.2279626351953374           0.97473365289796032            1.9146553896209932     
   2.2279626351953374           0.97473365289796032            2.0887149704956292     
   2.2279626351953374           0.97473365289796032            2.2627745513702648     
   2.2279626351953374           0.97473365289796032            2.4368341322449010     
   2.2279626351953374           0.97473365289796032            2.6108937131195367     
   2.2279626351953374           0.97473365289796032            2.7849532939941724     
   2.2279626351953374           0.97473365289796032            2.9590128748688080     
   2.2279626351953374           0.97473365289796032            3.1330724557434433     
   2.2279626351953374            1.1139813175976687            0.0000000000000000     
   2.2279626351953374            1.1139813175976687           0.17405958087463577     
   2.2279626351953374            1.1139813175976687           0.34811916174927154     
   2.2279626351953374            1.1139813175976687           0.52217874262390729     
   2.2279626351953374            1.1139813175976687           0.69623832349854309     
   2.2279626351953374            1.1139813175976687           0.87029790437317889     
   2.2279626351953374            1.1139813175976687            1.0443574852478146     
   2.2279626351953374            1.1139813175976687            1.2184170661224505     
   2.2279626351953374            1.1139813175976687            1.3924766469970862     
   2.2279626351953374            1.1139813175976687            1.5665362278717216     
   2.2279626351953374            1.1139813175976687            1.7405958087463578     
   2.2279626351953374            1.1139813175976687            1.9146553896209932     
   2.2279626351953374            1.1139813175976687            2.0887149704956292     
   2.2279626351953374            1.1139813175976687            2.2627745513702648     
   2.2279626351953374            1.1139813175976687            2.4368341322449010     
   2.2279626351953374            1.1139813175976687            2.6108937131195367     
   2.2279626351953374            1.1139813175976687            2.7849532939941724     
   2.2279626351953374            1.1139813175976687            2.9590128748688080     
   2.2279626351953374            1.1139813175976687            3.1330724557434433     
   2.2279626351953374            1.2532289822973772            0.0000000000000000     
   2.2279626351953374            1.2532289822973772           0.17405958087463577     
   2.2279626351953374            1.2532289822973772           0.34811916174927154     
   2.2279626351953374            1.2532289822973772           0.52217874262390729     
   2.2279626351953374            1.2532289822973772           0.69623832349854309     
   2.2279626351953374            1.2532289822973772           0.87029790437317889     
   2.2279626351953374            1.2532289822973772            1.0443574852478146     
   2.2279626351953374            1.2532289822973772            1.2184170661224505     
   2.2279626351953374            1.2532289822973772            1.3924766469970862     
   2.2279626351953374            1.2532289822973772            1.5665362278717216     
   2.2279626351953374            1.2532289822973772            1.7405958087463578     
   2.2279626351953374            1.2532289822973772            1.9146553896209932     
   2.2279626351953374            1.2532289822973772            2.0887149704956292     
   2.2279626351953374            1.2532289822973772            2.2627745513702648     
   2.2279626351953374            1.2532289822973772            2.4368341322449010     
   2.2279626351953374            1.2532289822973772            2.6108937131195367     
   2.2279626351953374            1.2532289822973772            2.7849532939941724     
   2.2279626351953374            1.2532289822973772            2.9590128748688080     
   2.2279626351953374            1.2532289822973772            3.1330724557434433     
   2.2279626351953374            1.3924766469970860            0.0000000000000000     
   2.2279626351953374            1.3924766469970860           0.17405958087463577     
   2.2279626351953374            1.3924766469970860           0.34811916174927154     
   2.2279626351953374            1.3924766469970860           0.52217874262390729     
   2.2279626351953374            1.3924766469970860           0.69623832349854309     
   2.2279626351953374            1.3924766469970860           0.87029790437317889     
   2.2279626351953374            1.3924766469970860            1.0443574852478146     
   2.2279626351953374            1.3924766469970860            1.2184170661224505     
   2.2279626351953374            1.3924766469970860            1.3924766469970862     
   2.2279626351953374            1.3924766469970860            1.5665362278717216     
   2.2279626351953374            1.3924766469970860            1.7405958087463578     
   2.2279626351953374            1.3924766469970860            1.9146553896209932     
   2.2279626351953374            1.3924766469970860            2.0887149704956292     
   2.2279626351953374            1.3924766469970860            2.2627745513702648     
   2.2279626351953374            1.3924766469970860            2.4368341322449010     
   2.2279626351953374            1.3924766469970860            2.6108937131195367     
   2.2279626351953374            1.3924766469970860            2.7849532939941724     
   2.2279626351953374            1.3924766469970860            2.9590128748688080     
   2.2279626351953374            1.3924766469970860            3.1330724557434433     
   2.2279626351953374            1.5317243116967947            0.0000000000000000     
   2.2279626351953374            1.5317243116967947           0.17405958087463577     
   2.2279626351953374            1.5317243116967947           0.34811916174927154     
   2.2279626351953374            1.5317243116967947           0.52217874262390729     
   2.2279626351953374            1.5317243116967947           0.69623832349854309     
   2.2279626351953374            1.5317243116967947           0.87029790437317889     
   2.2279626351953374            1.5317243116967947            1.0443574852478146     
   2.2279626351953374            1.5317243116967947            1.2184170661224505     
   2.2279626351953374            1.5317243116967947            1.3924766469970862     
   2.2279626351953374            1.5317243116967947            1.5665362278717216     
   2.2279626351953374            1.5317243116967947            1.7405958087463578     
   2.2279626351953374            1.5317243116967947            1.9146553896209932     
   2.2279626351953374            1.5317243116967947            2.0887149704956292     
   2.2279626351953374            1.5317243116967947            2.2627745513702648     
   2.2279626351953374            1.5317243116967947            2.4368341322449010     
   2.2279626351953374            1.5317243116967947            2.6108937131195367     
   2.2279626351953374            1.5317243116967947            2.7849532939941724     
   2.2279626351953374            1.5317243116967947            2.9590128748688080     
   2.2279626351953374            1.5317243116967947            3.1330724557434433     
   2.2279626351953374            1.6709719763965032            0.0000000000000000     
   2.2279626351953374            1.6709719763965032           0.17405958087463577     
   2.2279626351953374            1.6709719763965032           0.34811916174927154     
   2.2279626351953374            1.6709719763965032           0.52217874262390729     
   2.2279626351953374            1.6709719763965032           0.69623832349854309     
   2.2279626351953374            1.6709719763965032           0.87029790437317889     
   2.2279626351953374            1.6709719763965032            1.0443574852478146     
   2.2279626351953374            1.6709719763965032            1.2184170661224505     
   2.2279626351953374            1.6709719763965032            1.3924766469970862     
   2.2279626351953374            1.6709719763965032            1.5665362278717216     
   2.2279626351953374            1.6709719763965032            1.7405958087463578     
   2.2279626351953374            1.6709719763965032            1.9146553896209932     
   2.2279626351953374            1.6709719763965032            2.0887149704956292     
   2.2279626351953374            1.6709719763965032            2.2627745513702648     
   2.2279626351953374            1.6709719763965032            2.4368341322449010     
   2.2279626351953374            1.6709719763965032            2.6108937131195367     
   2.2279626351953374            1.6709719763965032            2.7849532939941724     
   2.2279626351953374            1.6709719763965032            2.9590128748688080     
   2.2279626351953374            1.6709719763965032            3.1330724557434433     
   2.2279626351953374            1.8102196410962119            0.0000000000000000     
   2.2279626351953374            1.8102196410962119           0.17405958087463577     
   2.2279626351953374            1.8102196410962119           0.34811916174927154     
   2.2279626351953374            1.8102196410962119           0.52217874262390729     
   2.2279626351953374            1.8102196410962119           0.69623832349854309     
   2.2279626351953374            1.8102196410962119           0.87029790437317889     
   2.2279626351953374            1.8102196410962119            1.0443574852478146     
   2.2279626351953374            1.8102196410962119            1.2184170661224505     
   2.2279626351953374            1.8102196410962119            1.3924766469970862     
   2.2279626351953374            1.8102196410962119            1.5665362278717216     
   2.2279626351953374            1.8102196410962119            1.7405958087463578     
   2.2279626351953374            1.8102196410962119            1.9146553896209932     
   2.2279626351953374            1.8102196410962119            2.0887149704956292     
   2.2279626351953374            1.8102196410962119            2.2627745513702648     
   2.2279626351953374            1.8102196410962119            2.4368341322449010     
   2.2279626351953374            1.8102196410962119            2.6108937131195367     
   2.2279626351953374            1.8102196410962119            2.7849532939941724     
   2.2279626351953374            1.8102196410962119            2.9590128748688080     
   2.2279626351953374            1.8102196410962119            3.1330724557434433     
   2.2279626351953374            1.9494673057959206            0.0000000000000000     
   2.2279626351953374            1.9494673057959206           0.17405958087463577     
   2.2279626351953374            1.9494673057959206           0.34811916174927154     
   2.2279626351953374            1.9494673057959206           0.52217874262390729     
   2.2279626351953374            1.9494673057959206           0.69623832349854309     
   2.2279626351953374            1.9494673057959206           0.87029790437317889     
   2.2279626351953374            1.9494673057959206            1.0443574852478146     
   2.2279626351953374            1.9494673057959206            1.2184170661224505     
   2.2279626351953374            1.9494673057959206            1.3924766469970862     
   2.2279626351953374            1.9494673057959206            1.5665362278717216     
   2.2279626351953374            1.9494673057959206            1.7405958087463578     
   2.2279626351953374            1.9494673057959206            1.9146553896209932     
   2.2279626351953374            1.9494673057959206            2.0887149704956292     
   2.2279626351953374            1.9494673057959206            2.2627745513702648     
   2.2279626351953374            1.9494673057959206            2.4368341322449010     
   2.2279626351953374            1.9494673057959206            2.6108937131195367     
   2.2279626351953374            1.9494673057959206            2.7849532939941724     
   2.2279626351953374            1.9494673057959206            2.9590128748688080     
   2.2279626351953374            1.9494673057959206            3.1330724557434433     
   2.2279626351953374            2.0887149704956292            0.0000000000000000     
   2.2279626351953374            2.0887149704956292           0.17405958087463577     
   2.2279626351953374            2.0887149704956292           0.34811916174927154     
   2.2279626351953374            2.0887149704956292           0.52217874262390729     
   2.2279626351953374            2.0887149704956292           0.69623832349854309     
   2.2279626351953374            2.0887149704956292           0.87029790437317889     
   2.2279626351953374            2.0887149704956292            1.0443574852478146     
   2.2279626351953374            2.0887149704956292            1.2184170661224505     
   2.2279626351953374            2.0887149704956292            1.3924766469970862     
   2.2279626351953374            2.0887149704956292            1.5665362278717216     
   2.2279626351953374            2.0887149704956292            1.7405958087463578     
   2.2279626351953374            2.0887149704956292            1.9146553896209932     
   2.2279626351953374            2.0887149704956292            2.0887149704956292     
   2.2279626351953374            2.0887149704956292            2.2627745513702648     
   2.2279626351953374            2.0887149704956292            2.4368341322449010     
   2.2279626351953374            2.0887149704956292            2.6108937131195367     
   2.2279626351953374            2.0887149704956292            2.7849532939941724     
   2.2279626351953374            2.0887149704956292            2.9590128748688080     
   2.2279626351953374            2.0887149704956292            3.1330724557434433     
   2.2279626351953374            2.2279626351953374            0.0000000000000000     
   2.2279626351953374            2.2279626351953374           0.17405958087463577     
   2.2279626351953374            2.2279626351953374           0.34811916174927154     
   2.2279626351953374            2.2279626351953374           0.52217874262390729     
   2.2279626351953374            2.2279626351953374           0.69623832349854309     
   2.2279626351953374            2.2279626351953374           0.87029790437317889     
   2.2279626351953374            2.2279626351953374            1.0443574852478146     
   2.2279626351953374            2.2279626351953374            1.2184170661224505     
   2.2279626351953374            2.2279626351953374            1.3924766469970862     
   2.2279626351953374            2.2279626351953374            1.5665362278717216     
   2.2279626351953374            2.2279626351953374            1.7405958087463578     
   2.2279626351953374            2.2279626351953374            1.9146553896209932     
   2.2279626351953374            2.2279626351953374            2.0887149704956292     
   2.2279626351953374            2.2279626351953374            2.2627745513702648     
   2.2279626351953374            2.2279626351953374            2.4368341322449010     
   2.2279626351953374            2.2279626351953374            2.6108937131195367     
   2.2279626351953374            2.2279626351953374            2.7849532939941724     
   2.2279626351953374            2.2279626351953374            2.9590128748688080     
   2.2279626351953374            2.2279626351953374            3.1330724557434433     
   2.2279626351953374            2.3672102998950462            0.0000000000000000     
   2.2279626351953374            2.3672102998950462           0.17405958087463577     
   2.2279626351953374            2.3672102998950462           0.34811916174927154     
   2.2279626351953374            2.3672102998950462           0.52217874262390729     
   2.2279626351953374            2.3672102998950462           0.69623832349854309     
   2.2279626351953374            2.3672102998950462           0.87029790437317889     
   2.2279626351953374            2.3672102998950462            1.0443574852478146     
   2.2279626351953374            2.3672102998950462            1.2184170661224505     
   2.2279626351953374            2.3672102998950462            1.3924766469970862     
   2.2279626351953374            2.3672102998950462            1.5665362278717216     
   2.2279626351953374            2.3672102998950462            1.7405958087463578     
   2.2279626351953374            2.3672102998950462            1.9146553896209932     
   2.2279626351953374            2.3672102998950462            2.0887149704956292     
   2.2279626351953374            2.3672102998950462            2.2627745513702648     
   2.2279626351953374            2.3672102998950462            2.4368341322449010     
   2.2279626351953374            2.3672102998950462            2.6108937131195367     
   2.2279626351953374            2.3672102998950462            2.7849532939941724     
   2.2279626351953374            2.3672102998950462            2.9590128748688080     
   2.2279626351953374            2.3672102998950462            3.1330724557434433     
   2.2279626351953374            2.5064579645947545            0.0000000000000000     
   2.2279626351953374            2.5064579645947545           0.17405958087463577     
   2.2279626351953374            2.5064579645947545           0.34811916174927154     
   2.2279626351953374            2.5064579645947545           0.52217874262390729     
   2.2279626351953374            2.5064579645947545           0.69623832349854309     
   2.2279626351953374            2.5064579645947545           0.87029790437317889     
   2.2279626351953374            2.5064579645947545            1.0443574852478146     
   2.2279626351953374            2.5064579645947545            1.2184170661224505     
   2.2279626351953374            2.5064579645947545            1.3924766469970862     
   2.2279626351953374            2.5064579645947545            1.5665362278717216     
   2.2279626351953374            2.5064579645947545            1.7405958087463578     
   2.2279626351953374            2.5064579645947545            1.9146553896209932     
   2.2279626351953374            2.5064579645947545            2.0887149704956292     
   2.2279626351953374            2.5064579645947545            2.2627745513702648     
   2.2279626351953374            2.5064579645947545            2.4368341322449010     
   2.2279626351953374            2.5064579645947545            2.6108937131195367     
   2.2279626351953374            2.5064579645947545            2.7849532939941724     
   2.2279626351953374            2.5064579645947545            2.9590128748688080     
   2.2279626351953374            2.5064579645947545            3.1330724557434433     
   2.3672102998950462            0.0000000000000000            0.0000000000000000     
   2.3672102998950462            0.0000000000000000           0.17405958087463577     
   2.3672102998950462            0.0000000000000000           0.34811916174927154     
   2.3672102998950462            0.0000000000000000           0.52217874262390729     
   2.3672102998950462            0.0000000000000000           0.69623832349854309     
   2.3672102998950462            0.0000000000000000           0.87029790437317889     
   2.3672102998950462            0.0000000000000000            1.0443574852478146     
   2.3672102998950462            0.0000000000000000            1.2184170661224505     
   2.3672102998950462            0.0000000000000000            1.3924766469970862     
   2.3672102998950462            0.0000000000000000            1.5665362278717216     
   2.3672102998950462            0.0000000000000000            1.7405958087463578     
   2.3672102998950462            0.0000000000000000            1.9146553896209932     
   2.3672102998950462            0.0000000000000000            2.0887149704956292     
   2.3672102998950462            0.0000000000000000            2.2627745513702648     
   2.3672102998950462            0.0000000000000000            2.4368341322449010     
   2.3672102998950462            0.0000000000000000            2.6108937131195367     
   2.3672102998950462            0.0000000000000000            2.7849532939941724     
   2.3672102998950462            0.0000000000000000            2.9590128748688080     
   2.3672102998950462            0.0000000000000000            3.1330724557434433     
   2.3672102998950462           0.13924766469970859            0.0000000000000000     
   2.3672102998950462           0.13924766469970859           0.17405958087463577     
   2.3672102998950462           0.13924766469970859           0.34811916174927154     
   2.3672102998950462           0.13924766469970859           0.52217874262390729     
   2.3672102998950462           0.13924766469970859           0.69623832349854309     
   2.3672102998950462           0.13924766469970859           0.87029790437317889     
   2.3672102998950462           0.13924766469970859            1.0443574852478146     
   2.3672102998950462           0.13924766469970859            1.2184170661224505     
   2.3672102998950462           0.13924766469970859            1.3924766469970862     
   2.3672102998950462           0.13924766469970859            1.5665362278717216     
   2.3672102998950462           0.13924766469970859            1.7405958087463578     
   2.3672102998950462           0.13924766469970859            1.9146553896209932     
   2.3672102998950462           0.13924766469970859            2.0887149704956292     
   2.3672102998950462           0.13924766469970859            2.2627745513702648     
   2.3672102998950462           0.13924766469970859            2.4368341322449010     
   2.3672102998950462           0.13924766469970859            2.6108937131195367     
   2.3672102998950462           0.13924766469970859            2.7849532939941724     
   2.3672102998950462           0.13924766469970859            2.9590128748688080     
   2.3672102998950462           0.13924766469970859            3.1330724557434433     
   2.3672102998950462           0.27849532939941718            0.0000000000000000     
   2.3672102998950462           0.27849532939941718           0.17405958087463577     
   2.3672102998950462           0.27849532939941718           0.34811916174927154     
   2.3672102998950462           0.27849532939941718           0.52217874262390729     
   2.3672102998950462           0.27849532939941718           0.69623832349854309     
   2.3672102998950462           0.27849532939941718           0.87029790437317889     
   2.3672102998950462           0.27849532939941718            1.0443574852478146     
   2.3672102998950462           0.27849532939941718            1.2184170661224505     
   2.3672102998950462           0.27849532939941718            1.3924766469970862     
   2.3672102998950462           0.27849532939941718            1.5665362278717216     
   2.3672102998950462           0.27849532939941718            1.7405958087463578     
   2.3672102998950462           0.27849532939941718            1.9146553896209932     
   2.3672102998950462           0.27849532939941718            2.0887149704956292     
   2.3672102998950462           0.27849532939941718            2.2627745513702648     
   2.3672102998950462           0.27849532939941718            2.4368341322449010     
   2.3672102998950462           0.27849532939941718            2.6108937131195367     
   2.3672102998950462           0.27849532939941718            2.7849532939941724     
   2.3672102998950462           0.27849532939941718            2.9590128748688080     
   2.3672102998950462           0.27849532939941718            3.1330724557434433     
   2.3672102998950462           0.41774299409912580            0.0000000000000000     
   2.3672102998950462           0.41774299409912580           0.17405958087463577     
   2.3672102998950462           0.41774299409912580           0.34811916174927154     
   2.3672102998950462           0.41774299409912580           0.52217874262390729     
   2.3672102998950462           0.41774299409912580           0.69623832349854309     
   2.3672102998950462           0.41774299409912580           0.87029790437317889     
   2.3672102998950462           0.41774299409912580            1.0443574852478146     
   2.3672102998950462           0.41774299409912580            1.2184170661224505     
   2.3672102998950462           0.41774299409912580            1.3924766469970862     
   2.3672102998950462           0.41774299409912580            1.5665362278717216     
   2.3672102998950462           0.41774299409912580            1.7405958087463578     
   2.3672102998950462           0.41774299409912580            1.9146553896209932     
   2.3672102998950462           0.41774299409912580            2.0887149704956292     
   2.3672102998950462           0.41774299409912580            2.2627745513702648     
   2.3672102998950462           0.41774299409912580            2.4368341322449010     
   2.3672102998950462           0.41774299409912580            2.6108937131195367     
   2.3672102998950462           0.41774299409912580            2.7849532939941724     
   2.3672102998950462           0.41774299409912580            2.9590128748688080     
   2.3672102998950462           0.41774299409912580            3.1330724557434433     
   2.3672102998950462           0.55699065879883436            0.0000000000000000     
   2.3672102998950462           0.55699065879883436           0.17405958087463577     
   2.3672102998950462           0.55699065879883436           0.34811916174927154     
   2.3672102998950462           0.55699065879883436           0.52217874262390729     
   2.3672102998950462           0.55699065879883436           0.69623832349854309     
   2.3672102998950462           0.55699065879883436           0.87029790437317889     
   2.3672102998950462           0.55699065879883436            1.0443574852478146     
   2.3672102998950462           0.55699065879883436            1.2184170661224505     
   2.3672102998950462           0.55699065879883436            1.3924766469970862     
   2.3672102998950462           0.55699065879883436            1.5665362278717216     
   2.3672102998950462           0.55699065879883436            1.7405958087463578     
   2.3672102998950462           0.55699065879883436            1.9146553896209932     
   2.3672102998950462           0.55699065879883436            2.0887149704956292     
   2.3672102998950462           0.55699065879883436            2.2627745513702648     
   2.3672102998950462           0.55699065879883436            2.4368341322449010     
   2.3672102998950462           0.55699065879883436            2.6108937131195367     
   2.3672102998950462           0.55699065879883436            2.7849532939941724     
   2.3672102998950462           0.55699065879883436            2.9590128748688080     
   2.3672102998950462           0.55699065879883436            3.1330724557434433     
   2.3672102998950462           0.69623832349854298            0.0000000000000000     
   2.3672102998950462           0.69623832349854298           0.17405958087463577     
   2.3672102998950462           0.69623832349854298           0.34811916174927154     
   2.3672102998950462           0.69623832349854298           0.52217874262390729     
   2.3672102998950462           0.69623832349854298           0.69623832349854309     
   2.3672102998950462           0.69623832349854298           0.87029790437317889     
   2.3672102998950462           0.69623832349854298            1.0443574852478146     
   2.3672102998950462           0.69623832349854298            1.2184170661224505     
   2.3672102998950462           0.69623832349854298            1.3924766469970862     
   2.3672102998950462           0.69623832349854298            1.5665362278717216     
   2.3672102998950462           0.69623832349854298            1.7405958087463578     
   2.3672102998950462           0.69623832349854298            1.9146553896209932     
   2.3672102998950462           0.69623832349854298            2.0887149704956292     
   2.3672102998950462           0.69623832349854298            2.2627745513702648     
   2.3672102998950462           0.69623832349854298            2.4368341322449010     
   2.3672102998950462           0.69623832349854298            2.6108937131195367     
   2.3672102998950462           0.69623832349854298            2.7849532939941724     
   2.3672102998950462           0.69623832349854298            2.9590128748688080     
   2.3672102998950462           0.69623832349854298            3.1330724557434433     
   2.3672102998950462           0.83548598819825159            0.0000000000000000     
   2.3672102998950462           0.83548598819825159           0.17405958087463577     
   2.3672102998950462           0.83548598819825159           0.34811916174927154     
   2.3672102998950462           0.83548598819825159           0.52217874262390729     
   2.3672102998950462           0.83548598819825159           0.69623832349854309     
   2.3672102998950462           0.83548598819825159           0.87029790437317889     
   2.3672102998950462           0.83548598819825159            1.0443574852478146     
   2.3672102998950462           0.83548598819825159            1.2184170661224505     
   2.3672102998950462           0.83548598819825159            1.3924766469970862     
   2.3672102998950462           0.83548598819825159            1.5665362278717216     
   2.3672102998950462           0.83548598819825159            1.7405958087463578     
   2.3672102998950462           0.83548598819825159            1.9146553896209932     
   2.3672102998950462           0.83548598819825159            2.0887149704956292     
   2.3672102998950462           0.83548598819825159            2.2627745513702648     
   2.3672102998950462           0.83548598819825159            2.4368341322449010     
   2.3672102998950462           0.83548598819825159            2.6108937131195367     
   2.3672102998950462           0.83548598819825159            2.7849532939941724     
   2.3672102998950462           0.83548598819825159            2.9590128748688080     
   2.3672102998950462           0.83548598819825159            3.1330724557434433     
   2.3672102998950462           0.97473365289796032            0.0000000000000000     
   2.3672102998950462           0.97473365289796032           0.17405958087463577     
   2.3672102998950462           0.97473365289796032           0.34811916174927154     
   2.3672102998950462           0.97473365289796032           0.52217874262390729     
   2.3672102998950462           0.97473365289796032           0.69623832349854309     
   2.3672102998950462           0.97473365289796032           0.87029790437317889     
   2.3672102998950462           0.97473365289796032            1.0443574852478146     
   2.3672102998950462           0.97473365289796032            1.2184170661224505     
   2.3672102998950462           0.97473365289796032            1.3924766469970862     
   2.3672102998950462           0.97473365289796032            1.5665362278717216     
   2.3672102998950462           0.97473365289796032            1.7405958087463578     
   2.3672102998950462           0.97473365289796032            1.9146553896209932     
   2.3672102998950462           0.97473365289796032            2.0887149704956292     
   2.3672102998950462           0.97473365289796032            2.2627745513702648     
   2.3672102998950462           0.97473365289796032            2.4368341322449010     
   2.3672102998950462           0.97473365289796032            2.6108937131195367     
   2.3672102998950462           0.97473365289796032            2.7849532939941724     
   2.3672102998950462           0.97473365289796032            2.9590128748688080     
   2.3672102998950462           0.97473365289796032            3.1330724557434433     
   2.3672102998950462            1.1139813175976687            0.0000000000000000     
   2.3672102998950462            1.1139813175976687           0.17405958087463577     
   2.3672102998950462            1.1139813175976687           0.34811916174927154     
   2.3672102998950462            1.1139813175976687           0.52217874262390729     
   2.3672102998950462            1.1139813175976687           0.69623832349854309     
   2.3672102998950462            1.1139813175976687           0.87029790437317889     
   2.3672102998950462            1.1139813175976687            1.0443574852478146     
   2.3672102998950462            1.1139813175976687            1.2184170661224505     
   2.3672102998950462            1.1139813175976687            1.3924766469970862     
   2.3672102998950462            1.1139813175976687            1.5665362278717216     
   2.3672102998950462            1.1139813175976687            1.7405958087463578     
   2.3672102998950462            1.1139813175976687            1.9146553896209932     
   2.3672102998950462            1.1139813175976687            2.0887149704956292     
   2.3672102998950462            1.1139813175976687            2.2627745513702648     
   2.3672102998950462            1.1139813175976687            2.4368341322449010     
   2.3672102998950462            1.1139813175976687            2.6108937131195367     
   2.3672102998950462            1.1139813175976687            2.7849532939941724     
   2.3672102998950462            1.1139813175976687            2.9590128748688080     
   2.3672102998950462            1.1139813175976687            3.1330724557434433     
   2.3672102998950462            1.2532289822973772            0.0000000000000000     
   2.3672102998950462            1.2532289822973772           0.17405958087463577     
   2.3672102998950462            1.2532289822973772           0.34811916174927154     
   2.3672102998950462            1.2532289822973772           0.52217874262390729     
   2.3672102998950462            1.2532289822973772           0.69623832349854309     
   2.3672102998950462            1.2532289822973772           0.87029790437317889     
   2.3672102998950462            1.2532289822973772            1.0443574852478146     
   2.3672102998950462            1.2532289822973772            1.2184170661224505     
   2.3672102998950462            1.2532289822973772            1.3924766469970862     
   2.3672102998950462            1.2532289822973772            1.5665362278717216     
   2.3672102998950462            1.2532289822973772            1.7405958087463578     
   2.3672102998950462            1.2532289822973772            1.9146553896209932     
   2.3672102998950462            1.2532289822973772            2.0887149704956292     
   2.3672102998950462            1.2532289822973772            2.2627745513702648     
   2.3672102998950462            1.2532289822973772            2.4368341322449010     
   2.3672102998950462            1.2532289822973772            2.6108937131195367     
   2.3672102998950462            1.2532289822973772            2.7849532939941724     
   2.3672102998950462            1.2532289822973772            2.9590128748688080     
   2.3672102998950462            1.2532289822973772            3.1330724557434433     
   2.3672102998950462            1.3924766469970860            0.0000000000000000     
   2.3672102998950462            1.3924766469970860           0.17405958087463577     
   2.3672102998950462            1.3924766469970860           0.34811916174927154     
   2.3672102998950462            1.3924766469970860           0.52217874262390729     
   2.3672102998950462            1.3924766469970860           0.69623832349854309     
   2.3672102998950462            1.3924766469970860           0.87029790437317889     
   2.3672102998950462            1.3924766469970860            1.0443574852478146     
   2.3672102998950462            1.3924766469970860            1.2184170661224505     
   2.3672102998950462            1.3924766469970860            1.3924766469970862     
   2.3672102998950462            1.3924766469970860            1.5665362278717216     
   2.3672102998950462            1.3924766469970860            1.7405958087463578     
   2.3672102998950462            1.3924766469970860            1.9146553896209932     
   2.3672102998950462            1.3924766469970860            2.0887149704956292     
   2.3672102998950462            1.3924766469970860            2.2627745513702648     
   2.3672102998950462            1.3924766469970860            2.4368341322449010     
   2.3672102998950462            1.3924766469970860            2.6108937131195367     
   2.3672102998950462            1.3924766469970860            2.7849532939941724     
   2.3672102998950462            1.3924766469970860            2.9590128748688080     
   2.3672102998950462            1.3924766469970860            3.1330724557434433     
   2.3672102998950462            1.5317243116967947            0.0000000000000000     
   2.3672102998950462            1.5317243116967947           0.17405958087463577     
   2.3672102998950462            1.5317243116967947           0.34811916174927154     
   2.3672102998950462            1.5317243116967947           0.52217874262390729     
   2.3672102998950462            1.5317243116967947           0.69623832349854309     
   2.3672102998950462            1.5317243116967947           0.87029790437317889     
   2.3672102998950462            1.5317243116967947            1.0443574852478146     
   2.3672102998950462            1.5317243116967947            1.2184170661224505     
   2.3672102998950462            1.5317243116967947            1.3924766469970862     
   2.3672102998950462            1.5317243116967947            1.5665362278717216     
   2.3672102998950462            1.5317243116967947            1.7405958087463578     
   2.3672102998950462            1.5317243116967947            1.9146553896209932     
   2.3672102998950462            1.5317243116967947            2.0887149704956292     
   2.3672102998950462            1.5317243116967947            2.2627745513702648     
   2.3672102998950462            1.5317243116967947            2.4368341322449010     
   2.3672102998950462            1.5317243116967947            2.6108937131195367     
   2.3672102998950462            1.5317243116967947            2.7849532939941724     
   2.3672102998950462            1.5317243116967947            2.9590128748688080     
   2.3672102998950462            1.5317243116967947            3.1330724557434433     
   2.3672102998950462            1.6709719763965032            0.0000000000000000     
   2.3672102998950462            1.6709719763965032           0.17405958087463577     
   2.3672102998950462            1.6709719763965032           0.34811916174927154     
   2.3672102998950462            1.6709719763965032           0.52217874262390729     
   2.3672102998950462            1.6709719763965032           0.69623832349854309     
   2.3672102998950462            1.6709719763965032           0.87029790437317889     
   2.3672102998950462            1.6709719763965032            1.0443574852478146     
   2.3672102998950462            1.6709719763965032            1.2184170661224505     
   2.3672102998950462            1.6709719763965032            1.3924766469970862     
   2.3672102998950462            1.6709719763965032            1.5665362278717216     
   2.3672102998950462            1.6709719763965032            1.7405958087463578     
   2.3672102998950462            1.6709719763965032            1.9146553896209932     
   2.3672102998950462            1.6709719763965032            2.0887149704956292     
   2.3672102998950462            1.6709719763965032            2.2627745513702648     
   2.3672102998950462            1.6709719763965032            2.4368341322449010     
   2.3672102998950462            1.6709719763965032            2.6108937131195367     
   2.3672102998950462            1.6709719763965032            2.7849532939941724     
   2.3672102998950462            1.6709719763965032            2.9590128748688080     
   2.3672102998950462            1.6709719763965032            3.1330724557434433     
   2.3672102998950462            1.8102196410962119            0.0000000000000000     
   2.3672102998950462            1.8102196410962119           0.17405958087463577     
   2.3672102998950462            1.8102196410962119           0.34811916174927154     
   2.3672102998950462            1.8102196410962119           0.52217874262390729     
   2.3672102998950462            1.8102196410962119           0.69623832349854309     
   2.3672102998950462            1.8102196410962119           0.87029790437317889     
   2.3672102998950462            1.8102196410962119            1.0443574852478146     
   2.3672102998950462            1.8102196410962119            1.2184170661224505     
   2.3672102998950462            1.8102196410962119            1.3924766469970862     
   2.3672102998950462            1.8102196410962119            1.5665362278717216     
   2.3672102998950462            1.8102196410962119            1.7405958087463578     
   2.3672102998950462            1.8102196410962119            1.9146553896209932     
   2.3672102998950462            1.8102196410962119            2.0887149704956292     
   2.3672102998950462            1.8102196410962119            2.2627745513702648     
   2.3672102998950462            1.8102196410962119            2.4368341322449010     
   2.3672102998950462            1.8102196410962119            2.6108937131195367     
   2.3672102998950462            1.8102196410962119            2.7849532939941724     
   2.3672102998950462            1.8102196410962119            2.9590128748688080     
   2.3672102998950462            1.8102196410962119            3.1330724557434433     
   2.3672102998950462            1.9494673057959206            0.0000000000000000     
   2.3672102998950462            1.9494673057959206           0.17405958087463577     
   2.3672102998950462            1.9494673057959206           0.34811916174927154     
   2.3672102998950462            1.9494673057959206           0.52217874262390729     
   2.3672102998950462            1.9494673057959206           0.69623832349854309     
   2.3672102998950462            1.9494673057959206           0.87029790437317889     
   2.3672102998950462            1.9494673057959206            1.0443574852478146     
   2.3672102998950462            1.9494673057959206            1.2184170661224505     
   2.3672102998950462            1.9494673057959206            1.3924766469970862     
   2.3672102998950462            1.9494673057959206            1.5665362278717216     
   2.3672102998950462            1.9494673057959206            1.7405958087463578     
   2.3672102998950462            1.9494673057959206            1.9146553896209932     
   2.3672102998950462            1.9494673057959206            2.0887149704956292     
   2.3672102998950462            1.9494673057959206            2.2627745513702648     
   2.3672102998950462            1.9494673057959206            2.4368341322449010     
   2.3672102998950462            1.9494673057959206            2.6108937131195367     
   2.3672102998950462            1.9494673057959206            2.7849532939941724     
   2.3672102998950462            1.9494673057959206            2.9590128748688080     
   2.3672102998950462            1.9494673057959206            3.1330724557434433     
   2.3672102998950462            2.0887149704956292            0.0000000000000000     
   2.3672102998950462            2.0887149704956292           0.17405958087463577     
   2.3672102998950462            2.0887149704956292           0.34811916174927154     
   2.3672102998950462            2.0887149704956292           0.52217874262390729     
   2.3672102998950462            2.0887149704956292           0.69623832349854309     
   2.3672102998950462            2.0887149704956292           0.87029790437317889     
   2.3672102998950462            2.0887149704956292            1.0443574852478146     
   2.3672102998950462            2.0887149704956292            1.2184170661224505     
   2.3672102998950462            2.0887149704956292            1.3924766469970862     
   2.3672102998950462            2.0887149704956292            1.5665362278717216     
   2.3672102998950462            2.0887149704956292            1.7405958087463578     
   2.3672102998950462            2.0887149704956292            1.9146553896209932     
   2.3672102998950462            2.0887149704956292            2.0887149704956292     
   2.3672102998950462            2.0887149704956292            2.2627745513702648     
   2.3672102998950462            2.0887149704956292            2.4368341322449010     
   2.3672102998950462            2.0887149704956292            2.6108937131195367     
   2.3672102998950462            2.0887149704956292            2.7849532939941724     
   2.3672102998950462            2.0887149704956292            2.9590128748688080     
   2.3672102998950462            2.0887149704956292            3.1330724557434433     
   2.3672102998950462            2.2279626351953374            0.0000000000000000     
   2.3672102998950462            2.2279626351953374           0.17405958087463577     
   2.3672102998950462            2.2279626351953374           0.34811916174927154     
   2.3672102998950462            2.2279626351953374           0.52217874262390729     
   2.3672102998950462            2.2279626351953374           0.69623832349854309     
   2.3672102998950462            2.2279626351953374           0.87029790437317889     
   2.3672102998950462            2.2279626351953374            1.0443574852478146     
   2.3672102998950462            2.2279626351953374            1.2184170661224505     
   2.3672102998950462            2.2279626351953374            1.3924766469970862     
   2.3672102998950462            2.2279626351953374            1.5665362278717216     
   2.3672102998950462            2.2279626351953374            1.7405958087463578     
   2.3672102998950462            2.2279626351953374            1.9146553896209932     
   2.3672102998950462            2.2279626351953374            2.0887149704956292     
   2.3672102998950462            2.2279626351953374            2.2627745513702648     
   2.3672102998950462            2.2279626351953374            2.4368341322449010     
   2.3672102998950462            2.2279626351953374            2.6108937131195367     
   2.3672102998950462            2.2279626351953374            2.7849532939941724     
   2.3672102998950462            2.2279626351953374            2.9590128748688080     
   2.3672102998950462            2.2279626351953374            3.1330724557434433     
   2.3672102998950462            2.3672102998950462            0.0000000000000000     
   2.3672102998950462            2.3672102998950462           0.17405958087463577     
   2.3672102998950462            2.3672102998950462           0.34811916174927154     
   2.3672102998950462            2.3672102998950462           0.52217874262390729     
   2.3672102998950462            2.3672102998950462           0.69623832349854309     
   2.3672102998950462            2.3672102998950462           0.87029790437317889     
   2.3672102998950462            2.3672102998950462            1.0443574852478146     
   2.3672102998950462            2.3672102998950462            1.2184170661224505     
   2.3672102998950462            2.3672102998950462            1.3924766469970862     
   2.3672102998950462            2.3672102998950462            1.5665362278717216     
   2.3672102998950462            2.3672102998950462            1.7405958087463578     
   2.3672102998950462            2.3672102998950462            1.9146553896209932     
   2.3672102998950462            2.3672102998950462            2.0887149704956292     
   2.3672102998950462            2.3672102998950462            2.2627745513702648     
   2.3672102998950462            2.3672102998950462            2.4368341322449010     
   2.3672102998950462            2.3672102998950462            2.6108937131195367     
   2.3672102998950462            2.3672102998950462            2.7849532939941724     
   2.3672102998950462            2.3672102998950462            2.9590128748688080     
   2.3672102998950462            2.3672102998950462            3.1330724557434433     
   2.3672102998950462            2.5064579645947545            0.0000000000000000     
   2.3672102998950462            2.5064579645947545           0.17405958087463577     
   2.3672102998950462            2.5064579645947545           0.34811916174927154     
   2.3672102998950462            2.5064579645947545           0.52217874262390729     
   2.3672102998950462            2.5064579645947545           0.69623832349854309     
   2.3672102998950462            2.5064579645947545           0.87029790437317889     
   2.3672102998950462            2.5064579645947545            1.0443574852478146     
   2.3672102998950462            2.5064579645947545            1.2184170661224505     
   2.3672102998950462            2.5064579645947545            1.3924766469970862     
   2.3672102998950462            2.5064579645947545            1.5665362278717216     
   2.3672102998950462            2.5064579645947545            1.7405958087463578     
   2.3672102998950462            2.5064579645947545            1.9146553896209932     
   2.3672102998950462            2.5064579645947545            2.0887149704956292     
   2.3672102998950462            2.5064579645947545            2.2627745513702648     
   2.3672102998950462            2.5064579645947545            2.4368341322449010     
   2.3672102998950462            2.5064579645947545            2.6108937131195367     
   2.3672102998950462            2.5064579645947545            2.7849532939941724     
   2.3672102998950462            2.5064579645947545            2.9590128748688080     
   2.3672102998950462            2.5064579645947545            3.1330724557434433     
   2.5064579645947545            0.0000000000000000            0.0000000000000000     
   2.5064579645947545            0.0000000000000000           0.17405958087463577     
   2.5064579645947545            0.0000000000000000           0.34811916174927154     
   2.5064579645947545            0.0000000000000000           0.52217874262390729     
   2.5064579645947545            0.0000000000000000           0.69623832349854309     
   2.5064579645947545            0.0000000000000000           0.87029790437317889     
   2.5064579645947545            0.0000000000000000            1.0443574852478146     
   2.5064579645947545            0.0000000000000000            1.2184170661224505     
   2.5064579645947545            0.0000000000000000            1.3924766469970862     
   2.5064579645947545            0.0000000000000000            1.5665362278717216     
   2.5064579645947545            0.0000000000000000            1.7405958087463578     
   2.5064579645947545            0.0000000000000000            1.9146553896209932     
   2.5064579645947545            0.0000000000000000            2.0887149704956292     
   2.5064579645947545            0.0000000000000000            2.2627745513702648     
   2.5064579645947545            0.0000000000000000            2.4368341322449010     
   2.5064579645947545            0.0000000000000000            2.6108937131195367     
   2.5064579645947545            0.0000000000000000            2.7849532939941724     
   2.5064579645947545            0.0000000000000000            2.9590128748688080     
   2.5064579645947545            0.0000000000000000            3.1330724557434433     
   2.5064579645947545           0.13924766469970859            0.0000000000000000     
   2.5064579645947545           0.13924766469970859           0.17405958087463577     
   2.5064579645947545           0.13924766469970859           0.34811916174927154     
   2.5064579645947545           0.13924766469970859           0.52217874262390729     
   2.5064579645947545           0.13924766469970859           0.69623832349854309     
   2.5064579645947545           0.13924766469970859           0.87029790437317889     
   2.5064579645947545           0.13924766469970859            1.0443574852478146     
   2.5064579645947545           0.13924766469970859            1.2184170661224505     
   2.5064579645947545           0.13924766469970859            1.3924766469970862     
   2.5064579645947545           0.13924766469970859            1.5665362278717216     
   2.5064579645947545           0.13924766469970859            1.7405958087463578     
   2.5064579645947545           0.13924766469970859            1.9146553896209932     
   2.5064579645947545           0.13924766469970859            2.0887149704956292     
   2.5064579645947545           0.13924766469970859            2.2627745513702648     
   2.5064579645947545           0.13924766469970859            2.4368341322449010     
   2.5064579645947545           0.13924766469970859            2.6108937131195367     
   2.5064579645947545           0.13924766469970859            2.7849532939941724     
   2.5064579645947545           0.13924766469970859            2.9590128748688080     
   2.5064579645947545           0.13924766469970859            3.1330724557434433     
   2.5064579645947545           0.27849532939941718            0.0000000000000000     
   2.5064579645947545           0.27849532939941718           0.17405958087463577     
   2.5064579645947545           0.27849532939941718           0.34811916174927154     
   2.5064579645947545           0.27849532939941718           0.52217874262390729     
   2.5064579645947545           0.27849532939941718           0.69623832349854309     
   2.5064579645947545           0.27849532939941718           0.87029790437317889     
   2.5064579645947545           0.27849532939941718            1.0443574852478146     
   2.5064579645947545           0.27849532939941718            1.2184170661224505     
   2.5064579645947545           0.27849532939941718            1.3924766469970862     
   2.5064579645947545           0.27849532939941718            1.5665362278717216     
   2.5064579645947545           0.27849532939941718            1.7405958087463578     
   2.5064579645947545           0.27849532939941718            1.9146553896209932     
   2.5064579645947545           0.27849532939941718            2.0887149704956292     
   2.5064579645947545           0.27849532939941718            2.2627745513702648     
   2.5064579645947545           0.27849532939941718            2.4368341322449010     
   2.5064579645947545           0.27849532939941718            2.6108937131195367     
   2.5064579645947545           0.27849532939941718            2.7849532939941724     
   2.5064579645947545           0.27849532939941718            2.9590128748688080     
   2.5064579645947545           0.27849532939941718            3.1330724557434433     
   2.5064579645947545           0.41774299409912580            0.0000000000000000     
   2.5064579645947545           0.41774299409912580           0.17405958087463577     
   2.5064579645947545           0.41774299409912580           0.34811916174927154     
   2.5064579645947545           0.41774299409912580           0.52217874262390729     
   2.5064579645947545           0.41774299409912580           0.69623832349854309     
   2.5064579645947545           0.41774299409912580           0.87029790437317889     
   2.5064579645947545           0.41774299409912580            1.0443574852478146     
   2.5064579645947545           0.41774299409912580            1.2184170661224505     
   2.5064579645947545           0.41774299409912580            1.3924766469970862     
   2.5064579645947545           0.41774299409912580            1.5665362278717216     
   2.5064579645947545           0.41774299409912580            1.7405958087463578     
   2.5064579645947545           0.41774299409912580            1.9146553896209932     
   2.5064579645947545           0.41774299409912580            2.0887149704956292     
   2.5064579645947545           0.41774299409912580            2.2627745513702648     
   2.5064579645947545           0.41774299409912580            2.4368341322449010     
   2.5064579645947545           0.41774299409912580            2.6108937131195367     
   2.5064579645947545           0.41774299409912580            2.7849532939941724     
   2.5064579645947545           0.41774299409912580            2.9590128748688080     
   2.5064579645947545           0.41774299409912580            3.1330724557434433     
   2.5064579645947545           0.55699065879883436            0.0000000000000000     
   2.5064579645947545           0.55699065879883436           0.17405958087463577     
   2.5064579645947545           0.55699065879883436           0.34811916174927154     
   2.5064579645947545           0.55699065879883436           0.52217874262390729     
   2.5064579645947545           0.55699065879883436           0.69623832349854309     
   2.5064579645947545           0.55699065879883436           0.87029790437317889     
   2.5064579645947545           0.55699065879883436            1.0443574852478146     
   2.5064579645947545           0.55699065879883436            1.2184170661224505     
   2.5064579645947545           0.55699065879883436            1.3924766469970862     
   2.5064579645947545           0.55699065879883436            1.5665362278717216     
   2.5064579645947545           0.55699065879883436            1.7405958087463578     
   2.5064579645947545           0.55699065879883436            1.9146553896209932     
   2.5064579645947545           0.55699065879883436            2.0887149704956292     
   2.5064579645947545           0.55699065879883436            2.2627745513702648     
   2.5064579645947545           0.55699065879883436            2.4368341322449010     
   2.5064579645947545           0.55699065879883436            2.6108937131195367     
   2.5064579645947545           0.55699065879883436            2.7849532939941724     
   2.5064579645947545           0.55699065879883436            2.9590128748688080     
   2.5064579645947545           0.55699065879883436            3.1330724557434433     
   2.5064579645947545           0.69623832349854298            0.0000000000000000     
   2.5064579645947545           0.69623832349854298           0.17405958087463577     
   2.5064579645947545           0.69623832349854298           0.34811916174927154     
   2.5064579645947545           0.69623832349854298           0.52217874262390729     
   2.5064579645947545           0.69623832349854298           0.69623832349854309     
   2.5064579645947545           0.69623832349854298           0.87029790437317889     
   2.5064579645947545           0.69623832349854298            1.0443574852478146     
   2.5064579645947545           0.69623832349854298            1.2184170661224505     
   2.5064579645947545           0.69623832349854298            1.3924766469970862     
   2.5064579645947545           0.69623832349854298            1.5665362278717216     
   2.5064579645947545           0.69623832349854298            1.7405958087463578     
   2.5064579645947545           0.69623832349854298            1.9146553896209932     
   2.5064579645947545           0.69623832349854298            2.0887149704956292     
   2.5064579645947545           0.69623832349854298            2.2627745513702648     
   2.5064579645947545           0.69623832349854298            2.4368341322449010     
   2.5064579645947545           0.69623832349854298            2.6108937131195367     
   2.5064579645947545           0.69623832349854298            2.7849532939941724     
   2.5064579645947545           0.69623832349854298            2.9590128748688080     
   2.5064579645947545           0.69623832349854298            3.1330724557434433     
   2.5064579645947545           0.83548598819825159            0.0000000000000000     
   2.5064579645947545           0.83548598819825159           0.17405958087463577     
   2.5064579645947545           0.83548598819825159           0.34811916174927154     
   2.5064579645947545           0.83548598819825159           0.52217874262390729     
   2.5064579645947545           0.83548598819825159           0.69623832349854309     
   2.5064579645947545           0.83548598819825159           0.87029790437317889     
   2.5064579645947545           0.83548598819825159            1.0443574852478146     
   2.5064579645947545           0.83548598819825159            1.2184170661224505     
   2.5064579645947545           0.83548598819825159            1.3924766469970862     
   2.5064579645947545           0.83548598819825159            1.5665362278717216     
   2.5064579645947545           0.83548598819825159            1.7405958087463578     
   2.5064579645947545           0.83548598819825159            1.9146553896209932     
   2.5064579645947545           0.83548598819825159            2.0887149704956292     
   2.5064579645947545           0.83548598819825159            2.2627745513702648     
   2.5064579645947545           0.83548598819825159            2.4368341322449010     
   2.5064579645947545           0.83548598819825159            2.6108937131195367     
   2.5064579645947545           0.83548598819825159            2.7849532939941724     
   2.5064579645947545           0.83548598819825159            2.9590128748688080     
   2.5064579645947545           0.83548598819825159            3.1330724557434433     
   2.5064579645947545           0.97473365289796032            0.0000000000000000     
   2.5064579645947545           0.97473365289796032           0.17405958087463577     
   2.5064579645947545           0.97473365289796032           0.34811916174927154     
   2.5064579645947545           0.97473365289796032           0.52217874262390729     
   2.5064579645947545           0.97473365289796032           0.69623832349854309     
   2.5064579645947545           0.97473365289796032           0.87029790437317889     
   2.5064579645947545           0.97473365289796032            1.0443574852478146     
   2.5064579645947545           0.97473365289796032            1.2184170661224505     
   2.5064579645947545           0.97473365289796032            1.3924766469970862     
   2.5064579645947545           0.97473365289796032            1.5665362278717216     
   2.5064579645947545           0.97473365289796032            1.7405958087463578     
   2.5064579645947545           0.97473365289796032            1.9146553896209932     
   2.5064579645947545           0.97473365289796032            2.0887149704956292     
   2.5064579645947545           0.97473365289796032            2.2627745513702648     
   2.5064579645947545           0.97473365289796032            2.4368341322449010     
   2.5064579645947545           0.97473365289796032            2.6108937131195367     
   2.5064579645947545           0.97473365289796032            2.7849532939941724     
   2.5064579645947545           0.97473365289796032            2.9590128748688080     
   2.5064579645947545           0.97473365289796032            3.1330724557434433     
   2.5064579645947545            1.1139813175976687            0.0000000000000000     
   2.5064579645947545            1.1139813175976687           0.17405958087463577     
   2.5064579645947545            1.1139813175976687           0.34811916174927154     
   2.5064579645947545            1.1139813175976687           0.52217874262390729     
   2.5064579645947545            1.1139813175976687           0.69623832349854309     
   2.5064579645947545            1.1139813175976687           0.87029790437317889     
   2.5064579645947545            1.1139813175976687            1.0443574852478146     
   2.5064579645947545            1.1139813175976687            1.2184170661224505     
   2.5064579645947545            1.1139813175976687            1.3924766469970862     
   2.5064579645947545            1.1139813175976687            1.5665362278717216     
   2.5064579645947545            1.1139813175976687            1.7405958087463578     
   2.5064579645947545            1.1139813175976687            1.9146553896209932     
   2.5064579645947545            1.1139813175976687            2.0887149704956292     
   2.5064579645947545            1.1139813175976687            2.2627745513702648     
   2.5064579645947545            1.1139813175976687            2.4368341322449010     
   2.5064579645947545            1.1139813175976687            2.6108937131195367     
   2.5064579645947545            1.1139813175976687            2.7849532939941724     
   2.5064579645947545            1.1139813175976687            2.9590128748688080     
   2.5064579645947545            1.1139813175976687            3.1330724557434433     
   2.5064579645947545            1.2532289822973772            0.0000000000000000     
   2.5064579645947545            1.2532289822973772           0.17405958087463577     
   2.5064579645947545            1.2532289822973772           0.34811916174927154     
   2.5064579645947545            1.2532289822973772           0.52217874262390729     
   2.5064579645947545            1.2532289822973772           0.69623832349854309     
   2.5064579645947545            1.2532289822973772           0.87029790437317889     
   2.5064579645947545            1.2532289822973772            1.0443574852478146     
   2.5064579645947545            1.2532289822973772            1.2184170661224505     
   2.5064579645947545            1.2532289822973772            1.3924766469970862     
   2.5064579645947545            1.2532289822973772            1.5665362278717216     
   2.5064579645947545            1.2532289822973772            1.7405958087463578     
   2.5064579645947545            1.2532289822973772            1.9146553896209932     
   2.5064579645947545            1.2532289822973772            2.0887149704956292     
   2.5064579645947545            1.2532289822973772            2.2627745513702648     
   2.5064579645947545            1.2532289822973772            2.4368341322449010     
   2.5064579645947545            1.2532289822973772            2.6108937131195367     
   2.5064579645947545            1.2532289822973772            2.7849532939941724     
   2.5064579645947545            1.2532289822973772            2.9590128748688080     
   2.5064579645947545            1.2532289822973772            3.1330724557434433     
   2.5064579645947545            1.3924766469970860            0.0000000000000000     
   2.5064579645947545            1.3924766469970860           0.17405958087463577     
   2.5064579645947545            1.3924766469970860           0.34811916174927154     
   2.5064579645947545            1.3924766469970860           0.52217874262390729     
   2.5064579645947545            1.3924766469970860           0.69623832349854309     
   2.5064579645947545            1.3924766469970860           0.87029790437317889     
   2.5064579645947545            1.3924766469970860            1.0443574852478146     
   2.5064579645947545            1.3924766469970860            1.2184170661224505     
   2.5064579645947545            1.3924766469970860            1.3924766469970862     
   2.5064579645947545            1.3924766469970860            1.5665362278717216     
   2.5064579645947545            1.3924766469970860            1.7405958087463578     
   2.5064579645947545            1.3924766469970860            1.9146553896209932     
   2.5064579645947545            1.3924766469970860            2.0887149704956292     
   2.5064579645947545            1.3924766469970860            2.2627745513702648     
   2.5064579645947545            1.3924766469970860            2.4368341322449010     
   2.5064579645947545            1.3924766469970860            2.6108937131195367     
   2.5064579645947545            1.3924766469970860            2.7849532939941724     
   2.5064579645947545            1.3924766469970860            2.9590128748688080     
   2.5064579645947545            1.3924766469970860            3.1330724557434433     
   2.5064579645947545            1.5317243116967947            0.0000000000000000     
   2.5064579645947545            1.5317243116967947           0.17405958087463577     
   2.5064579645947545            1.5317243116967947           0.34811916174927154     
   2.5064579645947545            1.5317243116967947           0.52217874262390729     
   2.5064579645947545            1.5317243116967947           0.69623832349854309     
   2.5064579645947545            1.5317243116967947           0.87029790437317889     
   2.5064579645947545            1.5317243116967947            1.0443574852478146     
   2.5064579645947545            1.5317243116967947            1.2184170661224505     
   2.5064579645947545            1.5317243116967947            1.3924766469970862     
   2.5064579645947545            1.5317243116967947            1.5665362278717216     
   2.5064579645947545            1.5317243116967947            1.7405958087463578     
   2.5064579645947545            1.5317243116967947            1.9146553896209932     
   2.5064579645947545            1.5317243116967947            2.0887149704956292     
   2.5064579645947545            1.5317243116967947            2.2627745513702648     
   2.5064579645947545            1.5317243116967947            2.4368341322449010     
   2.5064579645947545            1.5317243116967947            2.6108937131195367     
   2.5064579645947545            1.5317243116967947            2.7849532939941724     
   2.5064579645947545            1.5317243116967947            2.9590128748688080     
   2.5064579645947545            1.5317243116967947            3.1330724557434433     
   2.5064579645947545            1.6709719763965032            0.0000000000000000     
   2.5064579645947545            1.6709719763965032           0.17405958087463577     
   2.5064579645947545            1.6709719763965032           0.34811916174927154     
   2.5064579645947545            1.6709719763965032           0.52217874262390729     
   2.5064579645947545            1.6709719763965032           0.69623832349854309     
   2.5064579645947545            1.6709719763965032           0.87029790437317889     
   2.5064579645947545            1.6709719763965032            1.0443574852478146     
   2.5064579645947545            1.6709719763965032            1.2184170661224505     
   2.5064579645947545            1.6709719763965032            1.3924766469970862     
   2.5064579645947545            1.6709719763965032            1.5665362278717216     
   2.5064579645947545            1.6709719763965032            1.7405958087463578     
   2.5064579645947545            1.6709719763965032            1.9146553896209932     
   2.5064579645947545            1.6709719763965032            2.0887149704956292     
   2.5064579645947545            1.6709719763965032            2.2627745513702648     
   2.5064579645947545            1.6709719763965032            2.4368341322449010     
   2.5064579645947545            1.6709719763965032            2.6108937131195367     
   2.5064579645947545            1.6709719763965032            2.7849532939941724     
   2.5064579645947545            1.6709719763965032            2.9590128748688080     
   2.5064579645947545            1.6709719763965032            3.1330724557434433     
   2.5064579645947545            1.8102196410962119            0.0000000000000000     
   2.5064579645947545            1.8102196410962119           0.17405958087463577     
   2.5064579645947545            1.8102196410962119           0.34811916174927154     
   2.5064579645947545            1.8102196410962119           0.52217874262390729     
   2.5064579645947545            1.8102196410962119           0.69623832349854309     
   2.5064579645947545            1.8102196410962119           0.87029790437317889     
   2.5064579645947545            1.8102196410962119            1.0443574852478146     
   2.5064579645947545            1.8102196410962119            1.2184170661224505     
   2.5064579645947545            1.8102196410962119            1.3924766469970862     
   2.5064579645947545            1.8102196410962119            1.5665362278717216     
   2.5064579645947545            1.8102196410962119            1.7405958087463578     
   2.5064579645947545            1.8102196410962119            1.9146553896209932     
   2.5064579645947545            1.8102196410962119            2.0887149704956292     
   2.5064579645947545            1.8102196410962119            2.2627745513702648     
   2.5064579645947545            1.8102196410962119            2.4368341322449010     
   2.5064579645947545            1.8102196410962119            2.6108937131195367     
   2.5064579645947545            1.8102196410962119            2.7849532939941724     
   2.5064579645947545            1.8102196410962119            2.9590128748688080     
   2.5064579645947545            1.8102196410962119            3.1330724557434433     
   2.5064579645947545            1.9494673057959206            0.0000000000000000     
   2.5064579645947545            1.9494673057959206           0.17405958087463577     
   2.5064579645947545            1.9494673057959206           0.34811916174927154     
   2.5064579645947545            1.9494673057959206           0.52217874262390729     
   2.5064579645947545            1.9494673057959206           0.69623832349854309     
   2.5064579645947545            1.9494673057959206           0.87029790437317889     
   2.5064579645947545            1.9494673057959206            1.0443574852478146     
   2.5064579645947545            1.9494673057959206            1.2184170661224505     
   2.5064579645947545            1.9494673057959206            1.3924766469970862     
   2.5064579645947545            1.9494673057959206            1.5665362278717216     
   2.5064579645947545            1.9494673057959206            1.7405958087463578     
   2.5064579645947545            1.9494673057959206            1.9146553896209932     
   2.5064579645947545            1.9494673057959206            2.0887149704956292     
   2.5064579645947545            1.9494673057959206            2.2627745513702648     
   2.5064579645947545            1.9494673057959206            2.4368341322449010     
   2.5064579645947545            1.9494673057959206            2.6108937131195367     
   2.5064579645947545            1.9494673057959206            2.7849532939941724     
   2.5064579645947545            1.9494673057959206            2.9590128748688080     
   2.5064579645947545            1.9494673057959206            3.1330724557434433     
   2.5064579645947545            2.0887149704956292            0.0000000000000000     
   2.5064579645947545            2.0887149704956292           0.17405958087463577     
   2.5064579645947545            2.0887149704956292           0.34811916174927154     
   2.5064579645947545            2.0887149704956292           0.52217874262390729     
   2.5064579645947545            2.0887149704956292           0.69623832349854309     
   2.5064579645947545            2.0887149704956292           0.87029790437317889     
   2.5064579645947545            2.0887149704956292            1.0443574852478146     
   2.5064579645947545            2.0887149704956292            1.2184170661224505     
   2.5064579645947545            2.0887149704956292            1.3924766469970862     
   2.5064579645947545            2.0887149704956292            1.5665362278717216     
   2.5064579645947545            2.0887149704956292            1.7405958087463578     
   2.5064579645947545            2.0887149704956292            1.9146553896209932     
   2.5064579645947545            2.0887149704956292            2.0887149704956292     
   2.5064579645947545            2.0887149704956292            2.2627745513702648     
   2.5064579645947545            2.0887149704956292            2.4368341322449010     
   2.5064579645947545            2.0887149704956292            2.6108937131195367     
   2.5064579645947545            2.0887149704956292            2.7849532939941724     
   2.5064579645947545            2.0887149704956292            2.9590128748688080     
   2.5064579645947545            2.0887149704956292            3.1330724557434433     
   2.5064579645947545            2.2279626351953374            0.0000000000000000     
   2.5064579645947545            2.2279626351953374           0.17405958087463577     
   2.5064579645947545            2.2279626351953374           0.34811916174927154     
   2.5064579645947545            2.2279626351953374           0.52217874262390729     
   2.5064579645947545            2.2279626351953374           0.69623832349854309     
   2.5064579645947545            2.2279626351953374           0.87029790437317889     
   2.5064579645947545            2.2279626351953374            1.0443574852478146     
   2.5064579645947545            2.2279626351953374            1.2184170661224505     
   2.5064579645947545            2.2279626351953374            1.3924766469970862     
   2.5064579645947545            2.2279626351953374            1.5665362278717216     
   2.5064579645947545            2.2279626351953374            1.7405958087463578     
   2.5064579645947545            2.2279626351953374            1.9146553896209932     
   2.5064579645947545            2.2279626351953374            2.0887149704956292     
   2.5064579645947545            2.2279626351953374            2.2627745513702648     
   2.5064579645947545            2.2279626351953374            2.4368341322449010     
   2.5064579645947545            2.2279626351953374            2.6108937131195367     
   2.5064579645947545            2.2279626351953374            2.7849532939941724     
   2.5064579645947545            2.2279626351953374            2.9590128748688080     
   2.5064579645947545            2.2279626351953374            3.1330724557434433     
   2.5064579645947545            2.3672102998950462            0.0000000000000000     
   2.5064579645947545            2.3672102998950462           0.17405958087463577     
   2.5064579645947545            2.3672102998950462           0.34811916174927154     
   2.5064579645947545            2.3672102998950462           0.52217874262390729     
   2.5064579645947545            2.3672102998950462           0.69623832349854309     
   2.5064579645947545            2.3672102998950462           0.87029790437317889     
   2.5064579645947545            2.3672102998950462            1.0443574852478146     
   2.5064579645947545            2.3672102998950462            1.2184170661224505     
   2.5064579645947545            2.3672102998950462            1.3924766469970862     
   2.5064579645947545            2.3672102998950462            1.5665362278717216     
   2.5064579645947545            2.3672102998950462            1.7405958087463578     
   2.5064579645947545            2.3672102998950462            1.9146553896209932     
   2.5064579645947545            2.3672102998950462            2.0887149704956292     
   2.5064579645947545            2.3672102998950462            2.2627745513702648     
   2.5064579645947545            2.3672102998950462            2.4368341322449010     
   2.5064579645947545            2.3672102998950462            2.6108937131195367     
   2.5064579645947545            2.3672102998950462            2.7849532939941724     
   2.5064579645947545            2.3672102998950462            2.9590128748688080     
   2.5064579645947545            2.3672102998950462            3.1330724557434433     
   2.5064579645947545            2.5064579645947545            0.0000000000000000     
   2.5064579645947545            2.5064579645947545           0.17405958087463577     
   2.5064579645947545            2.5064579645947545           0.34811916174927154     
   2.5064579645947545            2.5064579645947545           0.52217874262390729     
   2.5064579645947545            2.5064579645947545           0.69623832349854309     
   2.5064579645947545            2.5064579645947545           0.87029790437317889     
   2.5064579645947545            2.5064579645947545            1.0443574852478146     
   2.5064579645947545            2.5064579645947545            1.2184170661224505     
   2.5064579645947545            2.5064579645947545            1.3924766469970862     
   2.5064579645947545            2.5064579645947545            1.5665362278717216     
   2.5064579645947545            2.5064579645947545            1.7405958087463578     
   2.5064579645947545            2.5064579645947545            1.9146553896209932     
   2.5064579645947545            2.5064579645947545            2.0887149704956292     
   2.5064579645947545            2.5064579645947545            2.2627745513702648     
   2.5064579645947545            2.5064579645947545            2.4368341322449010     
   2.5064579645947545            2.5064579645947545            2.6108937131195367     
   2.5064579645947545            2.5064579645947545            2.7849532939941724     
   2.5064579645947545            2.5064579645947545            2.9590128748688080     
   2.5064579645947545            2.5064579645947545            3.1330724557434433     
CELL_DATA     5832
SCALARS entpy float 1
LOOKUP_TABLE default
   0.00000000    
   0.00000000    
  -13.8890152    
   0.00000000    
   0.00000000    
   0.00000000    
   0.00000000    
   0.00000000    
   0.00000000    
   0.00000000    
   0.00000000    
   0.00000000    
   0.00000000    
   0.00000000    
   0.00000000    
  -13.8937082    
   0.00000000    
   0.00000000    
   0.00000000    
  -13.7880640    
  -13.8724585    
   0.00000000    
   0.00000000    
   0.00000000    
   0.00000000    
   0.00000000    
   0.00000000    
   0.00000000    
   0.00000000    
   0.00000000    
   0.00000000    
   0.00000000    
   0.00000000    
  -13.8771515    
  -13.7984734    
   0.00000000    
   0.00000000    
  -13.8156900    
  -13.8599997    
   0.00000000    
   0.00000000    
   0.00000000    
   0.00000000    
   0.00000000    
   0.00000000    
   0.00000000    
   0.00000000    
   0.00000000    
   0.00000000    
   0.00000000    
   0.00000000    
  -13.8715677    
  -13.8222685    
   0.00000000    
  -13.8648310    
  -13.8745699    
   0.00000000    
   0.00000000    
   0.00000000    
   0.00000000    
   0.00000000    
   0.00000000    
   0.00000000    
   0.00000000    
   0.00000000    
   0.00000000    
   0.00000000    
   0.00000000    
   0.00000000    
   0.00000000    
  -13.8798695    
  -13.8683834    
   0.00000000    
   0.00000000    
   0.00000000    
   0.00000000    
   0.00000000    
   0.00000000    
   0.00000000    
   0.00000000    
   0.00000000    
   0.00000000    
   0.00000000    
   0.00000000    
   0.00000000    
   0.00000000    
   0.00000000    
   0.00000000    
   0.00000000    
   0.00000000    
   0.00000000    
   0.00000000    
   0.00000000    
   0.00000000    
   0.00000000    
   0.00000000    
   0.00000000    
   0.00000000    
   0.00000000    
   0.00000000    
   0.00000000    
   0.00000000    
   0.00000000    
   0.00000000    
   0.00000000    
   0.00000000    
   0.00000000    
   0.00000000    
   0.00000000    
   0.00000000    
   0.00000000    
   0.00000000    
   0.00000000    
   0.00000000    
   0.00000000    
   0.00000000    
   0.00000000    
   0.00000000    
   0.00000000    
   0.00000000    
   0.00000000    
   0.00000000    
   0.00000000    
   0.00000000    
   0.00000000    
   0.00000000    
   0.00000000    
   0.00000000    
   0.00000000    
   0.00000000    
   0.00000000    
   0.00000000    
   0.00000000    
   0.00000000    
   0.00000000    
   0.00000000    
   0.00000000    
   0.00000000    
   0.00000000    
   0.00000000    
   0.00000000    
   0.00000000    
   0.00000000    
   0.00000000    
   0.00000000    
   0.00000000    
   0.00000000    
   0.00000000    
   0.00000000    
   0.00000000    
   0.00000000    
   0.00000000    
   0.00000000    
   0.00000000    
   0.00000000    
   0.00000000    
   0.00000000    
   0.00000000    
   0.00000000    
   0.00000000    
   0.00000000    
   0.00000000    
   0.00000000    
   0.00000000    
   0.00000000    
   0.00000000    
   0.00000000    
   0.00000000    
   0.00000000    
   0.00000000    
   0.00000000    
   0.00000000    
   0.00000000    
   0.00000000    
   0.00000000    
   0.00000000    
   0.00000000    
   0.00000000    
   0.00000000    
   0.00000000    
   0.00000000    
   0.00000000    
   0.00000000    
   0.00000000    
   0.00000000    
   0.00000000    
   0.00000000    
   0.00000000    
   0.00000000    
   0.00000000    
   0.00000000    
   0.00000000    
   0.00000000    
   0.00000000    
   0.00000000    
   0.00000000    
   0.00000000    
   0.00000000    
   0.00000000    
   0.00000000    
   0.00000000    
   0.00000000    
   0.00000000    
   0.00000000    
   0.00000000    
   0.00000000    
   0.00000000    
   0.00000000    
   0.00000000    
   0.00000000    
   0.00000000    
   0.00000000    
   0.00000000    
   0.00000000    
   0.00000000    
   0.00000000    
   0.00000000    
   0.00000000    
   0.00000000    
   0.00000000    
   0.00000000    
   0.00000000    
   0.00000000    
   0.00000000    
   0.00000000    
   0.00000000    
   0.00000000    
   0.00000000    
   0.00000000    
   0.00000000    
   0.00000000    
   0.00000000    
   0.00000000    
   0.00000000    
   0.00000000    
   0.00000000    
   0.00000000    
   0.00000000    
   0.00000000    
   0.00000000    
   0.00000000    
   0.00000000    
   0.00000000    
   0.00000000    
   0.00000000    
   0.00000000    
   0.00000000    
   0.00000000    
   0.00000000    
   0.00000000    
   0.00000000    
   0.00000000    
  -13.8680048    
  -13.8859224    
   0.00000000    
   0.00000000    
   0.00000000    
   0.00000000    
   0.00000000    
   0.00000000    
   0.00000000    
   0.00000000    
   0.00000000    
   0.00000000    
   0.00000000    
   0.00000000    
   0.00000000    
   0.00000000    
  -13.8775845    
  -13.8669119    
   0.00000000    
  -13.8249760    
  -13.8721571    
   0.00000000    
   0.00000000    
   0.00000000    
   0.00000000    
   0.00000000    
   0.00000000    
   0.00000000    
   0.00000000    
   0.00000000    
   0.00000000    
   0.00000000    
   0.00000000    
  -13.8613195    
  -13.8172092    
   0.00000000    
   0.00000000    
  -13.8013325    
  -13.8756504    
   0.00000000    
   0.00000000    
   0.00000000    
   0.00000000    
   0.00000000    
   0.00000000    
   0.00000000    
   0.00000000    
   0.00000000    
   0.00000000    
   0.00000000    
   0.00000000    
  -13.8694172    
  -13.7898560    
   0.00000000    
   0.00000000    
   0.00000000    
  -13.8891926    
   0.00000000    
   0.00000000    
   0.00000000    
   0.00000000    
   0.00000000    
   0.00000000    
   0.00000000    
   0.00000000    
   0.00000000    
   0.00000000    
   0.00000000    
   0.00000000    
  -13.8925562    
   0.00000000    
   0.00000000    
   0.00000000    
  -13.7938452    
  -13.8742008    
   0.00000000    
   0.00000000    
   0.00000000    
   0.00000000    
   0.00000000    
   0.00000000    
   0.00000000    
   0.00000000    
   0.00000000    
   0.00000000    
   0.00000000    
   0.00000000    
  -13.8765621    
  -13.7978992    
   0.00000000    
   0.00000000    
  -13.7641811    
  -13.8041620    
   0.00000000    
   0.00000000    
   0.00000000    
   0.00000000    
   0.00000000    
   0.00000000    
   0.00000000    
   0.00000000    
   0.00000000    
   0.00000000    
   0.00000000    
   0.00000000    
  -13.8104067    
  -13.7710419    
   0.00000000    
  -13.8124580    
  -13.7800331    
   0.00000000    
   0.00000000    
   0.00000000    
   0.00000000    
   0.00000000    
   0.00000000    
   0.00000000    
   0.00000000    
   0.00000000    
   0.00000000    
   0.00000000    
   0.00000000    
   0.00000000    
   0.00000000    
  -13.7853642    
  -13.8147326    
  -13.8753395    
  -13.8313704    
   0.00000000    
   0.00000000    
   0.00000000    
   0.00000000    
   0.00000000    
   0.00000000    
   0.00000000    
   0.00000000    
   0.00000000    
   0.00000000    
   0.00000000    
   0.00000000    
   0.00000000    
   0.00000000    
  -13.8341398    
  -13.8780394    
   0.00000000    
   0.00000000    
   0.00000000    
   0.00000000    
   0.00000000    
   0.00000000    
   0.00000000    
   0.00000000    
   0.00000000    
   0.00000000    
   0.00000000    
   0.00000000    
   0.00000000    
   0.00000000    
   0.00000000    
   0.00000000    
   0.00000000    
   0.00000000    
   0.00000000    
   0.00000000    
   0.00000000    
   0.00000000    
   0.00000000    
   0.00000000    
   0.00000000    
   0.00000000    
   0.00000000    
   0.00000000    
   0.00000000    
   0.00000000    
   0.00000000    
   0.00000000    
   0.00000000    
   0.00000000    
   0.00000000    
   0.00000000    
   0.00000000    
   0.00000000    
   0.00000000    
   0.00000000    
   0.00000000    
   0.00000000    
   0.00000000    
   0.00000000    
   0.00000000    
   0.00000000    
   0.00000000    
   0.00000000    
   0.00000000    
   0.00000000    
   0.00000000    
   0.00000000    
   0.00000000    
   0.00000000    
   0.00000000    
   0.00000000    
   0.00000000    
   0.00000000    
   0.00000000    
   0.00000000    
   0.00000000    
   0.00000000    
   0.00000000    
   0.00000000    
   0.00000000    
   0.00000000    
   0.00000000    
   0.00000000    
   0.00000000    
   0.00000000    
   0.00000000    
   0.00000000    
   0.00000000    
   0.00000000    
   0.00000000    
   0.00000000    
   0.00000000    
   0.00000000    
   0.00000000    
   0.00000000    
   0.00000000    
   0.00000000    
   0.00000000    
   0.00000000    
   0.00000000    
   0.00000000    
   0.00000000    
   0.00000000    
   0.00000000    
   0.00000000    
   0.00000000    
   0.00000000    
   0.00000000    
   0.00000000    
   0.00000000    
   0.00000000    
   0.00000000    
   0.00000000    
   0.00000000    
   0.00000000    
   0.00000000    
   0.00000000    
   0.00000000    
   0.00000000    
   0.00000000    
   0.00000000    
   0.00000000    
   0.00000000    
   0.00000000    
   0.00000000    
   0.00000000    
   0.00000000    
   0.00000000    
   0.00000000    
   0.00000000    
   0.00000000    
   0.00000000    
   0.00000000    
   0.00000000    
   0.00000000    
   0.00000000    
   0.00000000    
   0.00000000    
   0.00000000    
   0.00000000    
   0.00000000    
   0.00000000    
   0.00000000    
   0.00000000    
   0.00000000    
   0.00000000    
   0.00000000    
   0.00000000    
   0.00000000    
   0.00000000    
   0.00000000    
   0.00000000    
   0.00000000    
   0.00000000    
   0.00000000    
   0.00000000    
   0.00000000    
   0.00000000    
   0.00000000    
   0.00000000    
   0.00000000    
   0.00000000    
   0.00000000    
   0.00000000    
   0.00000000    
   0.00000000    
   0.00000000    
   0.00000000    
   0.00000000    
   0.00000000    
   0.00000000    
   0.00000000    
   0.00000000    
   0.00000000    
   0.00000000    
   0.00000000    
   0.00000000    
   0.00000000    
   0.00000000    
   0.00000000    
   0.00000000    
   0.00000000    
   0.00000000    
   0.00000000    
   0.00000000    
   0.00000000    
   0.00000000    
   0.00000000    
   0.00000000    
   0.00000000    
   0.00000000    
   0.00000000    
   0.00000000    
   0.00000000    
   0.00000000    
  -13.8872347    
  -13.8396187    
   0.00000000    
   0.00000000    
   0.00000000    
   0.00000000    
   0.00000000    
   0.00000000    
   0.00000000    
   0.00000000    
   0.00000000    
   0.00000000    
   0.00000000    
   0.00000000    
   0.00000000    
   0.00000000    
  -13.8335314    
  -13.8811970    
  -13.8229628    
  -13.7885294    
   0.00000000    
   0.00000000    
   0.00000000    
   0.00000000    
   0.00000000    
   0.00000000    
   0.00000000    
   0.00000000    
   0.00000000    
   0.00000000    
   0.00000000    
   0.00000000    
   0.00000000    
   0.00000000    
  -13.7802229    
  -13.8113613    
   0.00000000    
  -13.7719584    
  -13.8083906    
   0.00000000    
   0.00000000    
   0.00000000    
   0.00000000    
   0.00000000    
   0.00000000    
   0.00000000    
   0.00000000    
   0.00000000    
   0.00000000    
   0.00000000    
   0.00000000    
  -13.8054533    
  -13.7669191    
   0.00000000    
   0.00000000    
  -13.7985725    
  -13.8757153    
   0.00000000    
   0.00000000    
   0.00000000    
   0.00000000    
   0.00000000    
   0.00000000    
   0.00000000    
   0.00000000    
   0.00000000    
   0.00000000    
   0.00000000    
   0.00000000    
  -13.8769121    
  -13.7945452    
   0.00000000    
   0.00000000    
  -13.8261528    
  -13.8684177    
   0.00000000    
   0.00000000    
   0.00000000    
   0.00000000    
   0.00000000    
   0.00000000    
   0.00000000    
   0.00000000    
   0.00000000    
   0.00000000    
   0.00000000    
   0.00000000    
  -13.8713493    
  -13.8277645    
   0.00000000    
  -13.8224773    
  -13.7850046    
   0.00000000    
   0.00000000    
   0.00000000    
   0.00000000    
   0.00000000    
   0.00000000    
   0.00000000    
   0.00000000    
   0.00000000    
   0.00000000    
   0.00000000    
   0.00000000    
   0.00000000    
   0.00000000    
  -13.7886543    
  -13.8232279    
  -13.8559246    
  -13.7813196    
   0.00000000    
   0.00000000    
   0.00000000    
   0.00000000    
   0.00000000    
   0.00000000    
   0.00000000    
   0.00000000    
   0.00000000    
   0.00000000    
   0.00000000    
   0.00000000    
   0.00000000    
   0.00000000    
  -13.7825527    
  -13.8598700    
  -13.9167089    
   0.00000000    
   0.00000000    
   0.00000000    
   0.00000000    
   0.00000000    
   0.00000000    
   0.00000000    
   0.00000000    
   0.00000000    
   0.00000000    
   0.00000000    
   0.00000000    
   0.00000000    
   0.00000000    
   0.00000000    
   0.00000000    
  -13.9180880    
   0.00000000    
   0.00000000    
   0.00000000    
   0.00000000    
   0.00000000    
   0.00000000    
   0.00000000    
   0.00000000    
   0.00000000    
   0.00000000    
   0.00000000    
   0.00000000    
   0.00000000    
   0.00000000    
   0.00000000    
   0.00000000    
   0.00000000    
   0.00000000    
   0.00000000    
   0.00000000    
   0.00000000    
   0.00000000    
   0.00000000    
   0.00000000    
   0.00000000    
   0.00000000    
   0.00000000    
   0.00000000    
   0.00000000    
   0.00000000    
   0.00000000    
   0.00000000    
   0.00000000    
   0.00000000    
   0.00000000    
   0.00000000    
   0.00000000    
   0.00000000    
   0.00000000    
   0.00000000    
   0.00000000    
   0.00000000    
   0.00000000    
   0.00000000    
   0.00000000    
   0.00000000    
   0.00000000    
   0.00000000    
   0.00000000    
   0.00000000    
   0.00000000    
   0.00000000    
   0.00000000    
   0.00000000    
   0.00000000    
   0.00000000    
   0.00000000    
   0.00000000    
   0.00000000    
   0.00000000    
   0.00000000    
   0.00000000    
   0.00000000    
   0.00000000    
   0.00000000    
   0.00000000    
   0.00000000    
   0.00000000    
   0.00000000    
   0.00000000    
   0.00000000    
   0.00000000    
   0.00000000    
   0.00000000    
   0.00000000    
   0.00000000    
   0.00000000    
   0.00000000    
   0.00000000    
   0.00000000    
   0.00000000    
   0.00000000    
   0.00000000    
   0.00000000    
   0.00000000    
   0.00000000    
   0.00000000    
   0.00000000    
   0.00000000    
   0.00000000    
   0.00000000    
   0.00000000    
   0.00000000    
   0.00000000    
   0.00000000    
   0.00000000    
   0.00000000    
   0.00000000    
   0.00000000    
   0.00000000    
   0.00000000    
   0.00000000    
   0.00000000    
   0.00000000    
   0.00000000    
   0.00000000    
   0.00000000    
   0.00000000    
   0.00000000    
   0.00000000    
   0.00000000    
   0.00000000    
   0.00000000    
   0.00000000    
   0.00000000    
   0.00000000    
   0.00000000    
   0.00000000    
   0.00000000    
   0.00000000    
   0.00000000    
   0.00000000    
   0.00000000    
   0.00000000    
   0.00000000    
   0.00000000    
   0.00000000    
   0.00000000    
   0.00000000    
   0.00000000    
   0.00000000    
   0.00000000    
   0.00000000    
   0.00000000    
   0.00000000    
   0.00000000    
   0.00000000    
   0.00000000    
   0.00000000    
   0.00000000    
   0.00000000    
   0.00000000    
   0.00000000    
   0.00000000    
   0.00000000    
   0.00000000    
   0.00000000    
   0.00000000    
   0.00000000    
   0.00000000    
   0.00000000    
   0.00000000    
   0.00000000    
   0.00000000    
   0.00000000    
   0.00000000    
   0.00000000    
   0.00000000    
   0.00000000    
   0.00000000    
   0.00000000    
   0.00000000    
   0.00000000    
   0.00000000    
   0.00000000    
   0.00000000    
   0.00000000    
   0.00000000    
   0.00000000    
   0.00000000    
   0.00000000    
   0.00000000    
   0.00000000    
   0.00000000    
   0.00000000    
   0.00000000    
   0.00000000    
   0.00000000    
   0.00000000    
   0.00000000    
  -13.9241695    
   0.00000000    
   0.00000000    
   0.00000000    
   0.00000000    
   0.00000000    
   0.00000000    
   0.00000000    
   0.00000000    
   0.00000000    
   0.00000000    
   0.00000000    
   0.00000000    
   0.00000000    
   0.00000000    
   0.00000000    
   0.00000000    
  -13.9210606    
  -13.8625631    
  -13.7857533    
   0.00000000    
   0.00000000    
   0.00000000    
   0.00000000    
   0.00000000    
   0.00000000    
   0.00000000    
   0.00000000    
   0.00000000    
   0.00000000    
   0.00000000    
   0.00000000    
   0.00000000    
   0.00000000    
  -13.7727423    
  -13.8558788    
  -13.8205433    
  -13.7869425    
   0.00000000    
   0.00000000    
   0.00000000    
   0.00000000    
   0.00000000    
   0.00000000    
   0.00000000    
   0.00000000    
   0.00000000    
   0.00000000    
   0.00000000    
   0.00000000    
   0.00000000    
   0.00000000    
  -13.7782440    
  -13.8135557    
   0.00000000    
  -13.8280964    
  -13.8691645    
   0.00000000    
   0.00000000    
   0.00000000    
   0.00000000    
   0.00000000    
   0.00000000    
   0.00000000    
   0.00000000    
   0.00000000    
   0.00000000    
   0.00000000    
   0.00000000    
  -13.8681202    
  -13.8218508    
   0.00000000    
  -13.8746576    
  -13.8893843    
   0.00000000    
   0.00000000    
   0.00000000    
   0.00000000    
   0.00000000    
   0.00000000    
   0.00000000    
   0.00000000    
   0.00000000    
   0.00000000    
   0.00000000    
   0.00000000    
   0.00000000    
   0.00000000    
  -13.8906164    
  -13.8766356    
  -13.8887053    
  -13.8437147    
   0.00000000    
   0.00000000    
   0.00000000    
   0.00000000    
   0.00000000    
   0.00000000    
   0.00000000    
   0.00000000    
   0.00000000    
   0.00000000    
   0.00000000    
   0.00000000    
   0.00000000    
   0.00000000    
  -13.8423223    
  -13.8862314    
  -13.9251118    
   0.00000000    
   0.00000000    
   0.00000000    
   0.00000000    
   0.00000000    
   0.00000000    
   0.00000000    
   0.00000000    
   0.00000000    
   0.00000000    
   0.00000000    
   0.00000000    
   0.00000000    
   0.00000000    
   0.00000000    
   0.00000000    
  -13.9248381    
   0.00000000    
   0.00000000    
   0.00000000    
   0.00000000    
   0.00000000    
   0.00000000    
   0.00000000    
   0.00000000    
   0.00000000    
   0.00000000    
   0.00000000    
   0.00000000    
   0.00000000    
   0.00000000    
   0.00000000    
   0.00000000    
   0.00000000    
   0.00000000    
   0.00000000    
   0.00000000    
   0.00000000    
   0.00000000    
   0.00000000    
   0.00000000    
   0.00000000    
   0.00000000    
   0.00000000    
   0.00000000    
   0.00000000    
   0.00000000    
   0.00000000    
   0.00000000    
   0.00000000    
   0.00000000    
   0.00000000    
   0.00000000    
   0.00000000    
   0.00000000    
   0.00000000    
   0.00000000    
   0.00000000    
   0.00000000    
   0.00000000    
   0.00000000    
   0.00000000    
   0.00000000    
   0.00000000    
   0.00000000    
   0.00000000    
   0.00000000    
   0.00000000    
   0.00000000    
   0.00000000    
   0.00000000    
   0.00000000    
   0.00000000    
   0.00000000    
   0.00000000    
   0.00000000    
   0.00000000    
   0.00000000    
   0.00000000    
   0.00000000    
   0.00000000    
   0.00000000    
   0.00000000    
   0.00000000    
   0.00000000    
   0.00000000    
   0.00000000    
   0.00000000    
   0.00000000    
   0.00000000    
   0.00000000    
   0.00000000    
   0.00000000    
   0.00000000    
   0.00000000    
   0.00000000    
   0.00000000    
   0.00000000    
   0.00000000    
   0.00000000    
   0.00000000    
   0.00000000    
   0.00000000    
   0.00000000    
   0.00000000    
   0.00000000    
   0.00000000    
   0.00000000    
   0.00000000    
   0.00000000    
   0.00000000    
   0.00000000    
   0.00000000    
   0.00000000    
   0.00000000    
   0.00000000    
   0.00000000    
   0.00000000    
   0.00000000    
   0.00000000    
   0.00000000    
   0.00000000    
   0.00000000    
   0.00000000    
   0.00000000    
   0.00000000    
   0.00000000    
   0.00000000    
   0.00000000    
   0.00000000    
   0.00000000    
   0.00000000    
   0.00000000    
   0.00000000    
   0.00000000    
   0.00000000    
   0.00000000    
   0.00000000    
   0.00000000    
   0.00000000    
   0.00000000    
   0.00000000    
   0.00000000    
   0.00000000    
   0.00000000    
   0.00000000    
   0.00000000    
   0.00000000    
   0.00000000    
   0.00000000    
   0.00000000    
   0.00000000    
   0.00000000    
   0.00000000    
   0.00000000    
   0.00000000    
   0.00000000    
   0.00000000    
   0.00000000    
   0.00000000    
   0.00000000    
   0.00000000    
   0.00000000    
   0.00000000    
   0.00000000    
   0.00000000    
   0.00000000    
   0.00000000    
   0.00000000    
   0.00000000    
   0.00000000    
   0.00000000    
   0.00000000    
   0.00000000    
   0.00000000    
   0.00000000    
   0.00000000    
   0.00000000    
   0.00000000    
   0.00000000    
   0.00000000    
   0.00000000    
   0.00000000    
   0.00000000    
   0.00000000    
   0.00000000    
   0.00000000    
   0.00000000    
   0.00000000    
   0.00000000    
   0.00000000    
   0.00000000    
   0.00000000    
   0.00000000    
   0.00000000    
   0.00000000    
   0.00000000    
   0.00000000    
   0.00000000    
   0.00000000    
   0.00000000    
   0.00000000    
   0.00000000    
   0.00000000    
   0.00000000    
   0.00000000    
   0.00000000    
   0.00000000    
   0.00000000    
   0.00000000    
   0.00000000    
   0.00000000    
   0.00000000    
   0.00000000    
   0.00000000    
   0.00000000    
   0.00000000    
   0.00000000    
   0.00000000    
   0.00000000    
   0.00000000    
   0.00000000    
   0.00000000    
   0.00000000    
   0.00000000    
   0.00000000    
   0.00000000    
   0.00000000    
   0.00000000    
   0.00000000    
   0.00000000    
   0.00000000    
   0.00000000    
  -13.9257059    
   0.00000000    
   0.00000000    
   0.00000000    
   0.00000000    
   0.00000000    
   0.00000000    
   0.00000000    
   0.00000000    
   0.00000000    
   0.00000000    
   0.00000000    
   0.00000000    
   0.00000000    
   0.00000000    
   0.00000000    
   0.00000000    
  -13.9232054    
  -13.8873663    
  -13.8421841    
   0.00000000    
   0.00000000    
   0.00000000    
   0.00000000    
   0.00000000    
   0.00000000    
   0.00000000    
   0.00000000    
   0.00000000    
   0.00000000    
   0.00000000    
   0.00000000    
   0.00000000    
   0.00000000    
  -13.8346148    
  -13.8839769    
  -13.8735609    
  -13.8879461    
   0.00000000    
   0.00000000    
   0.00000000    
   0.00000000    
   0.00000000    
   0.00000000    
   0.00000000    
   0.00000000    
   0.00000000    
   0.00000000    
   0.00000000    
   0.00000000    
   0.00000000    
   0.00000000    
  -13.8846941    
  -13.8744621    
   0.00000000    
   0.00000000    
   0.00000000    
   0.00000000    
   0.00000000    
   0.00000000    
   0.00000000    
   0.00000000    
   0.00000000    
   0.00000000    
   0.00000000    
   0.00000000    
   0.00000000    
   0.00000000    
   0.00000000    
   0.00000000    
   0.00000000    
   0.00000000    
   0.00000000    
   0.00000000    
   0.00000000    
   0.00000000    
   0.00000000    
   0.00000000    
   0.00000000    
   0.00000000    
   0.00000000    
   0.00000000    
   0.00000000    
   0.00000000    
   0.00000000    
   0.00000000    
   0.00000000    
   0.00000000    
   0.00000000    
   0.00000000    
   0.00000000    
   0.00000000    
   0.00000000    
   0.00000000    
   0.00000000    
   0.00000000    
   0.00000000    
   0.00000000    
   0.00000000    
   0.00000000    
   0.00000000    
   0.00000000    
   0.00000000    
   0.00000000    
   0.00000000    
   0.00000000    
   0.00000000    
   0.00000000    
   0.00000000    
   0.00000000    
   0.00000000    
   0.00000000    
   0.00000000    
   0.00000000    
   0.00000000    
   0.00000000    
   0.00000000    
   0.00000000    
   0.00000000    
   0.00000000    
   0.00000000    
   0.00000000    
   0.00000000    
   0.00000000    
   0.00000000    
   0.00000000    
   0.00000000    
   0.00000000    
   0.00000000    
   0.00000000    
   0.00000000    
   0.00000000    
   0.00000000    
   0.00000000    
   0.00000000    
   0.00000000    
   0.00000000    
   0.00000000    
   0.00000000    
   0.00000000    
   0.00000000    
   0.00000000    
   0.00000000    
   0.00000000    
   0.00000000    
   0.00000000    
   0.00000000    
   0.00000000    
   0.00000000    
   0.00000000    
   0.00000000    
   0.00000000    
   0.00000000    
   0.00000000    
   0.00000000    
   0.00000000    
   0.00000000    
   0.00000000    
   0.00000000    
   0.00000000    
   0.00000000    
   0.00000000    
   0.00000000    
   0.00000000    
   0.00000000    
   0.00000000    
   0.00000000    
   0.00000000    
   0.00000000    
   0.00000000    
   0.00000000    
   0.00000000    
   0.00000000    
   0.00000000    
   0.00000000    
   0.00000000    
   0.00000000    
   0.00000000    
   0.00000000    
   0.00000000    
   0.00000000    
   0.00000000    
   0.00000000    
   0.00000000    
   0.00000000    
   0.00000000    
   0.00000000    
   0.00000000    
   0.00000000    
   0.00000000    
   0.00000000    
   0.00000000    
   0.00000000    
   0.00000000    
   0.00000000    
   0.00000000    
   0.00000000    
   0.00000000    
   0.00000000    
   0.00000000    
   0.00000000    
   0.00000000    
   0.00000000    
   0.00000000    
   0.00000000    
   0.00000000    
   0.00000000    
   0.00000000    
   0.00000000    
   0.00000000    
   0.00000000    
   0.00000000    
   0.00000000    
   0.00000000    
   0.00000000    
   0.00000000    
   0.00000000    
   0.00000000    
   0.00000000    
   0.00000000    
   0.00000000    
   0.00000000    
   0.00000000    
   0.00000000    
   0.00000000    
   0.00000000    
   0.00000000    
   0.00000000    
   0.00000000    
   0.00000000    
   0.00000000    
   0.00000000    
   0.00000000    
   0.00000000    
   0.00000000    
   0.00000000    
   0.00000000    
   0.00000000    
   0.00000000    
   0.00000000    
   0.00000000    
   0.00000000    
   0.00000000    
   0.00000000    
   0.00000000    
   0.00000000    
   0.00000000    
   0.00000000    
   0.00000000    
   0.00000000    
   0.00000000    
   0.00000000    
   0.00000000    
   0.00000000    
   0.00000000    
   0.00000000    
   0.00000000    
   0.00000000    
   0.00000000    
   0.00000000    
   0.00000000    
   0.00000000    
   0.00000000    
   0.00000000    
   0.00000000    
   0.00000000    
   0.00000000    
   0.00000000    
   0.00000000    
   0.00000000    
   0.00000000    
   0.00000000    
   0.00000000    
   0.00000000    
   0.00000000    
   0.00000000    
   0.00000000    
   0.00000000    
   0.00000000    
   0.00000000    
   0.00000000    
   0.00000000    
   0.00000000    
   0.00000000    
   0.00000000    
   0.00000000    
   0.00000000    
   0.00000000    
   0.00000000    
   0.00000000    
   0.00000000    
   0.00000000    
   0.00000000    
   0.00000000    
   0.00000000    
   0.00000000    
   0.00000000    
   0.00000000    
   0.00000000    
   0.00000000    
   0.00000000    
   0.00000000    
   0.00000000    
   0.00000000    
   0.00000000    
   0.00000000    
   0.00000000    
   0.00000000    
   0.00000000    
   0.00000000    
   0.00000000    
   0.00000000    
   0.00000000    
   0.00000000    
   0.00000000    
   0.00000000    
   0.00000000    
   0.00000000    
   0.00000000    
   0.00000000    
   0.00000000    
   0.00000000    
   0.00000000    
   0.00000000    
   0.00000000    
   0.00000000    
   0.00000000    
   0.00000000    
   0.00000000    
   0.00000000    
   0.00000000    
   0.00000000    
   0.00000000    
   0.00000000    
   0.00000000    
   0.00000000    
   0.00000000    
   0.00000000    
   0.00000000    
   0.00000000    
   0.00000000    
   0.00000000    
   0.00000000    
   0.00000000    
   0.00000000    
   0.00000000    
   0.00000000    
   0.00000000    
   0.00000000    
   0.00000000    
   0.00000000    
   0.00000000    
   0.00000000    
   0.00000000    
   0.00000000    
   0.00000000    
   0.00000000    
   0.00000000    
   0.00000000    
   0.00000000    
   0.00000000    
   0.00000000    
   0.00000000    
   0.00000000    
   0.00000000    
   0.00000000    
   0.00000000    
   0.00000000    
   0.00000000    
   0.00000000    
   0.00000000    
   0.00000000    
   0.00000000    
   0.00000000    
   0.00000000    
   0.00000000    
   0.00000000    
   0.00000000    
   0.00000000    
   0.00000000    
   0.00000000    
   0.00000000    
   0.00000000    
   0.00000000    
   0.00000000    
   0.00000000    
   0.00000000    
   0.00000000    
   0.00000000    
   0.00000000    
   0.00000000    
   0.00000000    
   0.00000000    
   0.00000000    
   0.00000000    
   0.00000000    
   0.00000000    
   0.00000000    
   0.00000000    
   0.00000000    
   0.00000000    
   0.00000000    
   0.00000000    
   0.00000000    
   0.00000000    
   0.00000000    
   0.00000000    
   0.00000000    
   0.00000000    
   0.00000000    
   0.00000000    
   0.00000000    
   0.00000000    
   0.00000000    
   0.00000000    
   0.00000000    
   0.00000000    
   0.00000000    
   0.00000000    
   0.00000000    
   0.00000000    
   0.00000000    
   0.00000000    
   0.00000000    
   0.00000000    
   0.00000000    
   0.00000000    
   0.00000000    
   0.00000000    
   0.00000000    
   0.00000000    
   0.00000000    
   0.00000000    
   0.00000000    
   0.00000000    
   0.00000000    
   0.00000000    
   0.00000000    
   0.00000000    
   0.00000000    
   0.00000000    
   0.00000000    
   0.00000000    
   0.00000000    
   0.00000000    
   0.00000000    
   0.00000000    
   0.00000000    
   0.00000000    
   0.00000000    
   0.00000000    
   0.00000000    
   0.00000000    
   0.00000000    
   0.00000000    
   0.00000000    
   0.00000000    
   0.00000000    
   0.00000000    
   0.00000000    
   0.00000000    
   0.00000000    
   0.00000000    
   0.00000000    
   0.00000000    
   0.00000000    
   0.00000000    
   0.00000000    
   0.00000000    
   0.00000000    
   0.00000000    
   0.00000000    
   0.00000000    
   0.00000000    
   0.00000000    
   0.00000000    
   0.00000000    
   0.00000000    
   0.00000000    
   0.00000000    
   0.00000000    
   0.00000000    
   0.00000000    
   0.00000000    
   0.00000000    
   0.00000000    
   0.00000000    
   0.00000000    
   0.00000000    
   0.00000000    
   0.00000000    
   0.00000000    
   0.00000000    
   0.00000000    
  -13.9231396    
  -13.9211578    
   0.00000000    
   0.00000000    
   0.00000000    
   0.00000000    
   0.00000000    
   0.00000000    
   0.00000000    
   0.00000000    
   0.00000000    
   0.00000000    
   0.00000000    
   0.00000000    
   0.00000000    
   0.00000000    
   0.00000000    
  -13.8388472    
  -13.8860512    
  -13.8851891    
  -13.8428164    
   0.00000000    
   0.00000000    
   0.00000000    
   0.00000000    
   0.00000000    
   0.00000000    
   0.00000000    
   0.00000000    
   0.00000000    
   0.00000000    
   0.00000000    
   0.00000000    
   0.00000000    
   0.00000000    
  -13.8852177    
  -13.8698368    
  -13.8672342    
  -13.8856678    
   0.00000000    
   0.00000000    
   0.00000000    
   0.00000000    
   0.00000000    
   0.00000000    
   0.00000000    
   0.00000000    
   0.00000000    
   0.00000000    
   0.00000000    
   0.00000000    
   0.00000000    
   0.00000000    
  -13.8818150    
  -13.8675652    
  -13.8665504    
  -13.8826818    
   0.00000000    
   0.00000000    
   0.00000000    
   0.00000000    
   0.00000000    
   0.00000000    
   0.00000000    
   0.00000000    
   0.00000000    
   0.00000000    
   0.00000000    
   0.00000000    
   0.00000000    
   0.00000000    
  -13.8372736    
  -13.8792820    
  -13.8793650    
  -13.8328505    
   0.00000000    
   0.00000000    
   0.00000000    
   0.00000000    
   0.00000000    
   0.00000000    
   0.00000000    
   0.00000000    
   0.00000000    
   0.00000000    
   0.00000000    
   0.00000000    
   0.00000000    
   0.00000000    
   0.00000000    
  -13.9179468    
  -13.9153986    
   0.00000000    
   0.00000000    
   0.00000000    
   0.00000000    
   0.00000000    
   0.00000000    
   0.00000000    
   0.00000000    
   0.00000000    
   0.00000000    
   0.00000000    
   0.00000000    
   0.00000000    
   0.00000000    
   0.00000000    
   0.00000000    
   0.00000000    
   0.00000000    
   0.00000000    
   0.00000000    
   0.00000000    
   0.00000000    
   0.00000000    
   0.00000000    
   0.00000000    
   0.00000000    
   0.00000000    
   0.00000000    
   0.00000000    
   0.00000000    
   0.00000000    
   0.00000000    
   0.00000000    
   0.00000000    
   0.00000000    
   0.00000000    
   0.00000000    
   0.00000000    
   0.00000000    
   0.00000000    
   0.00000000    
   0.00000000    
   0.00000000    
   0.00000000    
   0.00000000    
   0.00000000    
   0.00000000    
   0.00000000    
   0.00000000    
   0.00000000    
   0.00000000    
   0.00000000    
   0.00000000    
   0.00000000    
   0.00000000    
   0.00000000    
   0.00000000    
   0.00000000    
   0.00000000    
   0.00000000    
   0.00000000    
   0.00000000    
   0.00000000    
   0.00000000    
   0.00000000    
   0.00000000    
   0.00000000    
   0.00000000    
   0.00000000    
   0.00000000    
   0.00000000    
   0.00000000    
   0.00000000    
   0.00000000    
   0.00000000    
   0.00000000    
   0.00000000    
   0.00000000    
   0.00000000    
   0.00000000    
   0.00000000    
   0.00000000    
   0.00000000    
   0.00000000    
   0.00000000    
   0.00000000    
   0.00000000    
   0.00000000    
   0.00000000    
   0.00000000    
   0.00000000    
   0.00000000    
   0.00000000    
   0.00000000    
   0.00000000    
   0.00000000    
   0.00000000    
   0.00000000    
   0.00000000    
   0.00000000    
   0.00000000    
   0.00000000    
   0.00000000    
   0.00000000    
   0.00000000    
   0.00000000    
   0.00000000    
   0.00000000    
   0.00000000    
   0.00000000    
   0.00000000    
   0.00000000    
   0.00000000    
   0.00000000    
   0.00000000    
   0.00000000    
   0.00000000    
   0.00000000    
   0.00000000    
   0.00000000    
   0.00000000    
   0.00000000    
   0.00000000    
   0.00000000    
   0.00000000    
   0.00000000    
   0.00000000    
   0.00000000    
   0.00000000    
   0.00000000    
   0.00000000    
   0.00000000    
   0.00000000    
   0.00000000    
   0.00000000    
   0.00000000    
   0.00000000    
   0.00000000    
   0.00000000    
   0.00000000    
   0.00000000    
   0.00000000    
   0.00000000    
   0.00000000    
   0.00000000    
   0.00000000    
   0.00000000    
   0.00000000    
   0.00000000    
   0.00000000    
   0.00000000    
   0.00000000    
   0.00000000    
   0.00000000    
   0.00000000    
   0.00000000    
   0.00000000    
   0.00000000    
   0.00000000    
   0.00000000    
   0.00000000    
   0.00000000    
   0.00000000    
   0.00000000    
   0.00000000    
   0.00000000    
   0.00000000    
   0.00000000    
   0.00000000    
   0.00000000    
   0.00000000    
   0.00000000    
   0.00000000    
   0.00000000    
   0.00000000    
   0.00000000    
   0.00000000    
   0.00000000    
   0.00000000    
   0.00000000    
   0.00000000    
   0.00000000    
   0.00000000    
   0.00000000    
   0.00000000    
   0.00000000    
   0.00000000    
   0.00000000    
   0.00000000    
   0.00000000    
   0.00000000    
   0.00000000    
   0.00000000    
   0.00000000    
   0.00000000    
   0.00000000    
   0.00000000    
   0.00000000    
   0.00000000    
   0.00000000    
   0.00000000    
   0.00000000    
   0.00000000    
   0.00000000    
   0.00000000    
   0.00000000    
   0.00000000    
   0.00000000    
   0.00000000    
   0.00000000    
   0.00000000    
   0.00000000    
   0.00000000    
   0.00000000    
  -13.9182644    
  -13.9181471    
   0.00000000    
   0.00000000    
   0.00000000    
   0.00000000    
   0.00000000    
   0.00000000    
   0.00000000    
   0.00000000    
   0.00000000    
   0.00000000    
   0.00000000    
   0.00000000    
   0.00000000    
   0.00000000    
   0.00000000    
  -13.7790442    
  -13.8576384    
  -13.8549337    
  -13.7862167    
   0.00000000    
   0.00000000    
   0.00000000    
   0.00000000    
   0.00000000    
   0.00000000    
   0.00000000    
   0.00000000    
   0.00000000    
   0.00000000    
   0.00000000    
   0.00000000    
   0.00000000    
   0.00000000    
  -13.7847414    
  -13.8154907    
  -13.8160400    
  -13.7898417    
   0.00000000    
   0.00000000    
   0.00000000    
   0.00000000    
   0.00000000    
   0.00000000    
   0.00000000    
   0.00000000    
   0.00000000    
   0.00000000    
   0.00000000    
   0.00000000    
   0.00000000    
  -13.8695335    
  -13.8288240    
   0.00000000    
   0.00000000    
  -13.8290377    
  -13.8696585    
   0.00000000    
   0.00000000    
   0.00000000    
   0.00000000    
   0.00000000    
   0.00000000    
   0.00000000    
   0.00000000    
   0.00000000    
   0.00000000    
   0.00000000    
   0.00000000    
  -13.8658571    
  -13.8232222    
   0.00000000    
   0.00000000    
  -13.8229094    
  -13.8697834    
   0.00000000    
   0.00000000    
   0.00000000    
   0.00000000    
   0.00000000    
   0.00000000    
   0.00000000    
   0.00000000    
   0.00000000    
   0.00000000    
   0.00000000    
   0.00000000    
   0.00000000    
  -13.7815971    
  -13.8143044    
  -13.8134546    
  -13.7764044    
   0.00000000    
   0.00000000    
   0.00000000    
   0.00000000    
   0.00000000    
   0.00000000    
   0.00000000    
   0.00000000    
   0.00000000    
   0.00000000    
   0.00000000    
   0.00000000    
   0.00000000    
   0.00000000    
  -13.7790747    
  -13.8520727    
  -13.8537836    
  -13.7760849    
   0.00000000    
   0.00000000    
   0.00000000    
   0.00000000    
   0.00000000    
   0.00000000    
   0.00000000    
   0.00000000    
   0.00000000    
   0.00000000    
   0.00000000    
   0.00000000    
   0.00000000    
   0.00000000    
   0.00000000    
  -13.9162207    
  -13.9161625    
   0.00000000    
   0.00000000    
   0.00000000    
   0.00000000    
   0.00000000    
   0.00000000    
   0.00000000    
   0.00000000    
   0.00000000    
   0.00000000    
   0.00000000    
   0.00000000    
   0.00000000    
   0.00000000    
   0.00000000    
   0.00000000    
   0.00000000    
   0.00000000    
   0.00000000    
   0.00000000    
   0.00000000    
   0.00000000    
   0.00000000    
   0.00000000    
   0.00000000    
   0.00000000    
   0.00000000    
   0.00000000    
   0.00000000    
   0.00000000    
   0.00000000    
   0.00000000    
   0.00000000    
   0.00000000    
   0.00000000    
   0.00000000    
   0.00000000    
   0.00000000    
   0.00000000    
   0.00000000    
   0.00000000    
   0.00000000    
   0.00000000    
   0.00000000    
   0.00000000    
   0.00000000    
   0.00000000    
   0.00000000    
   0.00000000    
   0.00000000    
   0.00000000    
   0.00000000    
   0.00000000    
   0.00000000    
   0.00000000    
   0.00000000    
   0.00000000    
   0.00000000    
   0.00000000    
   0.00000000    
   0.00000000    
   0.00000000    
   0.00000000    
   0.00000000    
   0.00000000    
   0.00000000    
   0.00000000    
   0.00000000    
   0.00000000    
   0.00000000    
   0.00000000    
   0.00000000    
   0.00000000    
   0.00000000    
   0.00000000    
   0.00000000    
   0.00000000    
   0.00000000    
   0.00000000    
   0.00000000    
   0.00000000    
   0.00000000    
   0.00000000    
   0.00000000    
   0.00000000    
   0.00000000    
   0.00000000    
   0.00000000    
   0.00000000    
   0.00000000    
   0.00000000    
   0.00000000    
   0.00000000    
   0.00000000    
   0.00000000    
   0.00000000    
   0.00000000    
   0.00000000    
   0.00000000    
   0.00000000    
   0.00000000    
   0.00000000    
   0.00000000    
   0.00000000    
   0.00000000    
   0.00000000    
   0.00000000    
   0.00000000    
   0.00000000    
   0.00000000    
   0.00000000    
   0.00000000    
   0.00000000    
   0.00000000    
   0.00000000    
   0.00000000    
   0.00000000    
   0.00000000    
   0.00000000    
   0.00000000    
   0.00000000    
   0.00000000    
   0.00000000    
   0.00000000    
   0.00000000    
   0.00000000    
   0.00000000    
   0.00000000    
   0.00000000    
   0.00000000    
   0.00000000    
   0.00000000    
   0.00000000    
   0.00000000    
   0.00000000    
   0.00000000    
   0.00000000    
   0.00000000    
   0.00000000    
   0.00000000    
   0.00000000    
   0.00000000    
   0.00000000    
   0.00000000    
   0.00000000    
   0.00000000    
   0.00000000    
   0.00000000    
   0.00000000    
   0.00000000    
   0.00000000    
   0.00000000    
   0.00000000    
   0.00000000    
   0.00000000    
   0.00000000    
   0.00000000    
   0.00000000    
   0.00000000    
   0.00000000    
   0.00000000    
   0.00000000    
   0.00000000    
   0.00000000    
   0.00000000    
   0.00000000    
   0.00000000    
   0.00000000    
   0.00000000    
   0.00000000    
   0.00000000    
   0.00000000    
   0.00000000    
   0.00000000    
   0.00000000    
   0.00000000    
   0.00000000    
   0.00000000    
   0.00000000    
   0.00000000    
   0.00000000    
   0.00000000    
   0.00000000    
   0.00000000    
   0.00000000    
   0.00000000    
   0.00000000    
   0.00000000    
   0.00000000    
   0.00000000    
   0.00000000    
   0.00000000    
   0.00000000    
   0.00000000    
   0.00000000    
  -13.8336716    
  -13.8794737    
  -13.8799953    
  -13.8360634    
   0.00000000    
   0.00000000    
   0.00000000    
   0.00000000    
   0.00000000    
   0.00000000    
   0.00000000    
   0.00000000    
   0.00000000    
   0.00000000    
   0.00000000    
   0.00000000    
   0.00000000    
   0.00000000    
  -13.7788315    
  -13.8122292    
  -13.8115635    
  -13.7877359    
   0.00000000    
   0.00000000    
   0.00000000    
   0.00000000    
   0.00000000    
   0.00000000    
   0.00000000    
   0.00000000    
   0.00000000    
   0.00000000    
   0.00000000    
   0.00000000    
   0.00000000    
  -13.8113832    
  -13.7674580    
   0.00000000    
   0.00000000    
  -13.7752733    
  -13.8142347    
   0.00000000    
   0.00000000    
   0.00000000    
   0.00000000    
   0.00000000    
   0.00000000    
   0.00000000    
   0.00000000    
   0.00000000    
   0.00000000    
   0.00000000    
   0.00000000    
  -13.8756552    
  -13.8006544    
   0.00000000    
   0.00000000    
  -13.8018923    
  -13.8765955    
   0.00000000    
   0.00000000    
   0.00000000    
   0.00000000    
   0.00000000    
   0.00000000    
   0.00000000    
   0.00000000    
   0.00000000    
   0.00000000    
   0.00000000    
   0.00000000    
  -13.8754969    
  -13.7938976    
   0.00000000    
   0.00000000    
  -13.7924776    
  -13.8725758    
   0.00000000    
   0.00000000    
   0.00000000    
   0.00000000    
   0.00000000    
   0.00000000    
   0.00000000    
   0.00000000    
   0.00000000    
   0.00000000    
   0.00000000    
   0.00000000    
  -13.8127203    
  -13.7673731    
   0.00000000    
   0.00000000    
  -13.7626343    
  -13.8059692    
   0.00000000    
   0.00000000    
   0.00000000    
   0.00000000    
   0.00000000    
   0.00000000    
   0.00000000    
   0.00000000    
   0.00000000    
   0.00000000    
   0.00000000    
   0.00000000    
   0.00000000    
  -13.7824163    
  -13.8179073    
  -13.8124723    
  -13.7803707    
   0.00000000    
   0.00000000    
   0.00000000    
   0.00000000    
   0.00000000    
   0.00000000    
   0.00000000    
   0.00000000    
   0.00000000    
   0.00000000    
   0.00000000    
   0.00000000    
   0.00000000    
   0.00000000    
  -13.8343725    
  -13.8835144    
  -13.8815756    
  -13.8339758    
   0.00000000    
   0.00000000    
   0.00000000    
   0.00000000    
   0.00000000    
   0.00000000    
   0.00000000    
   0.00000000    
   0.00000000    
   0.00000000    
   0.00000000    
   0.00000000    
   0.00000000    
   0.00000000    
   0.00000000    
   0.00000000    
   0.00000000    
   0.00000000    
   0.00000000    
   0.00000000    
   0.00000000    
   0.00000000    
   0.00000000    
   0.00000000    
   0.00000000    
   0.00000000    
   0.00000000    
   0.00000000    
   0.00000000    
   0.00000000    
   0.00000000    
   0.00000000    
   0.00000000    
   0.00000000    
   0.00000000    
   0.00000000    
   0.00000000    
   0.00000000    
   0.00000000    
   0.00000000    
   0.00000000    
   0.00000000    
   0.00000000    
   0.00000000    
   0.00000000    
   0.00000000    
   0.00000000    
   0.00000000    
   0.00000000    
   0.00000000    
   0.00000000    
   0.00000000    
   0.00000000    
   0.00000000    
   0.00000000    
   0.00000000    
   0.00000000    
   0.00000000    
   0.00000000    
   0.00000000    
   0.00000000    
   0.00000000    
   0.00000000    
   0.00000000    
   0.00000000    
   0.00000000    
   0.00000000    
   0.00000000    
   0.00000000    
   0.00000000    
   0.00000000    
   0.00000000    
   0.00000000    
   0.00000000    
   0.00000000    
   0.00000000    
   0.00000000    
   0.00000000    
   0.00000000    
   0.00000000    
   0.00000000    
   0.00000000    
   0.00000000    
   0.00000000    
   0.00000000    
   0.00000000    
   0.00000000    
   0.00000000    
   0.00000000    
   0.00000000    
   0.00000000    
   0.00000000    
   0.00000000    
   0.00000000    
   0.00000000    
   0.00000000    
   0.00000000    
   0.00000000    
   0.00000000    
   0.00000000    
   0.00000000    
   0.00000000    
   0.00000000    
   0.00000000    
   0.00000000    
   0.00000000    
   0.00000000    
   0.00000000    
   0.00000000    
   0.00000000    
   0.00000000    
   0.00000000    
   0.00000000    
   0.00000000    
   0.00000000    
   0.00000000    
   0.00000000    
   0.00000000    
   0.00000000    
   0.00000000    
   0.00000000    
   0.00000000    
   0.00000000    
   0.00000000    
   0.00000000    
   0.00000000    
   0.00000000    
   0.00000000    
   0.00000000    
   0.00000000    
   0.00000000    
   0.00000000    
   0.00000000    
   0.00000000    
   0.00000000    
   0.00000000    
   0.00000000    
   0.00000000    
   0.00000000    
   0.00000000    
   0.00000000    
   0.00000000    
   0.00000000    
   0.00000000    
   0.00000000    
   0.00000000    
   0.00000000    
   0.00000000    
   0.00000000    
   0.00000000    
   0.00000000    
   0.00000000    
   0.00000000    
   0.00000000    
   0.00000000    
   0.00000000    
   0.00000000    
   0.00000000    
   0.00000000    
   0.00000000    
   0.00000000    
   0.00000000    
   0.00000000    
   0.00000000    
   0.00000000    
   0.00000000    
   0.00000000    
   0.00000000    
   0.00000000    
   0.00000000    
   0.00000000    
   0.00000000    
   0.00000000    
   0.00000000    
   0.00000000    
   0.00000000    
   0.00000000    
   0.00000000    
   0.00000000    
   0.00000000    
   0.00000000    
   0.00000000    
   0.00000000    
   0.00000000    
   0.00000000    
   0.00000000    
   0.00000000    
   0.00000000    
   0.00000000    
   0.00000000    
   0.00000000    
   0.00000000    
   0.00000000    
   0.00000000    
  -13.8790865    
  -13.8657064    
  -13.8638515    
  -13.8819313    
   0.00000000    
   0.00000000    
   0.00000000    
   0.00000000    
   0.00000000    
   0.00000000    
   0.00000000    
   0.00000000    
   0.00000000    
   0.00000000    
   0.00000000    
   0.00000000    
   0.00000000    
  -13.8631535    
  -13.8166189    
   0.00000000    
   0.00000000    
  -13.8263836    
  -13.8712692    
   0.00000000    
   0.00000000    
   0.00000000    
   0.00000000    
   0.00000000    
   0.00000000    
   0.00000000    
   0.00000000    
   0.00000000    
   0.00000000    
   0.00000000    
   0.00000000    
  -13.8716297    
  -13.7926855    
   0.00000000    
   0.00000000    
  -13.8021212    
  -13.8747435    
   0.00000000    
   0.00000000    
   0.00000000    
   0.00000000    
   0.00000000    
   0.00000000    
   0.00000000    
   0.00000000    
   0.00000000    
   0.00000000    
   0.00000000    
   0.00000000    
  -13.8900862    
   0.00000000    
   0.00000000    
   0.00000000    
   0.00000000    
  -13.8926620    
   0.00000000    
   0.00000000    
   0.00000000    
   0.00000000    
   0.00000000    
   0.00000000    
   0.00000000    
   0.00000000    
   0.00000000    
   0.00000000    
   0.00000000    
   0.00000000    
  -13.8931036    
   0.00000000    
   0.00000000    
   0.00000000    
   0.00000000    
  -13.8889885    
   0.00000000    
   0.00000000    
   0.00000000    
   0.00000000    
   0.00000000    
   0.00000000    
   0.00000000    
   0.00000000    
   0.00000000    
   0.00000000    
   0.00000000    
   0.00000000    
  -13.8824892    
  -13.7962971    
   0.00000000    
   0.00000000    
  -13.7928371    
  -13.8717175    
   0.00000000    
   0.00000000    
   0.00000000    
   0.00000000    
   0.00000000    
   0.00000000    
   0.00000000    
   0.00000000    
   0.00000000    
   0.00000000    
   0.00000000    
   0.00000000    
  -13.8719769    
  -13.8247242    
   0.00000000    
   0.00000000    
  -13.8198071    
  -13.8618631    
   0.00000000    
   0.00000000    
   0.00000000    
   0.00000000    
   0.00000000    
   0.00000000    
   0.00000000    
   0.00000000    
   0.00000000    
   0.00000000    
   0.00000000    
   0.00000000    
   0.00000000    
  -13.8804359    
  -13.8665075    
  -13.8655787    
  -13.8780451    
   0.00000000    
   0.00000000    
   0.00000000    
   0.00000000    
   0.00000000    
   0.00000000    
   0.00000000    
   0.00000000    
   0.00000000    
   0.00000000    
   0.00000000    
   0.00000000    
   0.00000000    
   0.00000000    
   0.00000000    
   0.00000000    
   0.00000000    
   0.00000000    
   0.00000000    
   0.00000000    
   0.00000000    
   0.00000000    
   0.00000000    
   0.00000000    
   0.00000000    
   0.00000000    
   0.00000000    
   0.00000000    
   0.00000000    
   0.00000000    
   0.00000000    
   0.00000000    
   0.00000000    
   0.00000000    
   0.00000000    
   0.00000000    
   0.00000000    
   0.00000000    
   0.00000000    
   0.00000000    
   0.00000000    
   0.00000000    
   0.00000000    
   0.00000000    
   0.00000000    
   0.00000000    
   0.00000000    
   0.00000000    
   0.00000000    
   0.00000000    
   0.00000000    
   0.00000000    
   0.00000000    
   0.00000000    
   0.00000000    
   0.00000000    
   0.00000000    
   0.00000000    
   0.00000000    
   0.00000000    
   0.00000000    
   0.00000000    
   0.00000000    
   0.00000000    
   0.00000000    
   0.00000000    
   0.00000000    
   0.00000000    
   0.00000000    
   0.00000000    
   0.00000000    
   0.00000000    
   0.00000000    
   0.00000000    
   0.00000000    
   0.00000000    
   0.00000000    
   0.00000000    
   0.00000000    
   0.00000000    
   0.00000000    
   0.00000000    
   0.00000000    
   0.00000000    
   0.00000000    
   0.00000000    
   0.00000000    
   0.00000000    
   0.00000000    
   0.00000000    
   0.00000000    
   0.00000000    
   0.00000000    
   0.00000000    
   0.00000000    
   0.00000000    
   0.00000000    
   0.00000000    
   0.00000000    
   0.00000000    
   0.00000000    
   0.00000000    
   0.00000000    
   0.00000000    
   0.00000000    
   0.00000000    
   0.00000000    
   0.00000000    
   0.00000000    
   0.00000000    
   0.00000000    
   0.00000000    
   0.00000000    
   0.00000000    
   0.00000000    
   0.00000000    
   0.00000000    
   0.00000000    
   0.00000000    
   0.00000000    
   0.00000000    
   0.00000000    
   0.00000000    
   0.00000000    
   0.00000000    
   0.00000000    
   0.00000000    
   0.00000000    
   0.00000000    
   0.00000000    
   0.00000000    
   0.00000000    
   0.00000000    
   0.00000000    
   0.00000000    
   0.00000000    
   0.00000000    
   0.00000000    
   0.00000000    
   0.00000000    
   0.00000000    
   0.00000000    
   0.00000000    
   0.00000000    
   0.00000000    
   0.00000000    
   0.00000000    
   0.00000000    
   0.00000000    
   0.00000000    
   0.00000000    
   0.00000000    
   0.00000000    
   0.00000000    
   0.00000000    
   0.00000000    
   0.00000000    
   0.00000000    
   0.00000000    
   0.00000000    
   0.00000000    
   0.00000000    
   0.00000000    
   0.00000000    
   0.00000000    
   0.00000000    
   0.00000000    
   0.00000000    
   0.00000000    
   0.00000000    
   0.00000000    
   0.00000000    
   0.00000000    
   0.00000000    
   0.00000000    
   0.00000000    
   0.00000000    
   0.00000000    
   0.00000000    
   0.00000000    
   0.00000000    
   0.00000000    
   0.00000000    
   0.00000000    
   0.00000000    
   0.00000000    
   0.00000000    
   0.00000000    
   0.00000000    
   0.00000000    
   0.00000000    
   0.00000000    
   0.00000000    
   0.00000000    
  -13.8776159    
  -13.8669090    
  -13.8680048    
  -13.8858166    
   0.00000000    
   0.00000000    
   0.00000000    
   0.00000000    
   0.00000000    
   0.00000000    
   0.00000000    
   0.00000000    
   0.00000000    
   0.00000000    
   0.00000000    
   0.00000000    
   0.00000000    
  -13.8606939    
  -13.8171997    
   0.00000000    
   0.00000000    
  -13.8249331    
  -13.8717842    
   0.00000000    
   0.00000000    
   0.00000000    
   0.00000000    
   0.00000000    
   0.00000000    
   0.00000000    
   0.00000000    
   0.00000000    
   0.00000000    
   0.00000000    
   0.00000000    
  -13.8693705    
  -13.7898693    
   0.00000000    
   0.00000000    
  -13.8013477    
  -13.8755627    
   0.00000000    
   0.00000000    
   0.00000000    
   0.00000000    
   0.00000000    
   0.00000000    
   0.00000000    
   0.00000000    
   0.00000000    
   0.00000000    
   0.00000000    
   0.00000000    
  -13.8925447    
   0.00000000    
   0.00000000    
   0.00000000    
   0.00000000    
  -13.8891726    
   0.00000000    
   0.00000000    
   0.00000000    
   0.00000000    
   0.00000000    
   0.00000000    
   0.00000000    
   0.00000000    
   0.00000000    
   0.00000000    
   0.00000000    
   0.00000000    
  -13.8936920    
   0.00000000    
   0.00000000    
   0.00000000    
   0.00000000    
  -13.8890133    
   0.00000000    
   0.00000000    
   0.00000000    
   0.00000000    
   0.00000000    
   0.00000000    
   0.00000000    
   0.00000000    
   0.00000000    
   0.00000000    
   0.00000000    
   0.00000000    
  -13.8771286    
  -13.7984676    
   0.00000000    
   0.00000000    
  -13.7880726    
  -13.8725042    
   0.00000000    
   0.00000000    
   0.00000000    
   0.00000000    
   0.00000000    
   0.00000000    
   0.00000000    
   0.00000000    
   0.00000000    
   0.00000000    
   0.00000000    
   0.00000000    
  -13.8714762    
  -13.8222361    
   0.00000000    
   0.00000000    
  -13.8156824    
  -13.8595610    
   0.00000000    
   0.00000000    
   0.00000000    
   0.00000000    
   0.00000000    
   0.00000000    
   0.00000000    
   0.00000000    
   0.00000000    
   0.00000000    
   0.00000000    
   0.00000000    
   0.00000000    
  -13.8797998    
  -13.8683977    
  -13.8648252    
  -13.8745050    
   0.00000000    
   0.00000000    
   0.00000000    
   0.00000000    
   0.00000000    
   0.00000000    
   0.00000000    
   0.00000000    
   0.00000000    
   0.00000000    
   0.00000000    
   0.00000000    
   0.00000000    
   0.00000000    
   0.00000000    
   0.00000000    
   0.00000000    
   0.00000000    
   0.00000000    
   0.00000000    
   0.00000000    
   0.00000000    
   0.00000000    
   0.00000000    
   0.00000000    
   0.00000000    
   0.00000000    
   0.00000000    
   0.00000000    
   0.00000000    
   0.00000000    
   0.00000000    
   0.00000000    
   0.00000000    
   0.00000000    
   0.00000000    
   0.00000000    
   0.00000000    
   0.00000000    
   0.00000000    
   0.00000000    
   0.00000000    
   0.00000000    
   0.00000000    
   0.00000000    
   0.00000000    
   0.00000000    
   0.00000000    
   0.00000000    
   0.00000000    
   0.00000000    
   0.00000000    
   0.00000000    
   0.00000000    
   0.00000000    
   0.00000000    
   0.00000000    
   0.00000000    
   0.00000000    
   0.00000000    
   0.00000000    
   0.00000000    
   0.00000000    
   0.00000000    
   0.00000000    
   0.00000000    
   0.00000000    
   0.00000000    
   0.00000000    
   0.00000000    
   0.00000000    
   0.00000000    
   0.00000000    
   0.00000000    
   0.00000000    
   0.00000000    
   0.00000000    
   0.00000000    
   0.00000000    
   0.00000000    
   0.00000000    
   0.00000000    
   0.00000000    
   0.00000000    
   0.00000000    
   0.00000000    
   0.00000000    
   0.00000000    
   0.00000000    
   0.00000000    
   0.00000000    
   0.00000000    
   0.00000000    
   0.00000000    
   0.00000000    
   0.00000000    
   0.00000000    
   0.00000000    
   0.00000000    
   0.00000000    
   0.00000000    
   0.00000000    
   0.00000000    
   0.00000000    
   0.00000000    
   0.00000000    
   0.00000000    
   0.00000000    
   0.00000000    
   0.00000000    
   0.00000000    
   0.00000000    
   0.00000000    
   0.00000000    
   0.00000000    
   0.00000000    
   0.00000000    
   0.00000000    
   0.00000000    
   0.00000000    
   0.00000000    
   0.00000000    
   0.00000000    
   0.00000000    
   0.00000000    
   0.00000000    
   0.00000000    
   0.00000000    
   0.00000000    
   0.00000000    
   0.00000000    
   0.00000000    
   0.00000000    
   0.00000000    
   0.00000000    
   0.00000000    
   0.00000000    
   0.00000000    
   0.00000000    
   0.00000000    
   0.00000000    
   0.00000000    
   0.00000000    
   0.00000000    
   0.00000000    
   0.00000000    
   0.00000000    
   0.00000000    
   0.00000000    
   0.00000000    
   0.00000000    
   0.00000000    
   0.00000000    
   0.00000000    
   0.00000000    
   0.00000000    
   0.00000000    
   0.00000000    
   0.00000000    
   0.00000000    
   0.00000000    
   0.00000000    
   0.00000000    
   0.00000000    
   0.00000000    
   0.00000000    
   0.00000000    
   0.00000000    
   0.00000000    
   0.00000000    
   0.00000000    
   0.00000000    
   0.00000000    
   0.00000000    
   0.00000000    
   0.00000000    
   0.00000000    
   0.00000000    
   0.00000000    
   0.00000000    
   0.00000000    
   0.00000000    
   0.00000000    
   0.00000000    
   0.00000000    
   0.00000000    
   0.00000000    
   0.00000000    
   0.00000000    
   0.00000000    
   0.00000000    
   0.00000000    
   0.00000000    
   0.00000000    
  -13.8335381    
  -13.8811808    
  -13.8872232    
  -13.8396082    
   0.00000000    
   0.00000000    
   0.00000000    
   0.00000000    
   0.00000000    
   0.00000000    
   0.00000000    
   0.00000000    
   0.00000000    
   0.00000000    
   0.00000000    
   0.00000000    
   0.00000000    
   0.00000000    
  -13.7802143    
  -13.8113470    
  -13.8229570    
  -13.7885342    
   0.00000000    
   0.00000000    
   0.00000000    
   0.00000000    
   0.00000000    
   0.00000000    
   0.00000000    
   0.00000000    
   0.00000000    
   0.00000000    
   0.00000000    
   0.00000000    
   0.00000000    
  -13.8054686    
  -13.7669230    
   0.00000000    
   0.00000000    
  -13.7719622    
  -13.8083897    
   0.00000000    
   0.00000000    
   0.00000000    
   0.00000000    
   0.00000000    
   0.00000000    
   0.00000000    
   0.00000000    
   0.00000000    
   0.00000000    
   0.00000000    
   0.00000000    
  -13.8769894    
  -13.7945423    
   0.00000000    
   0.00000000    
  -13.7985582    
  -13.8757038    
   0.00000000    
   0.00000000    
   0.00000000    
   0.00000000    
   0.00000000    
   0.00000000    
   0.00000000    
   0.00000000    
   0.00000000    
   0.00000000    
   0.00000000    
   0.00000000    
  -13.8764362    
  -13.7978868    
   0.00000000    
   0.00000000    
  -13.7938213    
  -13.8741379    
   0.00000000    
   0.00000000    
   0.00000000    
   0.00000000    
   0.00000000    
   0.00000000    
   0.00000000    
   0.00000000    
   0.00000000    
   0.00000000    
   0.00000000    
   0.00000000    
  -13.8103991    
  -13.7710514    
   0.00000000    
   0.00000000    
  -13.7641592    
  -13.8041325    
   0.00000000    
   0.00000000    
   0.00000000    
   0.00000000    
   0.00000000    
   0.00000000    
   0.00000000    
   0.00000000    
   0.00000000    
   0.00000000    
   0.00000000    
   0.00000000    
   0.00000000    
  -13.7853594    
  -13.8147326    
  -13.8124647    
  -13.7800474    
   0.00000000    
   0.00000000    
   0.00000000    
   0.00000000    
   0.00000000    
   0.00000000    
   0.00000000    
   0.00000000    
   0.00000000    
   0.00000000    
   0.00000000    
   0.00000000    
   0.00000000    
   0.00000000    
  -13.8341360    
  -13.8780355    
  -13.8753567    
  -13.8313837    
   0.00000000    
   0.00000000    
   0.00000000    
   0.00000000    
   0.00000000    
   0.00000000    
   0.00000000    
   0.00000000    
   0.00000000    
   0.00000000    
   0.00000000    
   0.00000000    
   0.00000000    
   0.00000000    
   0.00000000    
   0.00000000    
   0.00000000    
   0.00000000    
   0.00000000    
   0.00000000    
   0.00000000    
   0.00000000    
   0.00000000    
   0.00000000    
   0.00000000    
   0.00000000    
   0.00000000    
   0.00000000    
   0.00000000    
   0.00000000    
   0.00000000    
   0.00000000    
   0.00000000    
   0.00000000    
   0.00000000    
   0.00000000    
   0.00000000    
   0.00000000    
   0.00000000    
   0.00000000    
   0.00000000    
   0.00000000    
   0.00000000    
   0.00000000    
   0.00000000    
   0.00000000    
   0.00000000    
   0.00000000    
   0.00000000    
   0.00000000    
   0.00000000    
   0.00000000    
   0.00000000    
   0.00000000    
   0.00000000    
   0.00000000    
   0.00000000    
   0.00000000    
   0.00000000    
   0.00000000    
   0.00000000    
   0.00000000    
   0.00000000    
   0.00000000    
   0.00000000    
   0.00000000    
   0.00000000    
   0.00000000    
   0.00000000    
   0.00000000    
   0.00000000    
   0.00000000    
   0.00000000    
   0.00000000    
   0.00000000    
   0.00000000    
   0.00000000    
   0.00000000    
   0.00000000    
   0.00000000    
   0.00000000    
   0.00000000    
   0.00000000    
   0.00000000    
   0.00000000    
   0.00000000    
   0.00000000    
   0.00000000    
   0.00000000    
   0.00000000    
   0.00000000    
   0.00000000    
   0.00000000    
   0.00000000    
   0.00000000    
   0.00000000    
   0.00000000    
   0.00000000    
   0.00000000    
   0.00000000    
   0.00000000    
   0.00000000    
   0.00000000    
   0.00000000    
   0.00000000    
   0.00000000    
   0.00000000    
   0.00000000    
   0.00000000    
   0.00000000    
   0.00000000    
   0.00000000    
   0.00000000    
   0.00000000    
   0.00000000    
   0.00000000    
   0.00000000    
   0.00000000    
   0.00000000    
   0.00000000    
   0.00000000    
   0.00000000    
   0.00000000    
   0.00000000    
   0.00000000    
   0.00000000    
   0.00000000    
   0.00000000    
   0.00000000    
   0.00000000    
   0.00000000    
   0.00000000    
   0.00000000    
   0.00000000    
   0.00000000    
   0.00000000    
   0.00000000    
   0.00000000    
   0.00000000    
   0.00000000    
   0.00000000    
   0.00000000    
   0.00000000    
   0.00000000    
   0.00000000    
   0.00000000    
   0.00000000    
   0.00000000    
   0.00000000    
   0.00000000    
   0.00000000    
   0.00000000    
   0.00000000    
   0.00000000    
   0.00000000    
   0.00000000    
   0.00000000    
   0.00000000    
   0.00000000    
   0.00000000    
   0.00000000    
   0.00000000    
   0.00000000    
   0.00000000    
   0.00000000    
   0.00000000    
   0.00000000    
   0.00000000    
   0.00000000    
   0.00000000    
   0.00000000    
   0.00000000    
   0.00000000    
   0.00000000    
   0.00000000    
   0.00000000    
   0.00000000    
   0.00000000    
   0.00000000    
   0.00000000    
   0.00000000    
   0.00000000    
   0.00000000    
   0.00000000    
   0.00000000    
   0.00000000    
   0.00000000    
   0.00000000    
   0.00000000    
   0.00000000    
   0.00000000    
   0.00000000    
   0.00000000    
   0.00000000    
   0.00000000    
  -13.9210463    
  -13.9241562    
   0.00000000    
   0.00000000    
   0.00000000    
   0.00000000    
   0.00000000    
   0.00000000    
   0.00000000    
   0.00000000    
   0.00000000    
   0.00000000    
   0.00000000    
   0.00000000    
   0.00000000    
   0.00000000    
   0.00000000    
  -13.7727318    
  -13.8558826    
  -13.8625402    
  -13.7857409    
   0.00000000    
   0.00000000    
   0.00000000    
   0.00000000    
   0.00000000    
   0.00000000    
   0.00000000    
   0.00000000    
   0.00000000    
   0.00000000    
   0.00000000    
   0.00000000    
   0.00000000    
   0.00000000    
  -13.7782297    
  -13.8135595    
  -13.8205261    
  -13.7869263    
   0.00000000    
   0.00000000    
   0.00000000    
   0.00000000    
   0.00000000    
   0.00000000    
   0.00000000    
   0.00000000    
   0.00000000    
   0.00000000    
   0.00000000    
   0.00000000    
   0.00000000    
  -13.8683844    
  -13.8218727    
   0.00000000    
   0.00000000    
  -13.8280897    
  -13.8695068    
   0.00000000    
   0.00000000    
   0.00000000    
   0.00000000    
   0.00000000    
   0.00000000    
   0.00000000    
   0.00000000    
   0.00000000    
   0.00000000    
   0.00000000    
   0.00000000    
  -13.8711615    
  -13.8276491    
   0.00000000    
   0.00000000    
  -13.8260937    
  -13.8682899    
   0.00000000    
   0.00000000    
   0.00000000    
   0.00000000    
   0.00000000    
   0.00000000    
   0.00000000    
   0.00000000    
   0.00000000    
   0.00000000    
   0.00000000    
   0.00000000    
   0.00000000    
  -13.7886600    
  -13.8232317    
  -13.8224611    
  -13.7849855    
   0.00000000    
   0.00000000    
   0.00000000    
   0.00000000    
   0.00000000    
   0.00000000    
   0.00000000    
   0.00000000    
   0.00000000    
   0.00000000    
   0.00000000    
   0.00000000    
   0.00000000    
   0.00000000    
  -13.7825384    
  -13.8598614    
  -13.8559122    
  -13.7812862    
   0.00000000    
   0.00000000    
   0.00000000    
   0.00000000    
   0.00000000    
   0.00000000    
   0.00000000    
   0.00000000    
   0.00000000    
   0.00000000    
   0.00000000    
   0.00000000    
   0.00000000    
   0.00000000    
   0.00000000    
  -13.9180832    
  -13.9167042    
   0.00000000    
   0.00000000    
   0.00000000    
   0.00000000    
   0.00000000    
   0.00000000    
   0.00000000    
   0.00000000    
   0.00000000    
   0.00000000    
   0.00000000    
   0.00000000    
   0.00000000    
   0.00000000    
   0.00000000    
   0.00000000    
   0.00000000    
   0.00000000    
   0.00000000    
   0.00000000    
   0.00000000    
   0.00000000    
   0.00000000    
   0.00000000    
   0.00000000    
   0.00000000    
   0.00000000    
   0.00000000    
   0.00000000    
   0.00000000    
   0.00000000    
   0.00000000    
   0.00000000    
   0.00000000    
   0.00000000    
   0.00000000    
   0.00000000    
   0.00000000    
   0.00000000    
   0.00000000    
   0.00000000    
   0.00000000    
   0.00000000    
   0.00000000    
   0.00000000    
   0.00000000    
   0.00000000    
   0.00000000    
   0.00000000    
   0.00000000    
   0.00000000    
   0.00000000    
   0.00000000    
   0.00000000    
   0.00000000    
   0.00000000    
   0.00000000    
   0.00000000    
   0.00000000    
   0.00000000    
   0.00000000    
   0.00000000    
   0.00000000    
   0.00000000    
   0.00000000    
   0.00000000    
   0.00000000    
   0.00000000    
   0.00000000    
   0.00000000    
   0.00000000    
   0.00000000    
   0.00000000    
   0.00000000    
   0.00000000    
   0.00000000    
   0.00000000    
   0.00000000    
   0.00000000    
   0.00000000    
   0.00000000    
   0.00000000    
   0.00000000    
   0.00000000    
   0.00000000    
   0.00000000    
   0.00000000    
   0.00000000    
   0.00000000    
   0.00000000    
   0.00000000    
   0.00000000    
   0.00000000    
   0.00000000    
   0.00000000    
   0.00000000    
   0.00000000    
   0.00000000    
   0.00000000    
   0.00000000    
   0.00000000    
   0.00000000    
   0.00000000    
   0.00000000    
   0.00000000    
   0.00000000    
   0.00000000    
   0.00000000    
   0.00000000    
   0.00000000    
   0.00000000    
   0.00000000    
   0.00000000    
   0.00000000    
   0.00000000    
   0.00000000    
   0.00000000    
   0.00000000    
   0.00000000    
   0.00000000    
   0.00000000    
   0.00000000    
   0.00000000    
   0.00000000    
   0.00000000    
   0.00000000    
   0.00000000    
   0.00000000    
   0.00000000    
   0.00000000    
   0.00000000    
   0.00000000    
   0.00000000    
   0.00000000    
   0.00000000    
   0.00000000    
   0.00000000    
   0.00000000    
   0.00000000    
   0.00000000    
   0.00000000    
   0.00000000    
   0.00000000    
   0.00000000    
   0.00000000    
   0.00000000    
   0.00000000    
   0.00000000    
   0.00000000    
   0.00000000    
   0.00000000    
   0.00000000    
   0.00000000    
   0.00000000    
   0.00000000    
   0.00000000    
   0.00000000    
   0.00000000    
   0.00000000    
   0.00000000    
   0.00000000    
   0.00000000    
   0.00000000    
   0.00000000    
   0.00000000    
   0.00000000    
   0.00000000    
   0.00000000    
   0.00000000    
   0.00000000    
   0.00000000    
   0.00000000    
   0.00000000    
   0.00000000    
   0.00000000    
   0.00000000    
   0.00000000    
   0.00000000    
   0.00000000    
   0.00000000    
   0.00000000    
   0.00000000    
   0.00000000    
   0.00000000    
   0.00000000    
   0.00000000    
   0.00000000    
   0.00000000    
   0.00000000    
   0.00000000    
   0.00000000    
   0.00000000    
   0.00000000    
   0.00000000    
   0.00000000    
   0.00000000    
   0.00000000    
   0.00000000    
   0.00000000    
   0.00000000    
   0.00000000    
   0.00000000    
   0.00000000    
   0.00000000    
   0.00000000    
   0.00000000    
   0.00000000    
   0.00000000    
   0.00000000    
   0.00000000    
   0.00000000    
   0.00000000    
   0.00000000    
   0.00000000    
  -13.9231997    
  -13.9256964    
   0.00000000    
   0.00000000    
   0.00000000    
   0.00000000    
   0.00000000    
   0.00000000    
   0.00000000    
   0.00000000    
   0.00000000    
   0.00000000    
   0.00000000    
   0.00000000    
   0.00000000    
   0.00000000    
   0.00000000    
  -13.8346024    
  -13.8839779    
  -13.8873682    
  -13.8421726    
   0.00000000    
   0.00000000    
   0.00000000    
   0.00000000    
   0.00000000    
   0.00000000    
   0.00000000    
   0.00000000    
   0.00000000    
   0.00000000    
   0.00000000    
   0.00000000    
   0.00000000    
   0.00000000    
  -13.8848171    
  -13.8744698    
  -13.8735523    
  -13.8880281    
   0.00000000    
   0.00000000    
   0.00000000    
   0.00000000    
   0.00000000    
   0.00000000    
   0.00000000    
   0.00000000    
   0.00000000    
   0.00000000    
   0.00000000    
   0.00000000    
   0.00000000    
   0.00000000    
  -13.8905554    
  -13.8766279    
  -13.8746357    
  -13.8892632    
   0.00000000    
   0.00000000    
   0.00000000    
   0.00000000    
   0.00000000    
   0.00000000    
   0.00000000    
   0.00000000    
   0.00000000    
   0.00000000    
   0.00000000    
   0.00000000    
   0.00000000    
   0.00000000    
  -13.8423138    
  -13.8862324    
  -13.8886900    
  -13.8436861    
   0.00000000    
   0.00000000    
   0.00000000    
   0.00000000    
   0.00000000    
   0.00000000    
   0.00000000    
   0.00000000    
   0.00000000    
   0.00000000    
   0.00000000    
   0.00000000    
   0.00000000    
   0.00000000    
   0.00000000    
  -13.9248285    
  -13.9251013    
   0.00000000    
   0.00000000    
   0.00000000    
   0.00000000    
   0.00000000    
   0.00000000    
   0.00000000    
   0.00000000    
   0.00000000    
   0.00000000    
   0.00000000    
   0.00000000    
   0.00000000    
   0.00000000    
   0.00000000    
   0.00000000    
   0.00000000    
   0.00000000    
   0.00000000    
   0.00000000    
   0.00000000    
   0.00000000    
   0.00000000    
   0.00000000    
   0.00000000    
   0.00000000    
   0.00000000    
   0.00000000    
   0.00000000    
   0.00000000    
   0.00000000    
   0.00000000    
   0.00000000    
   0.00000000    
   0.00000000    
   0.00000000    
   0.00000000    
   0.00000000    
   0.00000000    
   0.00000000    
   0.00000000    
   0.00000000    
   0.00000000    
   0.00000000    
   0.00000000    
   0.00000000    
   0.00000000    
   0.00000000    
   0.00000000    
   0.00000000    
   0.00000000    
   0.00000000    
   0.00000000    
   0.00000000    
   0.00000000    
   0.00000000    
   0.00000000    
   0.00000000    
   0.00000000    
   0.00000000    
   0.00000000    
   0.00000000    
   0.00000000    
   0.00000000    
   0.00000000    
   0.00000000    
   0.00000000    
   0.00000000    
   0.00000000    
   0.00000000    
   0.00000000    
   0.00000000    
   0.00000000    
   0.00000000    
   0.00000000    
   0.00000000    
   0.00000000    
   0.00000000    
   0.00000000    
   0.00000000    
   0.00000000    
   0.00000000    
   0.00000000    
   0.00000000    
   0.00000000    
   0.00000000    
   0.00000000    
   0.00000000    
   0.00000000    
   0.00000000    
   0.00000000    
   0.00000000    
   0.00000000    
   0.00000000    
   0.00000000    
   0.00000000    
   0.00000000    
   0.00000000    
   0.00000000    
   0.00000000    
   0.00000000    
   0.00000000    
   0.00000000    
   0.00000000    
   0.00000000    
   0.00000000    
   0.00000000    
   0.00000000    
   0.00000000    
   0.00000000    
   0.00000000    
   0.00000000    
   0.00000000    
   0.00000000    
   0.00000000    
   0.00000000    
   0.00000000    
   0.00000000    
   0.00000000    
   0.00000000    
   0.00000000    
   0.00000000    
   0.00000000    
   0.00000000    
   0.00000000    
   0.00000000    
   0.00000000    
   0.00000000    
   0.00000000    
   0.00000000    
   0.00000000    
   0.00000000    
   0.00000000    
   0.00000000    
   0.00000000    
   0.00000000    
   0.00000000    
   0.00000000    
   0.00000000    
   0.00000000    
   0.00000000    
   0.00000000    
   0.00000000    
   0.00000000    
   0.00000000    
   0.00000000    
   0.00000000    
   0.00000000    
   0.00000000    
   0.00000000    
   0.00000000    
   0.00000000    
   0.00000000    
   0.00000000    
   0.00000000    
   0.00000000    
   0.00000000    
   0.00000000    
   0.00000000    
   0.00000000    
   0.00000000    
   0.00000000    
   0.00000000    
   0.00000000    
   0.00000000    
   0.00000000    
   0.00000000    
   0.00000000    
   0.00000000    
   0.00000000    
   0.00000000    
   0.00000000    
   0.00000000    
   0.00000000    
   0.00000000    
   0.00000000    
   0.00000000    
   0.00000000    
   0.00000000    
   0.00000000    
   0.00000000    
   0.00000000    
   0.00000000    
   0.00000000    
   0.00000000    
   0.00000000    
   0.00000000    
   0.00000000    
   0.00000000    
   0.00000000    
   0.00000000    
   0.00000000    
   0.00000000    
   0.00000000    
   0.00000000    
   0.00000000    
   0.00000000    
   0.00000000    
   0.00000000    
   0.00000000    
   0.00000000    
   0.00000000    
   0.00000000    
   0.00000000    
   0.00000000    
   0.00000000    
   0.00000000    
   0.00000000    
   0.00000000    
   0.00000000    
   0.00000000    
   0.00000000    
   0.00000000    
   0.00000000    
   0.00000000    
   0.00000000    
   0.00000000    
   0.00000000    
   0.00000000    
   0.00000000    
   0.00000000    
   0.00000000    
   0.00000000    
   0.00000000    
   0.00000000    
   0.00000000    
   0.00000000    
   0.00000000    
   0.00000000    
   0.00000000    
   0.00000000    
   0.00000000    
   0.00000000    
   0.00000000    
   0.00000000    
   0.00000000    
   0.00000000    
   0.00000000    
   0.00000000    
   0.00000000    
   0.00000000    
   0.00000000    
   0.00000000    
   0.00000000    
   0.00000000    
   0.00000000    
   0.00000000    
   0.00000000    
   0.00000000    
   0.00000000    
   0.00000000    
   0.00000000    
   0.00000000    
   0.00000000    
   0.00000000    
   0.00000000    
   0.00000000    
   0.00000000    
   0.00000000    
   0.00000000    
   0.00000000    
   0.00000000    
   0.00000000    
   0.00000000    
   0.00000000    
   0.00000000    
   0.00000000    
   0.00000000    
   0.00000000    
   0.00000000    
   0.00000000    
   0.00000000    
   0.00000000    
   0.00000000    
   0.00000000    
   0.00000000    
   0.00000000    
   0.00000000    
   0.00000000    
   0.00000000    
   0.00000000    
   0.00000000    
   0.00000000    
   0.00000000    
   0.00000000    
   0.00000000    
   0.00000000    
   0.00000000    
   0.00000000    
   0.00000000    
   0.00000000    
   0.00000000    
   0.00000000    
   0.00000000    
   0.00000000    
   0.00000000    
   0.00000000    
   0.00000000    
   0.00000000    
   0.00000000    
   0.00000000    
   0.00000000    
   0.00000000    
   0.00000000    
   0.00000000    
   0.00000000    
   0.00000000    
   0.00000000    
   0.00000000    
   0.00000000    
   0.00000000    
   0.00000000    
   0.00000000    
   0.00000000    
   0.00000000    
   0.00000000    
   0.00000000    
   0.00000000    
   0.00000000    
   0.00000000    
   0.00000000    
   0.00000000    
   0.00000000    
   0.00000000    
   0.00000000    
   0.00000000    
   0.00000000    
   0.00000000    
   0.00000000    
   0.00000000    
   0.00000000    
   0.00000000    
   0.00000000    
   0.00000000    
   0.00000000    
   0.00000000    
   0.00000000    
   0.00000000    
   0.00000000    
   0.00000000    
   0.00000000    
   0.00000000    
   0.00000000    
   0.00000000    
   0.00000000    
   0.00000000    
   0.00000000    
   0.00000000    
   0.00000000    
   0.00000000    
   0.00000000    
   0.00000000    
   0.00000000    
   0.00000000    
   0.00000000    
   0.00000000    
   0.00000000    
   0.00000000    
   0.00000000    
   0.00000000    
   0.00000000    
   0.00000000    
   0.00000000    
   0.00000000    
   0.00000000    
   0.00000000    
   0.00000000    
   0.00000000    
   0.00000000    
   0.00000000    
   0.00000000    
   0.00000000    
   0.00000000    
   0.00000000    
   0.00000000    
   0.00000000    
   0.00000000    
   0.00000000    
   0.00000000    
   0.00000000    
   0.00000000    
   0.00000000    
   0.00000000    
   0.00000000    
   0.00000000    
   0.00000000    
   0.00000000    
   0.00000000    
   0.00000000    
   0.00000000    
   0.00000000    
   0.00000000    
   0.00000000    
   0.00000000    
   0.00000000    
   0.00000000    
   0.00000000    
   0.00000000    
   0.00000000    
   0.00000000    
   0.00000000    
   0.00000000    
   0.00000000    
   0.00000000    
   0.00000000    
   0.00000000    
   0.00000000    
   0.00000000    
   0.00000000    
   0.00000000    
   0.00000000    
   0.00000000    
   0.00000000    
   0.00000000    
   0.00000000    
   0.00000000    
   0.00000000    
   0.00000000    
   0.00000000    
   0.00000000    
   0.00000000    
   0.00000000    
   0.00000000    
   0.00000000    
   0.00000000    
   0.00000000    
   0.00000000    
   0.00000000    
   0.00000000    
   0.00000000    
   0.00000000    
   0.00000000    
   0.00000000    
   0.00000000    
   0.00000000    
   0.00000000    
   0.00000000    
   0.00000000    
   0.00000000    
   0.00000000    
  -13.8665590    
  -13.8827438    
   0.00000000    
   0.00000000    
   0.00000000    
   0.00000000    
   0.00000000    
   0.00000000    
   0.00000000    
   0.00000000    
   0.00000000    
   0.00000000    
   0.00000000    
   0.00000000    
   0.00000000    
   0.00000000    
  -13.8819332    
  -13.8675785    
  -13.8793678    
  -13.8328590    
   0.00000000    
   0.00000000    
   0.00000000    
   0.00000000    
   0.00000000    
   0.00000000    
   0.00000000    
   0.00000000    
   0.00000000    
   0.00000000    
   0.00000000    
   0.00000000    
   0.00000000    
   0.00000000    
  -13.8372841    
  -13.8792896    
  -13.9153996    
   0.00000000    
   0.00000000    
   0.00000000    
   0.00000000    
   0.00000000    
   0.00000000    
   0.00000000    
   0.00000000    
   0.00000000    
   0.00000000    
   0.00000000    
   0.00000000    
   0.00000000    
   0.00000000    
   0.00000000    
   0.00000000    
  -13.9179459    
   0.00000000    
   0.00000000    
   0.00000000    
   0.00000000    
   0.00000000    
   0.00000000    
   0.00000000    
   0.00000000    
   0.00000000    
   0.00000000    
   0.00000000    
   0.00000000    
   0.00000000    
   0.00000000    
   0.00000000    
   0.00000000    
   0.00000000    
   0.00000000    
   0.00000000    
   0.00000000    
   0.00000000    
   0.00000000    
   0.00000000    
   0.00000000    
   0.00000000    
   0.00000000    
   0.00000000    
   0.00000000    
   0.00000000    
   0.00000000    
   0.00000000    
   0.00000000    
   0.00000000    
   0.00000000    
   0.00000000    
   0.00000000    
   0.00000000    
   0.00000000    
   0.00000000    
   0.00000000    
   0.00000000    
   0.00000000    
   0.00000000    
   0.00000000    
   0.00000000    
   0.00000000    
   0.00000000    
   0.00000000    
   0.00000000    
   0.00000000    
   0.00000000    
   0.00000000    
   0.00000000    
   0.00000000    
   0.00000000    
   0.00000000    
   0.00000000    
   0.00000000    
   0.00000000    
   0.00000000    
   0.00000000    
   0.00000000    
   0.00000000    
   0.00000000    
   0.00000000    
   0.00000000    
   0.00000000    
   0.00000000    
   0.00000000    
   0.00000000    
   0.00000000    
   0.00000000    
   0.00000000    
   0.00000000    
   0.00000000    
   0.00000000    
   0.00000000    
   0.00000000    
   0.00000000    
   0.00000000    
   0.00000000    
   0.00000000    
   0.00000000    
   0.00000000    
   0.00000000    
   0.00000000    
   0.00000000    
   0.00000000    
   0.00000000    
   0.00000000    
   0.00000000    
   0.00000000    
   0.00000000    
   0.00000000    
   0.00000000    
   0.00000000    
   0.00000000    
   0.00000000    
   0.00000000    
   0.00000000    
   0.00000000    
   0.00000000    
   0.00000000    
   0.00000000    
   0.00000000    
   0.00000000    
   0.00000000    
   0.00000000    
   0.00000000    
   0.00000000    
   0.00000000    
   0.00000000    
   0.00000000    
   0.00000000    
   0.00000000    
   0.00000000    
   0.00000000    
   0.00000000    
   0.00000000    
   0.00000000    
   0.00000000    
   0.00000000    
   0.00000000    
   0.00000000    
   0.00000000    
   0.00000000    
   0.00000000    
   0.00000000    
   0.00000000    
   0.00000000    
   0.00000000    
   0.00000000    
   0.00000000    
   0.00000000    
   0.00000000    
   0.00000000    
   0.00000000    
   0.00000000    
   0.00000000    
   0.00000000    
   0.00000000    
   0.00000000    
   0.00000000    
   0.00000000    
   0.00000000    
   0.00000000    
   0.00000000    
   0.00000000    
   0.00000000    
   0.00000000    
   0.00000000    
   0.00000000    
   0.00000000    
   0.00000000    
   0.00000000    
   0.00000000    
   0.00000000    
   0.00000000    
   0.00000000    
   0.00000000    
   0.00000000    
   0.00000000    
   0.00000000    
   0.00000000    
   0.00000000    
   0.00000000    
   0.00000000    
   0.00000000    
   0.00000000    
   0.00000000    
   0.00000000    
   0.00000000    
   0.00000000    
   0.00000000    
   0.00000000    
   0.00000000    
   0.00000000    
   0.00000000    
   0.00000000    
   0.00000000    
   0.00000000    
   0.00000000    
   0.00000000    
   0.00000000    
   0.00000000    
   0.00000000    
   0.00000000    
   0.00000000    
   0.00000000    
   0.00000000    
   0.00000000    
   0.00000000    
   0.00000000    
   0.00000000    
   0.00000000    
   0.00000000    
   0.00000000    
   0.00000000    
   0.00000000    
   0.00000000    
   0.00000000    
   0.00000000    
   0.00000000    
   0.00000000    
   0.00000000    
   0.00000000    
   0.00000000    
   0.00000000    
   0.00000000    
   0.00000000    
   0.00000000    
   0.00000000    
   0.00000000    
   0.00000000    
   0.00000000    
   0.00000000    
  -13.9211559    
   0.00000000    
   0.00000000    
   0.00000000    
   0.00000000    
   0.00000000    
   0.00000000    
   0.00000000    
   0.00000000    
   0.00000000    
   0.00000000    
   0.00000000    
   0.00000000    
   0.00000000    
   0.00000000    
   0.00000000    
   0.00000000    
  -13.9231339    
  -13.8851767    
  -13.8428087    
   0.00000000    
   0.00000000    
   0.00000000    
   0.00000000    
   0.00000000    
   0.00000000    
   0.00000000    
   0.00000000    
   0.00000000    
   0.00000000    
   0.00000000    
   0.00000000    
   0.00000000    
   0.00000000    
  -13.8388481    
  -13.8860435    
  -13.8672428    
  -13.8858395    
   0.00000000    
   0.00000000    
   0.00000000    
   0.00000000    
   0.00000000    
   0.00000000    
   0.00000000    
   0.00000000    
   0.00000000    
   0.00000000    
   0.00000000    
   0.00000000    
   0.00000000    
   0.00000000    
  -13.8851957    
  -13.8698397    
   0.00000000    
  -13.8229265    
  -13.8699751    
   0.00000000    
   0.00000000    
   0.00000000    
   0.00000000    
   0.00000000    
   0.00000000    
   0.00000000    
   0.00000000    
   0.00000000    
   0.00000000    
   0.00000000    
   0.00000000    
  -13.8662262    
  -13.8232994    
   0.00000000    
  -13.8134508    
  -13.7763891    
   0.00000000    
   0.00000000    
   0.00000000    
   0.00000000    
   0.00000000    
   0.00000000    
   0.00000000    
   0.00000000    
   0.00000000    
   0.00000000    
   0.00000000    
   0.00000000    
   0.00000000    
   0.00000000    
  -13.7815838    
  -13.8143044    
  -13.8537817    
  -13.7760706    
   0.00000000    
   0.00000000    
   0.00000000    
   0.00000000    
   0.00000000    
   0.00000000    
   0.00000000    
   0.00000000    
   0.00000000    
   0.00000000    
   0.00000000    
   0.00000000    
   0.00000000    
   0.00000000    
  -13.7790689    
  -13.8520737    
  -13.9161568    
   0.00000000    
   0.00000000    
   0.00000000    
   0.00000000    
   0.00000000    
   0.00000000    
   0.00000000    
   0.00000000    
   0.00000000    
   0.00000000    
   0.00000000    
   0.00000000    
   0.00000000    
   0.00000000    
   0.00000000    
   0.00000000    
  -13.9162140    
   0.00000000    
   0.00000000    
   0.00000000    
   0.00000000    
   0.00000000    
   0.00000000    
   0.00000000    
   0.00000000    
   0.00000000    
   0.00000000    
   0.00000000    
   0.00000000    
   0.00000000    
   0.00000000    
   0.00000000    
   0.00000000    
   0.00000000    
   0.00000000    
   0.00000000    
   0.00000000    
   0.00000000    
   0.00000000    
   0.00000000    
   0.00000000    
   0.00000000    
   0.00000000    
   0.00000000    
   0.00000000    
   0.00000000    
   0.00000000    
   0.00000000    
   0.00000000    
   0.00000000    
   0.00000000    
   0.00000000    
   0.00000000    
   0.00000000    
   0.00000000    
   0.00000000    
   0.00000000    
   0.00000000    
   0.00000000    
   0.00000000    
   0.00000000    
   0.00000000    
   0.00000000    
   0.00000000    
   0.00000000    
   0.00000000    
   0.00000000    
   0.00000000    
   0.00000000    
   0.00000000    
   0.00000000    
   0.00000000    
   0.00000000    
   0.00000000    
   0.00000000    
   0.00000000    
   0.00000000    
   0.00000000    
   0.00000000    
   0.00000000    
   0.00000000    
   0.00000000    
   0.00000000    
   0.00000000    
   0.00000000    
   0.00000000    
   0.00000000    
   0.00000000    
   0.00000000    
   0.00000000    
   0.00000000    
   0.00000000    
   0.00000000    
   0.00000000    
   0.00000000    
   0.00000000    
   0.00000000    
   0.00000000    
   0.00000000    
   0.00000000    
   0.00000000    
   0.00000000    
   0.00000000    
   0.00000000    
   0.00000000    
   0.00000000    
   0.00000000    
   0.00000000    
   0.00000000    
   0.00000000    
   0.00000000    
   0.00000000    
   0.00000000    
   0.00000000    
   0.00000000    
   0.00000000    
   0.00000000    
   0.00000000    
   0.00000000    
   0.00000000    
   0.00000000    
   0.00000000    
   0.00000000    
   0.00000000    
   0.00000000    
   0.00000000    
   0.00000000    
   0.00000000    
   0.00000000    
   0.00000000    
   0.00000000    
   0.00000000    
   0.00000000    
   0.00000000    
   0.00000000    
   0.00000000    
   0.00000000    
   0.00000000    
   0.00000000    
   0.00000000    
   0.00000000    
   0.00000000    
   0.00000000    
   0.00000000    
   0.00000000    
   0.00000000    
   0.00000000    
   0.00000000    
   0.00000000    
   0.00000000    
   0.00000000    
   0.00000000    
   0.00000000    
   0.00000000    
   0.00000000    
   0.00000000    
   0.00000000    
   0.00000000    
   0.00000000    
   0.00000000    
   0.00000000    
   0.00000000    
   0.00000000    
   0.00000000    
   0.00000000    
   0.00000000    
   0.00000000    
   0.00000000    
   0.00000000    
   0.00000000    
   0.00000000    
   0.00000000    
   0.00000000    
   0.00000000    
   0.00000000    
   0.00000000    
   0.00000000    
   0.00000000    
   0.00000000    
   0.00000000    
   0.00000000    
   0.00000000    
   0.00000000    
   0.00000000    
   0.00000000    
   0.00000000    
   0.00000000    
   0.00000000    
   0.00000000    
   0.00000000    
   0.00000000    
   0.00000000    
   0.00000000    
   0.00000000    
   0.00000000    
   0.00000000    
   0.00000000    
  -13.9181414    
   0.00000000    
   0.00000000    
   0.00000000    
   0.00000000    
   0.00000000    
   0.00000000    
   0.00000000    
   0.00000000    
   0.00000000    
   0.00000000    
   0.00000000    
   0.00000000    
   0.00000000    
   0.00000000    
   0.00000000    
   0.00000000    
  -13.9182549    
  -13.8549347    
  -13.7862158    
   0.00000000    
   0.00000000    
   0.00000000    
   0.00000000    
   0.00000000    
   0.00000000    
   0.00000000    
   0.00000000    
   0.00000000    
   0.00000000    
   0.00000000    
   0.00000000    
   0.00000000    
   0.00000000    
  -13.7790117    
  -13.8576164    
  -13.8160353    
  -13.7898331    
   0.00000000    
   0.00000000    
   0.00000000    
   0.00000000    
   0.00000000    
   0.00000000    
   0.00000000    
   0.00000000    
   0.00000000    
   0.00000000    
   0.00000000    
   0.00000000    
   0.00000000    
   0.00000000    
  -13.7847433    
  -13.8154697    
   0.00000000    
  -13.8290062    
  -13.8694239    
   0.00000000    
   0.00000000    
   0.00000000    
   0.00000000    
   0.00000000    
   0.00000000    
   0.00000000    
   0.00000000    
   0.00000000    
   0.00000000    
   0.00000000    
   0.00000000    
  -13.8692312    
  -13.8284788    
   0.00000000    
   0.00000000    
  -13.7924728    
  -13.8725805    
   0.00000000    
   0.00000000    
   0.00000000    
   0.00000000    
   0.00000000    
   0.00000000    
   0.00000000    
   0.00000000    
   0.00000000    
   0.00000000    
   0.00000000    
   0.00000000    
  -13.8755674    
  -13.7938843    
   0.00000000    
   0.00000000    
  -13.7626266    
  -13.8059378    
   0.00000000    
   0.00000000    
   0.00000000    
   0.00000000    
   0.00000000    
   0.00000000    
   0.00000000    
   0.00000000    
   0.00000000    
   0.00000000    
   0.00000000    
   0.00000000    
  -13.8126965    
  -13.7673626    
   0.00000000    
  -13.8124647    
  -13.7803555    
   0.00000000    
   0.00000000    
   0.00000000    
   0.00000000    
   0.00000000    
   0.00000000    
   0.00000000    
   0.00000000    
   0.00000000    
   0.00000000    
   0.00000000    
   0.00000000    
   0.00000000    
   0.00000000    
  -13.7824106    
  -13.8179102    
  -13.8815727    
  -13.8339787    
   0.00000000    
   0.00000000    
   0.00000000    
   0.00000000    
   0.00000000    
   0.00000000    
   0.00000000    
   0.00000000    
   0.00000000    
   0.00000000    
   0.00000000    
   0.00000000    
   0.00000000    
   0.00000000    
  -13.8343515    
  -13.8835077    
   0.00000000    
   0.00000000    
   0.00000000    
   0.00000000    
   0.00000000    
   0.00000000    
   0.00000000    
   0.00000000    
   0.00000000    
   0.00000000    
   0.00000000    
   0.00000000    
   0.00000000    
   0.00000000    
   0.00000000    
   0.00000000    
   0.00000000    
   0.00000000    
   0.00000000    
   0.00000000    
   0.00000000    
   0.00000000    
   0.00000000    
   0.00000000    
   0.00000000    
   0.00000000    
   0.00000000    
   0.00000000    
   0.00000000    
   0.00000000    
   0.00000000    
   0.00000000    
   0.00000000    
   0.00000000    
   0.00000000    
   0.00000000    
   0.00000000    
   0.00000000    
   0.00000000    
   0.00000000    
   0.00000000    
   0.00000000    
   0.00000000    
   0.00000000    
   0.00000000    
   0.00000000    
   0.00000000    
   0.00000000    
   0.00000000    
   0.00000000    
   0.00000000    
   0.00000000    
   0.00000000    
   0.00000000    
   0.00000000    
   0.00000000    
   0.00000000    
   0.00000000    
   0.00000000    
   0.00000000    
   0.00000000    
   0.00000000    
   0.00000000    
   0.00000000    
   0.00000000    
   0.00000000    
   0.00000000    
   0.00000000    
   0.00000000    
   0.00000000    
   0.00000000    
   0.00000000    
   0.00000000    
   0.00000000    
   0.00000000    
   0.00000000    
   0.00000000    
   0.00000000    
   0.00000000    
   0.00000000    
   0.00000000    
   0.00000000    
   0.00000000    
   0.00000000    
   0.00000000    
   0.00000000    
   0.00000000    
   0.00000000    
   0.00000000    
   0.00000000    
   0.00000000    
   0.00000000    
   0.00000000    
   0.00000000    
   0.00000000    
   0.00000000    
   0.00000000    
   0.00000000    
   0.00000000    
   0.00000000    
   0.00000000    
   0.00000000    
   0.00000000    
   0.00000000    
   0.00000000    
   0.00000000    
   0.00000000    
   0.00000000    
   0.00000000    
   0.00000000    
   0.00000000    
   0.00000000    
   0.00000000    
   0.00000000    
   0.00000000    
   0.00000000    
   0.00000000    
   0.00000000    
   0.00000000    
   0.00000000    
   0.00000000    
   0.00000000    
   0.00000000    
   0.00000000    
   0.00000000    
   0.00000000    
   0.00000000    
   0.00000000    
   0.00000000    
   0.00000000    
   0.00000000    
   0.00000000    
   0.00000000    
   0.00000000    
   0.00000000    
   0.00000000    
   0.00000000    
   0.00000000    
   0.00000000    
   0.00000000    
   0.00000000    
   0.00000000    
   0.00000000    
   0.00000000    
   0.00000000    
   0.00000000    
   0.00000000    
   0.00000000    
   0.00000000    
   0.00000000    
   0.00000000    
   0.00000000    
   0.00000000    
   0.00000000    
   0.00000000    
   0.00000000    
   0.00000000    
   0.00000000    
   0.00000000    
   0.00000000    
   0.00000000    
   0.00000000    
   0.00000000    
   0.00000000    
   0.00000000    
   0.00000000    
   0.00000000    
   0.00000000    
   0.00000000    
   0.00000000    
   0.00000000    
   0.00000000    
   0.00000000    
   0.00000000    
   0.00000000    
   0.00000000    
   0.00000000    
   0.00000000    
   0.00000000    
   0.00000000    
  -13.8799782    
  -13.8360586    
   0.00000000    
   0.00000000    
   0.00000000    
   0.00000000    
   0.00000000    
   0.00000000    
   0.00000000    
   0.00000000    
   0.00000000    
   0.00000000    
   0.00000000    
   0.00000000    
   0.00000000    
   0.00000000    
  -13.8336554    
  -13.8794565    
  -13.8115702    
  -13.7877426    
   0.00000000    
   0.00000000    
   0.00000000    
   0.00000000    
   0.00000000    
   0.00000000    
   0.00000000    
   0.00000000    
   0.00000000    
   0.00000000    
   0.00000000    
   0.00000000    
   0.00000000    
   0.00000000    
  -13.7788172    
  -13.8122082    
   0.00000000    
  -13.7752762    
  -13.8142157    
   0.00000000    
   0.00000000    
   0.00000000    
   0.00000000    
   0.00000000    
   0.00000000    
   0.00000000    
   0.00000000    
   0.00000000    
   0.00000000    
   0.00000000    
   0.00000000    
  -13.8113804    
  -13.7674551    
   0.00000000    
   0.00000000    
  -13.8018875    
  -13.8766327    
   0.00000000    
   0.00000000    
   0.00000000    
   0.00000000    
   0.00000000    
   0.00000000    
   0.00000000    
   0.00000000    
   0.00000000    
   0.00000000    
   0.00000000    
   0.00000000    
  -13.8756552    
  -13.8006525    
   0.00000000    
   0.00000000    
   0.00000000    
  -13.8889942    
   0.00000000    
   0.00000000    
   0.00000000    
   0.00000000    
   0.00000000    
   0.00000000    
   0.00000000    
   0.00000000    
   0.00000000    
   0.00000000    
   0.00000000    
   0.00000000    
  -13.8931055    
   0.00000000    
   0.00000000    
   0.00000000    
  -13.7928486    
  -13.8715820    
   0.00000000    
   0.00000000    
   0.00000000    
   0.00000000    
   0.00000000    
   0.00000000    
   0.00000000    
   0.00000000    
   0.00000000    
   0.00000000    
   0.00000000    
   0.00000000    
  -13.8823071    
  -13.7962961    
   0.00000000    
   0.00000000    
  -13.8198004    
  -13.8615131    
   0.00000000    
   0.00000000    
   0.00000000    
   0.00000000    
   0.00000000    
   0.00000000    
   0.00000000    
   0.00000000    
   0.00000000    
   0.00000000    
   0.00000000    
   0.00000000    
  -13.8715029    
  -13.8246574    
   0.00000000    
  -13.8655777    
  -13.8779297    
   0.00000000    
   0.00000000    
   0.00000000    
   0.00000000    
   0.00000000    
   0.00000000    
   0.00000000    
   0.00000000    
   0.00000000    
   0.00000000    
   0.00000000    
   0.00000000    
   0.00000000    
   0.00000000    
  -13.8803587    
  -13.8664980    
   0.00000000    
   0.00000000    
   0.00000000    
   0.00000000    
   0.00000000    
   0.00000000    
   0.00000000    
   0.00000000    
   0.00000000    
   0.00000000    
   0.00000000    
   0.00000000    
   0.00000000    
   0.00000000    
   0.00000000    
   0.00000000    
   0.00000000    
   0.00000000    
   0.00000000    
   0.00000000    
   0.00000000    
   0.00000000    
   0.00000000    
   0.00000000    
   0.00000000    
   0.00000000    
   0.00000000    
   0.00000000    
   0.00000000    
   0.00000000    
   0.00000000    
   0.00000000    
   0.00000000    
   0.00000000    
   0.00000000    
   0.00000000    
   0.00000000    
   0.00000000    
   0.00000000    
   0.00000000    
   0.00000000    
   0.00000000    
   0.00000000    
   0.00000000    
   0.00000000    
   0.00000000    
   0.00000000    
   0.00000000    
   0.00000000    
   0.00000000    
   0.00000000    
   0.00000000    
   0.00000000    
   0.00000000    
   0.00000000    
   0.00000000    
   0.00000000    
   0.00000000    
   0.00000000    
   0.00000000    
   0.00000000    
   0.00000000    
   0.00000000    
   0.00000000    
   0.00000000    
   0.00000000    
   0.00000000    
   0.00000000    
   0.00000000    
   0.00000000    
   0.00000000    
   0.00000000    
   0.00000000    
   0.00000000    
   0.00000000    
   0.00000000    
   0.00000000    
   0.00000000    
   0.00000000    
   0.00000000    
   0.00000000    
   0.00000000    
   0.00000000    
   0.00000000    
   0.00000000    
   0.00000000    
   0.00000000    
   0.00000000    
   0.00000000    
   0.00000000    
   0.00000000    
   0.00000000    
   0.00000000    
   0.00000000    
   0.00000000    
   0.00000000    
   0.00000000    
   0.00000000    
   0.00000000    
   0.00000000    
   0.00000000    
   0.00000000    
   0.00000000    
   0.00000000    
   0.00000000    
   0.00000000    
   0.00000000    
   0.00000000    
   0.00000000    
   0.00000000    
   0.00000000    
   0.00000000    
   0.00000000    
   0.00000000    
   0.00000000    
   0.00000000    
   0.00000000    
   0.00000000    
   0.00000000    
   0.00000000    
   0.00000000    
   0.00000000    
   0.00000000    
   0.00000000    
   0.00000000    
   0.00000000    
   0.00000000    
   0.00000000    
   0.00000000    
   0.00000000    
   0.00000000    
   0.00000000    
   0.00000000    
   0.00000000    
   0.00000000    
   0.00000000    
   0.00000000    
   0.00000000    
   0.00000000    
   0.00000000    
   0.00000000    
   0.00000000    
   0.00000000    
   0.00000000    
   0.00000000    
   0.00000000    
   0.00000000    
   0.00000000    
   0.00000000    
   0.00000000    
   0.00000000    
   0.00000000    
   0.00000000    
   0.00000000    
   0.00000000    
   0.00000000    
   0.00000000    
   0.00000000    
   0.00000000    
   0.00000000    
   0.00000000    
   0.00000000    
   0.00000000    
   0.00000000    
   0.00000000    
   0.00000000    
   0.00000000    
   0.00000000    
   0.00000000    
   0.00000000    
   0.00000000    
   0.00000000    
   0.00000000    
   0.00000000    
   0.00000000    
   0.00000000    
   0.00000000    
   0.00000000    
   0.00000000    
   0.00000000    
  -13.8638411    
  -13.8817358    
   0.00000000    
   0.00000000    
   0.00000000    
   0.00000000    
   0.00000000    
   0.00000000    
   0.00000000    
   0.00000000    
   0.00000000    
   0.00000000    
   0.00000000    
   0.00000000    
   0.00000000    
   0.00000000    
  -13.8790178    
  -13.8656788    
   0.00000000    
  -13.8263855    
  -13.8709669    
   0.00000000    
   0.00000000    
   0.00000000    
   0.00000000    
   0.00000000    
   0.00000000    
   0.00000000    
   0.00000000    
   0.00000000    
   0.00000000    
   0.00000000    
   0.00000000    
  -13.8628550    
  -13.8165913    
   0.00000000    
   0.00000000    
  -13.8021288    
  -13.8747511    
   0.00000000    
   0.00000000    
   0.00000000    
   0.00000000    
   0.00000000    
   0.00000000    
   0.00000000    
   0.00000000    
   0.00000000    
   0.00000000    
   0.00000000    
   0.00000000    
  -13.8715916    
  -13.7926731    
   0.00000000    
   0.00000000    
   0.00000000    
  -13.8926678    
   0.00000000    
   0.00000000    
   0.00000000    
   0.00000000    
   0.00000000    
   0.00000000    
   0.00000000    
   0.00000000    
   0.00000000    
   0.00000000    
   0.00000000    
   0.00000000    
  -13.8900738    
   0.00000000    
   0.00000000    
